﻿<?xml version="1.0" encoding="utf-8"?>
<data>
	<table name="Account">
		<col name="CompanyID" type="Int" default="Zero" />
		<col name="AccountID" type="Int" identity="true" />
		<col name="AccountCD" type="NVarChar(10)" />
		<col name="Type" type="Char(1)" />
		<col name="COAOrder" type="SmallInt" />
		<col name="AccountClassID" type="NVarChar(20)" nullable="true" />
		<col name="AccountGroupID" type="Int" nullable="true" />
		<col name="Active" type="Bit" />
		<col name="Description" type="NVarChar(60)" nullable="true" />
		<col name="PostOption" type="Char(1)" />
		<col name="DirectPost" type="Bit" />
		<col name="CuryID" type="NVarChar(5)" nullable="true" />
		<col name="BranchID" type="Int" nullable="true" />
		<col name="GroupMask" type="VarBinary(32)" default="BinaryMaskZero" />
		<col name="RevalCuryRateTypeID" type="NVarChar(6)" nullable="true" />
		<col name="TaxCategoryID" type="NVarChar(10)" nullable="true" />
		<col name="tstamp" type="Timestamp" />
		<col name="CreatedByID" type="UniqueIdentifier" />
		<col name="CreatedByScreenID" type="Char(8)" />
		<col name="CreatedDateTime" type="DateTime" />
		<col name="LastModifiedByID" type="UniqueIdentifier" />
		<col name="LastModifiedByScreenID" type="Char(8)" />
		<col name="LastModifiedDateTime" type="DateTime" />
		<col name="Box1099" type="SmallInt" nullable="true" />
		<col name="GLConsolAccountCD" type="NVarChar(30)" nullable="true" />
		<col name="RequireUnits" type="Bit" />
		<col name="NoSubDetail" type="Bit" />
		<col name="DeletedDatabaseRecord" type="Bit" default="Zero" />
		<col name="isCashAccount" type="Bit" />
		<col name="NoteID" type="UniqueIdentifier" nullable="true" />
	</table>
	<rows>
		<row AccountID="1" AccountCD="102000" Type="A" COAOrder="1" AccountClassID="CASHASSET" Active="1" Description="Checking Account" PostOption="D" DirectPost="0" CuryID="USD" GroupMask="0x" CreatedByID="b5344897-037e-4d58-b5c3-1bdfd0f47bf9" CreatedByScreenID="GL202500" CreatedDateTime="2014-10-02 11:37:39.973" LastModifiedByID="b5344897-037e-4d58-b5c3-1bdfd0f47bf9" LastModifiedByScreenID="CA202000" LastModifiedDateTime="2014-10-21 14:42:44.24" RequireUnits="0" NoSubDetail="0" DeletedDatabaseRecord="0" isCashAccount="1" NoteID="69a25be5-064a-e411-b973-74d435e7799b" />
		<row AccountID="2" AccountCD="230000" Type="L" COAOrder="2" AccountClassID="OTHCURLIAB" Active="1" Description="Accrued Expenses" PostOption="S" DirectPost="0" GroupMask="0x" CreatedByID="b5344897-037e-4d58-b5c3-1bdfd0f47bf9" CreatedByScreenID="GL202500" CreatedDateTime="2014-10-02 11:37:39.99" LastModifiedByID="b5344897-037e-4d58-b5c3-1bdfd0f47bf9" LastModifiedByScreenID="GL202500" LastModifiedDateTime="2014-10-02 11:37:39.99" RequireUnits="0" NoSubDetail="0" DeletedDatabaseRecord="0" isCashAccount="0" NoteID="6ba25be5-064a-e411-b973-74d435e7799b" />
		<row AccountID="3" AccountCD="270800" Type="L" COAOrder="2" AccountClassID="LTDEBTS" Active="1" Description="Bank Loans Payable" PostOption="S" DirectPost="0" GroupMask="0x" CreatedByID="b5344897-037e-4d58-b5c3-1bdfd0f47bf9" CreatedByScreenID="GL202500" CreatedDateTime="2014-10-02 11:37:39.99" LastModifiedByID="b5344897-037e-4d58-b5c3-1bdfd0f47bf9" LastModifiedByScreenID="GL202500" LastModifiedDateTime="2014-10-02 11:37:39.99" RequireUnits="0" NoSubDetail="0" DeletedDatabaseRecord="0" isCashAccount="0" NoteID="6da25be5-064a-e411-b973-74d435e7799b" />
		<row AccountID="4" AccountCD="301000" Type="L" COAOrder="2" AccountClassID="CAPITAL" Active="1" Description="Capital" PostOption="S" DirectPost="0" GroupMask="0x" CreatedByID="b5344897-037e-4d58-b5c3-1bdfd0f47bf9" CreatedByScreenID="GL202500" CreatedDateTime="2014-10-02 11:37:39.99" LastModifiedByID="b5344897-037e-4d58-b5c3-1bdfd0f47bf9" LastModifiedByScreenID="GL202500" LastModifiedDateTime="2014-10-02 11:37:39.99" RequireUnits="0" NoSubDetail="0" DeletedDatabaseRecord="0" isCashAccount="0" NoteID="6fa25be5-064a-e411-b973-74d435e7799b" />
		<row AccountID="5" AccountCD="403000" Type="I" COAOrder="3" AccountClassID="SALES" Active="1" Description="Sales - Consulting Services" PostOption="S" DirectPost="0" GroupMask="0x" CreatedByID="b5344897-037e-4d58-b5c3-1bdfd0f47bf9" CreatedByScreenID="GL202500" CreatedDateTime="2014-10-02 11:37:39.993" LastModifiedByID="b5344897-037e-4d58-b5c3-1bdfd0f47bf9" LastModifiedByScreenID="GL202500" LastModifiedDateTime="2014-10-02 11:37:39.993" RequireUnits="0" NoSubDetail="0" DeletedDatabaseRecord="0" isCashAccount="0" NoteID="71a25be5-064a-e411-b973-74d435e7799b" />
		<row AccountID="6" AccountCD="675000" Type="E" COAOrder="3" AccountClassID="EXINTEREST" Active="1" Description="Interest Expense" PostOption="S" DirectPost="0" GroupMask="0x" CreatedByID="b5344897-037e-4d58-b5c3-1bdfd0f47bf9" CreatedByScreenID="GL202500" CreatedDateTime="2014-10-02 11:37:39.993" LastModifiedByID="b5344897-037e-4d58-b5c3-1bdfd0f47bf9" LastModifiedByScreenID="GL202500" LastModifiedDateTime="2014-10-02 11:37:39.993" RequireUnits="0" NoSubDetail="0" DeletedDatabaseRecord="0" isCashAccount="0" NoteID="73a25be5-064a-e411-b973-74d435e7799b" />
		<row AccountID="7" AccountCD="770000" Type="E" COAOrder="3" AccountClassID="EXPERS" Active="1" Description="Salaries Expense" PostOption="S" DirectPost="0" GroupMask="0x" CreatedByID="b5344897-037e-4d58-b5c3-1bdfd0f47bf9" CreatedByScreenID="GL202500" CreatedDateTime="2014-10-02 11:37:39.993" LastModifiedByID="b5344897-037e-4d58-b5c3-1bdfd0f47bf9" LastModifiedByScreenID="GL202500" LastModifiedDateTime="2014-10-02 11:37:39.993" RequireUnits="0" NoSubDetail="0" DeletedDatabaseRecord="0" isCashAccount="0" NoteID="75a25be5-064a-e411-b973-74d435e7799b" />
		<row AccountID="8" AccountCD="740000" Type="E" COAOrder="3" AccountClassID="EXSERVICE" Active="1" Description="Rent Expense" PostOption="S" DirectPost="0" GroupMask="0x" CreatedByID="b5344897-037e-4d58-b5c3-1bdfd0f47bf9" CreatedByScreenID="GL202500" CreatedDateTime="2014-10-02 11:37:39.993" LastModifiedByID="b5344897-037e-4d58-b5c3-1bdfd0f47bf9" LastModifiedByScreenID="GL202500" LastModifiedDateTime="2014-10-02 11:37:39.993" RequireUnits="0" NoSubDetail="0" DeletedDatabaseRecord="0" isCashAccount="0" NoteID="77a25be5-064a-e411-b973-74d435e7799b" />
		<row AccountID="9" AccountCD="755000" Type="E" COAOrder="3" AccountClassID="EXSERVICE" Active="1" Description="Office Supplies Expense" PostOption="S" DirectPost="0" GroupMask="0x" CreatedByID="b5344897-037e-4d58-b5c3-1bdfd0f47bf9" CreatedByScreenID="GL202500" CreatedDateTime="2014-10-02 11:37:39.993" LastModifiedByID="b5344897-037e-4d58-b5c3-1bdfd0f47bf9" LastModifiedByScreenID="GL202500" LastModifiedDateTime="2014-10-02 11:37:39.993" RequireUnits="0" NoSubDetail="0" DeletedDatabaseRecord="0" isCashAccount="0" NoteID="79a25be5-064a-e411-b973-74d435e7799b" />
		<row AccountID="10" AccountCD="780000" Type="E" COAOrder="3" AccountClassID="EXSERVICE" Active="1" Description="Utilities Expense" PostOption="S" DirectPost="0" GroupMask="0x" CreatedByID="b5344897-037e-4d58-b5c3-1bdfd0f47bf9" CreatedByScreenID="GL202500" CreatedDateTime="2014-10-02 11:37:39.997" LastModifiedByID="b5344897-037e-4d58-b5c3-1bdfd0f47bf9" LastModifiedByScreenID="GL202500" LastModifiedDateTime="2014-10-02 11:37:39.997" RequireUnits="0" NoSubDetail="0" DeletedDatabaseRecord="0" isCashAccount="0" NoteID="7ba25be5-064a-e411-b973-74d435e7799b" />
		<row AccountID="11" AccountCD="302000" Type="L" COAOrder="2" AccountClassID="NETINCOME" Active="1" Description="Year-to-Date Net Income" PostOption="S" DirectPost="0" GroupMask="0x" CreatedByID="b5344897-037e-4d58-b5c3-1bdfd0f47bf9" CreatedByScreenID="GL202500" CreatedDateTime="2014-10-02 11:37:39.997" LastModifiedByID="b5344897-037e-4d58-b5c3-1bdfd0f47bf9" LastModifiedByScreenID="GL202500" LastModifiedDateTime="2014-10-02 11:37:39.997" RequireUnits="0" NoSubDetail="0" DeletedDatabaseRecord="0" isCashAccount="0" NoteID="707170f6-064a-e411-b973-74d435e7799b" />
		<row AccountID="12" AccountCD="303000" Type="L" COAOrder="2" AccountClassID="RETEARN" Active="1" Description="Retained Earnings" PostOption="S" DirectPost="0" GroupMask="0x" CreatedByID="b5344897-037e-4d58-b5c3-1bdfd0f47bf9" CreatedByScreenID="GL202500" CreatedDateTime="2014-10-02 11:38:04.497" LastModifiedByID="b5344897-037e-4d58-b5c3-1bdfd0f47bf9" LastModifiedByScreenID="GL202500" LastModifiedDateTime="2014-10-02 11:38:04.497" RequireUnits="0" NoSubDetail="0" DeletedDatabaseRecord="0" isCashAccount="0" NoteID="b8473408-074a-e411-b973-74d435e7799b" />
		<row AccountID="29" AccountCD="105000" Type="A" COAOrder="1" AccountClassID="CASHASSET" Active="1" Description="Cash in Transit Account" PostOption="S" DirectPost="0" GroupMask="0x" CreatedByID="b5344897-037e-4d58-b5c3-1bdfd0f47bf9" CreatedByScreenID="GL202500" CreatedDateTime="2014-10-21 14:29:59.98" LastModifiedByID="b5344897-037e-4d58-b5c3-1bdfd0f47bf9" LastModifiedByScreenID="GL202500" LastModifiedDateTime="2014-10-21 14:29:59.98" RequireUnits="0" NoSubDetail="0" DeletedDatabaseRecord="0" isCashAccount="0" NoteID="bc055932-0d59-e411-8712-74d435e7799b" />
		<row AccountID="30" AccountCD="101000" Type="A" COAOrder="1" AccountClassID="CASHASSET" Active="1" Description="Cash on Hand" PostOption="D" DirectPost="0" CuryID="USD" GroupMask="0x" CreatedByID="b5344897-037e-4d58-b5c3-1bdfd0f47bf9" CreatedByScreenID="GL202500" CreatedDateTime="2014-10-21 14:30:16.553" LastModifiedByID="b5344897-037e-4d58-b5c3-1bdfd0f47bf9" LastModifiedByScreenID="CA202000" LastModifiedDateTime="2014-10-21 14:40:40.263" RequireUnits="0" NoSubDetail="0" DeletedDatabaseRecord="0" isCashAccount="1" NoteID="7d62383d-0d59-e411-8712-74d435e7799b" />
		<row AccountID="31" AccountCD="104000" Type="A" COAOrder="1" AccountClassID="CASHASSET" Active="1" Description="Savings Account" PostOption="D" DirectPost="0" CuryID="USD" GroupMask="0x" CreatedByID="b5344897-037e-4d58-b5c3-1bdfd0f47bf9" CreatedByScreenID="GL202500" CreatedDateTime="2014-10-21 14:30:40.833" LastModifiedByID="b5344897-037e-4d58-b5c3-1bdfd0f47bf9" LastModifiedByScreenID="CA202000" LastModifiedDateTime="2014-10-21 14:42:17.23" RequireUnits="0" NoSubDetail="0" DeletedDatabaseRecord="0" isCashAccount="1" NoteID="76894d4c-0d59-e411-8712-74d435e7799b" />
		<row AccountID="32" AccountCD="405000" Type="I" COAOrder="3" AccountClassID="ININTEREST" Active="1" Description="Interest Income" PostOption="S" DirectPost="0" GroupMask="0x" CreatedByID="b5344897-037e-4d58-b5c3-1bdfd0f47bf9" CreatedByScreenID="GL202500" CreatedDateTime="2014-10-21 14:30:58.507" LastModifiedByID="b5344897-037e-4d58-b5c3-1bdfd0f47bf9" LastModifiedByScreenID="GL202500" LastModifiedDateTime="2014-10-21 14:30:58.507" RequireUnits="0" NoSubDetail="0" DeletedDatabaseRecord="0" isCashAccount="0" NoteID="ac64d456-0d59-e411-8712-74d435e7799b" />
		<row AccountID="33" AccountCD="620000" Type="E" COAOrder="3" AccountClassID="EXBANK" Active="1" Description="Bank Service Charges" PostOption="S" DirectPost="0" GroupMask="0x" CreatedByID="b5344897-037e-4d58-b5c3-1bdfd0f47bf9" CreatedByScreenID="GL202500" CreatedDateTime="2014-10-21 14:31:12.98" LastModifiedByID="b5344897-037e-4d58-b5c3-1bdfd0f47bf9" LastModifiedByScreenID="GL202500" LastModifiedDateTime="2014-10-21 14:31:12.98" RequireUnits="0" NoSubDetail="0" DeletedDatabaseRecord="0" isCashAccount="0" NoteID="076b1c5f-0d59-e411-8712-74d435e7799b" />
		<row AccountID="34" AccountCD="200000" Type="L" COAOrder="2" AccountClassID="AP" Active="1" Description="Accounts Payable" PostOption="S" DirectPost="0" GroupMask="0x" CreatedByID="b5344897-037e-4d58-b5c3-1bdfd0f47bf9" CreatedByScreenID="GL202500" CreatedDateTime="2014-10-22 11:18:35.307" LastModifiedByID="b5344897-037e-4d58-b5c3-1bdfd0f47bf9" LastModifiedByScreenID="GL202500" LastModifiedDateTime="2014-10-22 11:18:35.307" RequireUnits="0" NoSubDetail="0" DeletedDatabaseRecord="0" isCashAccount="0" NoteID="4ba49aa0-bb59-e411-9ac8-74d435e7799b" />
		<row AccountID="35" AccountCD="140000" Type="A" COAOrder="1" AccountClassID="PREPEXP" Active="1" Description="Prepaid Expenses" PostOption="S" DirectPost="0" GroupMask="0x" CreatedByID="b5344897-037e-4d58-b5c3-1bdfd0f47bf9" CreatedByScreenID="GL202500" CreatedDateTime="2014-10-22 11:18:54.26" LastModifiedByID="b5344897-037e-4d58-b5c3-1bdfd0f47bf9" LastModifiedByScreenID="GL202500" LastModifiedDateTime="2014-10-22 11:18:54.26" RequireUnits="0" NoSubDetail="0" DeletedDatabaseRecord="0" isCashAccount="0" NoteID="dff29cab-bb59-e411-9ac8-74d435e7799b" />
		<row AccountID="36" AccountCD="490000" Type="I" COAOrder="3" AccountClassID="OTHINCOME" Active="1" Description="Cash Discount Received" PostOption="S" DirectPost="0" GroupMask="0x" CreatedByID="b5344897-037e-4d58-b5c3-1bdfd0f47bf9" CreatedByScreenID="GL202500" CreatedDateTime="2014-10-22 11:19:14.177" LastModifiedByID="b5344897-037e-4d58-b5c3-1bdfd0f47bf9" LastModifiedByScreenID="GL202500" LastModifiedDateTime="2014-10-22 11:19:14.177" RequireUnits="0" NoSubDetail="0" DeletedDatabaseRecord="0" isCashAccount="0" NoteID="4ac098b7-bb59-e411-9ac8-74d435e7799b" />
		<row AccountID="37" AccountCD="610000" Type="E" COAOrder="3" AccountClassID="EXADVERT" Active="1" Description="Advertising Expense" PostOption="S" DirectPost="0" GroupMask="0x" CreatedByID="b5344897-037e-4d58-b5c3-1bdfd0f47bf9" CreatedByScreenID="GL202500" CreatedDateTime="2014-10-22 11:19:42.753" LastModifiedByID="b5344897-037e-4d58-b5c3-1bdfd0f47bf9" LastModifiedByScreenID="GL202500" LastModifiedDateTime="2014-10-22 11:19:42.753" RequireUnits="0" NoSubDetail="0" DeletedDatabaseRecord="0" isCashAccount="0" NoteID="5b5df4c8-bb59-e411-9ac8-74d435e7799b" />
		<row AccountID="38" AccountCD="790000" Type="E" COAOrder="3" AccountClassID="COGS" Active="1" Description="Services Expense" PostOption="S" DirectPost="0" GroupMask="0x" CreatedByID="b5344897-037e-4d58-b5c3-1bdfd0f47bf9" CreatedByScreenID="GL202500" CreatedDateTime="2014-10-22 11:20:01.94" LastModifiedByID="b5344897-037e-4d58-b5c3-1bdfd0f47bf9" LastModifiedByScreenID="GL202500" LastModifiedDateTime="2014-10-22 11:20:01.94" RequireUnits="0" NoSubDetail="0" DeletedDatabaseRecord="0" isCashAccount="0" NoteID="2ba9c6d4-bb59-e411-9ac8-74d435e7799b" />
		<row AccountID="39" AccountCD="760000" Type="E" COAOrder="3" AccountClassID="EXOTHER" Active="1" Description="Overdue Charges Expense" PostOption="S" DirectPost="0" GroupMask="0x" CreatedByID="b5344897-037e-4d58-b5c3-1bdfd0f47bf9" CreatedByScreenID="GL202500" CreatedDateTime="2014-10-22 11:20:22.82" LastModifiedByID="b5344897-037e-4d58-b5c3-1bdfd0f47bf9" LastModifiedByScreenID="GL202500" LastModifiedDateTime="2014-10-22 11:20:22.82" RequireUnits="0" NoSubDetail="0" DeletedDatabaseRecord="0" isCashAccount="0" NoteID="edafcce0-bb59-e411-9ac8-74d435e7799b" />
		<row AccountID="40" AccountCD="110000" Type="A" COAOrder="1" AccountClassID="AR" Active="1" Description="Accounts Receivable" PostOption="S" DirectPost="0" GroupMask="0x" CreatedByID="b5344897-037e-4d58-b5c3-1bdfd0f47bf9" CreatedByScreenID="GL202500" CreatedDateTime="2014-11-05 13:58:52.857" LastModifiedByID="b5344897-037e-4d58-b5c3-1bdfd0f47bf9" LastModifiedByScreenID="GL202500" LastModifiedDateTime="2014-11-05 13:58:52.857" RequireUnits="0" NoSubDetail="0" DeletedDatabaseRecord="0" isCashAccount="0" NoteID="28ee3db5-da64-e411-8774-74d435e7799b" />
		<row AccountID="41" AccountCD="244000" Type="L" COAOrder="2" AccountClassID="OTHCURLIAB" Active="1" Description="Customer Deposits" PostOption="S" DirectPost="0" GroupMask="0x" CreatedByID="b5344897-037e-4d58-b5c3-1bdfd0f47bf9" CreatedByScreenID="GL202500" CreatedDateTime="2014-11-05 13:59:15.367" LastModifiedByID="b5344897-037e-4d58-b5c3-1bdfd0f47bf9" LastModifiedByScreenID="GL202500" LastModifiedDateTime="2014-11-05 13:59:15.367" RequireUnits="0" NoSubDetail="0" DeletedDatabaseRecord="0" isCashAccount="0" NoteID="60ee67c3-da64-e411-8774-74d435e7799b" />
		<row AccountID="42" AccountCD="595000" Type="E" COAOrder="3" AccountClassID="COGS" Active="1" Description="Cash Discount Given" PostOption="S" DirectPost="0" GroupMask="0x" CreatedByID="b5344897-037e-4d58-b5c3-1bdfd0f47bf9" CreatedByScreenID="GL202500" CreatedDateTime="2014-11-05 13:59:43.427" LastModifiedByID="b5344897-037e-4d58-b5c3-1bdfd0f47bf9" LastModifiedByScreenID="GL202500" LastModifiedDateTime="2014-11-05 13:59:43.427" RequireUnits="0" NoSubDetail="0" DeletedDatabaseRecord="0" isCashAccount="0" NoteID="0ef817d3-da64-e411-8774-74d435e7799b" />
		<row AccountID="43" AccountCD="410000" Type="I" COAOrder="3" AccountClassID="OTHINCOME" Active="1" Description="Overdue Charges Income" PostOption="S" DirectPost="0" GroupMask="0x" CreatedByID="b5344897-037e-4d58-b5c3-1bdfd0f47bf9" CreatedByScreenID="GL202500" CreatedDateTime="2014-11-05 14:00:05.467" LastModifiedByID="b5344897-037e-4d58-b5c3-1bdfd0f47bf9" LastModifiedByScreenID="GL202500" LastModifiedDateTime="2014-11-05 14:00:05.467" RequireUnits="0" NoSubDetail="0" DeletedDatabaseRecord="0" isCashAccount="0" NoteID="9e32c8e0-da64-e411-8774-74d435e7799b" />
		<row AccountID="44" AccountCD="615000" Type="E" COAOrder="3" AccountClassID="EXOTHER" Active="1" Description="Small Balances Write-Off Expense" PostOption="S" DirectPost="0" GroupMask="0x" CreatedByID="b5344897-037e-4d58-b5c3-1bdfd0f47bf9" CreatedByScreenID="GL202500" CreatedDateTime="2014-11-05 14:00:28.297" LastModifiedByID="b5344897-037e-4d58-b5c3-1bdfd0f47bf9" LastModifiedByScreenID="GL202500" LastModifiedDateTime="2014-11-05 14:00:28.297" RequireUnits="0" NoSubDetail="0" DeletedDatabaseRecord="0" isCashAccount="0" NoteID="f55258ed-da64-e411-8774-74d435e7799b" />
		<row AccountID="48" AccountCD="280000" Type="L" COAOrder="2" AccountClassID="OTHCURLIAB" Active="1" Description="Employee Claims Payable" PostOption="S" DirectPost="0" GroupMask="0x" CreatedByID="b5344897-037e-4d58-b5c3-1bdfd0f47bf9" CreatedByScreenID="GL202500" CreatedDateTime="2015-04-22 17:17:44.437" LastModifiedByID="b5344897-037e-4d58-b5c3-1bdfd0f47bf9" LastModifiedByScreenID="GL202500" LastModifiedDateTime="2015-06-29 22:48:51.103" RequireUnits="0" NoSubDetail="0" DeletedDatabaseRecord="0" isCashAccount="0" NoteID="57f05c36-fae8-e411-b599-60a44caf73d6" />
		<row AccountID="49" AccountCD="408000" Type="I" COAOrder="3" AccountClassID="OTHINCOME" Active="1" Description="Other Income" PostOption="S" DirectPost="0" GroupMask="0x" CreatedByID="b5344897-037e-4d58-b5c3-1bdfd0f47bf9" CreatedByScreenID="GL202500" CreatedDateTime="2015-04-22 17:17:44.44" LastModifiedByID="b5344897-037e-4d58-b5c3-1bdfd0f47bf9" LastModifiedByScreenID="GL202500" LastModifiedDateTime="2015-04-22 17:17:44.44" RequireUnits="0" NoSubDetail="0" DeletedDatabaseRecord="0" isCashAccount="0" NoteID="d0fbe650-fae8-e411-b599-60a44caf73d6" />
		<row AccountID="2719" AccountCD="999999" Type="L" COAOrder="2" AccountClassID="AP" Active="1" Description="Migration Clearing Account" PostOption="S" DirectPost="0" GroupMask="0x" CreatedByID="b5344897-037e-4d58-b5c3-1bdfd0f47bf9" CreatedByScreenID="GL202500" CreatedDateTime="2016-04-14 23:17:32.897" LastModifiedByID="b5344897-037e-4d58-b5c3-1bdfd0f47bf9" LastModifiedByScreenID="GL202500" LastModifiedDateTime="2016-04-14 23:17:32.897" RequireUnits="0" NoSubDetail="0" DeletedDatabaseRecord="0" isCashAccount="0" NoteID="03e42377-e202-e611-80c4-00155d012302" />
		<row AccountID="2720" AccountCD="130000" Type="A" COAOrder="1" AccountClassID="WAREHOUSE" Active="1" Description="Merchandise Inventory" PostOption="D" DirectPost="0" GroupMask="0x" CreatedByID="b5344897-037e-4d58-b5c3-1bdfd0f47bf9" CreatedByScreenID="GL202500" CreatedDateTime="2019-12-02 19:11:24.507" LastModifiedByID="b5344897-037e-4d58-b5c3-1bdfd0f47bf9" LastModifiedByScreenID="GL202500" LastModifiedDateTime="2019-12-02 19:11:24.507" RequireUnits="0" NoSubDetail="0" DeletedDatabaseRecord="0" isCashAccount="0" NoteID="fb3e4db8-6915-ea11-a6ec-9cb6d0c82c0c" />
		<row AccountID="2721" AccountCD="190000" Type="A" COAOrder="1" AccountClassID="OTHERCURAS" Active="1" Description="AR Clearing" PostOption="S" DirectPost="0" GroupMask="0x" CreatedByID="b5344897-037e-4d58-b5c3-1bdfd0f47bf9" CreatedByScreenID="GL202500" CreatedDateTime="2019-12-02 19:11:24.517" LastModifiedByID="b5344897-037e-4d58-b5c3-1bdfd0f47bf9" LastModifiedByScreenID="GL202500" LastModifiedDateTime="2019-12-02 19:11:24.517" RequireUnits="0" NoSubDetail="0" DeletedDatabaseRecord="0" isCashAccount="0" NoteID="fd3e4db8-6915-ea11-a6ec-9cb6d0c82c0c" />
		<row AccountID="2722" AccountCD="213000" Type="L" COAOrder="2" AccountClassID="OTHCURLIAB" Active="1" Description="Accrued Purchases - Inventory" PostOption="S" DirectPost="0" GroupMask="0x" CreatedByID="b5344897-037e-4d58-b5c3-1bdfd0f47bf9" CreatedByScreenID="GL202500" CreatedDateTime="2019-12-02 19:11:24.517" LastModifiedByID="b5344897-037e-4d58-b5c3-1bdfd0f47bf9" LastModifiedByScreenID="GL202500" LastModifiedDateTime="2019-12-02 19:11:24.517" RequireUnits="0" NoSubDetail="0" DeletedDatabaseRecord="0" isCashAccount="0" NoteID="ff3e4db8-6915-ea11-a6ec-9cb6d0c82c0c" />
		<row AccountID="2723" AccountCD="215000" Type="L" COAOrder="2" AccountClassID="OTHCURLIAB" Active="1" Description="Inventory Accrual" PostOption="S" DirectPost="0" GroupMask="0x" CreatedByID="b5344897-037e-4d58-b5c3-1bdfd0f47bf9" CreatedByScreenID="GL202500" CreatedDateTime="2019-12-02 19:11:24.517" LastModifiedByID="b5344897-037e-4d58-b5c3-1bdfd0f47bf9" LastModifiedByScreenID="GL202500" LastModifiedDateTime="2019-12-02 19:11:24.517" RequireUnits="0" NoSubDetail="0" DeletedDatabaseRecord="0" isCashAccount="0" NoteID="013f4db8-6915-ea11-a6ec-9cb6d0c82c0c" />
		<row AccountID="2724" AccountCD="431000" Type="I" COAOrder="3" AccountClassID="SALES" Active="1" Description="Sales - Laptops" PostOption="S" DirectPost="0" GroupMask="0x" CreatedByID="b5344897-037e-4d58-b5c3-1bdfd0f47bf9" CreatedByScreenID="GL202500" CreatedDateTime="2019-12-02 19:11:24.52" LastModifiedByID="b5344897-037e-4d58-b5c3-1bdfd0f47bf9" LastModifiedByScreenID="GL202500" LastModifiedDateTime="2019-12-02 19:11:24.52" RequireUnits="0" NoSubDetail="0" DeletedDatabaseRecord="0" isCashAccount="0" NoteID="033f4db8-6915-ea11-a6ec-9cb6d0c82c0c" />
		<row AccountID="2725" AccountCD="432000" Type="I" COAOrder="3" AccountClassID="SALES" Active="1" Description="Sales - Supplements" PostOption="S" DirectPost="0" GroupMask="0x" CreatedByID="b5344897-037e-4d58-b5c3-1bdfd0f47bf9" CreatedByScreenID="GL202500" CreatedDateTime="2019-12-02 19:11:24.52" LastModifiedByID="b5344897-037e-4d58-b5c3-1bdfd0f47bf9" LastModifiedByScreenID="GL202500" LastModifiedDateTime="2019-12-02 19:11:24.52" RequireUnits="0" NoSubDetail="0" DeletedDatabaseRecord="0" isCashAccount="0" NoteID="053f4db8-6915-ea11-a6ec-9cb6d0c82c0c" />
		<row AccountID="2726" AccountCD="455000" Type="I" COAOrder="3" AccountClassID="SALES" Active="1" Description="Sales - Computer Services" PostOption="S" DirectPost="0" GroupMask="0x" CreatedByID="b5344897-037e-4d58-b5c3-1bdfd0f47bf9" CreatedByScreenID="GL202500" CreatedDateTime="2019-12-02 19:11:24.52" LastModifiedByID="b5344897-037e-4d58-b5c3-1bdfd0f47bf9" LastModifiedByScreenID="GL202500" LastModifiedDateTime="2019-12-02 19:11:24.52" RequireUnits="0" NoSubDetail="0" DeletedDatabaseRecord="0" isCashAccount="0" NoteID="073f4db8-6915-ea11-a6ec-9cb6d0c82c0c" />
		<row AccountID="2727" AccountCD="480000" Type="I" COAOrder="3" AccountClassID="SALES" Active="1" Description="Sales - Delivery Services" PostOption="S" DirectPost="0" GroupMask="0x" CreatedByID="b5344897-037e-4d58-b5c3-1bdfd0f47bf9" CreatedByScreenID="GL202500" CreatedDateTime="2019-12-02 19:11:24.523" LastModifiedByID="b5344897-037e-4d58-b5c3-1bdfd0f47bf9" LastModifiedByScreenID="GL202500" LastModifiedDateTime="2019-12-02 19:11:24.523" RequireUnits="0" NoSubDetail="0" DeletedDatabaseRecord="0" isCashAccount="0" NoteID="093f4db8-6915-ea11-a6ec-9cb6d0c82c0c" />
		<row AccountID="2728" AccountCD="495000" Type="I" COAOrder="3" AccountClassID="SALES" Active="1" Description="Sales Returns" PostOption="S" DirectPost="0" GroupMask="0x" CreatedByID="b5344897-037e-4d58-b5c3-1bdfd0f47bf9" CreatedByScreenID="GL202500" CreatedDateTime="2019-12-02 19:11:24.527" LastModifiedByID="b5344897-037e-4d58-b5c3-1bdfd0f47bf9" LastModifiedByScreenID="GL202500" LastModifiedDateTime="2019-12-02 19:11:24.527" RequireUnits="0" NoSubDetail="0" DeletedDatabaseRecord="0" isCashAccount="0" NoteID="0b3f4db8-6915-ea11-a6ec-9cb6d0c82c0c" />
		<row AccountID="2729" AccountCD="520000" Type="E" COAOrder="3" AccountClassID="COGS" Active="1" Description="Inventory Adjustments" PostOption="S" DirectPost="0" GroupMask="0x" CreatedByID="b5344897-037e-4d58-b5c3-1bdfd0f47bf9" CreatedByScreenID="GL202500" CreatedDateTime="2019-12-02 19:11:24.527" LastModifiedByID="b5344897-037e-4d58-b5c3-1bdfd0f47bf9" LastModifiedByScreenID="GL202500" LastModifiedDateTime="2019-12-02 19:11:24.527" RequireUnits="0" NoSubDetail="0" DeletedDatabaseRecord="0" isCashAccount="0" NoteID="0d3f4db8-6915-ea11-a6ec-9cb6d0c82c0c" />
		<row AccountID="2730" AccountCD="530000" Type="E" COAOrder="3" AccountClassID="COGS" Active="1" Description="Cost of Goods Sold" PostOption="S" DirectPost="0" GroupMask="0x" CreatedByID="b5344897-037e-4d58-b5c3-1bdfd0f47bf9" CreatedByScreenID="GL202500" CreatedDateTime="2019-12-02 19:11:24.53" LastModifiedByID="b5344897-037e-4d58-b5c3-1bdfd0f47bf9" LastModifiedByScreenID="GL202500" LastModifiedDateTime="2019-12-02 19:11:24.53" RequireUnits="0" NoSubDetail="0" DeletedDatabaseRecord="0" isCashAccount="0" NoteID="0f3f4db8-6915-ea11-a6ec-9cb6d0c82c0c" />
		<row AccountID="2731" AccountCD="550000" Type="E" COAOrder="3" AccountClassID="COGS" Active="1" Description="Computer Services Expense" PostOption="S" DirectPost="0" GroupMask="0x" CreatedByID="b5344897-037e-4d58-b5c3-1bdfd0f47bf9" CreatedByScreenID="GL202500" CreatedDateTime="2019-12-02 19:11:24.53" LastModifiedByID="b5344897-037e-4d58-b5c3-1bdfd0f47bf9" LastModifiedByScreenID="GL202500" LastModifiedDateTime="2019-12-02 19:11:24.53" RequireUnits="0" NoSubDetail="0" DeletedDatabaseRecord="0" isCashAccount="0" NoteID="113f4db8-6915-ea11-a6ec-9cb6d0c82c0c" />
		<row AccountID="2732" AccountCD="580000" Type="E" COAOrder="3" AccountClassID="COGS" Active="1" Description="Delivery Services Expense" PostOption="S" DirectPost="0" GroupMask="0x" CreatedByID="b5344897-037e-4d58-b5c3-1bdfd0f47bf9" CreatedByScreenID="GL202500" CreatedDateTime="2019-12-02 19:11:24.53" LastModifiedByID="b5344897-037e-4d58-b5c3-1bdfd0f47bf9" LastModifiedByScreenID="GL202500" LastModifiedDateTime="2019-12-02 19:11:24.53" RequireUnits="0" NoSubDetail="0" DeletedDatabaseRecord="0" isCashAccount="0" NoteID="133f4db8-6915-ea11-a6ec-9cb6d0c82c0c" />
		<row AccountID="2733" AccountCD="596000" Type="E" COAOrder="3" AccountClassID="COGS" Active="1" Description="Purchase Returns" PostOption="S" DirectPost="0" GroupMask="0x" CreatedByID="b5344897-037e-4d58-b5c3-1bdfd0f47bf9" CreatedByScreenID="GL202500" CreatedDateTime="2019-12-02 19:11:24.53" LastModifiedByID="b5344897-037e-4d58-b5c3-1bdfd0f47bf9" LastModifiedByScreenID="GL202500" LastModifiedDateTime="2019-12-02 19:11:24.53" RequireUnits="0" NoSubDetail="0" DeletedDatabaseRecord="0" isCashAccount="0" NoteID="153f4db8-6915-ea11-a6ec-9cb6d0c82c0c" />
		<row AccountID="2734" AccountCD="102050" Type="A" COAOrder="1" AccountClassID="CASHASSET" Active="1" Description="Merchant Account" PostOption="D" DirectPost="0" CuryID="USD" GroupMask="0x" CreatedByID="b5344897-037e-4d58-b5c3-1bdfd0f47bf9" CreatedByScreenID="GL202500" CreatedDateTime="2019-12-02 20:24:28.557" LastModifiedByID="b5344897-037e-4d58-b5c3-1bdfd0f47bf9" LastModifiedByScreenID="CA202000" LastModifiedDateTime="2019-12-02 20:25:53.4" RequireUnits="0" NoSubDetail="0" DeletedDatabaseRecord="0" isCashAccount="1" NoteID="a85e3303-7415-ea11-a6ec-9cb6d0c82c0c" />
		<row AccountID="2735" AccountCD="250000" Type="L" COAOrder="2" AccountClassID="TAXESPAY" Active="1" Description="Tax Payable" PostOption="S" DirectPost="0" GroupMask="0x" CreatedByID="b5344897-037e-4d58-b5c3-1bdfd0f47bf9" CreatedByScreenID="GL202500" CreatedDateTime="2019-12-03 17:45:19.587" LastModifiedByID="b5344897-037e-4d58-b5c3-1bdfd0f47bf9" LastModifiedByScreenID="GL202500" LastModifiedDateTime="2019-12-03 17:45:19.587" RequireUnits="0" NoSubDetail="0" DeletedDatabaseRecord="0" isCashAccount="0" NoteID="7b2f53f6-2616-ea11-a6ec-9cb6d0c82c0c" />
		<row AccountID="2736" AccountCD="651000" Type="E" COAOrder="3" AccountClassID="EXTAX" Active="1" Description="Other Tax Expenses" PostOption="S" DirectPost="0" GroupMask="0x" CreatedByID="b5344897-037e-4d58-b5c3-1bdfd0f47bf9" CreatedByScreenID="GL202500" CreatedDateTime="2019-12-03 17:45:51.69" LastModifiedByID="b5344897-037e-4d58-b5c3-1bdfd0f47bf9" LastModifiedByScreenID="GL202500" LastModifiedDateTime="2019-12-03 17:45:51.69" RequireUnits="0" NoSubDetail="0" DeletedDatabaseRecord="0" isCashAccount="0" NoteID="038d7b09-2716-ea11-a6ec-9cb6d0c82c0c" />
	</rows>
</data>