﻿<?xml version="1.0" encoding="utf-8"?>
<data>
	<table name="APContact">
		<col name="CompanyID" type="Int" default="Zero" />
		<col name="ContactID" type="Int" identity="true" />
		<col name="VendorID" type="Int" />
		<col name="VendorContactID" type="Int" nullable="true" />
		<col name="RevisionID" type="Int" />
		<col name="IsDefaultContact" type="Bit" />
		<col name="Title" type="NVarChar(50)" nullable="true" />
		<col name="Salutation" type="NVarChar(255)" nullable="true" />
		<col name="Attention" type="NVarChar(255)" nullable="true" />
		<col name="FullName" type="NVarChar(255)" nullable="true" />
		<col name="Email" type="NVarChar(255)" nullable="true" />
		<col name="Phone1" type="VarChar(50)" nullable="true" />
		<col name="Phone1Type" type="VarChar(3)" nullable="true" />
		<col name="Phone2" type="VarChar(50)" nullable="true" />
		<col name="Phone2Type" type="VarChar(3)" nullable="true" />
		<col name="Phone3" type="VarChar(50)" nullable="true" />
		<col name="Phone3Type" type="VarChar(3)" nullable="true" />
		<col name="Fax" type="VarChar(50)" nullable="true" />
		<col name="FaxType" type="VarChar(3)" nullable="true" />
		<col name="PseudonymizationStatus" type="Int" nullable="true" default="Zero" />
		<col name="NoteID" type="UniqueIdentifier" />
		<col name="CreatedByID" type="UniqueIdentifier" />
		<col name="CreatedByScreenID" type="Char(8)" />
		<col name="CreatedDateTime" type="DateTime" />
		<col name="LastModifiedByID" type="UniqueIdentifier" />
		<col name="LastModifiedByScreenID" type="Char(8)" />
		<col name="LastModifiedDateTime" type="DateTime" />
		<col name="tstamp" type="Timestamp" />
	</table>
	<rows>
		<row ContactID="8" VendorID="15" VendorContactID="15" RevisionID="1" IsDefaultContact="1" FullName="UtilitiesCo" Phone1Type="B1" Phone2Type="B2" Phone3Type="H1" FaxType="BF" PseudonymizationStatus="0" NoteID="87810f2e-e7e3-4ff3-9984-d8675bc50097" CreatedByID="b5344897-037e-4d58-b5c3-1bdfd0f47bf9" CreatedByScreenID="AP302000" CreatedDateTime="2014-10-23 17:08:04.283" LastModifiedByID="b5344897-037e-4d58-b5c3-1bdfd0f47bf9" LastModifiedByScreenID="AP302000" LastModifiedDateTime="2014-10-23 17:08:04.283" />
		<row ContactID="9" VendorID="14" VendorContactID="14" RevisionID="1" IsDefaultContact="1" FullName="OfficeSuppliesCo" Phone1Type="B1" Phone2Type="B2" Phone3Type="H1" FaxType="BF" PseudonymizationStatus="0" NoteID="4e1d4531-ce27-4120-9599-1f5a3eee8053" CreatedByID="b5344897-037e-4d58-b5c3-1bdfd0f47bf9" CreatedByScreenID="AP302000" CreatedDateTime="2014-10-23 17:08:41.197" LastModifiedByID="b5344897-037e-4d58-b5c3-1bdfd0f47bf9" LastModifiedByScreenID="AP302000" LastModifiedDateTime="2014-10-23 17:08:41.197" />
		<row ContactID="10" VendorID="17" VendorContactID="17" RevisionID="1" IsDefaultContact="1" FullName="ServiceCo" Phone1Type="B1" Phone2Type="B2" Phone3Type="H1" FaxType="BF" PseudonymizationStatus="0" NoteID="db28862f-5a87-4272-9d84-af40ce0aa0a1" CreatedByID="b5344897-037e-4d58-b5c3-1bdfd0f47bf9" CreatedByScreenID="AP503000" CreatedDateTime="2014-10-28 11:01:27.38" LastModifiedByID="b5344897-037e-4d58-b5c3-1bdfd0f47bf9" LastModifiedByScreenID="AP503000" LastModifiedDateTime="2014-10-28 11:01:27.38" />
		<row ContactID="11" VendorID="16" VendorContactID="16" RevisionID="1" IsDefaultContact="1" FullName="AdvertisingCo" Phone1Type="B1" Phone2Type="B2" Phone3Type="H1" FaxType="BF" PseudonymizationStatus="0" NoteID="b16fa459-3075-4c73-9fa0-33436fda6c25" CreatedByID="b5344897-037e-4d58-b5c3-1bdfd0f47bf9" CreatedByScreenID="AP301000" CreatedDateTime="2014-10-29 17:09:57.58" LastModifiedByID="b5344897-037e-4d58-b5c3-1bdfd0f47bf9" LastModifiedByScreenID="AP301000" LastModifiedDateTime="2014-10-29 17:09:57.58" />
	</rows>
</data>