﻿<?xml version="1.0" encoding="utf-8"?>
<data>
	<table name="APPayment">
		<col name="CompanyID" type="Int" default="Zero" />
		<col name="DocType" type="Char(3)" />
		<col name="RefNbr" type="NVarChar(15)" />
		<col name="CuryOrigTaxDiscAmt" type="Decimal(19,4)" default="Zero" />
		<col name="OrigTaxDiscAmt" type="Decimal(19,4)" default="Zero" />
		<col name="CashAccountID" type="Int" nullable="true" />
		<col name="CashSubID" type="Int" nullable="true" />
		<col name="PaymentMethodID" type="NVarChar(10)" nullable="true" />
		<col name="ExtRefNbr" type="NVarChar(40)" nullable="true" />
		<col name="AdjDate" type="SmallDateTime" />
		<col name="Cleared" type="Bit" />
		<col name="ClearDate" type="SmallDateTime" nullable="true" />
		<col name="CATranID" type="BigInt" nullable="true" />
		<col name="AdjFinPeriodID" type="Char(6)" />
		<col name="AdjTranPeriodID" type="Char(6)" />
		<col name="StubCntr" type="Int" default="Zero" />
		<col name="BillCntr" type="Int" default="Zero" />
		<col name="RemitAddressID" type="Int" />
		<col name="RemitContactID" type="Int" />
		<col name="DepositAsBatch" type="Bit" default="Zero" />
		<col name="DepositAfter" type="SmallDateTime" nullable="true" />
		<col name="DepositType" type="Char(3)" nullable="true" />
		<col name="DepositNbr" type="NVarChar(15)" nullable="true" />
		<col name="DepositDate" type="SmallDateTime" nullable="true" />
		<col name="Deposited" type="Bit" default="Zero" />
		<col name="PrintCheck" type="Bit" default="Zero" />
		<col name="ChargeCntr" type="Int" default="Zero" />
	</table>
	<rows>
		<row DocType="ADR" RefNbr="000009" CuryOrigTaxDiscAmt="0.0000" OrigTaxDiscAmt="0.0000" AdjDate="2014-03-02 00:00:00" Cleared="0" AdjFinPeriodID="201403" AdjTranPeriodID="201403" StubCntr="0" BillCntr="0" RemitAddressID="11" RemitContactID="11" DepositAsBatch="0" Deposited="0" PrintCheck="0" ChargeCntr="0" />
		<row DocType="ADR" RefNbr="000010" CuryOrigTaxDiscAmt="0.0000" OrigTaxDiscAmt="0.0000" AdjDate="2014-02-15 00:00:00" Cleared="0" AdjFinPeriodID="201402" AdjTranPeriodID="201402" StubCntr="0" BillCntr="0" RemitAddressID="11" RemitContactID="11" DepositAsBatch="0" Deposited="0" PrintCheck="0" ChargeCntr="0" />
		<row DocType="ADR" RefNbr="000011" CuryOrigTaxDiscAmt="0.0000" OrigTaxDiscAmt="0.0000" AdjDate="2014-03-02 00:00:00" Cleared="0" AdjFinPeriodID="201403" AdjTranPeriodID="201403" StubCntr="0" BillCntr="0" RemitAddressID="9" RemitContactID="9" DepositAsBatch="0" Deposited="0" PrintCheck="0" ChargeCntr="0" />
		<row DocType="CHK" RefNbr="000001" CuryOrigTaxDiscAmt="0.0000" OrigTaxDiscAmt="0.0000" CashAccountID="9" PaymentMethodID="CHECK" ExtRefNbr="000002" AdjDate="2014-01-31 00:00:00" Cleared="1" ClearDate="2014-10-23 00:00:00" CATranID="33" AdjFinPeriodID="201401" AdjTranPeriodID="201401" StubCntr="1" BillCntr="1" RemitAddressID="8" RemitContactID="8" DepositAsBatch="0" Deposited="0" PrintCheck="1" ChargeCntr="0" />
		<row DocType="CHK" RefNbr="000002" CuryOrigTaxDiscAmt="0.0000" OrigTaxDiscAmt="0.0000" CashAccountID="9" PaymentMethodID="CHECK" ExtRefNbr="000001" AdjDate="2014-01-31 00:00:00" Cleared="1" ClearDate="2014-10-23 00:00:00" CATranID="34" AdjFinPeriodID="201401" AdjTranPeriodID="201401" StubCntr="1" BillCntr="1" RemitAddressID="9" RemitContactID="9" DepositAsBatch="0" Deposited="0" PrintCheck="1" ChargeCntr="0" />
		<row DocType="CHK" RefNbr="000003" CuryOrigTaxDiscAmt="0.0000" OrigTaxDiscAmt="0.0000" CashAccountID="7" PaymentMethodID="CASH" ExtRefNbr="02082014S" AdjDate="2014-02-08 00:00:00" Cleared="1" ClearDate="2014-10-28 00:00:00" CATranID="39" AdjFinPeriodID="201402" AdjTranPeriodID="201402" StubCntr="1" BillCntr="1" RemitAddressID="10" RemitContactID="10" DepositAsBatch="0" Deposited="0" PrintCheck="0" ChargeCntr="0" />
		<row DocType="CHK" RefNbr="000004" CuryOrigTaxDiscAmt="0.0000" OrigTaxDiscAmt="0.0000" CashAccountID="7" PaymentMethodID="CASH" ExtRefNbr="03012014U" AdjDate="2014-03-01 00:00:00" Cleared="1" ClearDate="2014-10-28 00:00:00" CATranID="40" AdjFinPeriodID="201403" AdjTranPeriodID="201403" StubCntr="1" BillCntr="1" RemitAddressID="8" RemitContactID="8" DepositAsBatch="0" Deposited="0" PrintCheck="0" ChargeCntr="0" />
		<row DocType="CHK" RefNbr="000005" CuryOrigTaxDiscAmt="0.0000" OrigTaxDiscAmt="0.0000" CashAccountID="7" PaymentMethodID="CASH" ExtRefNbr="03012014S" AdjDate="2014-03-01 00:00:00" Cleared="1" ClearDate="2014-10-28 00:00:00" CATranID="41" AdjFinPeriodID="201403" AdjTranPeriodID="201403" StubCntr="1" BillCntr="2" RemitAddressID="10" RemitContactID="10" DepositAsBatch="0" Deposited="0" PrintCheck="0" ChargeCntr="0" />
		<row DocType="CHK" RefNbr="000006" CuryOrigTaxDiscAmt="0.0000" OrigTaxDiscAmt="0.0000" CashAccountID="9" PaymentMethodID="CHECK" ExtRefNbr="000003" AdjDate="2014-03-02 00:00:00" Cleared="1" ClearDate="2014-10-29 00:00:00" CATranID="46" AdjFinPeriodID="201403" AdjTranPeriodID="201403" StubCntr="1" BillCntr="2" RemitAddressID="8" RemitContactID="8" DepositAsBatch="0" Deposited="0" PrintCheck="1" ChargeCntr="0" />
		<row DocType="CHK" RefNbr="000008" CuryOrigTaxDiscAmt="0.0000" OrigTaxDiscAmt="0.0000" CashAccountID="7" PaymentMethodID="CASH" ExtRefNbr="03052014U" AdjDate="2014-03-05 00:00:00" Cleared="1" ClearDate="2014-10-30 00:00:00" CATranID="49" AdjFinPeriodID="201403" AdjTranPeriodID="201403" StubCntr="0" BillCntr="0" RemitAddressID="8" RemitContactID="8" DepositAsBatch="0" Deposited="0" PrintCheck="0" ChargeCntr="0" />
		<row DocType="CHK" RefNbr="000009" CuryOrigTaxDiscAmt="0.0000" OrigTaxDiscAmt="0.0000" CashAccountID="7" PaymentMethodID="CASH" ExtRefNbr="03062014Prep" AdjDate="2014-03-06 00:00:00" Cleared="1" ClearDate="2014-10-31 00:00:00" CATranID="51" AdjFinPeriodID="201403" AdjTranPeriodID="201403" StubCntr="0" BillCntr="0" RemitAddressID="11" RemitContactID="11" DepositAsBatch="0" Deposited="0" PrintCheck="0" ChargeCntr="0" />
		<row DocType="CHK" RefNbr="000010" CuryOrigTaxDiscAmt="0.0000" OrigTaxDiscAmt="0.0000" CashAccountID="9" PaymentMethodID="CHECK" ExtRefNbr="000004" AdjDate="2014-03-08 00:00:00" Cleared="1" ClearDate="2014-10-31 00:00:00" CATranID="52" AdjFinPeriodID="201403" AdjTranPeriodID="201403" StubCntr="1" BillCntr="1" RemitAddressID="11" RemitContactID="11" DepositAsBatch="0" Deposited="0" PrintCheck="1" ChargeCntr="0" />
		<row DocType="CHK" RefNbr="000011" CuryOrigTaxDiscAmt="0.0000" OrigTaxDiscAmt="0.0000" CashAccountID="9" PaymentMethodID="CHECK" ExtRefNbr="000005" AdjDate="2014-03-08 00:00:00" Cleared="1" ClearDate="2014-10-31 00:00:00" CATranID="53" AdjFinPeriodID="201403" AdjTranPeriodID="201403" StubCntr="1" BillCntr="2" RemitAddressID="11" RemitContactID="11" DepositAsBatch="0" Deposited="0" PrintCheck="1" ChargeCntr="0" />
		<row DocType="PPM" RefNbr="000012" CuryOrigTaxDiscAmt="0.0000" OrigTaxDiscAmt="0.0000" AdjDate="2014-03-08 00:00:00" Cleared="0" AdjFinPeriodID="201403" AdjTranPeriodID="201403" StubCntr="0" BillCntr="0" RemitAddressID="11" RemitContactID="11" DepositAsBatch="0" Deposited="0" PrintCheck="0" ChargeCntr="0" />
		<row DocType="REF" RefNbr="000007" CuryOrigTaxDiscAmt="0.0000" OrigTaxDiscAmt="0.0000" CashAccountID="7" PaymentMethodID="CASH" ExtRefNbr="03022014Refund" AdjDate="2014-03-02 00:00:00" Cleared="1" ClearDate="2014-10-30 00:00:00" CATranID="47" AdjFinPeriodID="201403" AdjTranPeriodID="201403" StubCntr="0" BillCntr="0" RemitAddressID="9" RemitContactID="9" DepositAsBatch="0" Deposited="0" PrintCheck="0" ChargeCntr="0" />
		<row DocType="REF" RefNbr="000012" CuryOrigTaxDiscAmt="0.0000" OrigTaxDiscAmt="0.0000" CashAccountID="7" PaymentMethodID="CASH" ExtRefNbr="03102014PrepRef" AdjDate="2014-03-10 00:00:00" Cleared="1" ClearDate="2014-10-31 00:00:00" CATranID="54" AdjFinPeriodID="201403" AdjTranPeriodID="201403" StubCntr="0" BillCntr="0" RemitAddressID="11" RemitContactID="11" DepositAsBatch="0" Deposited="0" PrintCheck="0" ChargeCntr="0" />
		<row DocType="VCK" RefNbr="000006" CuryOrigTaxDiscAmt="0.0000" OrigTaxDiscAmt="0.0000" CashAccountID="9" PaymentMethodID="CHECK" ExtRefNbr="000003" AdjDate="2014-03-02 00:00:00" Cleared="1" ClearDate="2014-03-02 00:00:00" CATranID="48" AdjFinPeriodID="201403" AdjTranPeriodID="201403" StubCntr="1" BillCntr="2" RemitAddressID="8" RemitContactID="8" DepositAsBatch="0" Deposited="0" PrintCheck="1" ChargeCntr="0" />
	</rows>
</data>