﻿<?xml version="1.0" encoding="utf-8"?>
<data>
	<table name="APRegister">
		<col name="CompanyID" type="Int" default="Zero" />
		<col name="DocType" type="Char(3)" />
		<col name="RefNbr" type="NVarChar(15)" />
		<col name="BranchID" type="Int" />
		<col name="BatchNbr" type="NVarChar(15)" nullable="true" />
		<col name="VendorID" type="Int" />
		<col name="VendorLocationID" type="Int" />
		<col name="APAccountID" type="Int" />
		<col name="APSubID" type="Int" />
		<col name="DocDate" type="SmallDateTime" />
		<col name="OrigDocDate" type="SmallDateTime" nullable="true" />
		<col name="DocDesc" type="NVarChar(256)" nullable="true" />
		<col name="CuryInfoID" type="BigInt" />
		<col name="CuryOrigDocAmt" type="Decimal(19,4)" />
		<col name="OrigDocAmt" type="Decimal(19,4)" />
		<col name="CuryDocBal" type="Decimal(19,4)" />
		<col name="DocBal" type="Decimal(19,4)" />
		<col name="CuryInitDocBal" type="Decimal(19,4)" />
		<col name="InitDocBal" type="Decimal(19,4)" />
		<col name="DiscTot" type="Decimal(19,4)" nullable="true" />
		<col name="CuryDiscTot" type="Decimal(19,4)" nullable="true" />
		<col name="CuryDiscBal" type="Decimal(19,4)" />
		<col name="DiscBal" type="Decimal(19,4)" />
		<col name="CuryDiscTaken" type="Decimal(19,4)" />
		<col name="DiscTaken" type="Decimal(19,4)" />
		<col name="CuryChargeAmt" type="Decimal(19,4)" default="Zero" />
		<col name="ChargeAmt" type="Decimal(19,4)" default="Zero" />
		<col name="OpenDoc" type="Bit" />
		<col name="Released" type="Bit" />
		<col name="Hold" type="Bit" />
		<col name="IsTaxValid" type="Bit" default="Zero" />
		<col name="IsTaxSaved" type="Bit" default="Zero" />
		<col name="IsTaxPosted" type="Bit" default="Zero" />
		<col name="NonTaxable" type="Bit" default="Zero" />
		<col name="Prebooked" type="Bit" />
		<col name="Status" type="Char(1)" />
		<col name="LineCntr" type="Int" />
		<col name="AdjCntr" type="Int" />
		<col name="CuryID" type="NVarChar(5)" />
		<col name="PrebookBatchNbr" type="NVarChar(15)" nullable="true" />
		<col name="VoidBatchNbr" type="NVarChar(15)" nullable="true" />
		<col name="CreatedByID" type="UniqueIdentifier" />
		<col name="CreatedByScreenID" type="Char(8)" />
		<col name="CreatedDateTime" type="DateTime" />
		<col name="LastModifiedByID" type="UniqueIdentifier" />
		<col name="LastModifiedByScreenID" type="Char(8)" />
		<col name="LastModifiedDateTime" type="DateTime" />
		<col name="RGOLAmt" type="Decimal(19,4)" />
		<col name="CuryRoundDiff" type="Decimal(19,4)" />
		<col name="RoundDiff" type="Decimal(19,4)" />
		<col name="tstamp" type="Timestamp" />
		<col name="ScheduleID" type="NVarChar(10)" nullable="true" />
		<col name="ImpRefNbr" type="NVarChar(15)" nullable="true" />
		<col name="Voided" type="Bit" default="Zero" />
		<col name="Scheduled" type="Bit" default="Zero" />
		<col name="CuryOrigDiscAmt" type="Decimal(19,4)" />
		<col name="OrigDiscAmt" type="Decimal(19,4)" />
		<col name="FinPeriodID" type="Char(6)" />
		<col name="TranPeriodID" type="Char(6)" />
		<col name="ClosedTranPeriodID" type="Char(6)" nullable="true" />
		<col name="ClosedFinPeriodID" type="Char(6)" nullable="true" />
		<col name="Printed" type="Bit" />
		<col name="DeletedDatabaseRecord" type="Bit" default="Zero" />
		<col name="CuryOrigWhTaxAmt" type="Decimal(19,4)" />
		<col name="OrigWhTaxAmt" type="Decimal(19,4)" />
		<col name="CuryWhTaxBal" type="Decimal(19,4)" />
		<col name="WhTaxBal" type="Decimal(19,4)" />
		<col name="CuryTaxWheld" type="Decimal(19,4)" />
		<col name="TaxWheld" type="Decimal(19,4)" />
		<col name="OrigModule" type="Char(2)" />
		<col name="OrigDocType" type="Char(3)" nullable="true" />
		<col name="OrigRefNbr" type="NVarChar(15)" nullable="true" />
		<col name="TaxCalcMode" type="Char(1)" />
		<col name="CuryTaxRoundDiff" type="Decimal(19,4)" />
		<col name="TaxRoundDiff" type="Decimal(19,4)" />
		<col name="EmployeeID" type="UniqueIdentifier" nullable="true" />
		<col name="EmployeeWorkgroupID" type="Int" nullable="true" />
		<col name="Approved" type="Bit" />
		<col name="Rejected" type="Bit" />
		<col name="DontApprove" type="Bit" nullable="true" />
		<col name="IsMigratedRecord" type="Bit" default="Zero" />
		<col name="PaymentsByLinesAllowed" type="Bit" default="Zero" />
		<col name="ProjectID" type="Int" nullable="true" />
		<col name="RetainageAcctID" type="Int" nullable="true" />
		<col name="RetainageSubID" type="Int" nullable="true" />
		<col name="RetainageApply" type="Bit" default="Zero" />
		<col name="IsRetainageDocument" type="Bit" default="Zero" />
		<col name="DefRetainagePct" type="Decimal(9,6)" default="Zero" />
		<col name="CuryLineRetainageTotal" type="Decimal(19,4)" default="Zero" />
		<col name="LineRetainageTotal" type="Decimal(19,4)" default="Zero" />
		<col name="CuryRetainageTotal" type="Decimal(19,4)" default="Zero" />
		<col name="RetainageTotal" type="Decimal(19,4)" default="Zero" />
		<col name="CuryRetainageUnreleasedAmt" type="Decimal(19,4)" default="Zero" />
		<col name="RetainageUnreleasedAmt" type="Decimal(19,4)" default="Zero" />
		<col name="CuryRetainedTaxTotal" type="Decimal(19,4)" default="Zero" />
		<col name="RetainedTaxTotal" type="Decimal(19,4)" default="Zero" />
		<col name="CuryRetainedDiscTotal" type="Decimal(19,4)" default="Zero" />
		<col name="RetainedDiscTotal" type="Decimal(19,4)" default="Zero" />
		<col name="HasPPDTaxes" type="Bit" default="Zero" />
		<col name="PendingPPD" type="Bit" default="Zero" />
		<col name="NoteID" type="UniqueIdentifier" nullable="true" />
		<col name="RefNoteID" type="UniqueIdentifier" nullable="true" />
	</table>
	<rows>
		<row DocType="ACR" RefNbr="000008" BranchID="1" BatchNbr="000012" VendorID="15" VendorLocationID="15" APAccountID="34" APSubID="1" DocDate="2014-03-02 00:00:00" DocDesc="The charge for the delayed payment for 000003 bill" CuryInfoID="132" CuryOrigDocAmt="20.0000" OrigDocAmt="20.0000" CuryDocBal="0.0000" DocBal="0.0000" CuryInitDocBal="0.0000" InitDocBal="0.0000" DiscTot="0.0000" CuryDiscTot="0.0000" CuryDiscBal="0.0000" DiscBal="0.0000" CuryDiscTaken="0.0000" DiscTaken="0.0000" CuryChargeAmt="0.0000" ChargeAmt="0.0000" OpenDoc="0" Released="1" Hold="0" IsTaxValid="0" IsTaxSaved="0" IsTaxPosted="0" NonTaxable="0" Prebooked="0" Status="C" LineCntr="1" AdjCntr="1" CuryID="USD" CreatedByID="b5344897-037e-4d58-b5c3-1bdfd0f47bf9" CreatedByScreenID="AP301000" CreatedDateTime="2014-10-29 15:31:15.343" LastModifiedByID="b5344897-037e-4d58-b5c3-1bdfd0f47bf9" LastModifiedByScreenID="AP302000" LastModifiedDateTime="2014-10-30 11:20:38.273" RGOLAmt="0.0000" CuryRoundDiff="0.0000" RoundDiff="0.0000" Voided="0" Scheduled="0" CuryOrigDiscAmt="0.0000" OrigDiscAmt="0.0000" FinPeriodID="201403" TranPeriodID="201403" ClosedTranPeriodID="201403" ClosedFinPeriodID="201403" Printed="0" DeletedDatabaseRecord="0" CuryOrigWhTaxAmt="0.0000" OrigWhTaxAmt="0.0000" CuryWhTaxBal="0.0000" WhTaxBal="0.0000" CuryTaxWheld="0.0000" TaxWheld="0.0000" OrigModule="AP" TaxCalcMode="T" CuryTaxRoundDiff="0.0000" TaxRoundDiff="0.0000" Approved="1" Rejected="0" IsMigratedRecord="0" PaymentsByLinesAllowed="0" ProjectID="0" RetainageApply="0" IsRetainageDocument="0" DefRetainagePct="0.000000" CuryLineRetainageTotal="0.0000" LineRetainageTotal="0.0000" CuryRetainageTotal="0.0000" RetainageTotal="0.0000" CuryRetainageUnreleasedAmt="0.0000" RetainageUnreleasedAmt="0.0000" CuryRetainedTaxTotal="0.0000" RetainedTaxTotal="0.0000" CuryRetainedDiscTotal="0.0000" RetainedDiscTotal="0.0000" HasPPDTaxes="0" PendingPPD="0" NoteID="163cea7a-645f-e411-b36f-74d435e7799b" />
		<row DocType="ADR" RefNbr="000009" BranchID="1" BatchNbr="000014" VendorID="16" VendorLocationID="16" APAccountID="34" APSubID="1" DocDate="2014-03-02 00:00:00" DocDesc="Discount from vendor for bill 000002" CuryInfoID="138" CuryOrigDocAmt="5.0000" OrigDocAmt="5.0000" CuryDocBal="0.0000" DocBal="0.0000" CuryInitDocBal="0.0000" InitDocBal="0.0000" DiscTot="0.0000" CuryDiscTot="0.0000" CuryDiscBal="0.0000" DiscBal="0.0000" CuryDiscTaken="0.0000" DiscTaken="0.0000" CuryChargeAmt="0.0000" ChargeAmt="0.0000" OpenDoc="0" Released="1" Hold="0" IsTaxValid="0" IsTaxSaved="0" IsTaxPosted="0" NonTaxable="0" Prebooked="0" Status="C" LineCntr="2" AdjCntr="2" CuryID="USD" CreatedByID="b5344897-037e-4d58-b5c3-1bdfd0f47bf9" CreatedByScreenID="AP301000" CreatedDateTime="2014-10-29 17:09:55.047" LastModifiedByID="b5344897-037e-4d58-b5c3-1bdfd0f47bf9" LastModifiedByScreenID="AP302000" LastModifiedDateTime="2014-10-29 17:19:21.463" RGOLAmt="0.0000" CuryRoundDiff="0.0000" RoundDiff="0.0000" Voided="0" Scheduled="0" CuryOrigDiscAmt="0.0000" OrigDiscAmt="0.0000" FinPeriodID="201403" TranPeriodID="201403" ClosedTranPeriodID="201403" ClosedFinPeriodID="201403" Printed="1" DeletedDatabaseRecord="0" CuryOrigWhTaxAmt="0.0000" OrigWhTaxAmt="0.0000" CuryWhTaxBal="0.0000" WhTaxBal="0.0000" CuryTaxWheld="0.0000" TaxWheld="0.0000" OrigModule="AP" TaxCalcMode="T" CuryTaxRoundDiff="0.0000" TaxRoundDiff="0.0000" Approved="1" Rejected="0" IsMigratedRecord="0" PaymentsByLinesAllowed="0" ProjectID="0" RetainageApply="0" IsRetainageDocument="0" DefRetainagePct="0.000000" CuryLineRetainageTotal="0.0000" LineRetainageTotal="0.0000" CuryRetainageTotal="0.0000" RetainageTotal="0.0000" CuryRetainageUnreleasedAmt="0.0000" RetainageUnreleasedAmt="0.0000" CuryRetainedTaxTotal="0.0000" RetainedTaxTotal="0.0000" CuryRetainedDiscTotal="0.0000" RetainedDiscTotal="0.0000" HasPPDTaxes="0" PendingPPD="0" NoteID="459fa81c-755f-e411-b36f-74d435e7799b" />
		<row DocType="ADR" RefNbr="000010" BranchID="1" BatchNbr="000015" VendorID="16" VendorLocationID="16" APAccountID="34" APSubID="1" DocDate="2014-02-15 00:00:00" OrigDocDate="2014-02-15 00:00:00" DocDesc="Bill 000007 reversal" CuryInfoID="10138" CuryOrigDocAmt="20.0000" OrigDocAmt="20.0000" CuryDocBal="0.0000" DocBal="0.0000" CuryInitDocBal="0.0000" InitDocBal="0.0000" DiscTot="0.0000" CuryDiscTot="0.0000" CuryDiscBal="0.0000" DiscBal="0.0000" CuryDiscTaken="0.0000" DiscTaken="0.0000" CuryChargeAmt="0.0000" ChargeAmt="0.0000" OpenDoc="0" Released="1" Hold="0" IsTaxValid="0" IsTaxSaved="0" IsTaxPosted="0" NonTaxable="0" Prebooked="0" Status="C" LineCntr="3" AdjCntr="3" CuryID="USD" CreatedByID="b5344897-037e-4d58-b5c3-1bdfd0f47bf9" CreatedByScreenID="AP301000" CreatedDateTime="2014-10-30 10:04:04.387" LastModifiedByID="b5344897-037e-4d58-b5c3-1bdfd0f47bf9" LastModifiedByScreenID="AP302000" LastModifiedDateTime="2014-10-30 10:10:10.45" RGOLAmt="0.0000" CuryRoundDiff="0.0000" RoundDiff="0.0000" Voided="0" Scheduled="0" CuryOrigDiscAmt="0.0000" OrigDiscAmt="0.0000" FinPeriodID="201402" TranPeriodID="201402" ClosedTranPeriodID="201402" ClosedFinPeriodID="201402" Printed="1" DeletedDatabaseRecord="0" CuryOrigWhTaxAmt="0.0000" OrigWhTaxAmt="0.0000" CuryWhTaxBal="0.0000" WhTaxBal="0.0000" CuryTaxWheld="0.0000" TaxWheld="0.0000" OrigModule="AP" OrigDocType="INV" OrigRefNbr="000007" TaxCalcMode="T" CuryTaxRoundDiff="0.0000" TaxRoundDiff="0.0000" Approved="1" Rejected="0" IsMigratedRecord="0" PaymentsByLinesAllowed="0" ProjectID="0" RetainageApply="0" IsRetainageDocument="0" DefRetainagePct="0.000000" CuryLineRetainageTotal="0.0000" LineRetainageTotal="0.0000" CuryRetainageTotal="0.0000" RetainageTotal="0.0000" CuryRetainageUnreleasedAmt="0.0000" RetainageUnreleasedAmt="0.0000" CuryRetainedTaxTotal="0.0000" RetainedTaxTotal="0.0000" CuryRetainedDiscTotal="0.0000" RetainedDiscTotal="0.0000" HasPPDTaxes="0" PendingPPD="0" NoteID="637045ca-0260-e411-99e1-74d435e7799b" />
		<row DocType="ADR" RefNbr="000011" BranchID="1" BatchNbr="000016" VendorID="14" VendorLocationID="14" APAccountID="34" APSubID="1" DocDate="2014-03-02 00:00:00" DocDesc="Damaged office supplies returned" CuryInfoID="10142" CuryOrigDocAmt="10.0000" OrigDocAmt="10.0000" CuryDocBal="0.0000" DocBal="0.0000" CuryInitDocBal="0.0000" InitDocBal="0.0000" DiscTot="0.0000" CuryDiscTot="0.0000" CuryDiscBal="0.0000" DiscBal="0.0000" CuryDiscTaken="0.0000" DiscTaken="0.0000" CuryChargeAmt="0.0000" ChargeAmt="0.0000" OpenDoc="0" Released="1" Hold="0" IsTaxValid="0" IsTaxSaved="0" IsTaxPosted="0" NonTaxable="0" Prebooked="0" Status="C" LineCntr="1" AdjCntr="1" CuryID="USD" CreatedByID="b5344897-037e-4d58-b5c3-1bdfd0f47bf9" CreatedByScreenID="AP301000" CreatedDateTime="2014-10-30 10:50:30.587" LastModifiedByID="b5344897-037e-4d58-b5c3-1bdfd0f47bf9" LastModifiedByScreenID="AP302000" LastModifiedDateTime="2014-10-30 10:54:24.387" RGOLAmt="0.0000" CuryRoundDiff="0.0000" RoundDiff="0.0000" Voided="0" Scheduled="0" CuryOrigDiscAmt="0.0000" OrigDiscAmt="0.0000" FinPeriodID="201403" TranPeriodID="201403" ClosedTranPeriodID="201403" ClosedFinPeriodID="201403" Printed="1" DeletedDatabaseRecord="0" CuryOrigWhTaxAmt="0.0000" OrigWhTaxAmt="0.0000" CuryWhTaxBal="0.0000" WhTaxBal="0.0000" CuryTaxWheld="0.0000" TaxWheld="0.0000" OrigModule="AP" TaxCalcMode="T" CuryTaxRoundDiff="0.0000" TaxRoundDiff="0.0000" Approved="1" Rejected="0" IsMigratedRecord="0" PaymentsByLinesAllowed="0" ProjectID="0" RetainageApply="0" IsRetainageDocument="0" DefRetainagePct="0.000000" CuryLineRetainageTotal="0.0000" LineRetainageTotal="0.0000" CuryRetainageTotal="0.0000" RetainageTotal="0.0000" CuryRetainageUnreleasedAmt="0.0000" RetainageUnreleasedAmt="0.0000" CuryRetainedTaxTotal="0.0000" RetainedTaxTotal="0.0000" CuryRetainedDiscTotal="0.0000" RetainedDiscTotal="0.0000" HasPPDTaxes="0" PendingPPD="0" NoteID="ed487a4b-0960-e411-99e1-74d435e7799b" />
		<row DocType="CHK" RefNbr="000001" BranchID="1" BatchNbr="000003" VendorID="15" VendorLocationID="15" APAccountID="34" APSubID="1" DocDate="2014-01-31 00:00:00" DocDesc="Partial payment for the utilities and rent bill" CuryInfoID="83" CuryOrigDocAmt="1000.0000" OrigDocAmt="1000.0000" CuryDocBal="0.0000" DocBal="0.0000" CuryInitDocBal="0.0000" InitDocBal="0.0000" DiscTot="0.0000" CuryDiscTot="0.0000" CuryDiscBal="0.0000" DiscBal="0.0000" CuryDiscTaken="0.0000" DiscTaken="0.0000" CuryChargeAmt="0.0000" ChargeAmt="0.0000" OpenDoc="0" Released="1" Hold="0" IsTaxValid="0" IsTaxSaved="0" IsTaxPosted="0" NonTaxable="0" Prebooked="0" Status="C" LineCntr="2" AdjCntr="2" CuryID="USD" CreatedByID="b5344897-037e-4d58-b5c3-1bdfd0f47bf9" CreatedByScreenID="AP302000" CreatedDateTime="2014-10-23 17:08:04.31" LastModifiedByID="b5344897-037e-4d58-b5c3-1bdfd0f47bf9" LastModifiedByScreenID="AP505200" LastModifiedDateTime="2014-10-23 22:28:25.297" RGOLAmt="0.0000" CuryRoundDiff="0.0000" RoundDiff="0.0000" Voided="0" Scheduled="0" CuryOrigDiscAmt="0.0000" OrigDiscAmt="0.0000" FinPeriodID="201401" TranPeriodID="201401" ClosedTranPeriodID="201401" ClosedFinPeriodID="201401" Printed="1" DeletedDatabaseRecord="0" CuryOrigWhTaxAmt="0.0000" OrigWhTaxAmt="0.0000" CuryWhTaxBal="0.0000" WhTaxBal="0.0000" CuryTaxWheld="0.0000" TaxWheld="0.0000" OrigModule="AP" TaxCalcMode="T" CuryTaxRoundDiff="0.0000" TaxRoundDiff="0.0000" Approved="1" Rejected="0" IsMigratedRecord="0" PaymentsByLinesAllowed="0" ProjectID="0" RetainageApply="0" IsRetainageDocument="0" DefRetainagePct="0.000000" CuryLineRetainageTotal="0.0000" LineRetainageTotal="0.0000" CuryRetainageTotal="0.0000" RetainageTotal="0.0000" CuryRetainageUnreleasedAmt="0.0000" RetainageUnreleasedAmt="0.0000" CuryRetainedTaxTotal="0.0000" RetainedTaxTotal="0.0000" CuryRetainedDiscTotal="0.0000" RetainedDiscTotal="0.0000" HasPPDTaxes="0" PendingPPD="0" NoteID="c707df55-b55a-e411-9189-74d435e7799b" />
		<row DocType="CHK" RefNbr="000002" BranchID="1" BatchNbr="000004" VendorID="14" VendorLocationID="14" APAccountID="34" APSubID="1" DocDate="2014-01-31 00:00:00" DocDesc="Payment for office supplies 01-2014" CuryInfoID="85" CuryOrigDocAmt="30.0000" OrigDocAmt="30.0000" CuryDocBal="0.0000" DocBal="0.0000" CuryInitDocBal="0.0000" InitDocBal="0.0000" DiscTot="0.0000" CuryDiscTot="0.0000" CuryDiscBal="0.0000" DiscBal="0.0000" CuryDiscTaken="0.0000" DiscTaken="0.0000" CuryChargeAmt="0.0000" ChargeAmt="0.0000" OpenDoc="0" Released="1" Hold="0" IsTaxValid="0" IsTaxSaved="0" IsTaxPosted="0" NonTaxable="0" Prebooked="0" Status="C" LineCntr="3" AdjCntr="3" CuryID="USD" CreatedByID="b5344897-037e-4d58-b5c3-1bdfd0f47bf9" CreatedByScreenID="AP302000" CreatedDateTime="2014-10-23 17:08:41.21" LastModifiedByID="b5344897-037e-4d58-b5c3-1bdfd0f47bf9" LastModifiedByScreenID="AP505200" LastModifiedDateTime="2014-10-23 22:28:25.503" RGOLAmt="0.0000" CuryRoundDiff="0.0000" RoundDiff="0.0000" Voided="0" Scheduled="0" CuryOrigDiscAmt="0.0000" OrigDiscAmt="0.0000" FinPeriodID="201401" TranPeriodID="201401" ClosedTranPeriodID="201401" ClosedFinPeriodID="201401" Printed="1" DeletedDatabaseRecord="0" CuryOrigWhTaxAmt="0.0000" OrigWhTaxAmt="0.0000" CuryWhTaxBal="0.0000" WhTaxBal="0.0000" CuryTaxWheld="0.0000" TaxWheld="0.0000" OrigModule="AP" TaxCalcMode="T" CuryTaxRoundDiff="0.0000" TaxRoundDiff="0.0000" Approved="1" Rejected="0" IsMigratedRecord="0" PaymentsByLinesAllowed="0" ProjectID="0" RetainageApply="0" IsRetainageDocument="0" DefRetainagePct="0.000000" CuryLineRetainageTotal="0.0000" LineRetainageTotal="0.0000" CuryRetainageTotal="0.0000" RetainageTotal="0.0000" CuryRetainageUnreleasedAmt="0.0000" RetainageUnreleasedAmt="0.0000" CuryRetainedTaxTotal="0.0000" RetainedTaxTotal="0.0000" CuryRetainedDiscTotal="0.0000" RetainedDiscTotal="0.0000" HasPPDTaxes="0" PendingPPD="0" NoteID="5bd01b9f-b55a-e411-9189-74d435e7799b" />
		<row DocType="CHK" RefNbr="000003" BranchID="1" BatchNbr="000010" VendorID="17" VendorLocationID="17" APAccountID="34" APSubID="1" DocDate="2014-02-08 00:00:00" CuryInfoID="112" CuryOrigDocAmt="38.8000" OrigDocAmt="38.8000" CuryDocBal="0.0000" DocBal="0.0000" CuryInitDocBal="0.0000" InitDocBal="0.0000" DiscTot="0.0000" CuryDiscTot="0.0000" CuryDiscBal="0.0000" DiscBal="0.0000" CuryDiscTaken="0.0000" DiscTaken="0.0000" CuryChargeAmt="0.0000" ChargeAmt="0.0000" OpenDoc="0" Released="1" Hold="0" IsTaxValid="0" IsTaxSaved="0" IsTaxPosted="0" NonTaxable="0" Prebooked="0" Status="C" LineCntr="2" AdjCntr="2" CuryID="USD" CreatedByID="b5344897-037e-4d58-b5c3-1bdfd0f47bf9" CreatedByScreenID="AP503000" CreatedDateTime="2014-10-28 11:01:27.42" LastModifiedByID="b5344897-037e-4d58-b5c3-1bdfd0f47bf9" LastModifiedByScreenID="AP505200" LastModifiedDateTime="2014-10-28 11:02:17.15" RGOLAmt="0.0000" CuryRoundDiff="0.0000" RoundDiff="0.0000" Voided="0" Scheduled="0" CuryOrigDiscAmt="0.0000" OrigDiscAmt="0.0000" FinPeriodID="201402" TranPeriodID="201402" ClosedTranPeriodID="201402" ClosedFinPeriodID="201402" Printed="1" DeletedDatabaseRecord="0" CuryOrigWhTaxAmt="0.0000" OrigWhTaxAmt="0.0000" CuryWhTaxBal="0.0000" WhTaxBal="0.0000" CuryTaxWheld="0.0000" TaxWheld="0.0000" OrigModule="AP" TaxCalcMode="T" CuryTaxRoundDiff="0.0000" TaxRoundDiff="0.0000" Approved="1" Rejected="0" IsMigratedRecord="0" PaymentsByLinesAllowed="0" ProjectID="0" RetainageApply="0" IsRetainageDocument="0" DefRetainagePct="0.000000" CuryLineRetainageTotal="0.0000" LineRetainageTotal="0.0000" CuryRetainageTotal="0.0000" RetainageTotal="0.0000" CuryRetainageUnreleasedAmt="0.0000" RetainageUnreleasedAmt="0.0000" CuryRetainedTaxTotal="0.0000" RetainedTaxTotal="0.0000" CuryRetainedDiscTotal="0.0000" RetainedDiscTotal="0.0000" HasPPDTaxes="0" PendingPPD="0" NoteID="f1e57a9d-785e-e411-8fe6-74d435e7799b" />
		<row DocType="CHK" RefNbr="000004" BranchID="1" BatchNbr="000011" VendorID="15" VendorLocationID="15" APAccountID="34" APSubID="1" DocDate="2014-03-01 00:00:00" CuryInfoID="115" CuryOrigDocAmt="1000.0000" OrigDocAmt="1000.0000" CuryDocBal="0.0000" DocBal="0.0000" CuryInitDocBal="0.0000" InitDocBal="0.0000" DiscTot="0.0000" CuryDiscTot="0.0000" CuryDiscBal="0.0000" DiscBal="0.0000" CuryDiscTaken="0.0000" DiscTaken="0.0000" CuryChargeAmt="0.0000" ChargeAmt="0.0000" OpenDoc="0" Released="1" Hold="0" IsTaxValid="0" IsTaxSaved="0" IsTaxPosted="0" NonTaxable="0" Prebooked="0" Status="C" LineCntr="2" AdjCntr="2" CuryID="USD" CreatedByID="b5344897-037e-4d58-b5c3-1bdfd0f47bf9" CreatedByScreenID="AP503000" CreatedDateTime="2014-10-28 13:53:43.26" LastModifiedByID="b5344897-037e-4d58-b5c3-1bdfd0f47bf9" LastModifiedByScreenID="AP505200" LastModifiedDateTime="2014-10-28 13:54:31.137" RGOLAmt="0.0000" CuryRoundDiff="0.0000" RoundDiff="0.0000" Voided="0" Scheduled="0" CuryOrigDiscAmt="0.0000" OrigDiscAmt="0.0000" FinPeriodID="201403" TranPeriodID="201403" ClosedTranPeriodID="201403" ClosedFinPeriodID="201403" Printed="1" DeletedDatabaseRecord="0" CuryOrigWhTaxAmt="0.0000" OrigWhTaxAmt="0.0000" CuryWhTaxBal="0.0000" WhTaxBal="0.0000" CuryTaxWheld="0.0000" TaxWheld="0.0000" OrigModule="AP" TaxCalcMode="T" CuryTaxRoundDiff="0.0000" TaxRoundDiff="0.0000" Approved="1" Rejected="0" IsMigratedRecord="0" PaymentsByLinesAllowed="0" ProjectID="0" RetainageApply="0" IsRetainageDocument="0" DefRetainagePct="0.000000" CuryLineRetainageTotal="0.0000" LineRetainageTotal="0.0000" CuryRetainageTotal="0.0000" RetainageTotal="0.0000" CuryRetainageUnreleasedAmt="0.0000" RetainageUnreleasedAmt="0.0000" CuryRetainedTaxTotal="0.0000" RetainedTaxTotal="0.0000" CuryRetainedDiscTotal="0.0000" RetainedDiscTotal="0.0000" HasPPDTaxes="0" PendingPPD="0" NoteID="862a17ae-905e-e411-8fe6-74d435e7799b" />
		<row DocType="CHK" RefNbr="000005" BranchID="1" BatchNbr="000011" VendorID="17" VendorLocationID="17" APAccountID="34" APSubID="1" DocDate="2014-03-01 00:00:00" CuryInfoID="117" CuryOrigDocAmt="137.6000" OrigDocAmt="137.6000" CuryDocBal="0.0000" DocBal="0.0000" CuryInitDocBal="0.0000" InitDocBal="0.0000" DiscTot="0.0000" CuryDiscTot="0.0000" CuryDiscBal="0.0000" DiscBal="0.0000" CuryDiscTaken="0.0000" DiscTaken="0.0000" CuryChargeAmt="0.0000" ChargeAmt="0.0000" OpenDoc="0" Released="1" Hold="0" IsTaxValid="0" IsTaxSaved="0" IsTaxPosted="0" NonTaxable="0" Prebooked="0" Status="C" LineCntr="2" AdjCntr="2" CuryID="USD" CreatedByID="b5344897-037e-4d58-b5c3-1bdfd0f47bf9" CreatedByScreenID="AP503000" CreatedDateTime="2014-10-28 13:53:44.18" LastModifiedByID="b5344897-037e-4d58-b5c3-1bdfd0f47bf9" LastModifiedByScreenID="AP505200" LastModifiedDateTime="2014-10-28 13:54:31.307" RGOLAmt="0.0000" CuryRoundDiff="0.0000" RoundDiff="0.0000" Voided="0" Scheduled="0" CuryOrigDiscAmt="0.0000" OrigDiscAmt="0.0000" FinPeriodID="201403" TranPeriodID="201403" ClosedTranPeriodID="201403" ClosedFinPeriodID="201403" Printed="1" DeletedDatabaseRecord="0" CuryOrigWhTaxAmt="0.0000" OrigWhTaxAmt="0.0000" CuryWhTaxBal="0.0000" WhTaxBal="0.0000" CuryTaxWheld="0.0000" TaxWheld="0.0000" OrigModule="AP" TaxCalcMode="T" CuryTaxRoundDiff="0.0000" TaxRoundDiff="0.0000" Approved="1" Rejected="0" IsMigratedRecord="0" PaymentsByLinesAllowed="0" ProjectID="0" RetainageApply="0" IsRetainageDocument="0" DefRetainagePct="0.000000" CuryLineRetainageTotal="0.0000" LineRetainageTotal="0.0000" CuryRetainageTotal="0.0000" RetainageTotal="0.0000" CuryRetainageUnreleasedAmt="0.0000" RetainageUnreleasedAmt="0.0000" CuryRetainedTaxTotal="0.0000" RetainedTaxTotal="0.0000" CuryRetainedDiscTotal="0.0000" RetainedDiscTotal="0.0000" HasPPDTaxes="0" PendingPPD="0" NoteID="892a17ae-905e-e411-8fe6-74d435e7799b" />
		<row DocType="CHK" RefNbr="000006" BranchID="1" BatchNbr="000013" VendorID="15" VendorLocationID="15" APAccountID="34" APSubID="1" DocDate="2014-03-02 00:00:00" DocDesc="Rent and utilities bill" CuryInfoID="134" CuryOrigDocAmt="220.0000" OrigDocAmt="220.0000" CuryDocBal="0.0000" DocBal="0.0000" CuryInitDocBal="0.0000" InitDocBal="0.0000" DiscTot="0.0000" CuryDiscTot="0.0000" CuryDiscBal="0.0000" DiscBal="0.0000" CuryDiscTaken="0.0000" DiscTaken="0.0000" CuryChargeAmt="0.0000" ChargeAmt="0.0000" OpenDoc="0" Released="1" Hold="0" IsTaxValid="0" IsTaxSaved="0" IsTaxPosted="0" NonTaxable="0" Prebooked="0" Status="V" LineCntr="2" AdjCntr="2" CuryID="USD" CreatedByID="b5344897-037e-4d58-b5c3-1bdfd0f47bf9" CreatedByScreenID="AP402000" CreatedDateTime="2014-10-29 15:37:26.543" LastModifiedByID="b5344897-037e-4d58-b5c3-1bdfd0f47bf9" LastModifiedByScreenID="AP302000" LastModifiedDateTime="2014-10-30 11:13:50.87" RGOLAmt="0.0000" CuryRoundDiff="0.0000" RoundDiff="0.0000" Voided="1" Scheduled="0" CuryOrigDiscAmt="0.0000" OrigDiscAmt="0.0000" FinPeriodID="201403" TranPeriodID="201403" ClosedTranPeriodID="201403" ClosedFinPeriodID="201403" Printed="1" DeletedDatabaseRecord="0" CuryOrigWhTaxAmt="0.0000" OrigWhTaxAmt="0.0000" CuryWhTaxBal="0.0000" WhTaxBal="0.0000" CuryTaxWheld="0.0000" TaxWheld="0.0000" OrigModule="AP" TaxCalcMode="T" CuryTaxRoundDiff="0.0000" TaxRoundDiff="0.0000" Approved="1" Rejected="0" IsMigratedRecord="0" PaymentsByLinesAllowed="0" ProjectID="0" RetainageApply="0" IsRetainageDocument="0" DefRetainagePct="0.000000" CuryLineRetainageTotal="0.0000" LineRetainageTotal="0.0000" CuryRetainageTotal="0.0000" RetainageTotal="0.0000" CuryRetainageUnreleasedAmt="0.0000" RetainageUnreleasedAmt="0.0000" CuryRetainedTaxTotal="0.0000" RetainedTaxTotal="0.0000" CuryRetainedDiscTotal="0.0000" RetainedDiscTotal="0.0000" HasPPDTaxes="0" PendingPPD="0" NoteID="592b472a-685f-e411-b36f-74d435e7799b" />
		<row DocType="CHK" RefNbr="000008" BranchID="1" BatchNbr="000019" VendorID="15" VendorLocationID="15" APAccountID="34" APSubID="1" DocDate="2014-03-05 00:00:00" DocDesc="Rent and utilities bill" CuryInfoID="10151" CuryOrigDocAmt="220.0000" OrigDocAmt="220.0000" CuryDocBal="0.0000" DocBal="0.0000" CuryInitDocBal="0.0000" InitDocBal="0.0000" DiscTot="0.0000" CuryDiscTot="0.0000" CuryDiscBal="0.0000" DiscBal="0.0000" CuryDiscTaken="0.0000" DiscTaken="0.0000" CuryChargeAmt="0.0000" ChargeAmt="0.0000" OpenDoc="0" Released="1" Hold="0" IsTaxValid="0" IsTaxSaved="0" IsTaxPosted="0" NonTaxable="0" Prebooked="0" Status="C" LineCntr="3" AdjCntr="3" CuryID="USD" CreatedByID="b5344897-037e-4d58-b5c3-1bdfd0f47bf9" CreatedByScreenID="AP302000" CreatedDateTime="2014-10-30 11:20:37.907" LastModifiedByID="b5344897-037e-4d58-b5c3-1bdfd0f47bf9" LastModifiedByScreenID="AP302000" LastModifiedDateTime="2014-10-30 11:20:38.267" RGOLAmt="0.0000" CuryRoundDiff="0.0000" RoundDiff="0.0000" Voided="0" Scheduled="0" CuryOrigDiscAmt="0.0000" OrigDiscAmt="0.0000" FinPeriodID="201403" TranPeriodID="201403" ClosedTranPeriodID="201403" ClosedFinPeriodID="201403" Printed="1" DeletedDatabaseRecord="0" CuryOrigWhTaxAmt="0.0000" OrigWhTaxAmt="0.0000" CuryWhTaxBal="0.0000" WhTaxBal="0.0000" CuryTaxWheld="0.0000" TaxWheld="0.0000" OrigModule="AP" TaxCalcMode="T" CuryTaxRoundDiff="0.0000" TaxRoundDiff="0.0000" Approved="1" Rejected="0" IsMigratedRecord="0" PaymentsByLinesAllowed="0" ProjectID="0" RetainageApply="0" IsRetainageDocument="0" DefRetainagePct="0.000000" CuryLineRetainageTotal="0.0000" LineRetainageTotal="0.0000" CuryRetainageTotal="0.0000" RetainageTotal="0.0000" CuryRetainageUnreleasedAmt="0.0000" RetainageUnreleasedAmt="0.0000" CuryRetainedTaxTotal="0.0000" RetainedTaxTotal="0.0000" CuryRetainedDiscTotal="0.0000" RetainedDiscTotal="0.0000" HasPPDTaxes="0" PendingPPD="0" NoteID="22bb507c-0d60-e411-99e1-74d435e7799b" />
		<row DocType="CHK" RefNbr="000009" BranchID="1" BatchNbr="000020" VendorID="16" VendorLocationID="16" APAccountID="34" APSubID="1" DocDate="2014-03-06 00:00:00" DocDesc="$200 prepayment" CuryInfoID="10160" CuryOrigDocAmt="200.0000" OrigDocAmt="200.0000" CuryDocBal="0.0000" DocBal="0.0000" CuryInitDocBal="0.0000" InitDocBal="0.0000" DiscTot="0.0000" CuryDiscTot="0.0000" CuryDiscBal="0.0000" DiscBal="0.0000" CuryDiscTaken="0.0000" DiscTaken="0.0000" CuryChargeAmt="0.0000" ChargeAmt="0.0000" OpenDoc="0" Released="1" Hold="0" IsTaxValid="0" IsTaxSaved="0" IsTaxPosted="0" NonTaxable="0" Prebooked="0" Status="C" LineCntr="2" AdjCntr="2" CuryID="USD" CreatedByID="b5344897-037e-4d58-b5c3-1bdfd0f47bf9" CreatedByScreenID="AP301000" CreatedDateTime="2014-10-31 11:00:40.63" LastModifiedByID="b5344897-037e-4d58-b5c3-1bdfd0f47bf9" LastModifiedByScreenID="AP302000" LastModifiedDateTime="2014-10-31 11:00:41.417" RGOLAmt="0.0000" CuryRoundDiff="0.0000" RoundDiff="0.0000" Voided="0" Scheduled="0" CuryOrigDiscAmt="0.0000" OrigDiscAmt="0.0000" FinPeriodID="201403" TranPeriodID="201403" ClosedTranPeriodID="201403" ClosedFinPeriodID="201403" Printed="1" DeletedDatabaseRecord="0" CuryOrigWhTaxAmt="0.0000" OrigWhTaxAmt="0.0000" CuryWhTaxBal="0.0000" WhTaxBal="0.0000" CuryTaxWheld="0.0000" TaxWheld="0.0000" OrigModule="AP" TaxCalcMode="T" CuryTaxRoundDiff="0.0000" TaxRoundDiff="0.0000" Approved="1" Rejected="0" IsMigratedRecord="0" PaymentsByLinesAllowed="0" ProjectID="0" RetainageApply="0" IsRetainageDocument="0" DefRetainagePct="0.000000" CuryLineRetainageTotal="0.0000" LineRetainageTotal="0.0000" CuryRetainageTotal="0.0000" RetainageTotal="0.0000" CuryRetainageUnreleasedAmt="0.0000" RetainageUnreleasedAmt="0.0000" CuryRetainedTaxTotal="0.0000" RetainedTaxTotal="0.0000" CuryRetainedDiscTotal="0.0000" RetainedDiscTotal="0.0000" HasPPDTaxes="0" PendingPPD="0" NoteID="546200f2-d360-e411-9d94-74d435e7799b" />
		<row DocType="CHK" RefNbr="000010" BranchID="1" BatchNbr="000023" VendorID="16" VendorLocationID="16" APAccountID="34" APSubID="1" DocDate="2014-03-08 00:00:00" CuryInfoID="10168" CuryOrigDocAmt="95.0000" OrigDocAmt="95.0000" CuryDocBal="0.0000" DocBal="0.0000" CuryInitDocBal="0.0000" InitDocBal="0.0000" DiscTot="0.0000" CuryDiscTot="0.0000" CuryDiscBal="0.0000" DiscBal="0.0000" CuryDiscTaken="0.0000" DiscTaken="0.0000" CuryChargeAmt="0.0000" ChargeAmt="0.0000" OpenDoc="0" Released="1" Hold="0" IsTaxValid="0" IsTaxSaved="0" IsTaxPosted="0" NonTaxable="0" Prebooked="0" Status="C" LineCntr="2" AdjCntr="2" CuryID="USD" CreatedByID="b5344897-037e-4d58-b5c3-1bdfd0f47bf9" CreatedByScreenID="AP503000" CreatedDateTime="2014-10-31 11:42:21.517" LastModifiedByID="b5344897-037e-4d58-b5c3-1bdfd0f47bf9" LastModifiedByScreenID="AP505200" LastModifiedDateTime="2014-10-31 11:44:18.443" RGOLAmt="0.0000" CuryRoundDiff="0.0000" RoundDiff="0.0000" Voided="0" Scheduled="0" CuryOrigDiscAmt="0.0000" OrigDiscAmt="0.0000" FinPeriodID="201403" TranPeriodID="201403" ClosedTranPeriodID="201403" ClosedFinPeriodID="201403" Printed="1" DeletedDatabaseRecord="0" CuryOrigWhTaxAmt="0.0000" OrigWhTaxAmt="0.0000" CuryWhTaxBal="0.0000" WhTaxBal="0.0000" CuryTaxWheld="0.0000" TaxWheld="0.0000" OrigModule="AP" TaxCalcMode="T" CuryTaxRoundDiff="0.0000" TaxRoundDiff="0.0000" Approved="1" Rejected="0" IsMigratedRecord="0" PaymentsByLinesAllowed="0" ProjectID="0" RetainageApply="0" IsRetainageDocument="0" DefRetainagePct="0.000000" CuryLineRetainageTotal="0.0000" LineRetainageTotal="0.0000" CuryRetainageTotal="0.0000" RetainageTotal="0.0000" CuryRetainageUnreleasedAmt="0.0000" RetainageUnreleasedAmt="0.0000" CuryRetainedTaxTotal="0.0000" RetainedTaxTotal="0.0000" CuryRetainedDiscTotal="0.0000" RetainedDiscTotal="0.0000" HasPPDTaxes="0" PendingPPD="0" NoteID="4c149ed3-d960-e411-9d94-74d435e7799b" />
		<row DocType="CHK" RefNbr="000011" BranchID="1" BatchNbr="000023" VendorID="16" VendorLocationID="16" APAccountID="34" APSubID="1" DocDate="2014-03-08 00:00:00" CuryInfoID="10170" CuryOrigDocAmt="75.0000" OrigDocAmt="75.0000" CuryDocBal="0.0000" DocBal="0.0000" CuryInitDocBal="0.0000" InitDocBal="0.0000" DiscTot="0.0000" CuryDiscTot="0.0000" CuryDiscBal="0.0000" DiscBal="0.0000" CuryDiscTaken="0.0000" DiscTaken="0.0000" CuryChargeAmt="0.0000" ChargeAmt="0.0000" OpenDoc="0" Released="1" Hold="0" IsTaxValid="0" IsTaxSaved="0" IsTaxPosted="0" NonTaxable="0" Prebooked="0" Status="C" LineCntr="2" AdjCntr="2" CuryID="USD" CreatedByID="b5344897-037e-4d58-b5c3-1bdfd0f47bf9" CreatedByScreenID="AP503000" CreatedDateTime="2014-10-31 11:42:21.663" LastModifiedByID="b5344897-037e-4d58-b5c3-1bdfd0f47bf9" LastModifiedByScreenID="AP505200" LastModifiedDateTime="2014-10-31 11:44:18.573" RGOLAmt="0.0000" CuryRoundDiff="0.0000" RoundDiff="0.0000" Voided="0" Scheduled="0" CuryOrigDiscAmt="0.0000" OrigDiscAmt="0.0000" FinPeriodID="201403" TranPeriodID="201403" ClosedTranPeriodID="201403" ClosedFinPeriodID="201403" Printed="1" DeletedDatabaseRecord="0" CuryOrigWhTaxAmt="0.0000" OrigWhTaxAmt="0.0000" CuryWhTaxBal="0.0000" WhTaxBal="0.0000" CuryTaxWheld="0.0000" TaxWheld="0.0000" OrigModule="AP" TaxCalcMode="T" CuryTaxRoundDiff="0.0000" TaxRoundDiff="0.0000" Approved="1" Rejected="0" IsMigratedRecord="0" PaymentsByLinesAllowed="0" ProjectID="0" RetainageApply="0" IsRetainageDocument="0" DefRetainagePct="0.000000" CuryLineRetainageTotal="0.0000" LineRetainageTotal="0.0000" CuryRetainageTotal="0.0000" RetainageTotal="0.0000" CuryRetainageUnreleasedAmt="0.0000" RetainageUnreleasedAmt="0.0000" CuryRetainedTaxTotal="0.0000" RetainedTaxTotal="0.0000" CuryRetainedDiscTotal="0.0000" RetainedDiscTotal="0.0000" HasPPDTaxes="0" PendingPPD="0" NoteID="4f149ed3-d960-e411-9d94-74d435e7799b" />
		<row DocType="INV" RefNbr="000001" BranchID="1" BatchNbr="000001" VendorID="14" VendorLocationID="14" APAccountID="34" APSubID="1" DocDate="2014-01-01 00:00:00" DocDesc="Office supplies 01-2014" CuryInfoID="75" CuryOrigDocAmt="30.0000" OrigDocAmt="30.0000" CuryDocBal="0.0000" DocBal="0.0000" CuryInitDocBal="0.0000" InitDocBal="0.0000" DiscTot="0.0000" CuryDiscTot="0.0000" CuryDiscBal="0.0000" DiscBal="0.0000" CuryDiscTaken="0.0000" DiscTaken="0.0000" CuryChargeAmt="0.0000" ChargeAmt="0.0000" OpenDoc="0" Released="1" Hold="0" IsTaxValid="0" IsTaxSaved="0" IsTaxPosted="0" NonTaxable="0" Prebooked="0" Status="C" LineCntr="1" AdjCntr="1" CuryID="USD" CreatedByID="b5344897-037e-4d58-b5c3-1bdfd0f47bf9" CreatedByScreenID="AP301000" CreatedDateTime="2014-10-23 15:55:15.12" LastModifiedByID="b5344897-037e-4d58-b5c3-1bdfd0f47bf9" LastModifiedByScreenID="AP505200" LastModifiedDateTime="2014-10-23 22:28:25.51" RGOLAmt="0.0000" CuryRoundDiff="0.0000" RoundDiff="0.0000" Voided="0" Scheduled="0" CuryOrigDiscAmt="0.0000" OrigDiscAmt="0.0000" FinPeriodID="201401" TranPeriodID="201401" ClosedTranPeriodID="201401" ClosedFinPeriodID="201401" Printed="0" DeletedDatabaseRecord="0" CuryOrigWhTaxAmt="0.0000" OrigWhTaxAmt="0.0000" CuryWhTaxBal="0.0000" WhTaxBal="0.0000" CuryTaxWheld="0.0000" TaxWheld="0.0000" OrigModule="AP" TaxCalcMode="T" CuryTaxRoundDiff="0.0000" TaxRoundDiff="0.0000" Approved="1" Rejected="0" IsMigratedRecord="0" PaymentsByLinesAllowed="0" ProjectID="0" RetainageApply="0" IsRetainageDocument="0" DefRetainagePct="0.000000" CuryLineRetainageTotal="0.0000" LineRetainageTotal="0.0000" CuryRetainageTotal="0.0000" RetainageTotal="0.0000" CuryRetainageUnreleasedAmt="0.0000" RetainageUnreleasedAmt="0.0000" CuryRetainedTaxTotal="0.0000" RetainedTaxTotal="0.0000" CuryRetainedDiscTotal="0.0000" RetainedDiscTotal="0.0000" HasPPDTaxes="0" PendingPPD="0" NoteID="f558ff38-ab5a-e411-9189-74d435e7799b" />
		<row DocType="INV" RefNbr="000002" BranchID="1" BatchNbr="000005" VendorID="16" VendorLocationID="16" APAccountID="34" APSubID="1" DocDate="2014-01-01 00:00:00" DocDesc="Advertising run 01-2014" CuryInfoID="76" CuryOrigDocAmt="100.0000" OrigDocAmt="100.0000" CuryDocBal="0.0000" DocBal="0.0000" CuryInitDocBal="0.0000" InitDocBal="0.0000" DiscTot="0.0000" CuryDiscTot="0.0000" CuryDiscBal="0.0000" DiscBal="0.0000" CuryDiscTaken="0.0000" DiscTaken="0.0000" CuryChargeAmt="0.0000" ChargeAmt="0.0000" OpenDoc="0" Released="1" Hold="0" IsTaxValid="0" IsTaxSaved="0" IsTaxPosted="0" NonTaxable="0" Prebooked="0" Status="C" LineCntr="1" AdjCntr="1" CuryID="USD" CreatedByID="b5344897-037e-4d58-b5c3-1bdfd0f47bf9" CreatedByScreenID="AP301000" CreatedDateTime="2014-10-23 15:56:11.097" LastModifiedByID="b5344897-037e-4d58-b5c3-1bdfd0f47bf9" LastModifiedByScreenID="AP505200" LastModifiedDateTime="2014-10-31 11:44:18.45" RGOLAmt="0.0000" CuryRoundDiff="0.0000" RoundDiff="0.0000" Voided="0" Scheduled="0" CuryOrigDiscAmt="0.0000" OrigDiscAmt="0.0000" FinPeriodID="201401" TranPeriodID="201401" ClosedTranPeriodID="201403" ClosedFinPeriodID="201403" Printed="0" DeletedDatabaseRecord="0" CuryOrigWhTaxAmt="0.0000" OrigWhTaxAmt="0.0000" CuryWhTaxBal="0.0000" WhTaxBal="0.0000" CuryTaxWheld="0.0000" TaxWheld="0.0000" OrigModule="AP" TaxCalcMode="T" CuryTaxRoundDiff="0.0000" TaxRoundDiff="0.0000" Approved="1" Rejected="0" IsMigratedRecord="0" PaymentsByLinesAllowed="0" ProjectID="0" RetainageApply="0" IsRetainageDocument="0" DefRetainagePct="0.000000" CuryLineRetainageTotal="0.0000" LineRetainageTotal="0.0000" CuryRetainageTotal="0.0000" RetainageTotal="0.0000" CuryRetainageUnreleasedAmt="0.0000" RetainageUnreleasedAmt="0.0000" CuryRetainedTaxTotal="0.0000" RetainedTaxTotal="0.0000" CuryRetainedDiscTotal="0.0000" RetainedDiscTotal="0.0000" HasPPDTaxes="0" PendingPPD="0" NoteID="a2e80977-ab5a-e411-9189-74d435e7799b" />
		<row DocType="INV" RefNbr="000003" BranchID="1" BatchNbr="000002" VendorID="15" VendorLocationID="15" APAccountID="34" APSubID="1" DocDate="2014-01-01 00:00:00" DocDesc="Rent and utilities bill" CuryInfoID="77" CuryOrigDocAmt="2200.0000" OrigDocAmt="2200.0000" CuryDocBal="0.0000" DocBal="0.0000" CuryInitDocBal="0.0000" InitDocBal="0.0000" DiscTot="0.0000" CuryDiscTot="0.0000" CuryDiscBal="0.0000" DiscBal="0.0000" CuryDiscTaken="0.0000" DiscTaken="0.0000" CuryChargeAmt="0.0000" ChargeAmt="0.0000" OpenDoc="0" Released="1" Hold="0" IsTaxValid="0" IsTaxSaved="0" IsTaxPosted="0" NonTaxable="0" Prebooked="0" Status="C" LineCntr="3" AdjCntr="3" CuryID="USD" CreatedByID="b5344897-037e-4d58-b5c3-1bdfd0f47bf9" CreatedByScreenID="AP301000" CreatedDateTime="2014-10-23 15:58:08.563" LastModifiedByID="b5344897-037e-4d58-b5c3-1bdfd0f47bf9" LastModifiedByScreenID="AP302000" LastModifiedDateTime="2014-10-30 11:20:38.283" RGOLAmt="0.0000" CuryRoundDiff="0.0000" RoundDiff="0.0000" Voided="0" Scheduled="0" CuryOrigDiscAmt="0.0000" OrigDiscAmt="0.0000" FinPeriodID="201401" TranPeriodID="201401" ClosedTranPeriodID="201403" ClosedFinPeriodID="201403" Printed="0" DeletedDatabaseRecord="0" CuryOrigWhTaxAmt="0.0000" OrigWhTaxAmt="0.0000" CuryWhTaxBal="0.0000" WhTaxBal="0.0000" CuryTaxWheld="0.0000" TaxWheld="0.0000" OrigModule="AP" TaxCalcMode="T" CuryTaxRoundDiff="0.0000" TaxRoundDiff="0.0000" Approved="1" Rejected="0" IsMigratedRecord="0" PaymentsByLinesAllowed="0" ProjectID="0" RetainageApply="0" IsRetainageDocument="0" DefRetainagePct="0.000000" CuryLineRetainageTotal="0.0000" LineRetainageTotal="0.0000" CuryRetainageTotal="0.0000" RetainageTotal="0.0000" CuryRetainageUnreleasedAmt="0.0000" RetainageUnreleasedAmt="0.0000" CuryRetainedTaxTotal="0.0000" RetainedTaxTotal="0.0000" CuryRetainedDiscTotal="0.0000" RetainedDiscTotal="0.0000" HasPPDTaxes="0" PendingPPD="0" NoteID="0a607e95-ab5a-e411-9189-74d435e7799b" />
		<row DocType="INV" RefNbr="000004" BranchID="1" BatchNbr="000006" VendorID="17" VendorLocationID="17" APAccountID="34" APSubID="1" DocDate="2014-02-01 00:00:00" DocDesc="Service $40, take discount" CuryInfoID="104" CuryOrigDocAmt="40.0000" OrigDocAmt="40.0000" CuryDocBal="0.0000" DocBal="0.0000" CuryInitDocBal="0.0000" InitDocBal="0.0000" DiscTot="0.0000" CuryDiscTot="0.0000" CuryDiscBal="0.0000" DiscBal="0.0000" CuryDiscTaken="1.2000" DiscTaken="1.2000" CuryChargeAmt="0.0000" ChargeAmt="0.0000" OpenDoc="0" Released="1" Hold="0" IsTaxValid="0" IsTaxSaved="0" IsTaxPosted="0" NonTaxable="0" Prebooked="0" Status="C" LineCntr="1" AdjCntr="1" CuryID="USD" CreatedByID="b5344897-037e-4d58-b5c3-1bdfd0f47bf9" CreatedByScreenID="AP301000" CreatedDateTime="2014-10-28 10:30:00.27" LastModifiedByID="b5344897-037e-4d58-b5c3-1bdfd0f47bf9" LastModifiedByScreenID="AP505200" LastModifiedDateTime="2014-10-28 11:02:17.157" RGOLAmt="0.0000" CuryRoundDiff="0.0000" RoundDiff="0.0000" Voided="0" Scheduled="0" CuryOrigDiscAmt="1.2000" OrigDiscAmt="1.2000" FinPeriodID="201402" TranPeriodID="201402" ClosedTranPeriodID="201402" ClosedFinPeriodID="201402" Printed="0" DeletedDatabaseRecord="0" CuryOrigWhTaxAmt="0.0000" OrigWhTaxAmt="0.0000" CuryWhTaxBal="0.0000" WhTaxBal="0.0000" CuryTaxWheld="0.0000" TaxWheld="0.0000" OrigModule="AP" TaxCalcMode="T" CuryTaxRoundDiff="0.0000" TaxRoundDiff="0.0000" Approved="1" Rejected="0" IsMigratedRecord="0" PaymentsByLinesAllowed="0" ProjectID="0" RetainageApply="0" IsRetainageDocument="0" DefRetainagePct="0.000000" CuryLineRetainageTotal="0.0000" LineRetainageTotal="0.0000" CuryRetainageTotal="0.0000" RetainageTotal="0.0000" CuryRetainageUnreleasedAmt="0.0000" RetainageUnreleasedAmt="0.0000" CuryRetainedTaxTotal="0.0000" RetainedTaxTotal="0.0000" CuryRetainedDiscTotal="0.0000" RetainedDiscTotal="0.0000" HasPPDTaxes="0" PendingPPD="0" NoteID="3c5148d7-735e-e411-8fe6-74d435e7799b" />
		<row DocType="INV" RefNbr="000005" BranchID="1" BatchNbr="000007" VendorID="17" VendorLocationID="17" APAccountID="34" APSubID="1" DocDate="2014-02-02 00:00:00" DocDesc="Service $60, not take discount" CuryInfoID="105" CuryOrigDocAmt="60.0000" OrigDocAmt="60.0000" CuryDocBal="0.0000" DocBal="0.0000" CuryInitDocBal="0.0000" InitDocBal="0.0000" DiscTot="0.0000" CuryDiscTot="0.0000" CuryDiscBal="0.0000" DiscBal="0.0000" CuryDiscTaken="0.0000" DiscTaken="0.0000" CuryChargeAmt="0.0000" ChargeAmt="0.0000" OpenDoc="0" Released="1" Hold="0" IsTaxValid="0" IsTaxSaved="0" IsTaxPosted="0" NonTaxable="0" Prebooked="0" Status="C" LineCntr="1" AdjCntr="1" CuryID="USD" CreatedByID="b5344897-037e-4d58-b5c3-1bdfd0f47bf9" CreatedByScreenID="AP301000" CreatedDateTime="2014-10-28 10:31:09.81" LastModifiedByID="b5344897-037e-4d58-b5c3-1bdfd0f47bf9" LastModifiedByScreenID="AP505200" LastModifiedDateTime="2014-10-28 13:54:31.313" RGOLAmt="0.0000" CuryRoundDiff="0.0000" RoundDiff="0.0000" Voided="0" Scheduled="0" CuryOrigDiscAmt="1.8000" OrigDiscAmt="1.8000" FinPeriodID="201402" TranPeriodID="201402" ClosedTranPeriodID="201403" ClosedFinPeriodID="201403" Printed="0" DeletedDatabaseRecord="0" CuryOrigWhTaxAmt="0.0000" OrigWhTaxAmt="0.0000" CuryWhTaxBal="0.0000" WhTaxBal="0.0000" CuryTaxWheld="0.0000" TaxWheld="0.0000" OrigModule="AP" TaxCalcMode="T" CuryTaxRoundDiff="0.0000" TaxRoundDiff="0.0000" Approved="1" Rejected="0" IsMigratedRecord="0" PaymentsByLinesAllowed="0" ProjectID="0" RetainageApply="0" IsRetainageDocument="0" DefRetainagePct="0.000000" CuryLineRetainageTotal="0.0000" LineRetainageTotal="0.0000" CuryRetainageTotal="0.0000" RetainageTotal="0.0000" CuryRetainageUnreleasedAmt="0.0000" RetainageUnreleasedAmt="0.0000" CuryRetainedTaxTotal="0.0000" RetainedTaxTotal="0.0000" CuryRetainedDiscTotal="0.0000" RetainedDiscTotal="0.0000" HasPPDTaxes="0" PendingPPD="0" NoteID="38a3e73a-745e-e411-8fe6-74d435e7799b" />
		<row DocType="INV" RefNbr="000006" BranchID="1" BatchNbr="000008" VendorID="17" VendorLocationID="17" APAccountID="34" APSubID="1" DocDate="2014-02-25 00:00:00" DocDesc="Service $80, take discount" CuryInfoID="106" CuryOrigDocAmt="80.0000" OrigDocAmt="80.0000" CuryDocBal="0.0000" DocBal="0.0000" CuryInitDocBal="0.0000" InitDocBal="0.0000" DiscTot="0.0000" CuryDiscTot="0.0000" CuryDiscBal="0.0000" DiscBal="0.0000" CuryDiscTaken="2.4000" DiscTaken="2.4000" CuryChargeAmt="0.0000" ChargeAmt="0.0000" OpenDoc="0" Released="1" Hold="0" IsTaxValid="0" IsTaxSaved="0" IsTaxPosted="0" NonTaxable="0" Prebooked="0" Status="C" LineCntr="1" AdjCntr="1" CuryID="USD" CreatedByID="b5344897-037e-4d58-b5c3-1bdfd0f47bf9" CreatedByScreenID="AP301000" CreatedDateTime="2014-10-28 10:33:03.153" LastModifiedByID="b5344897-037e-4d58-b5c3-1bdfd0f47bf9" LastModifiedByScreenID="AP505200" LastModifiedDateTime="2014-10-28 13:54:31.32" RGOLAmt="0.0000" CuryRoundDiff="0.0000" RoundDiff="0.0000" Voided="0" Scheduled="0" CuryOrigDiscAmt="2.4000" OrigDiscAmt="2.4000" FinPeriodID="201402" TranPeriodID="201402" ClosedTranPeriodID="201403" ClosedFinPeriodID="201403" Printed="0" DeletedDatabaseRecord="0" CuryOrigWhTaxAmt="0.0000" OrigWhTaxAmt="0.0000" CuryWhTaxBal="0.0000" WhTaxBal="0.0000" CuryTaxWheld="0.0000" TaxWheld="0.0000" OrigModule="AP" TaxCalcMode="T" CuryTaxRoundDiff="0.0000" TaxRoundDiff="0.0000" Approved="1" Rejected="0" IsMigratedRecord="0" PaymentsByLinesAllowed="0" ProjectID="0" RetainageApply="0" IsRetainageDocument="0" DefRetainagePct="0.000000" CuryLineRetainageTotal="0.0000" LineRetainageTotal="0.0000" CuryRetainageTotal="0.0000" RetainageTotal="0.0000" CuryRetainageUnreleasedAmt="0.0000" RetainageUnreleasedAmt="0.0000" CuryRetainedTaxTotal="0.0000" RetainedTaxTotal="0.0000" CuryRetainedDiscTotal="0.0000" RetainedDiscTotal="0.0000" HasPPDTaxes="0" PendingPPD="0" NoteID="09885d7a-745e-e411-8fe6-74d435e7799b" />
		<row DocType="INV" RefNbr="000007" BranchID="1" BatchNbr="000009" VendorID="16" VendorLocationID="16" APAccountID="34" APSubID="1" DocDate="2014-02-15 00:00:00" DocDesc="Ads $20, take discount" CuryInfoID="107" CuryOrigDocAmt="20.0000" OrigDocAmt="20.0000" CuryDocBal="0.0000" DocBal="0.0000" CuryInitDocBal="0.0000" InitDocBal="0.0000" DiscTot="0.0000" CuryDiscTot="0.0000" CuryDiscBal="0.0000" DiscBal="0.0000" CuryDiscTaken="0.0000" DiscTaken="0.0000" CuryChargeAmt="0.0000" ChargeAmt="0.0000" OpenDoc="0" Released="1" Hold="0" IsTaxValid="0" IsTaxSaved="0" IsTaxPosted="0" NonTaxable="0" Prebooked="0" Status="C" LineCntr="1" AdjCntr="1" CuryID="USD" CreatedByID="b5344897-037e-4d58-b5c3-1bdfd0f47bf9" CreatedByScreenID="AP301000" CreatedDateTime="2014-10-28 10:35:29.9" LastModifiedByID="b5344897-037e-4d58-b5c3-1bdfd0f47bf9" LastModifiedByScreenID="AP302000" LastModifiedDateTime="2014-10-30 10:10:10.46" RGOLAmt="0.0000" CuryRoundDiff="0.0000" RoundDiff="0.0000" Voided="0" Scheduled="0" CuryOrigDiscAmt="0.6000" OrigDiscAmt="0.6000" FinPeriodID="201402" TranPeriodID="201402" ClosedTranPeriodID="201402" ClosedFinPeriodID="201402" Printed="0" DeletedDatabaseRecord="0" CuryOrigWhTaxAmt="0.0000" OrigWhTaxAmt="0.0000" CuryWhTaxBal="0.0000" WhTaxBal="0.0000" CuryTaxWheld="0.0000" TaxWheld="0.0000" OrigModule="AP" TaxCalcMode="T" CuryTaxRoundDiff="0.0000" TaxRoundDiff="0.0000" Approved="1" Rejected="0" IsMigratedRecord="0" PaymentsByLinesAllowed="0" ProjectID="0" RetainageApply="0" IsRetainageDocument="0" DefRetainagePct="0.000000" CuryLineRetainageTotal="0.0000" LineRetainageTotal="0.0000" CuryRetainageTotal="0.0000" RetainageTotal="0.0000" CuryRetainageUnreleasedAmt="0.0000" RetainageUnreleasedAmt="0.0000" CuryRetainedTaxTotal="0.0000" RetainedTaxTotal="0.0000" CuryRetainedDiscTotal="0.0000" RetainedDiscTotal="0.0000" HasPPDTaxes="0" PendingPPD="0" NoteID="2732d3bd-745e-e411-8fe6-74d435e7799b" />
		<row DocType="INV" RefNbr="000013" BranchID="1" BatchNbr="000021" VendorID="16" VendorLocationID="16" APAccountID="34" APSubID="1" DocDate="2014-03-07 00:00:00" DocDesc="2 hours of advertising run" CuryInfoID="10162" CuryOrigDocAmt="40.0000" OrigDocAmt="40.0000" CuryDocBal="0.0000" DocBal="0.0000" CuryInitDocBal="0.0000" InitDocBal="0.0000" DiscTot="0.0000" CuryDiscTot="0.0000" CuryDiscBal="0.0000" DiscBal="0.0000" CuryDiscTaken="0.0000" DiscTaken="0.0000" CuryChargeAmt="0.0000" ChargeAmt="0.0000" OpenDoc="0" Released="1" Hold="0" IsTaxValid="0" IsTaxSaved="0" IsTaxPosted="0" NonTaxable="0" Prebooked="0" Status="C" LineCntr="1" AdjCntr="1" CuryID="USD" CreatedByID="b5344897-037e-4d58-b5c3-1bdfd0f47bf9" CreatedByScreenID="AP301000" CreatedDateTime="2014-10-31 11:10:47.567" LastModifiedByID="b5344897-037e-4d58-b5c3-1bdfd0f47bf9" LastModifiedByScreenID="AP505200" LastModifiedDateTime="2014-10-31 11:44:18.583" RGOLAmt="0.0000" CuryRoundDiff="0.0000" RoundDiff="0.0000" Voided="0" Scheduled="0" CuryOrigDiscAmt="0.0000" OrigDiscAmt="0.0000" FinPeriodID="201403" TranPeriodID="201403" ClosedTranPeriodID="201403" ClosedFinPeriodID="201403" Printed="0" DeletedDatabaseRecord="0" CuryOrigWhTaxAmt="0.0000" OrigWhTaxAmt="0.0000" CuryWhTaxBal="0.0000" WhTaxBal="0.0000" CuryTaxWheld="0.0000" TaxWheld="0.0000" OrigModule="AP" TaxCalcMode="T" CuryTaxRoundDiff="0.0000" TaxRoundDiff="0.0000" Approved="1" Rejected="0" IsMigratedRecord="0" PaymentsByLinesAllowed="0" ProjectID="0" RetainageApply="0" IsRetainageDocument="0" DefRetainagePct="0.000000" CuryLineRetainageTotal="0.0000" LineRetainageTotal="0.0000" CuryRetainageTotal="0.0000" RetainageTotal="0.0000" CuryRetainageUnreleasedAmt="0.0000" RetainageUnreleasedAmt="0.0000" CuryRetainedTaxTotal="0.0000" RetainedTaxTotal="0.0000" CuryRetainedDiscTotal="0.0000" RetainedDiscTotal="0.0000" HasPPDTaxes="0" PendingPPD="0" NoteID="ac604f3f-d560-e411-9d94-74d435e7799b" />
		<row DocType="INV" RefNbr="000014" BranchID="1" BatchNbr="000021" VendorID="16" VendorLocationID="16" APAccountID="34" APSubID="1" DocDate="2014-03-08 00:00:00" DocDesc="3 hours of advertising run" CuryInfoID="10163" CuryOrigDocAmt="60.0000" OrigDocAmt="60.0000" CuryDocBal="0.0000" DocBal="0.0000" CuryInitDocBal="0.0000" InitDocBal="0.0000" DiscTot="0.0000" CuryDiscTot="0.0000" CuryDiscBal="0.0000" DiscBal="0.0000" CuryDiscTaken="0.0000" DiscTaken="0.0000" CuryChargeAmt="0.0000" ChargeAmt="0.0000" OpenDoc="0" Released="1" Hold="0" IsTaxValid="0" IsTaxSaved="0" IsTaxPosted="0" NonTaxable="0" Prebooked="0" Status="C" LineCntr="1" AdjCntr="1" CuryID="USD" CreatedByID="b5344897-037e-4d58-b5c3-1bdfd0f47bf9" CreatedByScreenID="AP301000" CreatedDateTime="2014-10-31 11:11:34.053" LastModifiedByID="b5344897-037e-4d58-b5c3-1bdfd0f47bf9" LastModifiedByScreenID="AP505200" LastModifiedDateTime="2014-10-31 11:44:18.583" RGOLAmt="0.0000" CuryRoundDiff="0.0000" RoundDiff="0.0000" Voided="0" Scheduled="0" CuryOrigDiscAmt="0.0000" OrigDiscAmt="0.0000" FinPeriodID="201403" TranPeriodID="201403" ClosedTranPeriodID="201403" ClosedFinPeriodID="201403" Printed="0" DeletedDatabaseRecord="0" CuryOrigWhTaxAmt="0.0000" OrigWhTaxAmt="0.0000" CuryWhTaxBal="0.0000" WhTaxBal="0.0000" CuryTaxWheld="0.0000" TaxWheld="0.0000" OrigModule="AP" TaxCalcMode="T" CuryTaxRoundDiff="0.0000" TaxRoundDiff="0.0000" Approved="1" Rejected="0" IsMigratedRecord="0" PaymentsByLinesAllowed="0" ProjectID="0" RetainageApply="0" IsRetainageDocument="0" DefRetainagePct="0.000000" CuryLineRetainageTotal="0.0000" LineRetainageTotal="0.0000" CuryRetainageTotal="0.0000" RetainageTotal="0.0000" CuryRetainageUnreleasedAmt="0.0000" RetainageUnreleasedAmt="0.0000" CuryRetainedTaxTotal="0.0000" RetainedTaxTotal="0.0000" CuryRetainedDiscTotal="0.0000" RetainedDiscTotal="0.0000" HasPPDTaxes="0" PendingPPD="0" NoteID="c7723a6c-d560-e411-9d94-74d435e7799b" />
		<row DocType="PPM" RefNbr="000012" BranchID="1" VendorID="16" VendorLocationID="16" APAccountID="35" APSubID="1" DocDate="2014-03-06 00:00:00" DocDesc="$200 prepayment" CuryInfoID="10157" CuryOrigDocAmt="200.0000" OrigDocAmt="200.0000" CuryDocBal="0.0000" DocBal="0.0000" CuryInitDocBal="0.0000" InitDocBal="0.0000" DiscTot="0.0000" CuryDiscTot="0.0000" CuryDiscBal="0.0000" DiscBal="0.0000" CuryDiscTaken="0.0000" DiscTaken="0.0000" CuryChargeAmt="0.0000" ChargeAmt="0.0000" OpenDoc="0" Released="1" Hold="0" IsTaxValid="0" IsTaxSaved="0" IsTaxPosted="0" NonTaxable="0" Prebooked="0" Status="C" LineCntr="2" AdjCntr="2" CuryID="USD" CreatedByID="b5344897-037e-4d58-b5c3-1bdfd0f47bf9" CreatedByScreenID="AP301000" CreatedDateTime="2014-10-31 09:40:14.947" LastModifiedByID="b5344897-037e-4d58-b5c3-1bdfd0f47bf9" LastModifiedByScreenID="AP302000" LastModifiedDateTime="2014-10-31 13:16:34.027" RGOLAmt="0.0000" CuryRoundDiff="0.0000" RoundDiff="0.0000" Voided="0" Scheduled="0" CuryOrigDiscAmt="0.0000" OrigDiscAmt="0.0000" FinPeriodID="201403" TranPeriodID="201403" ClosedTranPeriodID="201403" ClosedFinPeriodID="201403" Printed="1" DeletedDatabaseRecord="0" CuryOrigWhTaxAmt="0.0000" OrigWhTaxAmt="0.0000" CuryWhTaxBal="0.0000" WhTaxBal="0.0000" CuryTaxWheld="0.0000" TaxWheld="0.0000" OrigModule="AP" TaxCalcMode="T" CuryTaxRoundDiff="0.0000" TaxRoundDiff="0.0000" Approved="1" Rejected="0" IsMigratedRecord="0" PaymentsByLinesAllowed="0" ProjectID="0" RetainageApply="0" IsRetainageDocument="0" DefRetainagePct="0.000000" CuryLineRetainageTotal="0.0000" LineRetainageTotal="0.0000" CuryRetainageTotal="0.0000" RetainageTotal="0.0000" CuryRetainageUnreleasedAmt="0.0000" RetainageUnreleasedAmt="0.0000" CuryRetainedTaxTotal="0.0000" RetainedTaxTotal="0.0000" CuryRetainedDiscTotal="0.0000" RetainedDiscTotal="0.0000" HasPPDTaxes="0" PendingPPD="0" NoteID="a2290d8f-c860-e411-9d94-74d435e7799b" />
		<row DocType="REF" RefNbr="000007" BranchID="1" BatchNbr="000017" VendorID="14" VendorLocationID="14" APAccountID="34" APSubID="1" DocDate="2014-03-02 00:00:00" DocDesc="Damaged office supplies returned" CuryInfoID="10144" CuryOrigDocAmt="10.0000" OrigDocAmt="10.0000" CuryDocBal="0.0000" DocBal="0.0000" CuryInitDocBal="0.0000" InitDocBal="0.0000" DiscTot="0.0000" CuryDiscTot="0.0000" CuryDiscBal="0.0000" DiscBal="0.0000" CuryDiscTaken="0.0000" DiscTaken="0.0000" CuryChargeAmt="0.0000" ChargeAmt="0.0000" OpenDoc="0" Released="1" Hold="0" IsTaxValid="0" IsTaxSaved="0" IsTaxPosted="0" NonTaxable="0" Prebooked="0" Status="C" LineCntr="2" AdjCntr="2" CuryID="USD" CreatedByID="b5344897-037e-4d58-b5c3-1bdfd0f47bf9" CreatedByScreenID="AP301000" CreatedDateTime="2014-10-30 10:54:23.373" LastModifiedByID="b5344897-037e-4d58-b5c3-1bdfd0f47bf9" LastModifiedByScreenID="AP302000" LastModifiedDateTime="2014-10-30 10:54:24.38" RGOLAmt="0.0000" CuryRoundDiff="0.0000" RoundDiff="0.0000" Voided="0" Scheduled="0" CuryOrigDiscAmt="0.0000" OrigDiscAmt="0.0000" FinPeriodID="201403" TranPeriodID="201403" ClosedTranPeriodID="201403" ClosedFinPeriodID="201403" Printed="1" DeletedDatabaseRecord="0" CuryOrigWhTaxAmt="0.0000" OrigWhTaxAmt="0.0000" CuryWhTaxBal="0.0000" WhTaxBal="0.0000" CuryTaxWheld="0.0000" TaxWheld="0.0000" OrigModule="AP" TaxCalcMode="T" CuryTaxRoundDiff="0.0000" TaxRoundDiff="0.0000" Approved="1" Rejected="0" IsMigratedRecord="0" PaymentsByLinesAllowed="0" ProjectID="0" RetainageApply="0" IsRetainageDocument="0" DefRetainagePct="0.000000" CuryLineRetainageTotal="0.0000" LineRetainageTotal="0.0000" CuryRetainageTotal="0.0000" RetainageTotal="0.0000" CuryRetainageUnreleasedAmt="0.0000" RetainageUnreleasedAmt="0.0000" CuryRetainedTaxTotal="0.0000" RetainedTaxTotal="0.0000" CuryRetainedDiscTotal="0.0000" RetainedDiscTotal="0.0000" HasPPDTaxes="0" PendingPPD="0" NoteID="4deb5f79-0960-e411-99e1-74d435e7799b" />
		<row DocType="REF" RefNbr="000012" BranchID="1" BatchNbr="000024" VendorID="16" VendorLocationID="16" APAccountID="34" APSubID="1" DocDate="2014-03-10 00:00:00" DocDesc="$175 refund for unused prepayment" CuryInfoID="10174" CuryOrigDocAmt="175.0000" OrigDocAmt="175.0000" CuryDocBal="0.0000" DocBal="0.0000" CuryInitDocBal="0.0000" InitDocBal="0.0000" DiscTot="0.0000" CuryDiscTot="0.0000" CuryDiscBal="0.0000" DiscBal="0.0000" CuryDiscTaken="0.0000" DiscTaken="0.0000" CuryChargeAmt="0.0000" ChargeAmt="0.0000" OpenDoc="0" Released="1" Hold="0" IsTaxValid="0" IsTaxSaved="0" IsTaxPosted="0" NonTaxable="0" Prebooked="0" Status="C" LineCntr="4" AdjCntr="4" CuryID="USD" CreatedByID="b5344897-037e-4d58-b5c3-1bdfd0f47bf9" CreatedByScreenID="AP302000" CreatedDateTime="2014-10-31 13:16:33.377" LastModifiedByID="b5344897-037e-4d58-b5c3-1bdfd0f47bf9" LastModifiedByScreenID="AP302000" LastModifiedDateTime="2014-10-31 13:16:34.01" RGOLAmt="0.0000" CuryRoundDiff="0.0000" RoundDiff="0.0000" Voided="0" Scheduled="0" CuryOrigDiscAmt="0.0000" OrigDiscAmt="0.0000" FinPeriodID="201403" TranPeriodID="201403" ClosedTranPeriodID="201403" ClosedFinPeriodID="201403" Printed="1" DeletedDatabaseRecord="0" CuryOrigWhTaxAmt="0.0000" OrigWhTaxAmt="0.0000" CuryWhTaxBal="0.0000" WhTaxBal="0.0000" CuryTaxWheld="0.0000" TaxWheld="0.0000" OrigModule="AP" TaxCalcMode="T" CuryTaxRoundDiff="0.0000" TaxRoundDiff="0.0000" Approved="1" Rejected="0" IsMigratedRecord="0" PaymentsByLinesAllowed="0" ProjectID="0" RetainageApply="0" IsRetainageDocument="0" DefRetainagePct="0.000000" CuryLineRetainageTotal="0.0000" LineRetainageTotal="0.0000" CuryRetainageTotal="0.0000" RetainageTotal="0.0000" CuryRetainageUnreleasedAmt="0.0000" RetainageUnreleasedAmt="0.0000" CuryRetainedTaxTotal="0.0000" RetainedTaxTotal="0.0000" CuryRetainedDiscTotal="0.0000" RetainedDiscTotal="0.0000" HasPPDTaxes="0" PendingPPD="0" NoteID="84ff34c7-e660-e411-9d94-74d435e7799b" />
		<row DocType="VCK" RefNbr="000006" BranchID="1" BatchNbr="000018" VendorID="15" VendorLocationID="15" APAccountID="34" APSubID="1" DocDate="2014-03-02 00:00:00" DocDesc="Bank couldn't accept the check" CuryInfoID="10147" CuryOrigDocAmt="-220.0000" OrigDocAmt="-220.0000" CuryDocBal="0.0000" DocBal="0.0000" CuryInitDocBal="0.0000" InitDocBal="0.0000" DiscTot="0.0000" CuryDiscTot="0.0000" CuryDiscBal="0.0000" DiscBal="0.0000" CuryDiscTaken="0.0000" DiscTaken="0.0000" CuryChargeAmt="0.0000" ChargeAmt="0.0000" OpenDoc="0" Released="1" Hold="0" IsTaxValid="0" IsTaxSaved="0" IsTaxPosted="0" NonTaxable="0" Prebooked="0" Status="C" LineCntr="1" AdjCntr="1" CuryID="USD" CreatedByID="b5344897-037e-4d58-b5c3-1bdfd0f47bf9" CreatedByScreenID="AP402000" CreatedDateTime="2014-10-30 11:13:50.217" LastModifiedByID="b5344897-037e-4d58-b5c3-1bdfd0f47bf9" LastModifiedByScreenID="AP302000" LastModifiedDateTime="2014-10-30 11:13:50.853" RGOLAmt="0.0000" CuryRoundDiff="0.0000" RoundDiff="0.0000" Voided="0" Scheduled="0" CuryOrigDiscAmt="0.0000" OrigDiscAmt="0.0000" FinPeriodID="201403" TranPeriodID="201403" ClosedTranPeriodID="201403" ClosedFinPeriodID="201403" Printed="1" DeletedDatabaseRecord="0" CuryOrigWhTaxAmt="0.0000" OrigWhTaxAmt="0.0000" CuryWhTaxBal="0.0000" WhTaxBal="0.0000" CuryTaxWheld="0.0000" TaxWheld="0.0000" OrigModule="AP" TaxCalcMode="T" CuryTaxRoundDiff="0.0000" TaxRoundDiff="0.0000" Approved="1" Rejected="0" IsMigratedRecord="0" PaymentsByLinesAllowed="0" ProjectID="0" RetainageApply="0" IsRetainageDocument="0" DefRetainagePct="0.000000" CuryLineRetainageTotal="0.0000" LineRetainageTotal="0.0000" CuryRetainageTotal="0.0000" RetainageTotal="0.0000" CuryRetainageUnreleasedAmt="0.0000" RetainageUnreleasedAmt="0.0000" CuryRetainedTaxTotal="0.0000" RetainedTaxTotal="0.0000" CuryRetainedDiscTotal="0.0000" RetainedDiscTotal="0.0000" HasPPDTaxes="0" PendingPPD="0" NoteID="592b472a-685f-e411-b36f-74d435e7799b" />
	</rows>
</data>