﻿<?xml version="1.0" encoding="utf-8"?>
<data>
	<table name="APSetup">
		<col name="CompanyID" type="Int" default="Zero" />
		<col name="BatchNumberingID" type="NVarChar(10)" />
		<col name="DfltVendorClassID" type="NVarChar(10)" nullable="true" />
		<col name="PerRetainTran" type="SmallInt" />
		<col name="PerRetainHist" type="SmallInt" />
		<col name="InvoiceNumberingID" type="NVarChar(10)" />
		<col name="PastDue00" type="SmallInt" />
		<col name="PastDue01" type="SmallInt" />
		<col name="PastDue02" type="SmallInt" />
		<col name="CheckNumberingID" type="NVarChar(10)" />
		<col name="CreditAdjNumberingID" type="NVarChar(10)" />
		<col name="DebitAdjNumberingID" type="NVarChar(10)" />
		<col name="PriceWSNumberingID" type="NVarChar(10)" />
		<col name="DefaultTranDesc" type="Char(1)" />
		<col name="AutoPost" type="Bit" />
		<col name="TransactionPosting" type="Char(1)" />
		<col name="RequireApprovePayments" type="Bit" />
		<col name="PaymentLeadTime" type="SmallInt" />
		<col name="EarlyChecks" type="Bit" />
		<col name="RetentionType" type="Char(1)" />
		<col name="NumberOfMonths" type="Int" nullable="true" />
		<col name="ValidateDataConsistencyOnRelease" type="Bit" default="Zero" />
		<col name="tstamp" type="Timestamp" />
		<col name="CreatedByID" type="UniqueIdentifier" />
		<col name="CreatedByScreenID" type="Char(8)" />
		<col name="CreatedDateTime" type="DateTime" />
		<col name="LastModifiedByID" type="UniqueIdentifier" />
		<col name="LastModifiedByScreenID" type="Char(8)" />
		<col name="LastModifiedDateTime" type="DateTime" />
		<col name="HoldEntry" type="Bit" />
		<col name="RequireControlTotal" type="Bit" />
		<col name="RequireControlTaxTotal" type="Bit" default="Zero" />
		<col name="RequireVendorRef" type="Bit" default="Zero" />
		<col name="ExpenseSubMask" type="VarChar(30)" nullable="true" />
		<col name="InvoiceRounding" type="Char(1)" />
		<col name="InvoicePrecision" type="Decimal(19,4)" />
		<col name="RaiseErrorOnDoubleInvoiceNbr" type="Bit" default="Zero" />
		<col name="SuggestPaymentAmount" type="Bit" default="Zero" />
		<col name="LoadVendorsPricesUsingAlternateID" type="Bit" default="Zero" />
		<col name="VendorPriceUpdate" type="Char(1)" />
		<col name="ApplyQuantityDiscountBy" type="Char(1)" />
		<col name="MigrationMode" type="Bit" default="Zero" />
		<col name="RetainTaxes" type="Bit" default="Zero" />
		<col name="RetainageBillsAutoRelease" type="Bit" default="Zero" />
		<col name="RequireSingleProjectPerDocument" type="Bit" default="Zero" />
		<col name="PPDDebitAdjustmentDescr" type="NVarChar(50)" nullable="true" />
		<col name="NoteID" type="UniqueIdentifier" nullable="true" />
		<col name="DataInconsistencyHandlingMode" type="Char(1)" />
	</table>
	<rows>
		<row BatchNumberingID="APBATCH" DfltVendorClassID="DEFAULT" PerRetainTran="99" PerRetainHist="0" InvoiceNumberingID="APBILL" PastDue00="7" PastDue01="14" PastDue02="30" CheckNumberingID="APPAYMENT" CreditAdjNumberingID="APBILL" DebitAdjNumberingID="APBILL" PriceWSNumberingID="APPRICEWS" DefaultTranDesc="C" AutoPost="1" TransactionPosting="D" RequireApprovePayments="0" PaymentLeadTime="7" EarlyChecks="1" RetentionType="L" NumberOfMonths="12" ValidateDataConsistencyOnRelease="1" CreatedByID="b5344897-037e-4d58-b5c3-1bdfd0f47bf9" CreatedByScreenID="AP101000" CreatedDateTime="2014-10-22 11:51:07.977" LastModifiedByID="b5344897-037e-4d58-b5c3-1bdfd0f47bf9" LastModifiedByScreenID="AP101000" LastModifiedDateTime="2014-10-28 13:59:40.89" HoldEntry="1" RequireControlTotal="1" RequireControlTaxTotal="0" RequireVendorRef="1" ExpenseSubMask="LLLLLLLLLL" InvoiceRounding="N" InvoicePrecision="0.1000" RaiseErrorOnDoubleInvoiceNbr="1" SuggestPaymentAmount="0" LoadVendorsPricesUsingAlternateID="0" VendorPriceUpdate="P" ApplyQuantityDiscountBy="L" MigrationMode="0" RetainTaxes="0" RetainageBillsAutoRelease="0" RequireSingleProjectPerDocument="0" DataInconsistencyHandlingMode="L" />
	</rows>
</data>