﻿<?xml version="1.0" encoding="utf-8"?>
<data>
	<table name="APTran">
		<col name="CompanyID" type="Int" default="Zero" />
		<col name="TranType" type="Char(3)" />
		<col name="RefNbr" type="NVarChar(15)" />
		<col name="LineNbr" type="Int" />
		<col name="SortOrder" type="Int" nullable="true" />
		<col name="BranchID" type="Int" />
		<col name="TranID" type="Int" identity="true" />
		<col name="BatchNbr" type="NVarChar(15)" />
		<col name="AccountID" type="Int" nullable="true" />
		<col name="SubID" type="Int" nullable="true" />
		<col name="CuryInfoID" type="BigInt" />
		<col name="CuryTranAmt" type="Decimal(19,4)" nullable="true" />
		<col name="TranAmt" type="Decimal(19,4)" nullable="true" />
		<col name="CuryCashDiscBal" type="Decimal(19,4)" default="Zero" />
		<col name="CashDiscBal" type="Decimal(19,4)" default="Zero" />
		<col name="CuryOrigRetainageAmt" type="Decimal(19,4)" default="Zero" />
		<col name="OrigRetainageAmt" type="Decimal(19,4)" default="Zero" />
		<col name="CuryRetainageBal" type="Decimal(19,4)" default="Zero" />
		<col name="RetainageBal" type="Decimal(19,4)" default="Zero" />
		<col name="CuryOrigTranAmt" type="Decimal(19,4)" default="Zero" />
		<col name="OrigTranAmt" type="Decimal(19,4)" default="Zero" />
		<col name="CuryTranBal" type="Decimal(19,4)" default="Zero" />
		<col name="TranBal" type="Decimal(19,4)" default="Zero" />
		<col name="CuryTaxableAmt" type="Decimal(19,4)" nullable="true" />
		<col name="TaxableAmt" type="Decimal(19,4)" nullable="true" />
		<col name="CuryTaxAmt" type="Decimal(19,4)" nullable="true" />
		<col name="TaxAmt" type="Decimal(19,4)" nullable="true" />
		<col name="CuryRetainedTaxableAmt" type="Decimal(19,4)" default="Zero" />
		<col name="RetainedTaxableAmt" type="Decimal(19,4)" default="Zero" />
		<col name="CuryRetainedTaxAmt" type="Decimal(19,4)" default="Zero" />
		<col name="RetainedTaxAmt" type="Decimal(19,4)" default="Zero" />
		<col name="CuryExpenseAmt" type="Decimal(19,4)" nullable="true" />
		<col name="ExpenseAmt" type="Decimal(19,4)" nullable="true" />
		<col name="Qty" type="Decimal(25,6)" nullable="true" />
		<col name="BaseQty" type="Decimal(25,6)" nullable="true" />
		<col name="CuryUnitCost" type="Decimal(19,6)" nullable="true" />
		<col name="ManualPrice" type="Bit" nullable="true" default="Zero" />
		<col name="ManualDisc" type="Bit" nullable="true" />
		<col name="CuryLineAmt" type="Decimal(19,4)" nullable="true" />
		<col name="LineAmt" type="Decimal(19,4)" nullable="true" />
		<col name="DiscountsAppliedToLine" type="VarBinary(MAX)" nullable="true" />
		<col name="OrigLineNbr" type="Int" nullable="true" />
		<col name="OrigGroupDiscountRate" type="Decimal(21,18)" />
		<col name="OrigDocumentDiscountRate" type="Decimal(21,18)" />
		<col name="GroupDiscountRate" type="Decimal(21,18)" nullable="true" />
		<col name="DocumentDiscountRate" type="Decimal(21,18)" />
		<col name="UnitCost" type="Decimal(19,6)" nullable="true" />
		<col name="TranClass" type="Char(1)" />
		<col name="DrCr" type="Char(1)" />
		<col name="TranDate" type="SmallDateTime" />
		<col name="TranDesc" type="NVarChar(256)" nullable="true" />
		<col name="Released" type="Bit" />
		<col name="NonBillable" type="Bit" default="Zero" />
		<col name="POOrderType" type="Char(2)" nullable="true" />
		<col name="PONbr" type="NVarChar(15)" nullable="true" />
		<col name="ReceiptType" type="Char(2)" nullable="true" />
		<col name="ReceiptNbr" type="NVarChar(15)" nullable="true" />
		<col name="POLineNbr" type="Int" nullable="true" />
		<col name="ReceiptLineNbr" type="Int" nullable="true" />
		<col name="LCDocType" type="Char(1)" nullable="true" />
		<col name="LCRefNbr" type="NVarChar(15)" nullable="true" />
		<col name="LCLineNbr" type="Int" nullable="true" />
		<col name="PPVDocType" type="Char(3)" nullable="true" />
		<col name="PPVRefNbr" type="NVarChar(15)" nullable="true" />
		<col name="InventoryID" type="Int" nullable="true" />
		<col name="SiteID" type="Int" nullable="true" />
		<col name="UOM" type="NVarChar(6)" nullable="true" />
		<col name="LineType" type="Char(2)" />
		<col name="TaxCategoryID" type="NVarChar(10)" nullable="true" />
		<col name="tstamp" type="Timestamp" />
		<col name="CreatedByID" type="UniqueIdentifier" />
		<col name="CreatedByScreenID" type="Char(8)" />
		<col name="CreatedDateTime" type="DateTime" />
		<col name="LastModifiedByID" type="UniqueIdentifier" />
		<col name="LastModifiedByScreenID" type="Char(8)" />
		<col name="LastModifiedDateTime" type="DateTime" />
		<col name="Box1099" type="SmallInt" nullable="true" />
		<col name="FinPeriodID" type="Char(6)" />
		<col name="TranPeriodID" type="Char(6)" />
		<col name="DeferredCode" type="NVarChar(10)" nullable="true" />
		<col name="ScheduleID" type="NVarChar(10)" nullable="true" />
		<col name="DefScheduleID" type="Int" nullable="true" />
		<col name="VendorID" type="Int" />
		<col name="Date" type="SmallDateTime" nullable="true" />
		<col name="ProjectID" type="Int" nullable="true" />
		<col name="TaskID" type="Int" nullable="true" />
		<col name="CostCodeID" type="Int" nullable="true" />
		<col name="LCTranID" type="Int" nullable="true" />
		<col name="LandedCostCodeID" type="NVarChar(15)" nullable="true" />
		<col name="TaxID" type="NVarChar(30)" nullable="true" />
		<col name="DiscountID" type="NVarChar(10)" nullable="true" />
		<col name="DiscountSequenceID" type="NVarChar(10)" nullable="true" />
		<col name="DiscAmt" type="Decimal(19,4)" nullable="true" />
		<col name="CuryDiscAmt" type="Decimal(19,4)" nullable="true" />
		<col name="DiscPct" type="Decimal(9,6)" nullable="true" />
		<col name="POPPVAmt" type="Decimal(19,4)" default="Zero" />
		<col name="EmployeeID" type="Int" nullable="true" />
		<col name="RetainagePct" type="Decimal(9,6)" default="Zero" />
		<col name="CuryRetainageAmt" type="Decimal(19,4)" default="Zero" />
		<col name="RetainageAmt" type="Decimal(19,4)" default="Zero" />
		<col name="POAccrualType" type="Char(1)" nullable="true" />
		<col name="POAccrualRefNoteID" type="UniqueIdentifier" nullable="true" />
		<col name="POAccrualLineNbr" type="Int" nullable="true" />
		<col name="UnreceivedQty" type="Decimal(25,6)" nullable="true" />
		<col name="BaseUnreceivedQty" type="Decimal(25,6)" nullable="true" />
		<col name="NoteID" type="UniqueIdentifier" nullable="true" />
	</table>
	<rows>
		<row TranType="ACR" RefNbr="000008" LineNbr="1" SortOrder="1" BranchID="1" TranID="17" BatchNbr="" AccountID="39" SubID="1" CuryInfoID="132" CuryTranAmt="20.0000" TranAmt="20.0000" CuryCashDiscBal="0.0000" CashDiscBal="0.0000" CuryOrigRetainageAmt="0.0000" OrigRetainageAmt="0.0000" CuryRetainageBal="0.0000" RetainageBal="0.0000" CuryOrigTranAmt="0.0000" OrigTranAmt="0.0000" CuryTranBal="0.0000" TranBal="0.0000" CuryTaxableAmt="0.0000" TaxableAmt="0.0000" CuryTaxAmt="0.0000" TaxAmt="0.0000" CuryRetainedTaxableAmt="0.0000" RetainedTaxableAmt="0.0000" CuryRetainedTaxAmt="0.0000" RetainedTaxAmt="0.0000" Qty="0.000000" BaseQty="0.000000" CuryUnitCost="0.000000" ManualPrice="1" ManualDisc="0" CuryLineAmt="20.0000" LineAmt="20.0000" OrigGroupDiscountRate="1.000000000000000000" OrigDocumentDiscountRate="1.000000000000000000" GroupDiscountRate="1.000000000000000000" DocumentDiscountRate="1.000000000000000000" UnitCost="0.000000" TranClass=" " DrCr="D" TranDate="2014-03-02 00:00:00" Released="1" NonBillable="0" LineType="  " CreatedByID="b5344897-037e-4d58-b5c3-1bdfd0f47bf9" CreatedByScreenID="AP301000" CreatedDateTime="2014-10-29 15:31:15.65" LastModifiedByID="b5344897-037e-4d58-b5c3-1bdfd0f47bf9" LastModifiedByScreenID="AP301000" LastModifiedDateTime="2014-10-29 15:33:22.16" FinPeriodID="201403" TranPeriodID="201403" VendorID="15" ProjectID="0" DiscAmt="0.0000" CuryDiscAmt="0.0000" DiscPct="0.000000" POPPVAmt="0.0000" RetainagePct="0.000000" CuryRetainageAmt="0.0000" RetainageAmt="0.0000" NoteID="6bb82192-645f-e411-b36f-74d435e7799b" />
		<row TranType="ADR" RefNbr="000009" LineNbr="1" SortOrder="1" BranchID="1" TranID="18" BatchNbr="" AccountID="37" SubID="1" CuryInfoID="138" CuryTranAmt="5.0000" TranAmt="5.0000" CuryCashDiscBal="0.0000" CashDiscBal="0.0000" CuryOrigRetainageAmt="0.0000" OrigRetainageAmt="0.0000" CuryRetainageBal="0.0000" RetainageBal="0.0000" CuryOrigTranAmt="0.0000" OrigTranAmt="0.0000" CuryTranBal="0.0000" TranBal="0.0000" CuryTaxableAmt="0.0000" TaxableAmt="0.0000" CuryTaxAmt="0.0000" TaxAmt="0.0000" CuryRetainedTaxableAmt="0.0000" RetainedTaxableAmt="0.0000" CuryRetainedTaxAmt="0.0000" RetainedTaxAmt="0.0000" Qty="0.000000" BaseQty="0.000000" CuryUnitCost="0.000000" ManualPrice="1" ManualDisc="0" CuryLineAmt="5.0000" LineAmt="5.0000" OrigGroupDiscountRate="1.000000000000000000" OrigDocumentDiscountRate="1.000000000000000000" GroupDiscountRate="1.000000000000000000" DocumentDiscountRate="1.000000000000000000" UnitCost="0.000000" TranClass=" " DrCr="C" TranDate="2014-03-02 00:00:00" Released="1" NonBillable="0" LineType="  " CreatedByID="b5344897-037e-4d58-b5c3-1bdfd0f47bf9" CreatedByScreenID="AP301000" CreatedDateTime="2014-10-29 17:09:55.07" LastModifiedByID="b5344897-037e-4d58-b5c3-1bdfd0f47bf9" LastModifiedByScreenID="AP301000" LastModifiedDateTime="2014-10-29 17:09:57.603" FinPeriodID="201403" TranPeriodID="201403" VendorID="16" ProjectID="0" DiscAmt="0.0000" CuryDiscAmt="0.0000" DiscPct="0.000000" POPPVAmt="0.0000" RetainagePct="0.000000" CuryRetainageAmt="0.0000" RetainageAmt="0.0000" NoteID="71af5c25-755f-e411-b36f-74d435e7799b" />
		<row TranType="ADR" RefNbr="000010" LineNbr="1" SortOrder="1" BranchID="1" TranID="1018" BatchNbr="" AccountID="37" SubID="1" CuryInfoID="10138" CuryTranAmt="20.0000" TranAmt="20.0000" CuryCashDiscBal="0.0000" CashDiscBal="0.0000" CuryOrigRetainageAmt="0.0000" OrigRetainageAmt="0.0000" CuryRetainageBal="0.0000" RetainageBal="0.0000" CuryOrigTranAmt="0.0000" OrigTranAmt="0.0000" CuryTranBal="0.0000" TranBal="0.0000" CuryTaxableAmt="0.0000" TaxableAmt="0.0000" CuryTaxAmt="0.0000" TaxAmt="0.0000" CuryRetainedTaxableAmt="0.0000" RetainedTaxableAmt="0.0000" CuryRetainedTaxAmt="0.0000" RetainedTaxAmt="0.0000" Qty="1.000000" BaseQty="1.000000" CuryUnitCost="20.000000" ManualPrice="0" ManualDisc="1" CuryLineAmt="20.0000" LineAmt="20.0000" OrigGroupDiscountRate="1.000000000000000000" OrigDocumentDiscountRate="1.000000000000000000" GroupDiscountRate="1.000000000000000000" DocumentDiscountRate="1.000000000000000000" UnitCost="20.000000" TranClass=" " DrCr="C" TranDate="2014-02-15 00:00:00" TranDesc="Advertising" Released="1" NonBillable="0" InventoryID="24" UOM="HOUR" LineType="  " TaxCategoryID="EXEMPT" CreatedByID="b5344897-037e-4d58-b5c3-1bdfd0f47bf9" CreatedByScreenID="AP301000" CreatedDateTime="2014-10-30 10:04:04.48" LastModifiedByID="b5344897-037e-4d58-b5c3-1bdfd0f47bf9" LastModifiedByScreenID="AP301000" LastModifiedDateTime="2014-10-30 10:04:06.147" FinPeriodID="201402" TranPeriodID="201402" VendorID="16" ProjectID="0" DiscAmt="0.0000" CuryDiscAmt="0.0000" DiscPct="0.000000" POPPVAmt="0.0000" RetainagePct="0.000000" CuryRetainageAmt="0.0000" RetainageAmt="0.0000" NoteID="f2f2f7e2-745e-e411-8fe6-74d435e7799b" />
		<row TranType="ADR" RefNbr="000011" LineNbr="1" SortOrder="1" BranchID="1" TranID="1019" BatchNbr="" AccountID="9" SubID="1" CuryInfoID="10142" CuryTranAmt="10.0000" TranAmt="10.0000" CuryCashDiscBal="0.0000" CashDiscBal="0.0000" CuryOrigRetainageAmt="0.0000" OrigRetainageAmt="0.0000" CuryRetainageBal="0.0000" RetainageBal="0.0000" CuryOrigTranAmt="0.0000" OrigTranAmt="0.0000" CuryTranBal="0.0000" TranBal="0.0000" CuryTaxableAmt="0.0000" TaxableAmt="0.0000" CuryTaxAmt="0.0000" TaxAmt="0.0000" CuryRetainedTaxableAmt="0.0000" RetainedTaxableAmt="0.0000" CuryRetainedTaxAmt="0.0000" RetainedTaxAmt="0.0000" Qty="0.000000" BaseQty="0.000000" CuryUnitCost="0.000000" ManualPrice="1" ManualDisc="0" CuryLineAmt="10.0000" LineAmt="10.0000" OrigGroupDiscountRate="1.000000000000000000" OrigDocumentDiscountRate="1.000000000000000000" GroupDiscountRate="1.000000000000000000" DocumentDiscountRate="1.000000000000000000" UnitCost="0.000000" TranClass=" " DrCr="C" TranDate="2014-03-02 00:00:00" Released="1" NonBillable="0" LineType="  " CreatedByID="b5344897-037e-4d58-b5c3-1bdfd0f47bf9" CreatedByScreenID="AP301000" CreatedDateTime="2014-10-30 10:50:30.73" LastModifiedByID="b5344897-037e-4d58-b5c3-1bdfd0f47bf9" LastModifiedByScreenID="AP301000" LastModifiedDateTime="2014-10-30 10:50:34.01" FinPeriodID="201403" TranPeriodID="201403" VendorID="14" ProjectID="0" DiscAmt="0.0000" CuryDiscAmt="0.0000" DiscPct="0.000000" POPPVAmt="0.0000" RetainagePct="0.000000" CuryRetainageAmt="0.0000" RetainageAmt="0.0000" NoteID="b3172362-0960-e411-99e1-74d435e7799b" />
		<row TranType="INV" RefNbr="000001" LineNbr="1" SortOrder="1" BranchID="1" TranID="7" BatchNbr="" AccountID="9" SubID="1" CuryInfoID="75" CuryTranAmt="30.0000" TranAmt="30.0000" CuryCashDiscBal="0.0000" CashDiscBal="0.0000" CuryOrigRetainageAmt="0.0000" OrigRetainageAmt="0.0000" CuryRetainageBal="0.0000" RetainageBal="0.0000" CuryOrigTranAmt="0.0000" OrigTranAmt="0.0000" CuryTranBal="0.0000" TranBal="0.0000" CuryTaxableAmt="0.0000" TaxableAmt="0.0000" CuryTaxAmt="0.0000" TaxAmt="0.0000" CuryRetainedTaxableAmt="0.0000" RetainedTaxableAmt="0.0000" CuryRetainedTaxAmt="0.0000" RetainedTaxAmt="0.0000" Qty="0.000000" BaseQty="0.000000" CuryUnitCost="0.000000" ManualPrice="0" ManualDisc="0" CuryLineAmt="0.0000" LineAmt="0.0000" OrigGroupDiscountRate="1.000000000000000000" OrigDocumentDiscountRate="1.000000000000000000" GroupDiscountRate="1.000000000000000000" DocumentDiscountRate="1.000000000000000000" UnitCost="0.000000" TranClass=" " DrCr="D" TranDate="2014-01-01 00:00:00" Released="1" NonBillable="0" LineType="  " CreatedByID="b5344897-037e-4d58-b5c3-1bdfd0f47bf9" CreatedByScreenID="AP301000" CreatedDateTime="2014-10-23 15:55:15.133" LastModifiedByID="b5344897-037e-4d58-b5c3-1bdfd0f47bf9" LastModifiedByScreenID="AP501000" LastModifiedDateTime="2014-10-23 15:59:11.43" FinPeriodID="201401" TranPeriodID="201401" VendorID="14" ProjectID="0" DiscAmt="0.0000" CuryDiscAmt="0.0000" DiscPct="0.000000" POPPVAmt="0.0000" RetainagePct="0.000000" CuryRetainageAmt="0.0000" RetainageAmt="0.0000" NoteID="eaceb360-ab5a-e411-9189-74d435e7799b" />
		<row TranType="INV" RefNbr="000002" LineNbr="1" SortOrder="1" BranchID="1" TranID="8" BatchNbr="" AccountID="37" SubID="1" CuryInfoID="76" CuryTranAmt="100.0000" TranAmt="100.0000" CuryCashDiscBal="0.0000" CashDiscBal="0.0000" CuryOrigRetainageAmt="0.0000" OrigRetainageAmt="0.0000" CuryRetainageBal="0.0000" RetainageBal="0.0000" CuryOrigTranAmt="0.0000" OrigTranAmt="0.0000" CuryTranBal="0.0000" TranBal="0.0000" CuryTaxableAmt="0.0000" TaxableAmt="0.0000" CuryTaxAmt="0.0000" TaxAmt="0.0000" CuryRetainedTaxableAmt="0.0000" RetainedTaxableAmt="0.0000" CuryRetainedTaxAmt="0.0000" RetainedTaxAmt="0.0000" Qty="5.000000" BaseQty="5.000000" CuryUnitCost="20.000000" ManualPrice="0" ManualDisc="0" CuryLineAmt="100.0000" LineAmt="100.0000" OrigGroupDiscountRate="1.000000000000000000" OrigDocumentDiscountRate="1.000000000000000000" GroupDiscountRate="1.000000000000000000" DocumentDiscountRate="1.000000000000000000" UnitCost="20.000000" TranClass=" " DrCr="D" TranDate="2014-01-01 00:00:00" TranDesc="Advertising" Released="1" NonBillable="0" InventoryID="24" UOM="HOUR" LineType="  " TaxCategoryID="EXEMPT" CreatedByID="b5344897-037e-4d58-b5c3-1bdfd0f47bf9" CreatedByScreenID="AP301000" CreatedDateTime="2014-10-23 15:56:11.103" LastModifiedByID="b5344897-037e-4d58-b5c3-1bdfd0f47bf9" LastModifiedByScreenID="AP301000" LastModifiedDateTime="2014-10-23 22:35:09.733" FinPeriodID="201401" TranPeriodID="201401" VendorID="16" ProjectID="0" DiscAmt="0.0000" CuryDiscAmt="0.0000" DiscPct="0.000000" POPPVAmt="0.0000" RetainagePct="0.000000" CuryRetainageAmt="0.0000" RetainageAmt="0.0000" NoteID="63eb8b87-ab5a-e411-9189-74d435e7799b" />
		<row TranType="INV" RefNbr="000003" LineNbr="1" SortOrder="1" BranchID="1" TranID="9" BatchNbr="" AccountID="10" SubID="1" CuryInfoID="77" CuryTranAmt="200.0000" TranAmt="200.0000" CuryCashDiscBal="0.0000" CashDiscBal="0.0000" CuryOrigRetainageAmt="0.0000" OrigRetainageAmt="0.0000" CuryRetainageBal="0.0000" RetainageBal="0.0000" CuryOrigTranAmt="0.0000" OrigTranAmt="0.0000" CuryTranBal="0.0000" TranBal="0.0000" CuryTaxableAmt="0.0000" TaxableAmt="0.0000" CuryTaxAmt="0.0000" TaxAmt="0.0000" CuryRetainedTaxableAmt="0.0000" RetainedTaxableAmt="0.0000" CuryRetainedTaxAmt="0.0000" RetainedTaxAmt="0.0000" Qty="0.000000" BaseQty="0.000000" CuryUnitCost="0.000000" ManualPrice="1" ManualDisc="0" CuryLineAmt="200.0000" LineAmt="200.0000" OrigGroupDiscountRate="1.000000000000000000" OrigDocumentDiscountRate="1.000000000000000000" GroupDiscountRate="1.000000000000000000" DocumentDiscountRate="1.000000000000000000" UnitCost="0.000000" TranClass=" " DrCr="D" TranDate="2014-01-01 00:00:00" TranDesc="Utilities 01-2014" Released="1" NonBillable="0" InventoryID="22" UOM="ITEM" LineType="  " TaxCategoryID="EXEMPT" CreatedByID="b5344897-037e-4d58-b5c3-1bdfd0f47bf9" CreatedByScreenID="AP301000" CreatedDateTime="2014-10-23 15:58:08.57" LastModifiedByID="b5344897-037e-4d58-b5c3-1bdfd0f47bf9" LastModifiedByScreenID="AP501000" LastModifiedDateTime="2014-10-23 15:59:11.56" FinPeriodID="201401" TranPeriodID="201401" VendorID="15" ProjectID="0" DiscAmt="0.0000" CuryDiscAmt="0.0000" DiscPct="0.000000" POPPVAmt="0.0000" RetainagePct="0.000000" CuryRetainageAmt="0.0000" RetainageAmt="0.0000" NoteID="ce2757ad-ab5a-e411-9189-74d435e7799b" />
		<row TranType="INV" RefNbr="000003" LineNbr="2" SortOrder="2" BranchID="1" TranID="10" BatchNbr="" AccountID="8" SubID="1" CuryInfoID="77" CuryTranAmt="1000.0000" TranAmt="1000.0000" CuryCashDiscBal="0.0000" CashDiscBal="0.0000" CuryOrigRetainageAmt="0.0000" OrigRetainageAmt="0.0000" CuryRetainageBal="0.0000" RetainageBal="0.0000" CuryOrigTranAmt="0.0000" OrigTranAmt="0.0000" CuryTranBal="0.0000" TranBal="0.0000" CuryTaxableAmt="0.0000" TaxableAmt="0.0000" CuryTaxAmt="0.0000" TaxAmt="0.0000" CuryRetainedTaxableAmt="0.0000" RetainedTaxableAmt="0.0000" CuryRetainedTaxAmt="0.0000" RetainedTaxAmt="0.0000" Qty="0.000000" BaseQty="0.000000" CuryUnitCost="0.000000" ManualPrice="1" ManualDisc="0" CuryLineAmt="1000.0000" LineAmt="1000.0000" OrigGroupDiscountRate="1.000000000000000000" OrigDocumentDiscountRate="1.000000000000000000" GroupDiscountRate="1.000000000000000000" DocumentDiscountRate="1.000000000000000000" UnitCost="0.000000" TranClass=" " DrCr="D" TranDate="2014-01-01 00:00:00" TranDesc="Rent 12-2013" Released="1" NonBillable="0" InventoryID="23" UOM="ITEM" LineType="  " TaxCategoryID="EXEMPT" CreatedByID="b5344897-037e-4d58-b5c3-1bdfd0f47bf9" CreatedByScreenID="AP301000" CreatedDateTime="2014-10-23 15:58:08.573" LastModifiedByID="b5344897-037e-4d58-b5c3-1bdfd0f47bf9" LastModifiedByScreenID="AP501000" LastModifiedDateTime="2014-10-23 15:59:11.567" FinPeriodID="201401" TranPeriodID="201401" VendorID="15" ProjectID="0" DiscAmt="0.0000" CuryDiscAmt="0.0000" DiscPct="0.000000" POPPVAmt="0.0000" RetainagePct="0.000000" CuryRetainageAmt="0.0000" RetainageAmt="0.0000" NoteID="10ca25b9-ab5a-e411-9189-74d435e7799b" />
		<row TranType="INV" RefNbr="000003" LineNbr="3" SortOrder="3" BranchID="1" TranID="11" BatchNbr="" AccountID="8" SubID="1" CuryInfoID="77" CuryTranAmt="1000.0000" TranAmt="1000.0000" CuryCashDiscBal="0.0000" CashDiscBal="0.0000" CuryOrigRetainageAmt="0.0000" OrigRetainageAmt="0.0000" CuryRetainageBal="0.0000" RetainageBal="0.0000" CuryOrigTranAmt="0.0000" OrigTranAmt="0.0000" CuryTranBal="0.0000" TranBal="0.0000" CuryTaxableAmt="0.0000" TaxableAmt="0.0000" CuryTaxAmt="0.0000" TaxAmt="0.0000" CuryRetainedTaxableAmt="0.0000" RetainedTaxableAmt="0.0000" CuryRetainedTaxAmt="0.0000" RetainedTaxAmt="0.0000" Qty="0.000000" BaseQty="0.000000" CuryUnitCost="0.000000" ManualPrice="1" ManualDisc="0" CuryLineAmt="1000.0000" LineAmt="1000.0000" OrigGroupDiscountRate="1.000000000000000000" OrigDocumentDiscountRate="1.000000000000000000" GroupDiscountRate="1.000000000000000000" DocumentDiscountRate="1.000000000000000000" UnitCost="0.000000" TranClass=" " DrCr="D" TranDate="2014-01-01 00:00:00" TranDesc="Rent 01-2014" Released="1" NonBillable="0" InventoryID="23" UOM="ITEM" LineType="  " TaxCategoryID="EXEMPT" CreatedByID="b5344897-037e-4d58-b5c3-1bdfd0f47bf9" CreatedByScreenID="AP301000" CreatedDateTime="2014-10-23 15:58:08.573" LastModifiedByID="b5344897-037e-4d58-b5c3-1bdfd0f47bf9" LastModifiedByScreenID="AP501000" LastModifiedDateTime="2014-10-23 15:59:11.57" FinPeriodID="201401" TranPeriodID="201401" VendorID="15" ProjectID="0" DiscAmt="0.0000" CuryDiscAmt="0.0000" DiscPct="0.000000" POPPVAmt="0.0000" RetainagePct="0.000000" CuryRetainageAmt="0.0000" RetainageAmt="0.0000" NoteID="bd3c19c3-ab5a-e411-9189-74d435e7799b" />
		<row TranType="INV" RefNbr="000004" LineNbr="1" SortOrder="1" BranchID="1" TranID="13" BatchNbr="" AccountID="38" SubID="1" CuryInfoID="104" CuryTranAmt="40.0000" TranAmt="40.0000" CuryCashDiscBal="0.0000" CashDiscBal="0.0000" CuryOrigRetainageAmt="0.0000" OrigRetainageAmt="0.0000" CuryRetainageBal="0.0000" RetainageBal="0.0000" CuryOrigTranAmt="0.0000" OrigTranAmt="0.0000" CuryTranBal="0.0000" TranBal="0.0000" CuryTaxableAmt="0.0000" TaxableAmt="0.0000" CuryTaxAmt="0.0000" TaxAmt="0.0000" CuryRetainedTaxableAmt="0.0000" RetainedTaxableAmt="0.0000" CuryRetainedTaxAmt="0.0000" RetainedTaxAmt="0.0000" Qty="1.000000" BaseQty="1.000000" CuryUnitCost="40.000000" ManualPrice="0" ManualDisc="0" CuryLineAmt="40.0000" LineAmt="40.0000" OrigGroupDiscountRate="1.000000000000000000" OrigDocumentDiscountRate="1.000000000000000000" GroupDiscountRate="1.000000000000000000" DocumentDiscountRate="1.000000000000000000" UnitCost="40.000000" TranClass=" " DrCr="D" TranDate="2014-02-01 00:00:00" TranDesc="Service" Released="1" NonBillable="0" InventoryID="25" UOM="HOUR" LineType="  " TaxCategoryID="EXEMPT" CreatedByID="b5344897-037e-4d58-b5c3-1bdfd0f47bf9" CreatedByScreenID="AP301000" CreatedDateTime="2014-10-28 10:30:00.277" LastModifiedByID="b5344897-037e-4d58-b5c3-1bdfd0f47bf9" LastModifiedByScreenID="AP501000" LastModifiedDateTime="2014-10-28 10:36:05.71" FinPeriodID="201402" TranPeriodID="201402" VendorID="17" ProjectID="0" DiscAmt="0.0000" CuryDiscAmt="0.0000" DiscPct="0.000000" POPPVAmt="0.0000" RetainagePct="0.000000" CuryRetainageAmt="0.0000" RetainageAmt="0.0000" NoteID="f96a8617-745e-e411-8fe6-74d435e7799b" />
		<row TranType="INV" RefNbr="000005" LineNbr="1" SortOrder="1" BranchID="1" TranID="14" BatchNbr="" AccountID="38" SubID="1" CuryInfoID="105" CuryTranAmt="60.0000" TranAmt="60.0000" CuryCashDiscBal="0.0000" CashDiscBal="0.0000" CuryOrigRetainageAmt="0.0000" OrigRetainageAmt="0.0000" CuryRetainageBal="0.0000" RetainageBal="0.0000" CuryOrigTranAmt="0.0000" OrigTranAmt="0.0000" CuryTranBal="0.0000" TranBal="0.0000" CuryTaxableAmt="0.0000" TaxableAmt="0.0000" CuryTaxAmt="0.0000" TaxAmt="0.0000" CuryRetainedTaxableAmt="0.0000" RetainedTaxableAmt="0.0000" CuryRetainedTaxAmt="0.0000" RetainedTaxAmt="0.0000" Qty="1.500000" BaseQty="1.500000" CuryUnitCost="40.000000" ManualPrice="0" ManualDisc="0" CuryLineAmt="60.0000" LineAmt="60.0000" OrigGroupDiscountRate="1.000000000000000000" OrigDocumentDiscountRate="1.000000000000000000" GroupDiscountRate="1.000000000000000000" DocumentDiscountRate="1.000000000000000000" UnitCost="40.000000" TranClass=" " DrCr="D" TranDate="2014-02-02 00:00:00" TranDesc="Service" Released="1" NonBillable="0" InventoryID="25" UOM="HOUR" LineType="  " TaxCategoryID="EXEMPT" CreatedByID="b5344897-037e-4d58-b5c3-1bdfd0f47bf9" CreatedByScreenID="AP301000" CreatedDateTime="2014-10-28 10:31:09.823" LastModifiedByID="b5344897-037e-4d58-b5c3-1bdfd0f47bf9" LastModifiedByScreenID="AP501000" LastModifiedDateTime="2014-10-28 10:36:05.803" FinPeriodID="201402" TranPeriodID="201402" VendorID="17" ProjectID="0" DiscAmt="0.0000" CuryDiscAmt="0.0000" DiscPct="0.000000" POPPVAmt="0.0000" RetainagePct="0.000000" CuryRetainageAmt="0.0000" RetainageAmt="0.0000" NoteID="7eb89654-745e-e411-8fe6-74d435e7799b" />
		<row TranType="INV" RefNbr="000006" LineNbr="1" SortOrder="1" BranchID="1" TranID="15" BatchNbr="" AccountID="38" SubID="1" CuryInfoID="106" CuryTranAmt="80.0000" TranAmt="80.0000" CuryCashDiscBal="0.0000" CashDiscBal="0.0000" CuryOrigRetainageAmt="0.0000" OrigRetainageAmt="0.0000" CuryRetainageBal="0.0000" RetainageBal="0.0000" CuryOrigTranAmt="0.0000" OrigTranAmt="0.0000" CuryTranBal="0.0000" TranBal="0.0000" CuryTaxableAmt="0.0000" TaxableAmt="0.0000" CuryTaxAmt="0.0000" TaxAmt="0.0000" CuryRetainedTaxableAmt="0.0000" RetainedTaxableAmt="0.0000" CuryRetainedTaxAmt="0.0000" RetainedTaxAmt="0.0000" Qty="2.000000" BaseQty="2.000000" CuryUnitCost="40.000000" ManualPrice="0" ManualDisc="0" CuryLineAmt="80.0000" LineAmt="80.0000" OrigGroupDiscountRate="1.000000000000000000" OrigDocumentDiscountRate="1.000000000000000000" GroupDiscountRate="1.000000000000000000" DocumentDiscountRate="1.000000000000000000" UnitCost="40.000000" TranClass=" " DrCr="D" TranDate="2014-02-25 00:00:00" TranDesc="Service" Released="1" NonBillable="0" InventoryID="25" UOM="HOUR" LineType="  " TaxCategoryID="EXEMPT" CreatedByID="b5344897-037e-4d58-b5c3-1bdfd0f47bf9" CreatedByScreenID="AP301000" CreatedDateTime="2014-10-28 10:33:03.157" LastModifiedByID="b5344897-037e-4d58-b5c3-1bdfd0f47bf9" LastModifiedByScreenID="AP501000" LastModifiedDateTime="2014-10-28 10:36:05.87" FinPeriodID="201402" TranPeriodID="201402" VendorID="17" ProjectID="0" DiscAmt="0.0000" CuryDiscAmt="0.0000" DiscPct="0.000000" POPPVAmt="0.0000" RetainagePct="0.000000" CuryRetainageAmt="0.0000" RetainageAmt="0.0000" NoteID="06ab399a-745e-e411-8fe6-74d435e7799b" />
		<row TranType="INV" RefNbr="000007" LineNbr="1" SortOrder="1" BranchID="1" TranID="16" BatchNbr="" AccountID="37" SubID="1" CuryInfoID="107" CuryTranAmt="20.0000" TranAmt="20.0000" CuryCashDiscBal="0.0000" CashDiscBal="0.0000" CuryOrigRetainageAmt="0.0000" OrigRetainageAmt="0.0000" CuryRetainageBal="0.0000" RetainageBal="0.0000" CuryOrigTranAmt="0.0000" OrigTranAmt="0.0000" CuryTranBal="0.0000" TranBal="0.0000" CuryTaxableAmt="0.0000" TaxableAmt="0.0000" CuryTaxAmt="0.0000" TaxAmt="0.0000" CuryRetainedTaxableAmt="0.0000" RetainedTaxableAmt="0.0000" CuryRetainedTaxAmt="0.0000" RetainedTaxAmt="0.0000" Qty="1.000000" BaseQty="1.000000" CuryUnitCost="20.000000" ManualPrice="0" ManualDisc="0" CuryLineAmt="20.0000" LineAmt="20.0000" OrigGroupDiscountRate="1.000000000000000000" OrigDocumentDiscountRate="1.000000000000000000" GroupDiscountRate="1.000000000000000000" DocumentDiscountRate="1.000000000000000000" UnitCost="20.000000" TranClass=" " DrCr="D" TranDate="2014-02-15 00:00:00" TranDesc="Advertising" Released="1" NonBillable="0" InventoryID="24" UOM="HOUR" LineType="  " TaxCategoryID="EXEMPT" CreatedByID="b5344897-037e-4d58-b5c3-1bdfd0f47bf9" CreatedByScreenID="AP301000" CreatedDateTime="2014-10-28 10:35:29.903" LastModifiedByID="b5344897-037e-4d58-b5c3-1bdfd0f47bf9" LastModifiedByScreenID="AP501000" LastModifiedDateTime="2014-10-28 10:36:06.017" FinPeriodID="201402" TranPeriodID="201402" VendorID="16" ProjectID="0" DiscAmt="0.0000" CuryDiscAmt="0.0000" DiscPct="0.000000" POPPVAmt="0.0000" RetainagePct="0.000000" CuryRetainageAmt="0.0000" RetainageAmt="0.0000" NoteID="f2f2f7e2-745e-e411-8fe6-74d435e7799b" />
		<row TranType="INV" RefNbr="000013" LineNbr="1" SortOrder="1" BranchID="1" TranID="1022" BatchNbr="" AccountID="37" SubID="1" CuryInfoID="10162" CuryTranAmt="40.0000" TranAmt="40.0000" CuryCashDiscBal="0.0000" CashDiscBal="0.0000" CuryOrigRetainageAmt="0.0000" OrigRetainageAmt="0.0000" CuryRetainageBal="0.0000" RetainageBal="0.0000" CuryOrigTranAmt="0.0000" OrigTranAmt="0.0000" CuryTranBal="0.0000" TranBal="0.0000" CuryTaxableAmt="0.0000" TaxableAmt="0.0000" CuryTaxAmt="0.0000" TaxAmt="0.0000" CuryRetainedTaxableAmt="0.0000" RetainedTaxableAmt="0.0000" CuryRetainedTaxAmt="0.0000" RetainedTaxAmt="0.0000" Qty="2.000000" BaseQty="2.000000" CuryUnitCost="20.000000" ManualPrice="0" ManualDisc="0" CuryLineAmt="40.0000" LineAmt="40.0000" OrigGroupDiscountRate="1.000000000000000000" OrigDocumentDiscountRate="1.000000000000000000" GroupDiscountRate="1.000000000000000000" DocumentDiscountRate="1.000000000000000000" UnitCost="20.000000" TranClass=" " DrCr="D" TranDate="2014-03-07 00:00:00" TranDesc="Advertising" Released="1" NonBillable="0" InventoryID="24" UOM="HOUR" LineType="  " TaxCategoryID="EXEMPT" CreatedByID="b5344897-037e-4d58-b5c3-1bdfd0f47bf9" CreatedByScreenID="AP301000" CreatedDateTime="2014-10-31 11:10:47.573" LastModifiedByID="b5344897-037e-4d58-b5c3-1bdfd0f47bf9" LastModifiedByScreenID="AP501000" LastModifiedDateTime="2014-10-31 11:11:40.59" FinPeriodID="201403" TranPeriodID="201403" VendorID="16" ProjectID="0" DiscAmt="0.0000" CuryDiscAmt="0.0000" DiscPct="0.000000" POPPVAmt="0.0000" RetainagePct="0.000000" CuryRetainageAmt="0.0000" RetainageAmt="0.0000" NoteID="0cf5135e-d560-e411-9d94-74d435e7799b" />
		<row TranType="INV" RefNbr="000014" LineNbr="1" SortOrder="1" BranchID="1" TranID="1023" BatchNbr="" AccountID="37" SubID="1" CuryInfoID="10163" CuryTranAmt="60.0000" TranAmt="60.0000" CuryCashDiscBal="0.0000" CashDiscBal="0.0000" CuryOrigRetainageAmt="0.0000" OrigRetainageAmt="0.0000" CuryRetainageBal="0.0000" RetainageBal="0.0000" CuryOrigTranAmt="0.0000" OrigTranAmt="0.0000" CuryTranBal="0.0000" TranBal="0.0000" CuryTaxableAmt="0.0000" TaxableAmt="0.0000" CuryTaxAmt="0.0000" TaxAmt="0.0000" CuryRetainedTaxableAmt="0.0000" RetainedTaxableAmt="0.0000" CuryRetainedTaxAmt="0.0000" RetainedTaxAmt="0.0000" Qty="3.000000" BaseQty="3.000000" CuryUnitCost="20.000000" ManualPrice="0" ManualDisc="0" CuryLineAmt="60.0000" LineAmt="60.0000" OrigGroupDiscountRate="1.000000000000000000" OrigDocumentDiscountRate="1.000000000000000000" GroupDiscountRate="1.000000000000000000" DocumentDiscountRate="1.000000000000000000" UnitCost="20.000000" TranClass=" " DrCr="D" TranDate="2014-03-08 00:00:00" TranDesc="Advertising" Released="1" NonBillable="0" InventoryID="24" UOM="HOUR" LineType="  " TaxCategoryID="EXEMPT" CreatedByID="b5344897-037e-4d58-b5c3-1bdfd0f47bf9" CreatedByScreenID="AP301000" CreatedDateTime="2014-10-31 11:11:34.06" LastModifiedByID="b5344897-037e-4d58-b5c3-1bdfd0f47bf9" LastModifiedByScreenID="AP501000" LastModifiedDateTime="2014-10-31 11:11:40.69" FinPeriodID="201403" TranPeriodID="201403" VendorID="16" ProjectID="0" DiscAmt="0.0000" CuryDiscAmt="0.0000" DiscPct="0.000000" POPPVAmt="0.0000" RetainagePct="0.000000" CuryRetainageAmt="0.0000" RetainageAmt="0.0000" NoteID="43cd5080-d560-e411-9d94-74d435e7799b" />
		<row TranType="PPM" RefNbr="000012" LineNbr="1" SortOrder="1" BranchID="1" TranID="1021" BatchNbr="" AccountID="37" SubID="1" CuryInfoID="10157" CuryTranAmt="200.0000" TranAmt="200.0000" CuryCashDiscBal="0.0000" CashDiscBal="0.0000" CuryOrigRetainageAmt="0.0000" OrigRetainageAmt="0.0000" CuryRetainageBal="0.0000" RetainageBal="0.0000" CuryOrigTranAmt="0.0000" OrigTranAmt="0.0000" CuryTranBal="0.0000" TranBal="0.0000" CuryTaxableAmt="0.0000" TaxableAmt="0.0000" CuryTaxAmt="0.0000" TaxAmt="0.0000" CuryRetainedTaxableAmt="0.0000" RetainedTaxableAmt="0.0000" CuryRetainedTaxAmt="0.0000" RetainedTaxAmt="0.0000" Qty="0.000000" BaseQty="0.000000" CuryUnitCost="20.000000" ManualPrice="1" ManualDisc="0" CuryLineAmt="200.0000" LineAmt="200.0000" OrigGroupDiscountRate="1.000000000000000000" OrigDocumentDiscountRate="1.000000000000000000" GroupDiscountRate="1.000000000000000000" DocumentDiscountRate="1.000000000000000000" UnitCost="20.000000" TranClass=" " DrCr="D" TranDate="2014-03-06 00:00:00" TranDesc="Advertising" Released="0" NonBillable="0" InventoryID="24" UOM="HOUR" LineType="  " TaxCategoryID="EXEMPT" CreatedByID="b5344897-037e-4d58-b5c3-1bdfd0f47bf9" CreatedByScreenID="AP301000" CreatedDateTime="2014-10-31 09:40:15.047" LastModifiedByID="b5344897-037e-4d58-b5c3-1bdfd0f47bf9" LastModifiedByScreenID="AP301000" LastModifiedDateTime="2014-10-31 09:40:15.047" FinPeriodID="201403" TranPeriodID="201403" VendorID="16" ProjectID="0" DiscAmt="0.0000" CuryDiscAmt="0.0000" DiscPct="0.000000" POPPVAmt="0.0000" RetainagePct="0.000000" CuryRetainageAmt="0.0000" RetainageAmt="0.0000" NoteID="14bdb3a6-c860-e411-9d94-74d435e7799b" />
	</rows>
</data>