﻿<?xml version="1.0" encoding="utf-8"?>
<data>
	<table name="ARAdjust">
		<col name="CompanyID" type="Int" default="Zero" />
		<col name="CustomerID" type="Int" />
		<col name="AdjdCustomerID" type="Int" />
		<col name="AdjdBranchID" type="Int" />
		<col name="AdjdDocType" type="Char(3)" />
		<col name="AdjdRefNbr" type="NVarChar(15)" />
		<col name="AdjgBranchID" type="Int" />
		<col name="AdjgDocType" type="Char(3)" />
		<col name="AdjgRefNbr" type="NVarChar(15)" />
		<col name="AdjNbr" type="Int" />
		<col name="AdjdOrderType" type="Char(2)" nullable="true" />
		<col name="AdjdOrderNbr" type="NVarChar(15)" nullable="true" />
		<col name="AdjBatchNbr" type="NVarChar(15)" nullable="true" />
		<col name="AdjdCuryInfoID" type="BigInt" />
		<col name="AdjgCuryInfoID" type="BigInt" />
		<col name="AdjgDocDate" type="SmallDateTime" />
		<col name="AdjdDocDate" type="SmallDateTime" />
		<col name="CuryAdjgAmt" type="Decimal(19,4)" nullable="true" />
		<col name="CuryAdjgDiscAmt" type="Decimal(19,4)" nullable="true" />
		<col name="CuryAdjgPPDAmt" type="Decimal(19,4)" nullable="true" />
		<col name="CuryAdjgWOAmt" type="Decimal(19,4)" default="Zero" />
		<col name="CuryAdjdAmt" type="Decimal(19,4)" nullable="true" />
		<col name="CuryAdjdOrigAmt" type="Decimal(19,4)" nullable="true" />
		<col name="CuryAdjdDiscAmt" type="Decimal(19,4)" nullable="true" />
		<col name="CuryAdjdPPDAmt" type="Decimal(19,4)" nullable="true" />
		<col name="CuryAdjdWOAmt" type="Decimal(19,4)" default="Zero" />
		<col name="AdjAmt" type="Decimal(19,4)" nullable="true" />
		<col name="AdjDiscAmt" type="Decimal(19,4)" nullable="true" />
		<col name="AdjPPDAmt" type="Decimal(19,4)" nullable="true" />
		<col name="AdjWOAmt" type="Decimal(19,4)" default="Zero" />
		<col name="WriteOffReasonCode" type="NVarChar(20)" nullable="true" />
		<col name="RGOLAmt" type="Decimal(19,4)" nullable="true" />
		<col name="Released" type="Bit" />
		<col name="Hold" type="Bit" default="Zero" />
		<col name="AdjdARAcct" type="Int" />
		<col name="AdjdARSub" type="Int" />
		<col name="StatementDate" type="SmallDateTime" nullable="true" />
		<col name="tstamp" type="Timestamp" />
		<col name="CreatedByID" type="UniqueIdentifier" />
		<col name="CreatedByScreenID" type="Char(8)" />
		<col name="CreatedDateTime" type="DateTime" />
		<col name="LastModifiedByID" type="UniqueIdentifier" />
		<col name="LastModifiedByScreenID" type="Char(8)" />
		<col name="LastModifiedDateTime" type="DateTime" />
		<col name="AdjdOrigCuryInfoID" type="BigInt" />
		<col name="AdjgFinPeriodID" type="Char(6)" />
		<col name="AdjdFinPeriodID" type="Char(6)" />
		<col name="AdjgTranPeriodID" type="Char(6)" />
		<col name="AdjdTranPeriodID" type="Char(6)" />
		<col name="Voided" type="Bit" />
		<col name="VoidAdjNbr" type="Int" nullable="true" />
		<col name="PPDCrMemoRefNbr" type="NVarChar(15)" nullable="true" />
		<col name="PendingPPD" type="Bit" default="Zero" />
		<col name="AdjdHasPPDTaxes" type="Bit" default="Zero" />
		<col name="TaxInvoiceNbr" type="NVarChar(15)" nullable="true" />
		<col name="IsMigratedRecord" type="Bit" default="Zero" />
		<col name="IsInitialApplication" type="Bit" default="Zero" />
		<col name="NoteID" type="UniqueIdentifier" nullable="true" />
	</table>
	<rows>
		<row CustomerID="21" AdjdCustomerID="21" AdjdBranchID="1" AdjdDocType="INV" AdjdRefNbr="000002" AdjgBranchID="1" AdjgDocType="CRM" AdjgRefNbr="000007" AdjNbr="1" AdjdCuryInfoID="20233" AdjgCuryInfoID="20231" AdjgDocDate="2014-03-01 00:00:00" AdjdDocDate="2014-02-01 00:00:00" CuryAdjgAmt="80.0000" CuryAdjgDiscAmt="0.0000" CuryAdjgPPDAmt="0.0000" CuryAdjgWOAmt="0.0000" CuryAdjdAmt="80.0000" CuryAdjdOrigAmt="0.0000" CuryAdjdDiscAmt="0.0000" CuryAdjdPPDAmt="0.0000" CuryAdjdWOAmt="0.0000" AdjAmt="80.0000" AdjDiscAmt="0.0000" AdjPPDAmt="0.0000" AdjWOAmt="0.0000" RGOLAmt="0.0000" Released="1" Hold="0" AdjdARAcct="40" AdjdARSub="1" CreatedByID="b5344897-037e-4d58-b5c3-1bdfd0f47bf9" CreatedByScreenID="AR301000" CreatedDateTime="2014-11-18 12:14:36.293" LastModifiedByID="b5344897-037e-4d58-b5c3-1bdfd0f47bf9" LastModifiedByScreenID="AR302000" LastModifiedDateTime="2014-11-18 12:14:36.71" AdjdOrigCuryInfoID="20202" AdjgFinPeriodID="201403" AdjdFinPeriodID="201402" AdjgTranPeriodID="201403" AdjdTranPeriodID="201402" Voided="0" PendingPPD="0" AdjdHasPPDTaxes="0" IsMigratedRecord="0" IsInitialApplication="0" NoteID="85cdbd37-036f-e411-8157-74d435e7799b" />
		<row CustomerID="18" AdjdCustomerID="18" AdjdBranchID="1" AdjdDocType="INV" AdjdRefNbr="000003" AdjgBranchID="1" AdjgDocType="PMT" AdjgRefNbr="000001" AdjNbr="3" AdjdCuryInfoID="20213" AdjgCuryInfoID="20209" AdjgDocDate="2014-03-03 00:00:00" AdjdDocDate="2014-02-01 00:00:00" CuryAdjgAmt="500.0000" CuryAdjgDiscAmt="0.0000" CuryAdjgPPDAmt="0.0000" CuryAdjgWOAmt="0.0000" CuryAdjdAmt="500.0000" CuryAdjdOrigAmt="0.0000" CuryAdjdDiscAmt="0.0000" CuryAdjdPPDAmt="0.0000" CuryAdjdWOAmt="0.0000" AdjAmt="500.0000" AdjDiscAmt="0.0000" AdjPPDAmt="0.0000" AdjWOAmt="0.0000" RGOLAmt="0.0000" Released="1" Hold="0" AdjdARAcct="40" AdjdARSub="1" CreatedByID="b5344897-037e-4d58-b5c3-1bdfd0f47bf9" CreatedByScreenID="AR302000" CreatedDateTime="2014-11-17 13:32:12.653" LastModifiedByID="b5344897-037e-4d58-b5c3-1bdfd0f47bf9" LastModifiedByScreenID="AR302000" LastModifiedDateTime="2014-11-17 13:32:13.013" AdjdOrigCuryInfoID="20203" AdjgFinPeriodID="201403" AdjdFinPeriodID="201402" AdjgTranPeriodID="201403" AdjdTranPeriodID="201402" Voided="0" PendingPPD="0" AdjdHasPPDTaxes="0" IsMigratedRecord="0" IsInitialApplication="0" NoteID="80a614e8-446e-e411-8043-74d435e7799b" />
		<row CustomerID="19" AdjdCustomerID="19" AdjdBranchID="1" AdjdDocType="INV" AdjdRefNbr="000001" AdjgBranchID="1" AdjgDocType="PMT" AdjgRefNbr="000002" AdjNbr="1" AdjBatchNbr="000002" AdjdCuryInfoID="20211" AdjgCuryInfoID="20210" AdjgDocDate="2014-02-28 00:00:00" AdjdDocDate="2014-02-01 00:00:00" CuryAdjgAmt="300.0000" CuryAdjgDiscAmt="0.0000" CuryAdjgPPDAmt="0.0000" CuryAdjgWOAmt="0.0000" CuryAdjdAmt="300.0000" CuryAdjdOrigAmt="0.0000" CuryAdjdDiscAmt="0.0000" CuryAdjdPPDAmt="0.0000" CuryAdjdWOAmt="0.0000" AdjAmt="300.0000" AdjDiscAmt="0.0000" AdjPPDAmt="0.0000" AdjWOAmt="0.0000" RGOLAmt="0.0000" Released="1" Hold="0" AdjdARAcct="40" AdjdARSub="1" CreatedByID="b5344897-037e-4d58-b5c3-1bdfd0f47bf9" CreatedByScreenID="AR301000" CreatedDateTime="2014-11-17 13:28:35.187" LastModifiedByID="b5344897-037e-4d58-b5c3-1bdfd0f47bf9" LastModifiedByScreenID="AR501000" LastModifiedDateTime="2014-11-17 13:29:18.453" AdjdOrigCuryInfoID="20201" AdjgFinPeriodID="201402" AdjdFinPeriodID="201402" AdjgTranPeriodID="201402" AdjdTranPeriodID="201402" Voided="0" PendingPPD="0" AdjdHasPPDTaxes="0" IsMigratedRecord="0" IsInitialApplication="0" NoteID="6f33e85e-446e-e411-8043-74d435e7799b" />
		<row CustomerID="20" AdjdCustomerID="20" AdjdBranchID="1" AdjdDocType="SMC" AdjdRefNbr="000011" AdjgBranchID="1" AdjgDocType="PMT" AdjgRefNbr="000003" AdjNbr="-1" AdjBatchNbr="000016" AdjdCuryInfoID="20246" AdjgCuryInfoID="20216" AdjgDocDate="2014-03-31 00:00:00" AdjdDocDate="2014-03-31 00:00:00" CuryAdjgAmt="5.0000" CuryAdjgDiscAmt="0.0000" CuryAdjgPPDAmt="0.0000" CuryAdjgWOAmt="0.0000" CuryAdjdAmt="5.0000" CuryAdjdOrigAmt="0.0000" CuryAdjdDiscAmt="0.0000" CuryAdjdPPDAmt="0.0000" CuryAdjdWOAmt="0.0000" AdjAmt="5.0000" AdjDiscAmt="0.0000" AdjPPDAmt="0.0000" AdjWOAmt="0.0000" WriteOffReasonCode="BALANCEWO" RGOLAmt="0.0000" Released="1" Hold="0" AdjdARAcct="40" AdjdARSub="1" CreatedByID="b5344897-037e-4d58-b5c3-1bdfd0f47bf9" CreatedByScreenID="AR505000" CreatedDateTime="2014-11-19 16:05:14.15" LastModifiedByID="b5344897-037e-4d58-b5c3-1bdfd0f47bf9" LastModifiedByScreenID="AR505000" LastModifiedDateTime="2014-11-19 16:05:15.38" AdjdOrigCuryInfoID="20246" AdjgFinPeriodID="201403" AdjdFinPeriodID="201403" AdjgTranPeriodID="201403" AdjdTranPeriodID="201403" Voided="0" PendingPPD="0" AdjdHasPPDTaxes="0" IsMigratedRecord="0" IsInitialApplication="0" NoteID="fa5aa6b2-ec6f-e411-99d2-74d435e7799b" />
		<row CustomerID="20" AdjdCustomerID="20" AdjdBranchID="1" AdjdDocType="INV" AdjdRefNbr="000004" AdjgBranchID="1" AdjgDocType="PMT" AdjgRefNbr="000003" AdjNbr="2" AdjBatchNbr="000005" AdjdCuryInfoID="20217" AdjgCuryInfoID="20216" AdjgDocDate="2014-03-04 00:00:00" AdjdDocDate="2014-02-25 00:00:00" CuryAdjgAmt="485.0000" CuryAdjgDiscAmt="15.0000" CuryAdjgPPDAmt="15.0000" CuryAdjgWOAmt="0.0000" CuryAdjdAmt="485.0000" CuryAdjdOrigAmt="0.0000" CuryAdjdDiscAmt="15.0000" CuryAdjdPPDAmt="15.0000" CuryAdjdWOAmt="0.0000" AdjAmt="485.0000" AdjDiscAmt="15.0000" AdjPPDAmt="15.0000" AdjWOAmt="0.0000" RGOLAmt="0.0000" Released="1" Hold="0" AdjdARAcct="40" AdjdARSub="1" CreatedByID="b5344897-037e-4d58-b5c3-1bdfd0f47bf9" CreatedByScreenID="AR302000" CreatedDateTime="2014-11-18 10:41:07.563" LastModifiedByID="b5344897-037e-4d58-b5c3-1bdfd0f47bf9" LastModifiedByScreenID="AR302000" LastModifiedDateTime="2014-11-18 10:41:09.143" AdjdOrigCuryInfoID="20204" AdjgFinPeriodID="201403" AdjdFinPeriodID="201402" AdjgTranPeriodID="201403" AdjdTranPeriodID="201402" Voided="0" PendingPPD="0" AdjdHasPPDTaxes="0" IsMigratedRecord="0" IsInitialApplication="0" NoteID="b9a12ae8-f56e-e411-8157-74d435e7799b" />
		<row CustomerID="18" AdjdCustomerID="18" AdjdBranchID="1" AdjdDocType="DRM" AdjdRefNbr="000006" AdjgBranchID="1" AdjgDocType="PMT" AdjgRefNbr="000005" AdjNbr="1" AdjBatchNbr="000010" AdjdCuryInfoID="20228" AdjgCuryInfoID="20227" AdjgDocDate="2014-03-20 00:00:00" AdjdDocDate="2014-03-01 00:00:00" CuryAdjgAmt="70.0000" CuryAdjgDiscAmt="0.0000" CuryAdjgPPDAmt="0.0000" CuryAdjgWOAmt="0.0000" CuryAdjdAmt="70.0000" CuryAdjdOrigAmt="0.0000" CuryAdjdDiscAmt="0.0000" CuryAdjdPPDAmt="0.0000" CuryAdjdWOAmt="0.0000" AdjAmt="70.0000" AdjDiscAmt="0.0000" AdjPPDAmt="0.0000" AdjWOAmt="0.0000" RGOLAmt="0.0000" Released="1" Hold="0" AdjdARAcct="40" AdjdARSub="1" CreatedByID="b5344897-037e-4d58-b5c3-1bdfd0f47bf9" CreatedByScreenID="AR301000" CreatedDateTime="2014-11-18 12:03:07.497" LastModifiedByID="b5344897-037e-4d58-b5c3-1bdfd0f47bf9" LastModifiedByScreenID="AR302000" LastModifiedDateTime="2014-11-18 12:03:08.057" AdjdOrigCuryInfoID="20225" AdjgFinPeriodID="201403" AdjdFinPeriodID="201403" AdjgTranPeriodID="201403" AdjdTranPeriodID="201403" Voided="0" PendingPPD="0" AdjdHasPPDTaxes="0" IsMigratedRecord="0" IsInitialApplication="0" NoteID="41168e57-016f-e411-8157-74d435e7799b" />
		<row CustomerID="18" AdjdCustomerID="18" AdjdBranchID="1" AdjdDocType="INV" AdjdRefNbr="000003" AdjgBranchID="1" AdjgDocType="PMT" AdjgRefNbr="000005" AdjNbr="1" AdjBatchNbr="000010" AdjdCuryInfoID="20229" AdjgCuryInfoID="20227" AdjgDocDate="2014-03-20 00:00:00" AdjdDocDate="2014-02-01 00:00:00" CuryAdjgAmt="500.0000" CuryAdjgDiscAmt="0.0000" CuryAdjgPPDAmt="0.0000" CuryAdjgWOAmt="0.0000" CuryAdjdAmt="500.0000" CuryAdjdOrigAmt="0.0000" CuryAdjdDiscAmt="0.0000" CuryAdjdPPDAmt="0.0000" CuryAdjdWOAmt="0.0000" AdjAmt="500.0000" AdjDiscAmt="0.0000" AdjPPDAmt="0.0000" AdjWOAmt="0.0000" RGOLAmt="0.0000" Released="1" Hold="0" AdjdARAcct="40" AdjdARSub="1" CreatedByID="b5344897-037e-4d58-b5c3-1bdfd0f47bf9" CreatedByScreenID="AR301000" CreatedDateTime="2014-11-18 12:03:07.5" LastModifiedByID="b5344897-037e-4d58-b5c3-1bdfd0f47bf9" LastModifiedByScreenID="AR302000" LastModifiedDateTime="2014-11-18 12:03:08.06" AdjdOrigCuryInfoID="20203" AdjgFinPeriodID="201403" AdjdFinPeriodID="201402" AdjgTranPeriodID="201403" AdjdTranPeriodID="201402" Voided="0" PendingPPD="0" AdjdHasPPDTaxes="0" IsMigratedRecord="0" IsInitialApplication="0" NoteID="14be7370-016f-e411-8157-74d435e7799b" />
		<row CustomerID="21" AdjdCustomerID="21" AdjdBranchID="1" AdjdDocType="FCH" AdjdRefNbr="000010" AdjgBranchID="1" AdjgDocType="PMT" AdjgRefNbr="000007" AdjNbr="1" AdjBatchNbr="000015" AdjdCuryInfoID="20244" AdjgCuryInfoID="20242" AdjgDocDate="2014-03-31 00:00:00" AdjdDocDate="2014-03-31 00:00:00" CuryAdjgAmt="10.0000" CuryAdjgDiscAmt="0.0000" CuryAdjgPPDAmt="0.0000" CuryAdjgWOAmt="0.0000" CuryAdjdAmt="10.0000" CuryAdjdOrigAmt="0.0000" CuryAdjdDiscAmt="0.0000" CuryAdjdPPDAmt="0.0000" CuryAdjdWOAmt="0.0000" AdjAmt="10.0000" AdjDiscAmt="0.0000" AdjPPDAmt="0.0000" AdjWOAmt="0.0000" RGOLAmt="0.0000" Released="1" Hold="0" AdjdARAcct="40" AdjdARSub="1" CreatedByID="b5344897-037e-4d58-b5c3-1bdfd0f47bf9" CreatedByScreenID="AR302000" CreatedDateTime="2014-11-18 16:55:55.517" LastModifiedByID="b5344897-037e-4d58-b5c3-1bdfd0f47bf9" LastModifiedByScreenID="AR302000" LastModifiedDateTime="2014-11-18 16:55:56.11" AdjdOrigCuryInfoID="20240" AdjgFinPeriodID="201403" AdjdFinPeriodID="201403" AdjgTranPeriodID="201403" AdjdTranPeriodID="201403" Voided="0" PendingPPD="0" AdjdHasPPDTaxes="0" IsMigratedRecord="0" IsInitialApplication="0" NoteID="385b7f70-2a6f-e411-8157-74d435e7799b" />
		<row CustomerID="21" AdjdCustomerID="21" AdjdBranchID="1" AdjdDocType="INV" AdjdRefNbr="000002" AdjgBranchID="1" AdjgDocType="PMT" AdjgRefNbr="000007" AdjNbr="1" AdjBatchNbr="000015" AdjdCuryInfoID="20243" AdjgCuryInfoID="20242" AdjgDocDate="2014-03-31 00:00:00" AdjdDocDate="2014-02-01 00:00:00" CuryAdjgAmt="720.0000" CuryAdjgDiscAmt="0.0000" CuryAdjgPPDAmt="0.0000" CuryAdjgWOAmt="0.0000" CuryAdjdAmt="720.0000" CuryAdjdOrigAmt="0.0000" CuryAdjdDiscAmt="0.0000" CuryAdjdPPDAmt="0.0000" CuryAdjdWOAmt="0.0000" AdjAmt="720.0000" AdjDiscAmt="0.0000" AdjPPDAmt="0.0000" AdjWOAmt="0.0000" RGOLAmt="0.0000" Released="1" Hold="0" AdjdARAcct="40" AdjdARSub="1" CreatedByID="b5344897-037e-4d58-b5c3-1bdfd0f47bf9" CreatedByScreenID="AR302000" CreatedDateTime="2014-11-18 16:55:55.51" LastModifiedByID="b5344897-037e-4d58-b5c3-1bdfd0f47bf9" LastModifiedByScreenID="AR302000" LastModifiedDateTime="2014-11-18 16:55:56.117" AdjdOrigCuryInfoID="20202" AdjgFinPeriodID="201403" AdjdFinPeriodID="201402" AdjgTranPeriodID="201403" AdjdTranPeriodID="201402" Voided="0" PendingPPD="0" AdjdHasPPDTaxes="0" IsMigratedRecord="0" IsInitialApplication="0" NoteID="375b7f70-2a6f-e411-8157-74d435e7799b" />
		<row CustomerID="18" AdjdCustomerID="18" AdjdBranchID="1" AdjdDocType="INV" AdjdRefNbr="000009" AdjgBranchID="1" AdjgDocType="PMT" AdjgRefNbr="000008" AdjNbr="1" AdjBatchNbr="000018" AdjdCuryInfoID="20254" AdjgCuryInfoID="20253" AdjgDocDate="2014-04-10 00:00:00" AdjdDocDate="2014-03-15 00:00:00" CuryAdjgAmt="59.9000" CuryAdjgDiscAmt="0.0000" CuryAdjgPPDAmt="0.0000" CuryAdjgWOAmt="0.1000" CuryAdjdAmt="59.9000" CuryAdjdOrigAmt="0.0000" CuryAdjdDiscAmt="0.0000" CuryAdjdPPDAmt="0.0000" CuryAdjdWOAmt="0.1000" AdjAmt="59.9000" AdjDiscAmt="0.0000" AdjPPDAmt="0.0000" AdjWOAmt="0.1000" WriteOffReasonCode="BALANCEWO" RGOLAmt="0.0000" Released="1" Hold="0" AdjdARAcct="40" AdjdARSub="1" CreatedByID="b5344897-037e-4d58-b5c3-1bdfd0f47bf9" CreatedByScreenID="AR302000" CreatedDateTime="2014-11-19 16:25:50.807" LastModifiedByID="b5344897-037e-4d58-b5c3-1bdfd0f47bf9" LastModifiedByScreenID="AR302000" LastModifiedDateTime="2014-11-19 16:25:51.497" AdjdOrigCuryInfoID="20238" AdjgFinPeriodID="201404" AdjdFinPeriodID="201403" AdjgTranPeriodID="201404" AdjdTranPeriodID="201403" Voided="0" PendingPPD="0" AdjdHasPPDTaxes="0" IsMigratedRecord="0" IsInitialApplication="0" NoteID="c88aec4b-ef6f-e411-99d2-74d435e7799b" />
		<row CustomerID="30" AdjdCustomerID="30" AdjdBranchID="1" AdjdDocType="INV" AdjdRefNbr="000013" AdjgBranchID="1" AdjgDocType="PMT" AdjgRefNbr="000013" AdjNbr="1" AdjdOrderType="SO" AdjdOrderNbr="000006" AdjdCuryInfoID="663981" AdjgCuryInfoID="663977" AdjgDocDate="2020-01-14 00:00:00" AdjdDocDate="2020-01-14 00:00:00" CuryAdjgAmt="422.2400" CuryAdjgDiscAmt="0.0000" CuryAdjgPPDAmt="0.0000" CuryAdjgWOAmt="0.0000" CuryAdjdAmt="422.2400" CuryAdjdOrigAmt="422.2400" CuryAdjdDiscAmt="0.0000" CuryAdjdPPDAmt="0.0000" CuryAdjdWOAmt="0.0000" AdjAmt="422.2400" AdjDiscAmt="0.0000" AdjPPDAmt="0.0000" AdjWOAmt="0.0000" WriteOffReasonCode="BALANCEWO" RGOLAmt="0.0000" Released="1" Hold="0" AdjdARAcct="40" AdjdARSub="1" CreatedByID="b5344897-037e-4d58-b5c3-1bdfd0f47bf9" CreatedByScreenID="SO302000" CreatedDateTime="2020-01-14 15:08:46.09" LastModifiedByID="b5344897-037e-4d58-b5c3-1bdfd0f47bf9" LastModifiedByScreenID="SO303000" LastModifiedDateTime="2020-01-14 15:08:57.607" AdjdOrigCuryInfoID="663981" AdjgFinPeriodID="202001" AdjdFinPeriodID="202001" AdjgTranPeriodID="202001" AdjdTranPeriodID="202001" Voided="0" PendingPPD="0" AdjdHasPPDTaxes="0" IsMigratedRecord="0" IsInitialApplication="0" NoteID="40f7af0b-1237-ea11-a6f2-9cb6d0c82c0c" />
		<row CustomerID="19" AdjdCustomerID="19" AdjdBranchID="1" AdjdDocType="INV" AdjdRefNbr="000005" AdjgBranchID="1" AdjgDocType="PPM" AdjgRefNbr="000004" AdjNbr="4" AdjBatchNbr="000008" AdjdCuryInfoID="20223" AdjgCuryInfoID="20219" AdjgDocDate="2014-03-15 00:00:00" AdjdDocDate="2014-03-15 00:00:00" CuryAdjgAmt="50.0000" CuryAdjgDiscAmt="0.0000" CuryAdjgPPDAmt="0.0000" CuryAdjgWOAmt="0.0000" CuryAdjdAmt="50.0000" CuryAdjdOrigAmt="0.0000" CuryAdjdDiscAmt="0.0000" CuryAdjdPPDAmt="0.0000" CuryAdjdWOAmt="0.0000" AdjAmt="50.0000" AdjDiscAmt="0.0000" AdjPPDAmt="0.0000" AdjWOAmt="0.0000" RGOLAmt="0.0000" Released="1" Hold="0" AdjdARAcct="40" AdjdARSub="1" CreatedByID="b5344897-037e-4d58-b5c3-1bdfd0f47bf9" CreatedByScreenID="AR302000" CreatedDateTime="2014-11-18 11:09:40.54" LastModifiedByID="b5344897-037e-4d58-b5c3-1bdfd0f47bf9" LastModifiedByScreenID="AR302000" LastModifiedDateTime="2014-11-18 11:09:40.767" AdjdOrigCuryInfoID="20221" AdjgFinPeriodID="201403" AdjdFinPeriodID="201403" AdjgTranPeriodID="201403" AdjdTranPeriodID="201403" Voided="0" PendingPPD="0" AdjdHasPPDTaxes="0" IsMigratedRecord="0" IsInitialApplication="0" NoteID="98795f38-fa6e-e411-8157-74d435e7799b" />
		<row CustomerID="19" AdjdCustomerID="19" AdjdBranchID="1" AdjdDocType="PPM" AdjdRefNbr="000004" AdjgBranchID="1" AdjgDocType="REF" AdjgRefNbr="000006" AdjNbr="0" AdjBatchNbr="000012" AdjdCuryInfoID="20235" AdjgCuryInfoID="20234" AdjgDocDate="2014-03-31 00:00:00" AdjdDocDate="2014-03-01 00:00:00" CuryAdjgAmt="50.0000" CuryAdjgDiscAmt="0.0000" CuryAdjgPPDAmt="0.0000" CuryAdjgWOAmt="0.0000" CuryAdjdAmt="50.0000" CuryAdjdOrigAmt="0.0000" CuryAdjdDiscAmt="0.0000" CuryAdjdPPDAmt="0.0000" CuryAdjdWOAmt="0.0000" AdjAmt="50.0000" AdjDiscAmt="0.0000" AdjPPDAmt="0.0000" AdjWOAmt="0.0000" RGOLAmt="0.0000" Released="1" Hold="0" AdjdARAcct="41" AdjdARSub="1" CreatedByID="b5344897-037e-4d58-b5c3-1bdfd0f47bf9" CreatedByScreenID="AR302000" CreatedDateTime="2014-11-18 12:29:15.893" LastModifiedByID="b5344897-037e-4d58-b5c3-1bdfd0f47bf9" LastModifiedByScreenID="AR302000" LastModifiedDateTime="2014-11-18 12:29:16.17" AdjdOrigCuryInfoID="20219" AdjgFinPeriodID="201403" AdjdFinPeriodID="201403" AdjgTranPeriodID="201403" AdjdTranPeriodID="201403" Voided="0" PendingPPD="0" AdjdHasPPDTaxes="0" IsMigratedRecord="0" IsInitialApplication="0" NoteID="3420bb01-056f-e411-8157-74d435e7799b" />
		<row CustomerID="30" AdjdCustomerID="30" AdjdBranchID="1" AdjdDocType="PMT" AdjdRefNbr="000015" AdjgBranchID="1" AdjgDocType="REF" AdjgRefNbr="000016" AdjNbr="0" AdjBatchNbr="000027" AdjdCuryInfoID="663993" AdjgCuryInfoID="663992" AdjgDocDate="2020-01-16 00:00:00" AdjdDocDate="2020-01-16 00:00:00" CuryAdjgAmt="159.7500" CuryAdjgDiscAmt="0.0000" CuryAdjgPPDAmt="0.0000" CuryAdjgWOAmt="0.0000" CuryAdjdAmt="159.7500" CuryAdjdOrigAmt="0.0000" CuryAdjdDiscAmt="0.0000" CuryAdjdPPDAmt="0.0000" CuryAdjdWOAmt="0.0000" AdjAmt="159.7500" AdjDiscAmt="0.0000" AdjPPDAmt="0.0000" AdjWOAmt="0.0000" WriteOffReasonCode="BALANCEWO" RGOLAmt="0.0000" Released="1" Hold="0" AdjdARAcct="40" AdjdARSub="1" CreatedByID="b5344897-037e-4d58-b5c3-1bdfd0f47bf9" CreatedByScreenID="AR302000" CreatedDateTime="2020-01-16 17:23:40.83" LastModifiedByID="b5344897-037e-4d58-b5c3-1bdfd0f47bf9" LastModifiedByScreenID="AR302000" LastModifiedDateTime="2020-01-16 17:23:43" AdjdOrigCuryInfoID="663988" AdjgFinPeriodID="202001" AdjdFinPeriodID="202001" AdjgTranPeriodID="202001" AdjdTranPeriodID="202001" Voided="0" PendingPPD="0" AdjdHasPPDTaxes="0" IsMigratedRecord="0" IsInitialApplication="0" NoteID="aacef338-b738-ea11-a6f3-9cb6d0c82c0c" />
		<row CustomerID="21" AdjdCustomerID="21" AdjdBranchID="1" AdjdDocType="FCH" AdjdRefNbr="000010" AdjgBranchID="1" AdjgDocType="SMB" AdjgRefNbr="000012" AdjNbr="0" AdjBatchNbr="000017" AdjdCuryInfoID="20249" AdjgCuryInfoID="20248" AdjgDocDate="2014-03-31 00:00:00" AdjdDocDate="2014-03-31 00:00:00" CuryAdjgAmt="3.8100" CuryAdjgDiscAmt="0.0000" CuryAdjgPPDAmt="0.0000" CuryAdjgWOAmt="0.0000" CuryAdjdAmt="3.8100" CuryAdjdOrigAmt="0.0000" CuryAdjdDiscAmt="0.0000" CuryAdjdPPDAmt="0.0000" CuryAdjdWOAmt="0.0000" AdjAmt="3.8100" AdjDiscAmt="0.0000" AdjPPDAmt="0.0000" AdjWOAmt="0.0000" WriteOffReasonCode="BALANCEWO" RGOLAmt="0.0000" Released="1" Hold="0" AdjdARAcct="40" AdjdARSub="1" CreatedByID="b5344897-037e-4d58-b5c3-1bdfd0f47bf9" CreatedByScreenID="AR505000" CreatedDateTime="2014-11-19 16:16:35.513" LastModifiedByID="b5344897-037e-4d58-b5c3-1bdfd0f47bf9" LastModifiedByScreenID="AR505000" LastModifiedDateTime="2014-11-19 16:16:35.953" AdjdOrigCuryInfoID="20240" AdjgFinPeriodID="201403" AdjdFinPeriodID="201403" AdjgTranPeriodID="201403" AdjdTranPeriodID="201403" Voided="0" PendingPPD="0" AdjdHasPPDTaxes="0" IsMigratedRecord="0" IsInitialApplication="0" NoteID="db53eb48-ee6f-e411-99d2-74d435e7799b" />
	</rows>
</data>