﻿<?xml version="1.0" encoding="utf-8"?>
<data>
	<table name="ARAddress">
		<col name="CompanyID" type="Int" default="Zero" />
		<col name="AddressID" type="Int" identity="true" />
		<col name="CustomerID" type="Int" />
		<col name="RevisionID" type="Int" />
		<col name="AddressLine1" type="NVarChar(50)" nullable="true" />
		<col name="AddressLine2" type="NVarChar(50)" nullable="true" />
		<col name="AddressLine3" type="NVarChar(50)" nullable="true" />
		<col name="City" type="NVarChar(50)" nullable="true" />
		<col name="State" type="NVarChar(50)" nullable="true" />
		<col name="CountryID" type="NVarChar(2)" nullable="true" />
		<col name="PostalCode" type="VarChar(20)" nullable="true" />
		<col name="IsValidated" type="Bit" />
		<col name="PseudonymizationStatus" type="Int" nullable="true" default="Zero" />
		<col name="NoteID" type="UniqueIdentifier" />
		<col name="tstamp" type="Timestamp" />
		<col name="CreatedByID" type="UniqueIdentifier" />
		<col name="CreatedByScreenID" type="Char(8)" />
		<col name="CreatedDateTime" type="DateTime" />
		<col name="LastModifiedByID" type="UniqueIdentifier" />
		<col name="LastModifiedByScreenID" type="Char(8)" />
		<col name="LastModifiedDateTime" type="DateTime" />
		<col name="IsDefaultBillAddress" type="Bit" />
		<col name="CustomerAddressID" type="Int" />
	</table>
	<rows>
		<row AddressID="9" CustomerID="19" RevisionID="1" CountryID="US" IsValidated="0" PseudonymizationStatus="0" NoteID="58f699fd-50d3-4276-b72a-f6252d2ea355" CreatedByID="b5344897-037e-4d58-b5c3-1bdfd0f47bf9" CreatedByScreenID="AR301000" CreatedDateTime="2014-11-17 11:34:47.33" LastModifiedByID="b5344897-037e-4d58-b5c3-1bdfd0f47bf9" LastModifiedByScreenID="AR301000" LastModifiedDateTime="2014-11-17 11:34:47.33" IsDefaultBillAddress="1" CustomerAddressID="19" />
		<row AddressID="10" CustomerID="21" RevisionID="1" CountryID="US" IsValidated="0" PseudonymizationStatus="0" NoteID="0262bcfa-3e50-44fe-984e-0bf580e655fb" CreatedByID="b5344897-037e-4d58-b5c3-1bdfd0f47bf9" CreatedByScreenID="AR301000" CreatedDateTime="2014-11-17 11:36:00.837" LastModifiedByID="b5344897-037e-4d58-b5c3-1bdfd0f47bf9" LastModifiedByScreenID="AR301000" LastModifiedDateTime="2014-11-17 11:36:00.837" IsDefaultBillAddress="1" CustomerAddressID="21" />
		<row AddressID="11" CustomerID="18" RevisionID="1" CountryID="US" IsValidated="0" PseudonymizationStatus="0" NoteID="2b6113f7-20e9-4b1a-aac7-30e795120871" CreatedByID="b5344897-037e-4d58-b5c3-1bdfd0f47bf9" CreatedByScreenID="AR301000" CreatedDateTime="2014-11-17 11:37:17.213" LastModifiedByID="b5344897-037e-4d58-b5c3-1bdfd0f47bf9" LastModifiedByScreenID="AR301000" LastModifiedDateTime="2014-11-17 11:37:17.213" IsDefaultBillAddress="1" CustomerAddressID="18" />
		<row AddressID="12" CustomerID="20" RevisionID="1" CountryID="US" IsValidated="0" PseudonymizationStatus="0" NoteID="fcbbf726-11d4-4870-b463-f956be67b329" CreatedByID="b5344897-037e-4d58-b5c3-1bdfd0f47bf9" CreatedByScreenID="AR301000" CreatedDateTime="2014-11-17 11:38:06.793" LastModifiedByID="b5344897-037e-4d58-b5c3-1bdfd0f47bf9" LastModifiedByScreenID="AR301000" LastModifiedDateTime="2014-11-17 11:38:06.793" IsDefaultBillAddress="1" CustomerAddressID="20" />
		<row AddressID="13" CustomerID="30" RevisionID="3" AddressLine1="123 Test Street" City="Equestria" State="ILLINOIS" CountryID="US" PostalCode="60202" IsValidated="0" PseudonymizationStatus="0" NoteID="38f7af0b-1237-ea11-a6f2-9cb6d0c82c0c" CreatedByID="b5344897-037e-4d58-b5c3-1bdfd0f47bf9" CreatedByScreenID="SO302000" CreatedDateTime="2020-01-14 15:08:46.117" LastModifiedByID="b5344897-037e-4d58-b5c3-1bdfd0f47bf9" LastModifiedByScreenID="SO302000" LastModifiedDateTime="2020-01-14 15:08:46.117" IsDefaultBillAddress="0" CustomerAddressID="39" />
		<row AddressID="14" CustomerID="30" RevisionID="3" AddressLine1="123 Test Street" City="Equestria" State="ILLINOIS" CountryID="US" PostalCode="60202" IsValidated="0" PseudonymizationStatus="0" NoteID="3af7af0b-1237-ea11-a6f2-9cb6d0c82c0c" CreatedByID="b5344897-037e-4d58-b5c3-1bdfd0f47bf9" CreatedByScreenID="SO302000" CreatedDateTime="2020-01-14 15:08:46.123" LastModifiedByID="b5344897-037e-4d58-b5c3-1bdfd0f47bf9" LastModifiedByScreenID="SO302000" LastModifiedDateTime="2020-01-14 15:08:46.123" IsDefaultBillAddress="0" CustomerAddressID="39" />
		<row AddressID="21" CustomerID="30" RevisionID="4" AddressLine1="123 Test Street" AddressLine2="" City="Equestria" State="ILLINOIS" CountryID="US" PostalCode="60202" IsValidated="0" PseudonymizationStatus="0" NoteID="b831c4fc-b938-ea11-a6f3-9cb6d0c82c0c" CreatedByID="b5344897-037e-4d58-b5c3-1bdfd0f47bf9" CreatedByScreenID="AR301000" CreatedDateTime="2020-01-16 17:43:37.543" LastModifiedByID="b5344897-037e-4d58-b5c3-1bdfd0f47bf9" LastModifiedByScreenID="AR301000" LastModifiedDateTime="2020-01-16 17:43:37.543" IsDefaultBillAddress="1" CustomerAddressID="39" />
		<row AddressID="22" CustomerID="30" RevisionID="4" AddressLine1="123 Test Street" AddressLine2="" City="Equestria" State="ILLINOIS" CountryID="US" PostalCode="60202" IsValidated="0" PseudonymizationStatus="0" NoteID="ba31c4fc-b938-ea11-a6f3-9cb6d0c82c0c" CreatedByID="b5344897-037e-4d58-b5c3-1bdfd0f47bf9" CreatedByScreenID="AR301000" CreatedDateTime="2020-01-16 17:43:37.55" LastModifiedByID="b5344897-037e-4d58-b5c3-1bdfd0f47bf9" LastModifiedByScreenID="AR301000" LastModifiedDateTime="2020-01-16 17:43:37.55" IsDefaultBillAddress="1" CustomerAddressID="39" />
	</rows>
</data>