﻿<?xml version="1.0" encoding="utf-8"?>
<data>
	<table name="ARBalances">
		<col name="CompanyID" type="Int" default="Zero" />
		<col name="BranchID" type="Int" />
		<col name="CustomerID" type="Int" />
		<col name="CustomerLocationID" type="Int" />
		<col name="CuryID" type="NVarChar(5)" nullable="true" />
		<col name="CurrentBal" type="Decimal(19,4)" />
		<col name="UnreleasedBal" type="Decimal(19,4)" />
		<col name="TotalPrepayments" type="Decimal(19,4)" />
		<col name="TotalQuotations" type="Decimal(19,4)" />
		<col name="TotalOpenOrders" type="Decimal(19,4)" />
		<col name="TotalShipped" type="Decimal(19,4)" />
		<col name="LastInvoiceDate" type="SmallDateTime" nullable="true" />
		<col name="NumberInvoicePaid" type="Int" nullable="true" />
		<col name="PaidInvoiceDays" type="Int" nullable="true" />
		<col name="AverageDaysToPay" type="Int" nullable="true" />
		<col name="CreatedByID" type="UniqueIdentifier" />
		<col name="CreatedByScreenID" type="Char(8)" />
		<col name="CreatedDateTime" type="DateTime" />
		<col name="LastModifiedByID" type="UniqueIdentifier" />
		<col name="LastModifiedByScreenID" type="Char(8)" />
		<col name="LastModifiedDateTime" type="DateTime" />
		<col name="tstamp" type="Timestamp" />
		<col name="OldInvoiceDate" type="SmallDateTime" nullable="true" />
		<col name="LastDocDate" type="SmallDateTime" nullable="true" />
		<col name="StatementRequired" type="Bit" />
	</table>
	<rows>
		<row BranchID="1" CustomerID="18" CustomerLocationID="18" CurrentBal="0.0000" UnreleasedBal="0.0000" TotalPrepayments="0.0000" TotalQuotations="0.0000" TotalOpenOrders="0.0000" TotalShipped="0.0000" CreatedByID="b5344897-037e-4d58-b5c3-1bdfd0f47bf9" CreatedByScreenID="AR301000" CreatedDateTime="2014-11-17 11:37:17.23" LastModifiedByID="b5344897-037e-4d58-b5c3-1bdfd0f47bf9" LastModifiedByScreenID="AR302000" LastModifiedDateTime="2014-11-19 16:25:51.52" LastDocDate="2014-04-10 00:00:00" StatementRequired="1" />
		<row BranchID="1" CustomerID="19" CustomerLocationID="19" CurrentBal="0.0000" UnreleasedBal="0.0000" TotalPrepayments="0.0000" TotalQuotations="0.0000" TotalOpenOrders="0.0000" TotalShipped="0.0000" CreatedByID="b5344897-037e-4d58-b5c3-1bdfd0f47bf9" CreatedByScreenID="AR301000" CreatedDateTime="2014-11-17 11:34:47.437" LastModifiedByID="b5344897-037e-4d58-b5c3-1bdfd0f47bf9" LastModifiedByScreenID="AR302000" LastModifiedDateTime="2014-11-18 12:29:16.2" LastDocDate="2014-03-31 00:00:00" StatementRequired="1" />
		<row BranchID="1" CustomerID="20" CustomerLocationID="20" CurrentBal="0.0000" UnreleasedBal="0.0000" TotalPrepayments="0.0000" TotalQuotations="0.0000" TotalOpenOrders="0.0000" TotalShipped="0.0000" CreatedByID="b5344897-037e-4d58-b5c3-1bdfd0f47bf9" CreatedByScreenID="AR611000" CreatedDateTime="2014-11-17 13:34:25.3" LastModifiedByID="b5344897-037e-4d58-b5c3-1bdfd0f47bf9" LastModifiedByScreenID="AR505000" LastModifiedDateTime="2014-11-19 16:05:15.427" LastDocDate="2014-03-31 00:00:00" StatementRequired="1" />
		<row BranchID="1" CustomerID="21" CustomerLocationID="21" CurrentBal="0.0000" UnreleasedBal="0.0000" TotalPrepayments="0.0000" TotalQuotations="0.0000" TotalOpenOrders="0.0000" TotalShipped="0.0000" CreatedByID="b5344897-037e-4d58-b5c3-1bdfd0f47bf9" CreatedByScreenID="AR611000" CreatedDateTime="2014-11-17 13:34:13.007" LastModifiedByID="b5344897-037e-4d58-b5c3-1bdfd0f47bf9" LastModifiedByScreenID="AR505000" LastModifiedDateTime="2014-11-19 16:16:35.973" LastDocDate="2014-03-31 00:00:00" StatementRequired="1" />
		<row BranchID="1" CustomerID="30" CustomerLocationID="29" CurrentBal="-1769.0600" UnreleasedBal="-60.0000" TotalPrepayments="0.0000" TotalQuotations="0.0000" TotalOpenOrders="38.3900" TotalShipped="0.0000" CreatedByID="b5344897-037e-4d58-b5c3-1bdfd0f47bf9" CreatedByScreenID="SO301000" CreatedDateTime="2019-12-05 12:10:12.157" LastModifiedByID="b5344897-037e-4d58-b5c3-1bdfd0f47bf9" LastModifiedByScreenID="SO301000" LastModifiedDateTime="2020-02-21 18:15:57.283" OldInvoiceDate="2020-02-15 00:00:00" LastDocDate="2020-01-17 00:00:00" StatementRequired="1" />
		<row BranchID="1" CustomerID="31" CustomerLocationID="30" CurrentBal="-150.0000" UnreleasedBal="0.0000" TotalPrepayments="0.0000" TotalQuotations="0.0000" TotalOpenOrders="0.0000" TotalShipped="0.0000" CreatedByID="b5344897-037e-4d58-b5c3-1bdfd0f47bf9" CreatedByScreenID="SO301000" CreatedDateTime="2020-01-16 09:17:49.383" LastModifiedByID="b5344897-037e-4d58-b5c3-1bdfd0f47bf9" LastModifiedByScreenID="SO301000" LastModifiedDateTime="2020-02-21 18:15:30.193" LastDocDate="2020-01-15 00:00:00" StatementRequired="1" />
	</rows>
</data>