﻿<?xml version="1.0" encoding="utf-8"?>
<data>
	<table name="ARContact">
		<col name="CompanyID" type="Int" default="Zero" />
		<col name="ContactID" type="Int" identity="true" />
		<col name="CustomerID" type="Int" />
		<col name="CustomerContactID" type="Int" nullable="true" />
		<col name="RevisionID" type="Int" />
		<col name="IsDefaultContact" type="Bit" />
		<col name="Title" type="NVarChar(50)" nullable="true" />
		<col name="Salutation" type="NVarChar(255)" nullable="true" />
		<col name="Attention" type="NVarChar(255)" nullable="true" />
		<col name="FullName" type="NVarChar(255)" nullable="true" />
		<col name="Email" type="NVarChar(255)" nullable="true" />
		<col name="Phone1" type="VarChar(50)" nullable="true" />
		<col name="Phone1Type" type="VarChar(3)" nullable="true" />
		<col name="Phone2" type="VarChar(50)" nullable="true" />
		<col name="Phone2Type" type="VarChar(3)" nullable="true" />
		<col name="Phone3" type="VarChar(50)" nullable="true" />
		<col name="Phone3Type" type="VarChar(3)" nullable="true" />
		<col name="Fax" type="VarChar(50)" nullable="true" />
		<col name="FaxType" type="VarChar(3)" nullable="true" />
		<col name="PseudonymizationStatus" type="Int" nullable="true" default="Zero" />
		<col name="NoteID" type="UniqueIdentifier" />
		<col name="CreatedByID" type="UniqueIdentifier" />
		<col name="CreatedByScreenID" type="Char(8)" />
		<col name="CreatedDateTime" type="DateTime" />
		<col name="LastModifiedByID" type="UniqueIdentifier" />
		<col name="LastModifiedByScreenID" type="Char(8)" />
		<col name="LastModifiedDateTime" type="DateTime" />
		<col name="tstamp" type="Timestamp" />
	</table>
	<rows>
		<row ContactID="9" CustomerID="19" CustomerContactID="19" RevisionID="1" IsDefaultContact="1" FullName="GoodCo" Phone1Type="B1" Phone2Type="B2" Phone3Type="H1" FaxType="BF" PseudonymizationStatus="0" NoteID="6051a7c1-ae55-4532-86e4-75a3e16a0c97" CreatedByID="b5344897-037e-4d58-b5c3-1bdfd0f47bf9" CreatedByScreenID="AR301000" CreatedDateTime="2014-11-17 11:34:47.333" LastModifiedByID="b5344897-037e-4d58-b5c3-1bdfd0f47bf9" LastModifiedByScreenID="AR301000" LastModifiedDateTime="2014-11-17 11:34:47.333" />
		<row ContactID="10" CustomerID="21" CustomerContactID="21" RevisionID="1" IsDefaultContact="1" FullName="LateCo" Phone1Type="B1" Phone2Type="B2" Phone3Type="H1" FaxType="BF" PseudonymizationStatus="0" NoteID="412e5c6d-eb76-4d7e-8c2f-1e565727f5f9" CreatedByID="b5344897-037e-4d58-b5c3-1bdfd0f47bf9" CreatedByScreenID="AR301000" CreatedDateTime="2014-11-17 11:36:00.837" LastModifiedByID="b5344897-037e-4d58-b5c3-1bdfd0f47bf9" LastModifiedByScreenID="AR301000" LastModifiedDateTime="2014-11-17 11:36:00.837" />
		<row ContactID="11" CustomerID="18" CustomerContactID="18" RevisionID="1" IsDefaultContact="1" Attention="Sales Manager" FullName="RegularCo" Phone1Type="B1" Phone2Type="B2" Phone3Type="H1" FaxType="BF" PseudonymizationStatus="0" NoteID="4dc84468-427d-403f-a357-2dd658493986" CreatedByID="b5344897-037e-4d58-b5c3-1bdfd0f47bf9" CreatedByScreenID="AR301000" CreatedDateTime="2014-11-17 11:37:17.213" LastModifiedByID="b5344897-037e-4d58-b5c3-1bdfd0f47bf9" LastModifiedByScreenID="AR301000" LastModifiedDateTime="2014-11-17 11:37:17.213" />
		<row ContactID="12" CustomerID="20" CustomerContactID="20" RevisionID="1" IsDefaultContact="1" Attention="Telemarketer" FullName="EarlyCo" Phone1Type="B1" Phone2Type="B2" Phone3Type="H1" FaxType="BF" PseudonymizationStatus="0" NoteID="d933015f-9cae-4fa0-b818-5e84cdea7778" CreatedByID="b5344897-037e-4d58-b5c3-1bdfd0f47bf9" CreatedByScreenID="AR301000" CreatedDateTime="2014-11-17 11:38:06.793" LastModifiedByID="b5344897-037e-4d58-b5c3-1bdfd0f47bf9" LastModifiedByScreenID="AR301000" LastModifiedDateTime="2014-11-17 11:38:06.793" />
		<row ContactID="13" CustomerID="30" CustomerContactID="30" RevisionID="3" IsDefaultContact="0" Attention="Aleksandr Jones" Email="aleks@logicautomated.com" Phone1Type="B1" Phone2Type="C" Phone3Type="H1" FaxType="BF" PseudonymizationStatus="0" NoteID="41f7af0b-1237-ea11-a6f2-9cb6d0c82c0c" CreatedByID="b5344897-037e-4d58-b5c3-1bdfd0f47bf9" CreatedByScreenID="SO302000" CreatedDateTime="2020-01-14 15:08:46.12" LastModifiedByID="b5344897-037e-4d58-b5c3-1bdfd0f47bf9" LastModifiedByScreenID="SO302000" LastModifiedDateTime="2020-01-14 15:08:46.12" />
		<row ContactID="14" CustomerID="30" CustomerContactID="30" RevisionID="3" IsDefaultContact="0" Attention="Aleksandr Jones" Email="aleks@logicautomated.com" Phone1Type="B1" Phone2Type="C" Phone3Type="H1" FaxType="BF" PseudonymizationStatus="0" NoteID="42f7af0b-1237-ea11-a6f2-9cb6d0c82c0c" CreatedByID="b5344897-037e-4d58-b5c3-1bdfd0f47bf9" CreatedByScreenID="SO302000" CreatedDateTime="2020-01-14 15:08:46.123" LastModifiedByID="b5344897-037e-4d58-b5c3-1bdfd0f47bf9" LastModifiedByScreenID="SO302000" LastModifiedDateTime="2020-01-14 15:08:46.123" />
		<row ContactID="21" CustomerID="30" CustomerContactID="30" RevisionID="4" IsDefaultContact="1" FullName="Aleks Jones" Email="aleks@logicautomated.com" Phone1Type="B1" Phone2Type="C" Phone3Type="H1" FaxType="BF" PseudonymizationStatus="0" NoteID="b931c4fc-b938-ea11-a6f3-9cb6d0c82c0c" CreatedByID="b5344897-037e-4d58-b5c3-1bdfd0f47bf9" CreatedByScreenID="AR301000" CreatedDateTime="2020-01-16 17:43:37.547" LastModifiedByID="b5344897-037e-4d58-b5c3-1bdfd0f47bf9" LastModifiedByScreenID="AR301000" LastModifiedDateTime="2020-01-16 17:43:37.547" />
		<row ContactID="22" CustomerID="30" CustomerContactID="30" RevisionID="4" IsDefaultContact="1" FullName="Aleks Jones" Email="aleks@logicautomated.com" Phone1Type="B1" Phone2Type="C" Phone3Type="H1" FaxType="BF" PseudonymizationStatus="0" NoteID="bb31c4fc-b938-ea11-a6f3-9cb6d0c82c0c" CreatedByID="b5344897-037e-4d58-b5c3-1bdfd0f47bf9" CreatedByScreenID="AR301000" CreatedDateTime="2020-01-16 17:43:37.55" LastModifiedByID="b5344897-037e-4d58-b5c3-1bdfd0f47bf9" LastModifiedByScreenID="AR301000" LastModifiedDateTime="2020-01-16 17:43:37.55" />
	</rows>
</data>