﻿<?xml version="1.0" encoding="utf-8"?>
<data>
	<table name="ARDunningSetup">
		<col name="CompanyID" type="Int" default="Zero" />
		<col name="DunningLetterLevel" type="Int" />
		<col name="DueDays" type="Int" />
		<col name="DaysToSettle" type="Int" default="Zero" />
		<col name="Descr" type="NVarChar(60)" nullable="true" />
		<col name="DunningFee" type="Decimal(19,4)" default="Zero" />
		<col name="tstamp" type="Timestamp" />
		<col name="CreatedByID" type="UniqueIdentifier" />
		<col name="CreatedByScreenID" type="Char(8)" />
		<col name="CreatedDateTime" type="DateTime" />
		<col name="LastModifiedByID" type="UniqueIdentifier" />
		<col name="LastModifiedByScreenID" type="Char(8)" />
		<col name="LastModifiedDateTime" type="DateTime" />
	</table>
	<rows>
		<row DunningLetterLevel="1" DueDays="10" DaysToSettle="3" Descr="First" DunningFee="0.0000" CreatedByID="b5344897-037e-4d58-b5c3-1bdfd0f47bf9" CreatedByScreenID="AR101000" CreatedDateTime="2014-11-18 16:08:48.357" LastModifiedByID="b5344897-037e-4d58-b5c3-1bdfd0f47bf9" LastModifiedByScreenID="AR101000" LastModifiedDateTime="2014-11-18 16:08:48.357" />
		<row DunningLetterLevel="2" DueDays="20" DaysToSettle="3" Descr="Last" DunningFee="0.0000" CreatedByID="b5344897-037e-4d58-b5c3-1bdfd0f47bf9" CreatedByScreenID="AR101000" CreatedDateTime="2014-11-18 16:08:48.36" LastModifiedByID="b5344897-037e-4d58-b5c3-1bdfd0f47bf9" LastModifiedByScreenID="AR101000" LastModifiedDateTime="2014-11-18 16:08:48.36" />
	</rows>
</data>