﻿<?xml version="1.0" encoding="utf-8"?>
<data>
	<table name="ARDunningLetter">
		<col name="DunningLetterID" type="Int" identity="true" />
		<col name="CompanyID" type="Int" default="Zero" />
		<col name="BranchID" type="Int" />
		<col name="BAccountID" type="Int" />
		<col name="DunningLetterDate" type="SmallDateTime" />
		<col name="Deadline" type="SmallDateTime" nullable="true" />
		<col name="DunningLetterLevel" type="Int" />
		<col name="Printed" type="Bit" />
		<col name="Emailed" type="Bit" />
		<col name="DontPrint" type="Bit" />
		<col name="DontEmail" type="Bit" />
		<col name="Consolidated" type="Bit" />
		<col name="LastLevel" type="Bit" />
		<col name="tstamp" type="Timestamp" />
		<col name="NoteID" type="UniqueIdentifier" nullable="true" />
		<col name="Released" type="Bit" default="Zero" />
		<col name="Voided" type="Bit" default="Zero" />
		<col name="FeeDocType" type="Char(3)" nullable="true" />
		<col name="FeeRefNbr" type="NVarChar(15)" nullable="true" />
	</table>
	<rows>
		<row DunningLetterID="1" BranchID="1" BAccountID="21" DunningLetterDate="2014-03-14 00:00:00" Deadline="2014-03-17 00:00:00" DunningLetterLevel="1" Printed="1" Emailed="0" DontPrint="0" DontEmail="0" Consolidated="0" LastLevel="0" NoteID="8b3c9a2b-246f-e411-8157-74d435e7799b" Released="1" Voided="0" />
		<row DunningLetterID="2" BranchID="1" BAccountID="21" DunningLetterDate="2014-03-24 00:00:00" Deadline="2014-03-27 00:00:00" DunningLetterLevel="2" Printed="1" Emailed="0" DontPrint="0" DontEmail="0" Consolidated="0" LastLevel="1" NoteID="50c52ccd-246f-e411-8157-74d435e7799b" Released="1" Voided="0" />
	</rows>
</data>