﻿<?xml version="1.0" encoding="utf-8"?>
<data>
	<table name="ARFinChargeTran">
		<col name="CompanyID" type="Int" default="Zero" />
		<col name="TranType" type="Char(3)" />
		<col name="RefNbr" type="NVarChar(15)" />
		<col name="LineNbr" type="Int" />
		<col name="OrigDocType" type="Char(3)" />
		<col name="OrigRefNbr" type="NVarChar(15)" />
		<col name="CustomerID" type="Int" nullable="true" />
		<col name="DocDate" type="SmallDateTime" nullable="true" />
		<col name="FinChargeID" type="NVarChar(10)" nullable="true" />
	</table>
	<rows>
		<row TranType="FCH" RefNbr="000010" LineNbr="1" OrigDocType="INV" OrigRefNbr="000002" CustomerID="21" DocDate="2014-03-31 00:00:00" FinChargeID="OVERDU25" />
	</rows>
</data>