﻿<?xml version="1.0" encoding="utf-8"?>
<data>
	<table name="ARFinChargePercent">
		<col name="CompanyID" type="Int" default="Zero" />
		<col name="FinChargeID" type="NVarChar(10)" />
		<col name="BeginDate" type="DateTime" />
		<col name="FinChargePercent" type="Decimal(19,6)" nullable="true" />
		<col name="PercentID" type="Int" identity="true" />
		<col name="tstamp" type="Timestamp" />
	</table>
	<rows>
		<row FinChargeID="OVERDU25" BeginDate="1900-01-01 12:00:00" FinChargePercent="25.000000" PercentID="1" />
	</rows>
</data>