﻿<?xml version="1.0" encoding="utf-8"?>
<data>
	<table name="ARFinCharge">
		<col name="CompanyID" type="Int" default="Zero" />
		<col name="FinChargeID" type="NVarChar(10)" />
		<col name="FinChargeDesc" type="NVarChar(60)" nullable="true" />
		<col name="TermsID" type="NVarChar(10)" />
		<col name="BaseCurFlag" type="Bit" />
		<col name="MinFinChargeFlag" type="Bit" />
		<col name="MinFinChargeAmount" type="Decimal(19,6)" default="Zero" />
		<col name="MinChargeDocumentAmt" type="Decimal(19,6)" default="Zero" />
		<col name="FeeAmount" type="Decimal(19,6)" default="Zero" />
		<col name="CalculationMethod" type="Int" default="Zero" />
		<col name="FeeAccountID" type="Int" nullable="true" />
		<col name="FeeSubID" type="Int" nullable="true" />
		<col name="FeeDesc" type="NVarChar(60)" nullable="true" />
		<col name="PercentFlag" type="Bit" />
		<col name="FinChargePercent" type="Decimal(19,6)" nullable="true" />
		<col name="FinChargeAccountID" type="Int" nullable="true" />
		<col name="FinChargeSubID" type="Int" nullable="true" />
		<col name="TaxCategoryID" type="NVarChar(10)" nullable="true" />
		<col name="tstamp" type="Timestamp" />
		<col name="CreatedByID" type="UniqueIdentifier" />
		<col name="CreatedByScreenID" type="Char(8)" />
		<col name="CreatedDateTime" type="DateTime" />
		<col name="LastModifiedByID" type="UniqueIdentifier" />
		<col name="LastModifiedByScreenID" type="Char(8)" />
		<col name="LastModifiedDateTime" type="DateTime" />
		<col name="NoteID" type="UniqueIdentifier" />
	</table>
	<rows>
		<row FinChargeID="OVERDU25" FinChargeDesc="Overdue charges of 25% annually" TermsID="30D" BaseCurFlag="0" MinFinChargeFlag="0" MinFinChargeAmount="0.000000" MinChargeDocumentAmt="0.000000" FeeAmount="0.000000" CalculationMethod="0" PercentFlag="1" FinChargePercent="25.000000" FinChargeAccountID="43" FinChargeSubID="1" TaxCategoryID="EXEMPT" CreatedByID="b5344897-037e-4d58-b5c3-1bdfd0f47bf9" CreatedByScreenID="AR204500" CreatedDateTime="2014-11-18 16:43:23.897" LastModifiedByID="b5344897-037e-4d58-b5c3-1bdfd0f47bf9" LastModifiedByScreenID="AR204500" LastModifiedDateTime="2014-11-18 16:43:23.897" NoteID="65e55c19-5075-49b3-9fca-4deadff48aa4" />
	</rows>
</data>