﻿<?xml version="1.0" encoding="utf-8"?>
<data>
	<table name="ARInvoice">
		<col name="CompanyID" type="Int" default="Zero" />
		<col name="DocType" type="Char(3)" />
		<col name="RefNbr" type="NVarChar(15)" />
		<col name="CuryTaxTotal" type="Decimal(19,4)" />
		<col name="TaxTotal" type="Decimal(19,4)" />
		<col name="DiscDate" type="SmallDateTime" nullable="true" />
		<col name="TermsID" type="NVarChar(10)" nullable="true" />
		<col name="InvoiceNbr" type="NVarChar(40)" nullable="true" />
		<col name="InvoiceDate" type="SmallDateTime" />
		<col name="TaxZoneID" type="NVarChar(10)" nullable="true" />
		<col name="AvalaraCustomerUsageType" type="Char(1)" nullable="true" />
		<col name="MasterRefNbr" type="NVarChar(15)" nullable="true" />
		<col name="InstallmentNbr" type="SmallInt" nullable="true" />
		<col name="InstallmentCntr" type="SmallInt" nullable="true" />
		<col name="CuryLineTotal" type="Decimal(19,4)" />
		<col name="LineTotal" type="Decimal(19,4)" />
		<col name="CommnPct" type="Decimal(9,6)" default="Zero" />
		<col name="CommnAmt" type="Decimal(19,4)" default="Zero" />
		<col name="CuryCommnAmt" type="Decimal(19,4)" default="Zero" />
		<col name="CommnblAmt" type="Decimal(19,4)" default="Zero" />
		<col name="CuryCommnblAmt" type="Decimal(19,4)" default="Zero" />
		<col name="BillAddressID" type="Int" nullable="true" />
		<col name="MultiShipAddress" type="Bit" default="Zero" />
		<col name="ShipAddressID" type="Int" nullable="true" />
		<col name="DontPrint" type="Bit" />
		<col name="Printed" type="Bit" />
		<col name="DontEmail" type="Bit" />
		<col name="Emailed" type="Bit" />
		<col name="CreditHold" type="Bit" default="Zero" />
		<col name="ApprovedCredit" type="Bit" default="Zero" />
		<col name="ApprovedCreditAmt" type="Decimal(19,4)" default="Zero" />
		<col name="WorkGroupID" type="Int" nullable="true" />
		<col name="OwnerID" type="UniqueIdentifier" nullable="true" />
		<col name="BillContactID" type="Int" nullable="true" />
		<col name="ShipContactID" type="Int" nullable="true" />
		<col name="PMInstanceID" type="Int" nullable="true" />
		<col name="PaymentMethodID" type="NVarChar(10)" nullable="true" />
		<col name="CashAccountID" type="Int" nullable="true" />
		<col name="ProjectID" type="Int" nullable="true" />
		<col name="ProformaExists" type="Bit" default="Zero" />
		<col name="VatTaxableTotal" type="Decimal(19,4)" default="Zero" />
		<col name="CuryVatTaxableTotal" type="Decimal(19,4)" default="Zero" />
		<col name="VatExemptTotal" type="Decimal(19,4)" default="Zero" />
		<col name="CuryVatExemptTotal" type="Decimal(19,4)" default="Zero" />
		<col name="Revoked" type="Bit" default="Zero" />
		<col name="ApplyOverdueCharge" type="Bit" />
		<col name="IsRUTROTDeductible" type="Bit" default="Zero" />
		<col name="DisableAutomaticDiscountCalculation" type="Bit" default="Zero" />
		<col name="CuryFreightCost" type="Decimal(19,4)" default="Zero" />
		<col name="FreightCost" type="Decimal(19,4)" default="Zero" />
		<col name="CuryDiscTot" type="Decimal(19,4)" default="Zero" />
		<col name="DiscTot" type="Decimal(19,4)" default="Zero" />
		<col name="CuryGoodsTotal" type="Decimal(19,4)" default="Zero" />
		<col name="GoodsTotal" type="Decimal(19,4)" default="Zero" />
		<col name="CuryPremiumFreightAmt" type="Decimal(19,4)" default="Zero" />
		<col name="PremiumFreightAmt" type="Decimal(19,4)" default="Zero" />
		<col name="CuryFreightAmt" type="Decimal(19,4)" default="Zero" />
		<col name="FreightAmt" type="Decimal(19,4)" default="Zero" />
		<col name="CuryFreightTot" type="Decimal(19,4)" default="Zero" />
		<col name="FreightTot" type="Decimal(19,4)" default="Zero" />
		<col name="CuryMiscTot" type="Decimal(19,4)" default="Zero" />
		<col name="MiscTot" type="Decimal(19,4)" default="Zero" />
		<col name="RefNoteID" type="UniqueIdentifier" nullable="true" />
		<col name="CampaignID" type="NVarChar(10)" nullable="true" />
	</table>
	<rows>
		<row DocType="CRM" RefNbr="000007" CuryTaxTotal="0.0000" TaxTotal="0.0000" InvoiceDate="1900-01-01 00:00:00" CuryLineTotal="80.0000" LineTotal="80.0000" CommnPct="0.000000" CommnAmt="0.0000" CuryCommnAmt="0.0000" CommnblAmt="0.0000" CuryCommnblAmt="0.0000" BillAddressID="10" MultiShipAddress="0" ShipAddressID="10" DontPrint="1" Printed="0" DontEmail="1" Emailed="0" CreditHold="0" ApprovedCredit="0" ApprovedCreditAmt="0.0000" BillContactID="10" ShipContactID="10" PaymentMethodID="CHECK" CashAccountID="9" ProjectID="0" ProformaExists="0" VatTaxableTotal="0.0000" CuryVatTaxableTotal="0.0000" VatExemptTotal="0.0000" CuryVatExemptTotal="0.0000" Revoked="0" ApplyOverdueCharge="1" IsRUTROTDeductible="0" DisableAutomaticDiscountCalculation="0" CuryFreightCost="0.0000" FreightCost="0.0000" CuryDiscTot="0.0000" DiscTot="0.0000" CuryGoodsTotal="0.0000" GoodsTotal="0.0000" CuryPremiumFreightAmt="0.0000" PremiumFreightAmt="0.0000" CuryFreightAmt="0.0000" FreightAmt="0.0000" CuryFreightTot="0.0000" FreightTot="0.0000" CuryMiscTot="0.0000" MiscTot="0.0000" />
		<row DocType="CRM" RefNbr="000015" CuryTaxTotal="0.0000" TaxTotal="0.0000" InvoiceDate="1900-01-01 00:00:00" TaxZoneID="EXTERNAL" CuryLineTotal="50.0000" LineTotal="50.0000" CommnPct="0.000000" CommnAmt="0.0000" CuryCommnAmt="0.0000" CommnblAmt="0.0000" CuryCommnblAmt="0.0000" BillAddressID="21" MultiShipAddress="0" ShipAddressID="21" DontPrint="1" Printed="0" DontEmail="1" Emailed="0" CreditHold="0" ApprovedCredit="0" ApprovedCreditAmt="0.0000" BillContactID="21" ShipContactID="21" PaymentMethodID="CHECK" CashAccountID="9" ProjectID="0" ProformaExists="0" VatTaxableTotal="0.0000" CuryVatTaxableTotal="0.0000" VatExemptTotal="0.0000" CuryVatExemptTotal="0.0000" Revoked="0" ApplyOverdueCharge="0" IsRUTROTDeductible="0" DisableAutomaticDiscountCalculation="0" CuryFreightCost="0.0000" FreightCost="0.0000" CuryDiscTot="0.0000" DiscTot="0.0000" CuryGoodsTotal="0.0000" GoodsTotal="0.0000" CuryPremiumFreightAmt="0.0000" PremiumFreightAmt="0.0000" CuryFreightAmt="0.0000" FreightAmt="0.0000" CuryFreightTot="0.0000" FreightTot="0.0000" CuryMiscTot="0.0000" MiscTot="0.0000" />
		<row DocType="CRM" RefNbr="000016" CuryTaxTotal="0.0000" TaxTotal="0.0000" InvoiceDate="1900-01-01 00:00:00" TaxZoneID="EXTERNAL" CuryLineTotal="30.0000" LineTotal="30.0000" CommnPct="0.000000" CommnAmt="0.0000" CuryCommnAmt="0.0000" CommnblAmt="0.0000" CuryCommnblAmt="0.0000" BillAddressID="21" MultiShipAddress="0" ShipAddressID="21" DontPrint="1" Printed="0" DontEmail="1" Emailed="0" CreditHold="0" ApprovedCredit="0" ApprovedCreditAmt="0.0000" BillContactID="21" ShipContactID="21" PaymentMethodID="CHECK" CashAccountID="9" ProjectID="0" ProformaExists="0" VatTaxableTotal="0.0000" CuryVatTaxableTotal="0.0000" VatExemptTotal="0.0000" CuryVatExemptTotal="0.0000" Revoked="0" ApplyOverdueCharge="0" IsRUTROTDeductible="0" DisableAutomaticDiscountCalculation="0" CuryFreightCost="0.0000" FreightCost="0.0000" CuryDiscTot="0.0000" DiscTot="0.0000" CuryGoodsTotal="0.0000" GoodsTotal="0.0000" CuryPremiumFreightAmt="0.0000" PremiumFreightAmt="0.0000" CuryFreightAmt="0.0000" FreightAmt="0.0000" CuryFreightTot="0.0000" FreightTot="0.0000" CuryMiscTot="0.0000" MiscTot="0.0000" />
		<row DocType="CRM" RefNbr="000017" CuryTaxTotal="0.0000" TaxTotal="0.0000" InvoiceDate="1900-01-01 00:00:00" TaxZoneID="EXTERNAL" CuryLineTotal="30.0000" LineTotal="30.0000" CommnPct="0.000000" CommnAmt="0.0000" CuryCommnAmt="0.0000" CommnblAmt="0.0000" CuryCommnblAmt="0.0000" BillAddressID="21" MultiShipAddress="0" ShipAddressID="21" DontPrint="1" Printed="0" DontEmail="1" Emailed="0" CreditHold="0" ApprovedCredit="0" ApprovedCreditAmt="0.0000" BillContactID="21" ShipContactID="21" PaymentMethodID="CHECK" CashAccountID="9" ProjectID="0" ProformaExists="0" VatTaxableTotal="0.0000" CuryVatTaxableTotal="0.0000" VatExemptTotal="0.0000" CuryVatExemptTotal="0.0000" Revoked="0" ApplyOverdueCharge="0" IsRUTROTDeductible="0" DisableAutomaticDiscountCalculation="0" CuryFreightCost="0.0000" FreightCost="0.0000" CuryDiscTot="0.0000" DiscTot="0.0000" CuryGoodsTotal="0.0000" GoodsTotal="0.0000" CuryPremiumFreightAmt="0.0000" PremiumFreightAmt="0.0000" CuryFreightAmt="0.0000" FreightAmt="0.0000" CuryFreightTot="0.0000" FreightTot="0.0000" CuryMiscTot="0.0000" MiscTot="0.0000" />
		<row DocType="CRM" RefNbr="000018" CuryTaxTotal="0.0000" TaxTotal="0.0000" InvoiceNbr="634003554348" InvoiceDate="1900-01-01 00:00:00" TaxZoneID="EXTERNAL" CuryLineTotal="30.0000" LineTotal="30.0000" CommnPct="0.000000" CommnAmt="0.0000" CuryCommnAmt="0.0000" CommnblAmt="0.0000" CuryCommnblAmt="0.0000" BillAddressID="21" MultiShipAddress="0" ShipAddressID="21" DontPrint="1" Printed="0" DontEmail="1" Emailed="0" CreditHold="0" ApprovedCredit="0" ApprovedCreditAmt="0.0000" BillContactID="21" ShipContactID="21" PaymentMethodID="CHECK" CashAccountID="9" ProjectID="0" ProformaExists="0" VatTaxableTotal="0.0000" CuryVatTaxableTotal="0.0000" VatExemptTotal="0.0000" CuryVatExemptTotal="0.0000" Revoked="0" ApplyOverdueCharge="0" IsRUTROTDeductible="0" DisableAutomaticDiscountCalculation="0" CuryFreightCost="0.0000" FreightCost="0.0000" CuryDiscTot="0.0000" DiscTot="0.0000" CuryGoodsTotal="0.0000" GoodsTotal="0.0000" CuryPremiumFreightAmt="0.0000" PremiumFreightAmt="0.0000" CuryFreightAmt="0.0000" FreightAmt="0.0000" CuryFreightTot="0.0000" FreightTot="0.0000" CuryMiscTot="0.0000" MiscTot="0.0000" />
		<row DocType="DRM" RefNbr="000006" CuryTaxTotal="0.0000" TaxTotal="0.0000" DiscDate="2014-03-01 00:00:00" TermsID="30D" InvoiceDate="1900-01-01 00:00:00" CuryLineTotal="70.0000" LineTotal="70.0000" CommnPct="0.000000" CommnAmt="0.0000" CuryCommnAmt="0.0000" CommnblAmt="0.0000" CuryCommnblAmt="0.0000" BillAddressID="11" MultiShipAddress="0" ShipAddressID="11" DontPrint="1" Printed="0" DontEmail="1" Emailed="0" CreditHold="0" ApprovedCredit="0" ApprovedCreditAmt="0.0000" BillContactID="11" ShipContactID="11" PaymentMethodID="CHECK" CashAccountID="9" ProjectID="0" ProformaExists="0" VatTaxableTotal="0.0000" CuryVatTaxableTotal="0.0000" VatExemptTotal="0.0000" CuryVatExemptTotal="0.0000" Revoked="0" ApplyOverdueCharge="0" IsRUTROTDeductible="0" DisableAutomaticDiscountCalculation="0" CuryFreightCost="0.0000" FreightCost="0.0000" CuryDiscTot="0.0000" DiscTot="0.0000" CuryGoodsTotal="0.0000" GoodsTotal="0.0000" CuryPremiumFreightAmt="0.0000" PremiumFreightAmt="0.0000" CuryFreightAmt="0.0000" FreightAmt="0.0000" CuryFreightTot="0.0000" FreightTot="0.0000" CuryMiscTot="0.0000" MiscTot="0.0000" />
		<row DocType="FCH" RefNbr="000010" CuryTaxTotal="0.0000" TaxTotal="0.0000" DiscDate="2014-03-31 00:00:00" TermsID="30D" InvoiceDate="1900-01-01 00:00:00" CuryLineTotal="13.8100" LineTotal="13.8100" CommnPct="0.000000" CommnAmt="0.0000" CuryCommnAmt="0.0000" CommnblAmt="0.0000" CuryCommnblAmt="0.0000" BillAddressID="10" MultiShipAddress="0" ShipAddressID="10" DontPrint="1" Printed="0" DontEmail="1" Emailed="0" CreditHold="0" ApprovedCredit="0" ApprovedCreditAmt="0.0000" BillContactID="10" ShipContactID="10" PaymentMethodID="CHECK" CashAccountID="9" ProjectID="0" ProformaExists="0" VatTaxableTotal="0.0000" CuryVatTaxableTotal="0.0000" VatExemptTotal="0.0000" CuryVatExemptTotal="0.0000" Revoked="0" ApplyOverdueCharge="0" IsRUTROTDeductible="0" DisableAutomaticDiscountCalculation="0" CuryFreightCost="0.0000" FreightCost="0.0000" CuryDiscTot="0.0000" DiscTot="0.0000" CuryGoodsTotal="0.0000" GoodsTotal="0.0000" CuryPremiumFreightAmt="0.0000" PremiumFreightAmt="0.0000" CuryFreightAmt="0.0000" FreightAmt="0.0000" CuryFreightTot="0.0000" FreightTot="0.0000" CuryMiscTot="0.0000" MiscTot="0.0000" />
		<row DocType="INV" RefNbr="000001" CuryTaxTotal="0.0000" TaxTotal="0.0000" DiscDate="2014-02-01 00:00:00" TermsID="30D" InvoiceDate="1900-01-01 00:00:00" CuryLineTotal="300.0000" LineTotal="300.0000" CommnPct="0.000000" CommnAmt="0.0000" CuryCommnAmt="0.0000" CommnblAmt="0.0000" CuryCommnblAmt="0.0000" BillAddressID="9" MultiShipAddress="0" ShipAddressID="9" DontPrint="0" Printed="1" DontEmail="1" Emailed="0" CreditHold="0" ApprovedCredit="0" ApprovedCreditAmt="0.0000" BillContactID="9" ShipContactID="9" PaymentMethodID="CHECK" CashAccountID="9" ProjectID="0" ProformaExists="0" VatTaxableTotal="0.0000" CuryVatTaxableTotal="0.0000" VatExemptTotal="0.0000" CuryVatExemptTotal="0.0000" Revoked="0" ApplyOverdueCharge="0" IsRUTROTDeductible="0" DisableAutomaticDiscountCalculation="0" CuryFreightCost="0.0000" FreightCost="0.0000" CuryDiscTot="0.0000" DiscTot="0.0000" CuryGoodsTotal="0.0000" GoodsTotal="0.0000" CuryPremiumFreightAmt="0.0000" PremiumFreightAmt="0.0000" CuryFreightAmt="0.0000" FreightAmt="0.0000" CuryFreightTot="0.0000" FreightTot="0.0000" CuryMiscTot="0.0000" MiscTot="0.0000" />
		<row DocType="INV" RefNbr="000002" CuryTaxTotal="0.0000" TaxTotal="0.0000" DiscDate="2014-02-01 00:00:00" TermsID="30D" InvoiceDate="1900-01-01 00:00:00" CuryLineTotal="800.0000" LineTotal="800.0000" CommnPct="0.000000" CommnAmt="0.0000" CuryCommnAmt="0.0000" CommnblAmt="0.0000" CuryCommnblAmt="0.0000" BillAddressID="10" MultiShipAddress="0" ShipAddressID="10" DontPrint="1" Printed="0" DontEmail="1" Emailed="0" CreditHold="0" ApprovedCredit="0" ApprovedCreditAmt="0.0000" BillContactID="10" ShipContactID="10" PaymentMethodID="CHECK" CashAccountID="9" ProjectID="0" ProformaExists="0" VatTaxableTotal="0.0000" CuryVatTaxableTotal="0.0000" VatExemptTotal="0.0000" CuryVatExemptTotal="0.0000" Revoked="0" ApplyOverdueCharge="0" IsRUTROTDeductible="0" DisableAutomaticDiscountCalculation="0" CuryFreightCost="0.0000" FreightCost="0.0000" CuryDiscTot="0.0000" DiscTot="0.0000" CuryGoodsTotal="0.0000" GoodsTotal="0.0000" CuryPremiumFreightAmt="0.0000" PremiumFreightAmt="0.0000" CuryFreightAmt="0.0000" FreightAmt="0.0000" CuryFreightTot="0.0000" FreightTot="0.0000" CuryMiscTot="0.0000" MiscTot="0.0000" />
		<row DocType="INV" RefNbr="000003" CuryTaxTotal="0.0000" TaxTotal="0.0000" DiscDate="2014-02-01 00:00:00" TermsID="30D" InvoiceDate="1900-01-01 00:00:00" CuryLineTotal="1000.0000" LineTotal="1000.0000" CommnPct="0.000000" CommnAmt="0.0000" CuryCommnAmt="0.0000" CommnblAmt="0.0000" CuryCommnblAmt="0.0000" BillAddressID="11" MultiShipAddress="0" ShipAddressID="11" DontPrint="1" Printed="0" DontEmail="1" Emailed="0" CreditHold="0" ApprovedCredit="0" ApprovedCreditAmt="0.0000" BillContactID="11" ShipContactID="11" PaymentMethodID="CHECK" CashAccountID="9" ProjectID="0" ProformaExists="0" VatTaxableTotal="0.0000" CuryVatTaxableTotal="0.0000" VatExemptTotal="0.0000" CuryVatExemptTotal="0.0000" Revoked="0" ApplyOverdueCharge="0" IsRUTROTDeductible="0" DisableAutomaticDiscountCalculation="0" CuryFreightCost="0.0000" FreightCost="0.0000" CuryDiscTot="0.0000" DiscTot="0.0000" CuryGoodsTotal="0.0000" GoodsTotal="0.0000" CuryPremiumFreightAmt="0.0000" PremiumFreightAmt="0.0000" CuryFreightAmt="0.0000" FreightAmt="0.0000" CuryFreightTot="0.0000" FreightTot="0.0000" CuryMiscTot="0.0000" MiscTot="0.0000" />
		<row DocType="INV" RefNbr="000004" CuryTaxTotal="0.0000" TaxTotal="0.0000" DiscDate="2014-03-04 00:00:00" TermsID="30D7D3" InvoiceDate="1900-01-01 00:00:00" CuryLineTotal="500.0000" LineTotal="500.0000" CommnPct="0.000000" CommnAmt="0.0000" CuryCommnAmt="0.0000" CommnblAmt="0.0000" CuryCommnblAmt="0.0000" BillAddressID="12" MultiShipAddress="0" ShipAddressID="12" DontPrint="1" Printed="0" DontEmail="1" Emailed="0" CreditHold="0" ApprovedCredit="0" ApprovedCreditAmt="0.0000" BillContactID="12" ShipContactID="12" PaymentMethodID="CHECK" CashAccountID="9" ProjectID="0" ProformaExists="0" VatTaxableTotal="0.0000" CuryVatTaxableTotal="0.0000" VatExemptTotal="0.0000" CuryVatExemptTotal="0.0000" Revoked="0" ApplyOverdueCharge="0" IsRUTROTDeductible="0" DisableAutomaticDiscountCalculation="0" CuryFreightCost="0.0000" FreightCost="0.0000" CuryDiscTot="0.0000" DiscTot="0.0000" CuryGoodsTotal="0.0000" GoodsTotal="0.0000" CuryPremiumFreightAmt="0.0000" PremiumFreightAmt="0.0000" CuryFreightAmt="0.0000" FreightAmt="0.0000" CuryFreightTot="0.0000" FreightTot="0.0000" CuryMiscTot="0.0000" MiscTot="0.0000" />
		<row DocType="INV" RefNbr="000005" CuryTaxTotal="0.0000" TaxTotal="0.0000" DiscDate="2014-03-15 00:00:00" TermsID="30D" InvoiceDate="1900-01-01 00:00:00" CuryLineTotal="50.0000" LineTotal="50.0000" CommnPct="0.000000" CommnAmt="0.0000" CuryCommnAmt="0.0000" CommnblAmt="0.0000" CuryCommnblAmt="0.0000" BillAddressID="9" MultiShipAddress="0" ShipAddressID="9" DontPrint="0" Printed="0" DontEmail="1" Emailed="0" CreditHold="0" ApprovedCredit="0" ApprovedCreditAmt="0.0000" BillContactID="9" ShipContactID="9" PaymentMethodID="CHECK" CashAccountID="9" ProjectID="0" ProformaExists="0" VatTaxableTotal="0.0000" CuryVatTaxableTotal="0.0000" VatExemptTotal="0.0000" CuryVatExemptTotal="0.0000" Revoked="0" ApplyOverdueCharge="0" IsRUTROTDeductible="0" DisableAutomaticDiscountCalculation="0" CuryFreightCost="0.0000" FreightCost="0.0000" CuryDiscTot="0.0000" DiscTot="0.0000" CuryGoodsTotal="0.0000" GoodsTotal="0.0000" CuryPremiumFreightAmt="0.0000" PremiumFreightAmt="0.0000" CuryFreightAmt="0.0000" FreightAmt="0.0000" CuryFreightTot="0.0000" FreightTot="0.0000" CuryMiscTot="0.0000" MiscTot="0.0000" />
		<row DocType="INV" RefNbr="000008" CuryTaxTotal="0.0000" TaxTotal="0.0000" DiscDate="2014-03-15 00:00:00" TermsID="30D" InvoiceDate="1900-01-01 00:00:00" CuryLineTotal="300.0000" LineTotal="300.0000" CommnPct="0.000000" CommnAmt="0.0000" CuryCommnAmt="0.0000" CommnblAmt="0.0000" CuryCommnblAmt="0.0000" BillAddressID="10" MultiShipAddress="0" ShipAddressID="10" DontPrint="1" Printed="0" DontEmail="1" Emailed="0" CreditHold="0" ApprovedCredit="0" ApprovedCreditAmt="0.0000" BillContactID="10" ShipContactID="10" PaymentMethodID="CHECK" CashAccountID="9" ProjectID="0" ProformaExists="0" VatTaxableTotal="0.0000" CuryVatTaxableTotal="0.0000" VatExemptTotal="0.0000" CuryVatExemptTotal="0.0000" Revoked="0" ApplyOverdueCharge="0" IsRUTROTDeductible="0" DisableAutomaticDiscountCalculation="0" CuryFreightCost="0.0000" FreightCost="0.0000" CuryDiscTot="0.0000" DiscTot="0.0000" CuryGoodsTotal="0.0000" GoodsTotal="0.0000" CuryPremiumFreightAmt="0.0000" PremiumFreightAmt="0.0000" CuryFreightAmt="0.0000" FreightAmt="0.0000" CuryFreightTot="0.0000" FreightTot="0.0000" CuryMiscTot="0.0000" MiscTot="0.0000" />
		<row DocType="INV" RefNbr="000009" CuryTaxTotal="0.0000" TaxTotal="0.0000" DiscDate="2014-03-15 00:00:00" TermsID="30D" InvoiceDate="1900-01-01 00:00:00" CuryLineTotal="60.0000" LineTotal="60.0000" CommnPct="0.000000" CommnAmt="0.0000" CuryCommnAmt="0.0000" CommnblAmt="0.0000" CuryCommnblAmt="0.0000" BillAddressID="11" MultiShipAddress="0" ShipAddressID="11" DontPrint="1" Printed="0" DontEmail="1" Emailed="0" CreditHold="0" ApprovedCredit="0" ApprovedCreditAmt="0.0000" BillContactID="11" ShipContactID="11" PaymentMethodID="CHECK" CashAccountID="9" ProjectID="0" ProformaExists="0" VatTaxableTotal="0.0000" CuryVatTaxableTotal="0.0000" VatExemptTotal="0.0000" CuryVatExemptTotal="0.0000" Revoked="0" ApplyOverdueCharge="0" IsRUTROTDeductible="0" DisableAutomaticDiscountCalculation="0" CuryFreightCost="0.0000" FreightCost="0.0000" CuryDiscTot="0.0000" DiscTot="0.0000" CuryGoodsTotal="0.0000" GoodsTotal="0.0000" CuryPremiumFreightAmt="0.0000" PremiumFreightAmt="0.0000" CuryFreightAmt="0.0000" FreightAmt="0.0000" CuryFreightTot="0.0000" FreightTot="0.0000" CuryMiscTot="0.0000" MiscTot="0.0000" />
		<row DocType="INV" RefNbr="000013" CuryTaxTotal="38.3900" TaxTotal="38.3900" DiscDate="2020-01-14 00:00:00" TermsID="30D" InvoiceNbr="LOGIC-1204" InvoiceDate="1900-01-01 00:00:00" TaxZoneID="EXTERNAL" CuryLineTotal="383.8500" LineTotal="383.8500" CommnPct="0.000000" CommnAmt="0.0000" CuryCommnAmt="0.0000" CommnblAmt="0.0000" CuryCommnblAmt="0.0000" BillAddressID="13" MultiShipAddress="0" ShipAddressID="14" DontPrint="1" Printed="0" DontEmail="1" Emailed="0" CreditHold="0" ApprovedCredit="0" ApprovedCreditAmt="0.0000" BillContactID="13" ShipContactID="14" PaymentMethodID="SHOPIFY" CashAccountID="10" ProjectID="0" ProformaExists="0" VatTaxableTotal="0.0000" CuryVatTaxableTotal="0.0000" VatExemptTotal="0.0000" CuryVatExemptTotal="0.0000" Revoked="0" ApplyOverdueCharge="0" IsRUTROTDeductible="0" DisableAutomaticDiscountCalculation="0" CuryFreightCost="0.0000" FreightCost="0.0000" CuryDiscTot="0.0000" DiscTot="0.0000" CuryGoodsTotal="353.8500" GoodsTotal="353.8500" CuryPremiumFreightAmt="0.0000" PremiumFreightAmt="0.0000" CuryFreightAmt="30.0000" FreightAmt="30.0000" CuryFreightTot="30.0000" FreightTot="30.0000" CuryMiscTot="0.0000" MiscTot="0.0000" />
		<row DocType="INV" RefNbr="000014" CuryTaxTotal="0.0000" TaxTotal="0.0000" DiscDate="2020-01-16 00:00:00" TermsID="30D" InvoiceDate="1900-01-01 00:00:00" CuryLineTotal="50.0000" LineTotal="50.0000" CommnPct="0.000000" CommnAmt="0.0000" CuryCommnAmt="0.0000" CommnblAmt="0.0000" CuryCommnblAmt="0.0000" BillAddressID="21" MultiShipAddress="0" ShipAddressID="22" DontPrint="1" Printed="0" DontEmail="1" Emailed="0" CreditHold="0" ApprovedCredit="0" ApprovedCreditAmt="0.0000" BillContactID="21" ShipContactID="22" PaymentMethodID="CHECK" CashAccountID="9" ProjectID="0" ProformaExists="0" VatTaxableTotal="0.0000" CuryVatTaxableTotal="0.0000" VatExemptTotal="0.0000" CuryVatExemptTotal="0.0000" Revoked="0" ApplyOverdueCharge="0" IsRUTROTDeductible="0" DisableAutomaticDiscountCalculation="0" CuryFreightCost="0.0000" FreightCost="0.0000" CuryDiscTot="0.0000" DiscTot="0.0000" CuryGoodsTotal="0.0000" GoodsTotal="0.0000" CuryPremiumFreightAmt="0.0000" PremiumFreightAmt="0.0000" CuryFreightAmt="0.0000" FreightAmt="0.0000" CuryFreightTot="0.0000" FreightTot="0.0000" CuryMiscTot="0.0000" MiscTot="0.0000" />
		<row DocType="SMC" RefNbr="000011" CuryTaxTotal="0.0000" TaxTotal="0.0000" InvoiceDate="1900-01-01 00:00:00" CuryLineTotal="0.0000" LineTotal="0.0000" CommnPct="0.000000" CommnAmt="0.0000" CuryCommnAmt="0.0000" CommnblAmt="0.0000" CuryCommnblAmt="0.0000" BillAddressID="12" MultiShipAddress="0" ShipAddressID="12" DontPrint="1" Printed="0" DontEmail="1" Emailed="0" CreditHold="0" ApprovedCredit="0" ApprovedCreditAmt="0.0000" BillContactID="12" ShipContactID="12" ProjectID="0" ProformaExists="0" VatTaxableTotal="0.0000" CuryVatTaxableTotal="0.0000" VatExemptTotal="0.0000" CuryVatExemptTotal="0.0000" Revoked="0" ApplyOverdueCharge="0" IsRUTROTDeductible="0" DisableAutomaticDiscountCalculation="0" CuryFreightCost="0.0000" FreightCost="0.0000" CuryDiscTot="0.0000" DiscTot="0.0000" CuryGoodsTotal="0.0000" GoodsTotal="0.0000" CuryPremiumFreightAmt="0.0000" PremiumFreightAmt="0.0000" CuryFreightAmt="0.0000" FreightAmt="0.0000" CuryFreightTot="0.0000" FreightTot="0.0000" CuryMiscTot="0.0000" MiscTot="0.0000" />
	</rows>
</data>