﻿<?xml version="1.0" encoding="utf-8"?>
<data>
	<table name="ARInvoiceNbr">
		<col name="CompanyID" type="Int" default="Zero" />
		<col name="DocType" type="Char(3)" />
		<col name="RefNbr" type="NVarChar(15)" />
		<col name="tstamp" type="Timestamp" />
		<col name="RefNoteID" type="UniqueIdentifier" />
	</table>
	<rows>
		<row DocType="INV" RefNbr="000001" RefNoteID="135b7271-346e-e411-8043-74d435e7799b" />
		<row DocType="INV" RefNbr="000002" RefNoteID="7383eb99-346e-e411-8043-74d435e7799b" />
		<row DocType="INV" RefNbr="000003" RefNoteID="d5519bc5-346e-e411-8043-74d435e7799b" />
		<row DocType="INV" RefNbr="000004" RefNoteID="35e24ef0-346e-e411-8043-74d435e7799b" />
		<row DocType="INV" RefNbr="000005" RefNoteID="ef062a7f-f96e-e411-8157-74d435e7799b" />
		<row DocType="DRM" RefNbr="000006" RefNoteID="aa9e3b20-006f-e411-8157-74d435e7799b" />
		<row DocType="CRM" RefNbr="000007" RefNoteID="8ab6116a-026f-e411-8157-74d435e7799b" />
		<row DocType="INV" RefNbr="000008" RefNoteID="c6802ba1-236f-e411-8157-74d435e7799b" />
		<row DocType="INV" RefNbr="000009" RefNoteID="c58873fb-276f-e411-8157-74d435e7799b" />
		<row DocType="INV" RefNbr="000013" RefNoteID="36f7af0b-1237-ea11-a6f2-9cb6d0c82c0c" />
		<row DocType="INV" RefNbr="000014" RefNoteID="b631c4fc-b938-ea11-a6f3-9cb6d0c82c0c" />
		<row DocType="CRM" RefNbr="000015" RefNoteID="1d84b08e-ba38-ea11-a6f3-9cb6d0c82c0c" />
		<row DocType="CRM" RefNbr="000016" RefNoteID="8fc961d8-bd38-ea11-a6f3-9cb6d0c82c0c" />
		<row DocType="CRM" RefNbr="000017" RefNoteID="3aac36d8-e338-ea11-a6f3-9cb6d0c82c0c" />
		<row DocType="CRM" RefNbr="000018" RefNoteID="8d65f4e3-e938-ea11-a6f3-9cb6d0c82c0c" />
	</rows>
</data>