﻿<?xml version="1.0" encoding="utf-8"?>
<data>
	<table name="ARRegister">
		<col name="CompanyID" type="Int" default="Zero" />
		<col name="BranchID" type="Int" />
		<col name="DocType" type="Char(3)" />
		<col name="RefNbr" type="NVarChar(15)" />
		<col name="BatchNbr" type="NVarChar(15)" nullable="true" />
		<col name="BatchSeq" type="SmallInt" nullable="true" />
		<col name="CustomerID" type="Int" />
		<col name="CustomerLocationID" type="Int" />
		<col name="ARAccountID" type="Int" />
		<col name="ARSubID" type="Int" />
		<col name="DocDate" type="SmallDateTime" />
		<col name="OrigDocDate" type="SmallDateTime" nullable="true" />
		<col name="DueDate" type="SmallDateTime" nullable="true" />
		<col name="DocDesc" type="NVarChar(256)" nullable="true" />
		<col name="CuryInfoID" type="BigInt" />
		<col name="CuryOrigDocAmt" type="Decimal(19,4)" />
		<col name="OrigDocAmt" type="Decimal(19,4)" />
		<col name="CuryDocBal" type="Decimal(19,4)" />
		<col name="DocBal" type="Decimal(19,4)" />
		<col name="CuryInitDocBal" type="Decimal(19,4)" />
		<col name="InitDocBal" type="Decimal(19,4)" />
		<col name="CuryDiscBal" type="Decimal(19,4)" />
		<col name="DiscBal" type="Decimal(19,4)" />
		<col name="CuryDiscTaken" type="Decimal(19,4)" />
		<col name="DiscTaken" type="Decimal(19,4)" />
		<col name="CuryChargeAmt" type="Decimal(19,4)" default="Zero" />
		<col name="ChargeAmt" type="Decimal(19,4)" default="Zero" />
		<col name="OpenDoc" type="Bit" />
		<col name="Released" type="Bit" />
		<col name="Hold" type="Bit" />
		<col name="IsTaxValid" type="Bit" default="Zero" />
		<col name="IsTaxSaved" type="Bit" default="Zero" />
		<col name="IsTaxPosted" type="Bit" default="Zero" />
		<col name="NonTaxable" type="Bit" default="Zero" />
		<col name="Status" type="Char(1)" />
		<col name="LineCntr" type="Int" />
		<col name="AdjCntr" type="Int" />
		<col name="DRSchedCntr" type="Int" nullable="true" />
		<col name="CuryID" type="NVarChar(5)" />
		<col name="RGOLAmt" type="Decimal(19,4)" />
		<col name="CuryRoundDiff" type="Decimal(19,4)" />
		<col name="RoundDiff" type="Decimal(19,4)" />
		<col name="ScheduleID" type="NVarChar(10)" nullable="true" />
		<col name="ImpRefNbr" type="NVarChar(15)" nullable="true" />
		<col name="StatementDate" type="SmallDateTime" nullable="true" />
		<col name="tstamp" type="Timestamp" />
		<col name="CreatedByID" type="UniqueIdentifier" />
		<col name="CreatedByScreenID" type="Char(8)" />
		<col name="CreatedDateTime" type="DateTime" />
		<col name="LastModifiedByID" type="UniqueIdentifier" />
		<col name="LastModifiedByScreenID" type="Char(8)" />
		<col name="LastModifiedDateTime" type="DateTime" />
		<col name="Voided" type="Bit" default="Zero" />
		<col name="Scheduled" type="Bit" default="Zero" />
		<col name="CuryOrigDiscAmt" type="Decimal(19,4)" />
		<col name="OrigDiscAmt" type="Decimal(19,4)" />
		<col name="FinPeriodID" type="Char(6)" />
		<col name="TranPeriodID" type="Char(6)" />
		<col name="ClosedTranPeriodID" type="Char(6)" nullable="true" />
		<col name="ClosedFinPeriodID" type="Char(6)" nullable="true" />
		<col name="SalesPersonID" type="Int" nullable="true" />
		<col name="DeletedDatabaseRecord" type="Bit" default="Zero" />
		<col name="OrigModule" type="Char(2)" />
		<col name="OrigDocType" type="Char(3)" nullable="true" />
		<col name="OrigRefNbr" type="NVarChar(15)" nullable="true" />
		<col name="HasPPDTaxes" type="Bit" default="Zero" />
		<col name="PendingPPD" type="Bit" default="Zero" />
		<col name="IsMigratedRecord" type="Bit" default="Zero" />
		<col name="ApproverID" type="UniqueIdentifier" nullable="true" />
		<col name="ApproverWorkGroupID" type="Int" nullable="true" />
		<col name="Approved" type="Bit" />
		<col name="Rejected" type="Bit" default="Zero" />
		<col name="DontApprove" type="Bit" nullable="true" />
		<col name="RetainageAcctID" type="Int" nullable="true" />
		<col name="RetainageSubID" type="Int" nullable="true" />
		<col name="RetainageApply" type="Bit" default="Zero" />
		<col name="IsRetainageDocument" type="Bit" default="Zero" />
		<col name="DefRetainagePct" type="Decimal(9,6)" default="Zero" />
		<col name="CuryLineRetainageTotal" type="Decimal(19,4)" default="Zero" />
		<col name="LineRetainageTotal" type="Decimal(19,4)" default="Zero" />
		<col name="CuryRetainageTotal" type="Decimal(19,4)" default="Zero" />
		<col name="RetainageTotal" type="Decimal(19,4)" default="Zero" />
		<col name="CuryRetainageUnreleasedAmt" type="Decimal(19,4)" default="Zero" />
		<col name="RetainageUnreleasedAmt" type="Decimal(19,4)" default="Zero" />
		<col name="CuryRetainedTaxTotal" type="Decimal(19,4)" default="Zero" />
		<col name="RetainedTaxTotal" type="Decimal(19,4)" default="Zero" />
		<col name="CuryRetainedDiscTotal" type="Decimal(19,4)" default="Zero" />
		<col name="RetainedDiscTotal" type="Decimal(19,4)" default="Zero" />
		<col name="NoteID" type="UniqueIdentifier" nullable="true" />
	</table>
	<rows>
		<row BranchID="1" DocType="CRM" RefNbr="000007" BatchNbr="000011" BatchSeq="0" CustomerID="21" CustomerLocationID="21" ARAccountID="40" ARSubID="1" DocDate="2014-03-01 00:00:00" DocDesc="Service undelivered by invoice 000002" CuryInfoID="20231" CuryOrigDocAmt="80.0000" OrigDocAmt="80.0000" CuryDocBal="0.0000" DocBal="0.0000" CuryInitDocBal="0.0000" InitDocBal="0.0000" CuryDiscBal="0.0000" DiscBal="0.0000" CuryDiscTaken="0.0000" DiscTaken="0.0000" CuryChargeAmt="0.0000" ChargeAmt="0.0000" OpenDoc="0" Released="1" Hold="0" IsTaxValid="0" IsTaxSaved="0" IsTaxPosted="0" NonTaxable="0" Status="C" LineCntr="2" AdjCntr="2" CuryID="USD" RGOLAmt="0.0000" CuryRoundDiff="0.0000" RoundDiff="0.0000" StatementDate="2014-03-31 00:00:00" CreatedByID="b5344897-037e-4d58-b5c3-1bdfd0f47bf9" CreatedByScreenID="AR301000" CreatedDateTime="2014-11-18 12:09:03.557" LastModifiedByID="b5344897-037e-4d58-b5c3-1bdfd0f47bf9" LastModifiedByScreenID="AR503500" LastModifiedDateTime="2014-11-19 16:20:53.683" Voided="0" Scheduled="0" CuryOrigDiscAmt="0.0000" OrigDiscAmt="0.0000" FinPeriodID="201403" TranPeriodID="201403" ClosedTranPeriodID="201403" ClosedFinPeriodID="201403" DeletedDatabaseRecord="0" OrigModule="AR" HasPPDTaxes="0" PendingPPD="0" IsMigratedRecord="0" Approved="1" Rejected="0" RetainageApply="0" IsRetainageDocument="0" DefRetainagePct="0.000000" CuryLineRetainageTotal="0.0000" LineRetainageTotal="0.0000" CuryRetainageTotal="0.0000" RetainageTotal="0.0000" CuryRetainageUnreleasedAmt="0.0000" RetainageUnreleasedAmt="0.0000" CuryRetainedTaxTotal="0.0000" RetainedTaxTotal="0.0000" CuryRetainedDiscTotal="0.0000" RetainedDiscTotal="0.0000" NoteID="8ab6116a-026f-e411-8157-74d435e7799b" />
		<row BranchID="1" DocType="CRM" RefNbr="000015" BatchNbr="000029" BatchSeq="0" CustomerID="30" CustomerLocationID="29" ARAccountID="40" ARSubID="1" DocDate="2020-01-16 00:00:00" CuryInfoID="664001" CuryOrigDocAmt="50.0000" OrigDocAmt="50.0000" CuryDocBal="50.0000" DocBal="50.0000" CuryInitDocBal="0.0000" InitDocBal="0.0000" CuryDiscBal="0.0000" DiscBal="0.0000" CuryDiscTaken="0.0000" DiscTaken="0.0000" CuryChargeAmt="0.0000" ChargeAmt="0.0000" OpenDoc="1" Released="1" Hold="0" IsTaxValid="1" IsTaxSaved="1" IsTaxPosted="0" NonTaxable="0" Status="N" LineCntr="1" AdjCntr="1" DRSchedCntr="0" CuryID="USD" RGOLAmt="0.0000" CuryRoundDiff="0.0000" RoundDiff="0.0000" CreatedByID="b5344897-037e-4d58-b5c3-1bdfd0f47bf9" CreatedByScreenID="AR301000" CreatedDateTime="2020-01-16 17:47:52.52" LastModifiedByID="b5344897-037e-4d58-b5c3-1bdfd0f47bf9" LastModifiedByScreenID="AR301000" LastModifiedDateTime="2020-01-16 17:47:55.983" Voided="0" Scheduled="0" CuryOrigDiscAmt="0.0000" OrigDiscAmt="0.0000" FinPeriodID="202001" TranPeriodID="202001" DeletedDatabaseRecord="0" OrigModule="AR" HasPPDTaxes="0" PendingPPD="0" IsMigratedRecord="0" Approved="0" Rejected="0" DontApprove="1" RetainageSubID="1" RetainageApply="0" IsRetainageDocument="0" DefRetainagePct="0.000000" CuryLineRetainageTotal="0.0000" LineRetainageTotal="0.0000" CuryRetainageTotal="0.0000" RetainageTotal="0.0000" CuryRetainageUnreleasedAmt="0.0000" RetainageUnreleasedAmt="0.0000" CuryRetainedTaxTotal="0.0000" RetainedTaxTotal="0.0000" CuryRetainedDiscTotal="0.0000" RetainedDiscTotal="0.0000" NoteID="1d84b08e-ba38-ea11-a6f3-9cb6d0c82c0c" />
		<row BranchID="1" DocType="CRM" RefNbr="000016" BatchSeq="0" CustomerID="30" CustomerLocationID="29" ARAccountID="40" ARSubID="1" DocDate="2020-01-17 00:00:00" DocDesc="Adjustment for Shopify Refund 634003554348" CuryInfoID="664003" CuryOrigDocAmt="30.0000" OrigDocAmt="30.0000" CuryDocBal="30.0000" DocBal="30.0000" CuryInitDocBal="0.0000" InitDocBal="0.0000" CuryDiscBal="0.0000" DiscBal="0.0000" CuryDiscTaken="0.0000" DiscTaken="0.0000" CuryChargeAmt="0.0000" ChargeAmt="0.0000" OpenDoc="1" Released="0" Hold="0" IsTaxValid="1" IsTaxSaved="1" IsTaxPosted="0" NonTaxable="0" Status="B" LineCntr="1" AdjCntr="0" DRSchedCntr="0" CuryID="USD" RGOLAmt="0.0000" CuryRoundDiff="0.0000" RoundDiff="0.0000" CreatedByID="b5344897-037e-4d58-b5c3-1bdfd0f47bf9" CreatedByScreenID="AR301000" CreatedDateTime="2020-01-16 18:11:09.317" LastModifiedByID="b5344897-037e-4d58-b5c3-1bdfd0f47bf9" LastModifiedByScreenID="AR301000" LastModifiedDateTime="2020-01-16 18:11:09.647" Voided="0" Scheduled="0" CuryOrigDiscAmt="0.0000" OrigDiscAmt="0.0000" FinPeriodID="202001" TranPeriodID="202001" DeletedDatabaseRecord="0" OrigModule="AR" HasPPDTaxes="0" PendingPPD="0" IsMigratedRecord="0" Approved="0" Rejected="0" DontApprove="1" RetainageSubID="1" RetainageApply="0" IsRetainageDocument="0" DefRetainagePct="0.000000" CuryLineRetainageTotal="0.0000" LineRetainageTotal="0.0000" CuryRetainageTotal="0.0000" RetainageTotal="0.0000" CuryRetainageUnreleasedAmt="0.0000" RetainageUnreleasedAmt="0.0000" CuryRetainedTaxTotal="0.0000" RetainedTaxTotal="0.0000" CuryRetainedDiscTotal="0.0000" RetainedDiscTotal="0.0000" NoteID="8fc961d8-bd38-ea11-a6f3-9cb6d0c82c0c" />
		<row BranchID="1" DocType="CRM" RefNbr="000017" BatchSeq="0" CustomerID="30" CustomerLocationID="29" ARAccountID="40" ARSubID="1" DocDate="2020-01-17 00:00:00" DocDesc="Adjustment for Shopify Refund 634003554348" CuryInfoID="664004" CuryOrigDocAmt="30.0000" OrigDocAmt="30.0000" CuryDocBal="30.0000" DocBal="30.0000" CuryInitDocBal="0.0000" InitDocBal="0.0000" CuryDiscBal="0.0000" DiscBal="0.0000" CuryDiscTaken="0.0000" DiscTaken="0.0000" CuryChargeAmt="0.0000" ChargeAmt="0.0000" OpenDoc="1" Released="0" Hold="0" IsTaxValid="1" IsTaxSaved="1" IsTaxPosted="0" NonTaxable="0" Status="B" LineCntr="1" AdjCntr="0" DRSchedCntr="0" CuryID="USD" RGOLAmt="0.0000" CuryRoundDiff="0.0000" RoundDiff="0.0000" CreatedByID="b5344897-037e-4d58-b5c3-1bdfd0f47bf9" CreatedByScreenID="AR301000" CreatedDateTime="2020-01-16 22:43:06.34" LastModifiedByID="b5344897-037e-4d58-b5c3-1bdfd0f47bf9" LastModifiedByScreenID="AR301000" LastModifiedDateTime="2020-01-16 22:43:06.637" Voided="0" Scheduled="0" CuryOrigDiscAmt="0.0000" OrigDiscAmt="0.0000" FinPeriodID="202001" TranPeriodID="202001" DeletedDatabaseRecord="0" OrigModule="AR" HasPPDTaxes="0" PendingPPD="0" IsMigratedRecord="0" Approved="0" Rejected="0" DontApprove="1" RetainageSubID="1" RetainageApply="0" IsRetainageDocument="0" DefRetainagePct="0.000000" CuryLineRetainageTotal="0.0000" LineRetainageTotal="0.0000" CuryRetainageTotal="0.0000" RetainageTotal="0.0000" CuryRetainageUnreleasedAmt="0.0000" RetainageUnreleasedAmt="0.0000" CuryRetainedTaxTotal="0.0000" RetainedTaxTotal="0.0000" CuryRetainedDiscTotal="0.0000" RetainedDiscTotal="0.0000" NoteID="3aac36d8-e338-ea11-a6f3-9cb6d0c82c0c" />
		<row BranchID="1" DocType="CRM" RefNbr="000018" BatchNbr="000030" BatchSeq="0" CustomerID="30" CustomerLocationID="29" ARAccountID="40" ARSubID="1" DocDate="2020-01-17 00:00:00" DocDesc="Adjustment for Shopify Refund 634003554348" CuryInfoID="664005" CuryOrigDocAmt="30.0000" OrigDocAmt="30.0000" CuryDocBal="30.0000" DocBal="30.0000" CuryInitDocBal="0.0000" InitDocBal="0.0000" CuryDiscBal="0.0000" DiscBal="0.0000" CuryDiscTaken="0.0000" DiscTaken="0.0000" CuryChargeAmt="0.0000" ChargeAmt="0.0000" OpenDoc="1" Released="1" Hold="0" IsTaxValid="1" IsTaxSaved="1" IsTaxPosted="0" NonTaxable="0" Status="N" LineCntr="1" AdjCntr="1" DRSchedCntr="0" CuryID="USD" RGOLAmt="0.0000" CuryRoundDiff="0.0000" RoundDiff="0.0000" CreatedByID="b5344897-037e-4d58-b5c3-1bdfd0f47bf9" CreatedByScreenID="AR301000" CreatedDateTime="2020-01-16 23:26:29.893" LastModifiedByID="b5344897-037e-4d58-b5c3-1bdfd0f47bf9" LastModifiedByScreenID="AR301000" LastModifiedDateTime="2020-01-16 23:28:58.723" Voided="0" Scheduled="0" CuryOrigDiscAmt="0.0000" OrigDiscAmt="0.0000" FinPeriodID="202001" TranPeriodID="202001" DeletedDatabaseRecord="0" OrigModule="AR" HasPPDTaxes="0" PendingPPD="0" IsMigratedRecord="0" Approved="0" Rejected="0" DontApprove="1" RetainageSubID="1" RetainageApply="0" IsRetainageDocument="0" DefRetainagePct="0.000000" CuryLineRetainageTotal="0.0000" LineRetainageTotal="0.0000" CuryRetainageTotal="0.0000" RetainageTotal="0.0000" CuryRetainageUnreleasedAmt="0.0000" RetainageUnreleasedAmt="0.0000" CuryRetainedTaxTotal="0.0000" RetainedTaxTotal="0.0000" CuryRetainedDiscTotal="0.0000" RetainedDiscTotal="0.0000" NoteID="8d65f4e3-e938-ea11-a6f3-9cb6d0c82c0c" />
		<row BranchID="1" DocType="DRM" RefNbr="000006" BatchNbr="000009" BatchSeq="0" CustomerID="18" CustomerLocationID="18" ARAccountID="40" ARSubID="1" DocDate="2014-03-01 00:00:00" DueDate="2014-03-31 00:00:00" DocDesc="Additional charges" CuryInfoID="20225" CuryOrigDocAmt="70.0000" OrigDocAmt="70.0000" CuryDocBal="0.0000" DocBal="0.0000" CuryInitDocBal="0.0000" InitDocBal="0.0000" CuryDiscBal="0.0000" DiscBal="0.0000" CuryDiscTaken="0.0000" DiscTaken="0.0000" CuryChargeAmt="0.0000" ChargeAmt="0.0000" OpenDoc="0" Released="1" Hold="0" IsTaxValid="0" IsTaxSaved="0" IsTaxPosted="0" NonTaxable="0" Status="C" LineCntr="1" AdjCntr="1" CuryID="USD" RGOLAmt="0.0000" CuryRoundDiff="0.0000" RoundDiff="0.0000" StatementDate="2014-03-31 00:00:00" CreatedByID="b5344897-037e-4d58-b5c3-1bdfd0f47bf9" CreatedByScreenID="AR301000" CreatedDateTime="2014-11-18 11:53:30.91" LastModifiedByID="b5344897-037e-4d58-b5c3-1bdfd0f47bf9" LastModifiedByScreenID="AR503000" LastModifiedDateTime="2014-11-18 16:56:36.223" Voided="0" Scheduled="0" CuryOrigDiscAmt="0.0000" OrigDiscAmt="0.0000" FinPeriodID="201403" TranPeriodID="201403" ClosedTranPeriodID="201403" ClosedFinPeriodID="201403" DeletedDatabaseRecord="0" OrigModule="AR" HasPPDTaxes="0" PendingPPD="0" IsMigratedRecord="0" Approved="1" Rejected="0" RetainageApply="0" IsRetainageDocument="0" DefRetainagePct="0.000000" CuryLineRetainageTotal="0.0000" LineRetainageTotal="0.0000" CuryRetainageTotal="0.0000" RetainageTotal="0.0000" CuryRetainageUnreleasedAmt="0.0000" RetainageUnreleasedAmt="0.0000" CuryRetainedTaxTotal="0.0000" RetainedTaxTotal="0.0000" CuryRetainedDiscTotal="0.0000" RetainedDiscTotal="0.0000" NoteID="aa9e3b20-006f-e411-8157-74d435e7799b" />
		<row BranchID="1" DocType="FCH" RefNbr="000010" BatchNbr="000014" BatchSeq="0" CustomerID="21" CustomerLocationID="21" ARAccountID="40" ARSubID="1" DocDate="2014-03-31 00:00:00" DueDate="2014-04-30 00:00:00" DocDesc="Overdue Charge" CuryInfoID="20240" CuryOrigDocAmt="13.8100" OrigDocAmt="13.8100" CuryDocBal="0.0000" DocBal="0.0000" CuryInitDocBal="0.0000" InitDocBal="0.0000" CuryDiscBal="0.0000" DiscBal="0.0000" CuryDiscTaken="0.0000" DiscTaken="0.0000" CuryChargeAmt="0.0000" ChargeAmt="0.0000" OpenDoc="0" Released="1" Hold="0" IsTaxValid="0" IsTaxSaved="0" IsTaxPosted="0" NonTaxable="0" Status="C" LineCntr="1" AdjCntr="1" CuryID="USD" RGOLAmt="0.0000" CuryRoundDiff="0.0000" RoundDiff="0.0000" StatementDate="2014-03-31 00:00:00" CreatedByID="b5344897-037e-4d58-b5c3-1bdfd0f47bf9" CreatedByScreenID="AR507000" CreatedDateTime="2014-11-18 16:48:47.36" LastModifiedByID="b5344897-037e-4d58-b5c3-1bdfd0f47bf9" LastModifiedByScreenID="AR503500" LastModifiedDateTime="2014-11-19 16:20:53.683" Voided="0" Scheduled="0" CuryOrigDiscAmt="0.0000" OrigDiscAmt="0.0000" FinPeriodID="201403" TranPeriodID="201403" ClosedTranPeriodID="201403" ClosedFinPeriodID="201403" DeletedDatabaseRecord="0" OrigModule="AR" HasPPDTaxes="0" PendingPPD="0" IsMigratedRecord="0" Approved="1" Rejected="0" RetainageApply="0" IsRetainageDocument="0" DefRetainagePct="0.000000" CuryLineRetainageTotal="0.0000" LineRetainageTotal="0.0000" CuryRetainageTotal="0.0000" RetainageTotal="0.0000" CuryRetainageUnreleasedAmt="0.0000" RetainageUnreleasedAmt="0.0000" CuryRetainedTaxTotal="0.0000" RetainedTaxTotal="0.0000" CuryRetainedDiscTotal="0.0000" RetainedDiscTotal="0.0000" NoteID="8e07cd9d-296f-e411-8157-74d435e7799b" />
		<row BranchID="1" DocType="INV" RefNbr="000001" BatchNbr="000001" BatchSeq="0" CustomerID="19" CustomerLocationID="19" ARAccountID="40" ARSubID="1" DocDate="2014-02-01 00:00:00" DueDate="2014-03-03 00:00:00" DocDesc="6 hours of service 02-2014" CuryInfoID="20201" CuryOrigDocAmt="300.0000" OrigDocAmt="300.0000" CuryDocBal="0.0000" DocBal="0.0000" CuryInitDocBal="0.0000" InitDocBal="0.0000" CuryDiscBal="0.0000" DiscBal="0.0000" CuryDiscTaken="0.0000" DiscTaken="0.0000" CuryChargeAmt="0.0000" ChargeAmt="0.0000" OpenDoc="0" Released="1" Hold="0" IsTaxValid="0" IsTaxSaved="0" IsTaxPosted="0" NonTaxable="0" Status="C" LineCntr="1" AdjCntr="1" CuryID="USD" RGOLAmt="0.0000" CuryRoundDiff="0.0000" RoundDiff="0.0000" StatementDate="2014-02-28 00:00:00" CreatedByID="b5344897-037e-4d58-b5c3-1bdfd0f47bf9" CreatedByScreenID="AR301000" CreatedDateTime="2014-11-17 11:34:47.35" LastModifiedByID="b5344897-037e-4d58-b5c3-1bdfd0f47bf9" LastModifiedByScreenID="AR503000" LastModifiedDateTime="2014-11-17 13:44:59.37" Voided="0" Scheduled="0" CuryOrigDiscAmt="0.0000" OrigDiscAmt="0.0000" FinPeriodID="201402" TranPeriodID="201402" ClosedTranPeriodID="201402" ClosedFinPeriodID="201402" DeletedDatabaseRecord="0" OrigModule="AR" HasPPDTaxes="0" PendingPPD="0" IsMigratedRecord="0" Approved="1" Rejected="0" RetainageApply="0" IsRetainageDocument="0" DefRetainagePct="0.000000" CuryLineRetainageTotal="0.0000" LineRetainageTotal="0.0000" CuryRetainageTotal="0.0000" RetainageTotal="0.0000" CuryRetainageUnreleasedAmt="0.0000" RetainageUnreleasedAmt="0.0000" CuryRetainedTaxTotal="0.0000" RetainedTaxTotal="0.0000" CuryRetainedDiscTotal="0.0000" RetainedDiscTotal="0.0000" NoteID="135b7271-346e-e411-8043-74d435e7799b" />
		<row BranchID="1" DocType="INV" RefNbr="000002" BatchNbr="000003" BatchSeq="0" CustomerID="21" CustomerLocationID="21" ARAccountID="40" ARSubID="1" DocDate="2014-02-01 00:00:00" DueDate="2014-03-03 00:00:00" DocDesc="16 hours of service 02-2014" CuryInfoID="20202" CuryOrigDocAmt="800.0000" OrigDocAmt="800.0000" CuryDocBal="0.0000" DocBal="0.0000" CuryInitDocBal="0.0000" InitDocBal="0.0000" CuryDiscBal="0.0000" DiscBal="0.0000" CuryDiscTaken="0.0000" DiscTaken="0.0000" CuryChargeAmt="0.0000" ChargeAmt="0.0000" OpenDoc="0" Released="1" Hold="0" IsTaxValid="0" IsTaxSaved="0" IsTaxPosted="0" NonTaxable="0" Status="C" LineCntr="1" AdjCntr="1" CuryID="USD" RGOLAmt="0.0000" CuryRoundDiff="0.0000" RoundDiff="0.0000" StatementDate="2014-02-28 00:00:00" CreatedByID="b5344897-037e-4d58-b5c3-1bdfd0f47bf9" CreatedByScreenID="AR301000" CreatedDateTime="2014-11-17 11:36:00.84" LastModifiedByID="b5344897-037e-4d58-b5c3-1bdfd0f47bf9" LastModifiedByScreenID="AR302000" LastModifiedDateTime="2014-11-18 16:55:56.107" Voided="0" Scheduled="0" CuryOrigDiscAmt="0.0000" OrigDiscAmt="0.0000" FinPeriodID="201402" TranPeriodID="201402" ClosedTranPeriodID="201403" ClosedFinPeriodID="201403" DeletedDatabaseRecord="0" OrigModule="AR" HasPPDTaxes="0" PendingPPD="0" IsMigratedRecord="0" Approved="1" Rejected="0" RetainageApply="0" IsRetainageDocument="0" DefRetainagePct="0.000000" CuryLineRetainageTotal="0.0000" LineRetainageTotal="0.0000" CuryRetainageTotal="0.0000" RetainageTotal="0.0000" CuryRetainageUnreleasedAmt="0.0000" RetainageUnreleasedAmt="0.0000" CuryRetainedTaxTotal="0.0000" RetainedTaxTotal="0.0000" CuryRetainedDiscTotal="0.0000" RetainedDiscTotal="0.0000" NoteID="7383eb99-346e-e411-8043-74d435e7799b" />
		<row BranchID="1" DocType="INV" RefNbr="000003" BatchNbr="000001" BatchSeq="0" CustomerID="18" CustomerLocationID="18" ARAccountID="40" ARSubID="1" DocDate="2014-02-01 00:00:00" DueDate="2014-03-03 00:00:00" DocDesc="20 hours of service 02-2014" CuryInfoID="20203" CuryOrigDocAmt="1000.0000" OrigDocAmt="1000.0000" CuryDocBal="0.0000" DocBal="0.0000" CuryInitDocBal="0.0000" InitDocBal="0.0000" CuryDiscBal="0.0000" DiscBal="0.0000" CuryDiscTaken="0.0000" DiscTaken="0.0000" CuryChargeAmt="0.0000" ChargeAmt="0.0000" OpenDoc="0" Released="1" Hold="0" IsTaxValid="0" IsTaxSaved="0" IsTaxPosted="0" NonTaxable="0" Status="C" LineCntr="2" AdjCntr="2" CuryID="USD" RGOLAmt="0.0000" CuryRoundDiff="0.0000" RoundDiff="0.0000" StatementDate="2014-02-28 00:00:00" CreatedByID="b5344897-037e-4d58-b5c3-1bdfd0f47bf9" CreatedByScreenID="AR301000" CreatedDateTime="2014-11-17 11:37:17.217" LastModifiedByID="b5344897-037e-4d58-b5c3-1bdfd0f47bf9" LastModifiedByScreenID="AR302000" LastModifiedDateTime="2014-11-18 12:03:08.05" Voided="0" Scheduled="0" CuryOrigDiscAmt="0.0000" OrigDiscAmt="0.0000" FinPeriodID="201402" TranPeriodID="201402" ClosedTranPeriodID="201403" ClosedFinPeriodID="201403" DeletedDatabaseRecord="0" OrigModule="AR" HasPPDTaxes="0" PendingPPD="0" IsMigratedRecord="0" Approved="1" Rejected="0" RetainageApply="0" IsRetainageDocument="0" DefRetainagePct="0.000000" CuryLineRetainageTotal="0.0000" LineRetainageTotal="0.0000" CuryRetainageTotal="0.0000" RetainageTotal="0.0000" CuryRetainageUnreleasedAmt="0.0000" RetainageUnreleasedAmt="0.0000" CuryRetainedTaxTotal="0.0000" RetainedTaxTotal="0.0000" CuryRetainedDiscTotal="0.0000" RetainedDiscTotal="0.0000" NoteID="d5519bc5-346e-e411-8043-74d435e7799b" />
		<row BranchID="1" DocType="INV" RefNbr="000004" BatchNbr="000004" BatchSeq="0" CustomerID="20" CustomerLocationID="20" ARAccountID="40" ARSubID="1" DocDate="2014-02-25 00:00:00" DueDate="2014-03-27 00:00:00" DocDesc="10 hours of service 02-2014" CuryInfoID="20204" CuryOrigDocAmt="500.0000" OrigDocAmt="500.0000" CuryDocBal="0.0000" DocBal="0.0000" CuryInitDocBal="0.0000" InitDocBal="0.0000" CuryDiscBal="0.0000" DiscBal="0.0000" CuryDiscTaken="15.0000" DiscTaken="15.0000" CuryChargeAmt="0.0000" ChargeAmt="0.0000" OpenDoc="0" Released="1" Hold="0" IsTaxValid="0" IsTaxSaved="0" IsTaxPosted="0" NonTaxable="0" Status="C" LineCntr="1" AdjCntr="1" CuryID="USD" RGOLAmt="0.0000" CuryRoundDiff="0.0000" RoundDiff="0.0000" StatementDate="2014-02-28 00:00:00" CreatedByID="b5344897-037e-4d58-b5c3-1bdfd0f47bf9" CreatedByScreenID="AR301000" CreatedDateTime="2014-11-17 11:38:06.797" LastModifiedByID="b5344897-037e-4d58-b5c3-1bdfd0f47bf9" LastModifiedByScreenID="AR302000" LastModifiedDateTime="2014-11-18 10:41:09.14" Voided="0" Scheduled="0" CuryOrigDiscAmt="15.0000" OrigDiscAmt="15.0000" FinPeriodID="201402" TranPeriodID="201402" ClosedTranPeriodID="201403" ClosedFinPeriodID="201403" DeletedDatabaseRecord="0" OrigModule="AR" HasPPDTaxes="0" PendingPPD="0" IsMigratedRecord="0" Approved="1" Rejected="0" RetainageApply="0" IsRetainageDocument="0" DefRetainagePct="0.000000" CuryLineRetainageTotal="0.0000" LineRetainageTotal="0.0000" CuryRetainageTotal="0.0000" RetainageTotal="0.0000" CuryRetainageUnreleasedAmt="0.0000" RetainageUnreleasedAmt="0.0000" CuryRetainedTaxTotal="0.0000" RetainedTaxTotal="0.0000" CuryRetainedDiscTotal="0.0000" RetainedDiscTotal="0.0000" NoteID="35e24ef0-346e-e411-8043-74d435e7799b" />
		<row BranchID="1" DocType="INV" RefNbr="000005" BatchNbr="000007" BatchSeq="0" CustomerID="19" CustomerLocationID="19" ARAccountID="40" ARSubID="1" DocDate="2014-03-15 00:00:00" DueDate="2014-04-14 00:00:00" DocDesc="1 hour of service 03-2014" CuryInfoID="20221" CuryOrigDocAmt="50.0000" OrigDocAmt="50.0000" CuryDocBal="0.0000" DocBal="0.0000" CuryInitDocBal="0.0000" InitDocBal="0.0000" CuryDiscBal="0.0000" DiscBal="0.0000" CuryDiscTaken="0.0000" DiscTaken="0.0000" CuryChargeAmt="0.0000" ChargeAmt="0.0000" OpenDoc="0" Released="1" Hold="0" IsTaxValid="0" IsTaxSaved="0" IsTaxPosted="0" NonTaxable="0" Status="C" LineCntr="1" AdjCntr="1" CuryID="USD" RGOLAmt="0.0000" CuryRoundDiff="0.0000" RoundDiff="0.0000" StatementDate="2014-03-31 00:00:00" CreatedByID="b5344897-037e-4d58-b5c3-1bdfd0f47bf9" CreatedByScreenID="AR301000" CreatedDateTime="2014-11-18 11:05:45.69" LastModifiedByID="b5344897-037e-4d58-b5c3-1bdfd0f47bf9" LastModifiedByScreenID="AR503000" LastModifiedDateTime="2014-11-18 16:56:36.267" Voided="0" Scheduled="0" CuryOrigDiscAmt="0.0000" OrigDiscAmt="0.0000" FinPeriodID="201403" TranPeriodID="201403" ClosedTranPeriodID="201403" ClosedFinPeriodID="201403" DeletedDatabaseRecord="0" OrigModule="AR" HasPPDTaxes="0" PendingPPD="0" IsMigratedRecord="0" Approved="1" Rejected="0" RetainageApply="0" IsRetainageDocument="0" DefRetainagePct="0.000000" CuryLineRetainageTotal="0.0000" LineRetainageTotal="0.0000" CuryRetainageTotal="0.0000" RetainageTotal="0.0000" CuryRetainageUnreleasedAmt="0.0000" RetainageUnreleasedAmt="0.0000" CuryRetainedTaxTotal="0.0000" RetainedTaxTotal="0.0000" CuryRetainedDiscTotal="0.0000" RetainedDiscTotal="0.0000" NoteID="ef062a7f-f96e-e411-8157-74d435e7799b" />
		<row BranchID="1" DocType="INV" RefNbr="000008" BatchSeq="0" CustomerID="21" CustomerLocationID="21" ARAccountID="40" ARSubID="1" DocDate="2014-03-15 00:00:00" DueDate="2014-04-14 00:00:00" CuryInfoID="20237" CuryOrigDocAmt="300.0000" OrigDocAmt="300.0000" CuryDocBal="300.0000" DocBal="300.0000" CuryInitDocBal="0.0000" InitDocBal="0.0000" CuryDiscBal="0.0000" DiscBal="0.0000" CuryDiscTaken="0.0000" DiscTaken="0.0000" CuryChargeAmt="0.0000" ChargeAmt="0.0000" OpenDoc="1" Released="0" Hold="1" IsTaxValid="0" IsTaxSaved="0" IsTaxPosted="0" NonTaxable="0" Status="H" LineCntr="1" AdjCntr="1" CuryID="USD" RGOLAmt="0.0000" CuryRoundDiff="0.0000" RoundDiff="0.0000" CreatedByID="b5344897-037e-4d58-b5c3-1bdfd0f47bf9" CreatedByScreenID="AR301000" CreatedDateTime="2014-11-18 16:08:08.387" LastModifiedByID="b5344897-037e-4d58-b5c3-1bdfd0f47bf9" LastModifiedByScreenID="AR301000" LastModifiedDateTime="2014-11-18 16:08:08.387" Voided="0" Scheduled="0" CuryOrigDiscAmt="0.0000" OrigDiscAmt="0.0000" FinPeriodID="201403" TranPeriodID="201403" DeletedDatabaseRecord="0" OrigModule="AR" HasPPDTaxes="0" PendingPPD="0" IsMigratedRecord="0" Approved="1" Rejected="0" RetainageApply="0" IsRetainageDocument="0" DefRetainagePct="0.000000" CuryLineRetainageTotal="0.0000" LineRetainageTotal="0.0000" CuryRetainageTotal="0.0000" RetainageTotal="0.0000" CuryRetainageUnreleasedAmt="0.0000" RetainageUnreleasedAmt="0.0000" CuryRetainedTaxTotal="0.0000" RetainedTaxTotal="0.0000" CuryRetainedDiscTotal="0.0000" RetainedDiscTotal="0.0000" NoteID="c6802ba1-236f-e411-8157-74d435e7799b" />
		<row BranchID="1" DocType="INV" RefNbr="000009" BatchNbr="000013" BatchSeq="0" CustomerID="18" CustomerLocationID="18" ARAccountID="40" ARSubID="1" DocDate="2014-03-15 00:00:00" DueDate="2014-04-14 00:00:00" DocDesc="Services 03-2014" CuryInfoID="20238" CuryOrigDocAmt="60.0000" OrigDocAmt="60.0000" CuryDocBal="0.0000" DocBal="0.0000" CuryInitDocBal="0.0000" InitDocBal="0.0000" CuryDiscBal="0.0000" DiscBal="0.0000" CuryDiscTaken="0.0000" DiscTaken="0.0000" CuryChargeAmt="0.0000" ChargeAmt="0.0000" OpenDoc="0" Released="1" Hold="0" IsTaxValid="0" IsTaxSaved="0" IsTaxPosted="0" NonTaxable="0" Status="C" LineCntr="1" AdjCntr="1" CuryID="USD" RGOLAmt="0.0000" CuryRoundDiff="0.0000" RoundDiff="0.0000" StatementDate="2014-03-31 00:00:00" CreatedByID="b5344897-037e-4d58-b5c3-1bdfd0f47bf9" CreatedByScreenID="AR301000" CreatedDateTime="2014-11-18 16:37:58.217" LastModifiedByID="b5344897-037e-4d58-b5c3-1bdfd0f47bf9" LastModifiedByScreenID="AR302000" LastModifiedDateTime="2014-11-19 16:25:51.493" Voided="0" Scheduled="0" CuryOrigDiscAmt="0.0000" OrigDiscAmt="0.0000" FinPeriodID="201403" TranPeriodID="201403" ClosedTranPeriodID="201404" ClosedFinPeriodID="201404" DeletedDatabaseRecord="0" OrigModule="AR" HasPPDTaxes="0" PendingPPD="0" IsMigratedRecord="0" Approved="1" Rejected="0" RetainageApply="0" IsRetainageDocument="0" DefRetainagePct="0.000000" CuryLineRetainageTotal="0.0000" LineRetainageTotal="0.0000" CuryRetainageTotal="0.0000" RetainageTotal="0.0000" CuryRetainageUnreleasedAmt="0.0000" RetainageUnreleasedAmt="0.0000" CuryRetainedTaxTotal="0.0000" RetainedTaxTotal="0.0000" CuryRetainedDiscTotal="0.0000" RetainedDiscTotal="0.0000" NoteID="c58873fb-276f-e411-8157-74d435e7799b" />
		<row BranchID="1" DocType="INV" RefNbr="000013" BatchNbr="000024" BatchSeq="0" CustomerID="30" CustomerLocationID="29" ARAccountID="40" ARSubID="1" DocDate="2020-01-14 00:00:00" DueDate="2020-02-13 00:00:00" DocDesc="Shopify Order #1204" CuryInfoID="663981" CuryOrigDocAmt="422.2400" OrigDocAmt="422.2400" CuryDocBal="0.0000" DocBal="0.0000" CuryInitDocBal="0.0000" InitDocBal="0.0000" CuryDiscBal="0.0000" DiscBal="0.0000" CuryDiscTaken="0.0000" DiscTaken="0.0000" CuryChargeAmt="0.0000" ChargeAmt="0.0000" OpenDoc="0" Released="1" Hold="0" IsTaxValid="1" IsTaxSaved="1" IsTaxPosted="0" NonTaxable="0" Status="C" LineCntr="2" AdjCntr="0" DRSchedCntr="0" CuryID="USD" RGOLAmt="0.0000" CuryRoundDiff="0.0000" RoundDiff="0.0000" CreatedByID="b5344897-037e-4d58-b5c3-1bdfd0f47bf9" CreatedByScreenID="SO302000" CreatedDateTime="2020-01-14 15:08:46.09" LastModifiedByID="b5344897-037e-4d58-b5c3-1bdfd0f47bf9" LastModifiedByScreenID="SO303000" LastModifiedDateTime="2020-01-14 15:08:57.603" Voided="0" Scheduled="0" CuryOrigDiscAmt="0.0000" OrigDiscAmt="0.0000" FinPeriodID="202001" TranPeriodID="202001" ClosedTranPeriodID="202001" ClosedFinPeriodID="202001" DeletedDatabaseRecord="0" OrigModule="SO" HasPPDTaxes="0" PendingPPD="0" IsMigratedRecord="0" Approved="0" Rejected="0" DontApprove="1" RetainageSubID="1" RetainageApply="0" IsRetainageDocument="0" DefRetainagePct="0.000000" CuryLineRetainageTotal="0.0000" LineRetainageTotal="0.0000" CuryRetainageTotal="0.0000" RetainageTotal="0.0000" CuryRetainageUnreleasedAmt="0.0000" RetainageUnreleasedAmt="0.0000" CuryRetainedTaxTotal="0.0000" RetainedTaxTotal="0.0000" CuryRetainedDiscTotal="0.0000" RetainedDiscTotal="0.0000" NoteID="36f7af0b-1237-ea11-a6f2-9cb6d0c82c0c" />
		<row BranchID="1" DocType="INV" RefNbr="000014" BatchNbr="000028" BatchSeq="0" CustomerID="30" CustomerLocationID="29" ARAccountID="40" ARSubID="1" DocDate="2020-01-16 00:00:00" DueDate="2020-02-15 00:00:00" CuryInfoID="663999" CuryOrigDocAmt="50.0000" OrigDocAmt="50.0000" CuryDocBal="50.0000" DocBal="50.0000" CuryInitDocBal="0.0000" InitDocBal="0.0000" CuryDiscBal="0.0000" DiscBal="0.0000" CuryDiscTaken="0.0000" DiscTaken="0.0000" CuryChargeAmt="0.0000" ChargeAmt="0.0000" OpenDoc="1" Released="1" Hold="0" IsTaxValid="0" IsTaxSaved="0" IsTaxPosted="0" NonTaxable="0" Status="N" LineCntr="1" AdjCntr="0" DRSchedCntr="0" CuryID="USD" RGOLAmt="0.0000" CuryRoundDiff="0.0000" RoundDiff="0.0000" CreatedByID="b5344897-037e-4d58-b5c3-1bdfd0f47bf9" CreatedByScreenID="AR301000" CreatedDateTime="2020-01-16 17:43:37.57" LastModifiedByID="b5344897-037e-4d58-b5c3-1bdfd0f47bf9" LastModifiedByScreenID="AR301000" LastModifiedDateTime="2020-01-16 17:43:56.277" Voided="0" Scheduled="0" CuryOrigDiscAmt="0.0000" OrigDiscAmt="0.0000" FinPeriodID="202001" TranPeriodID="202001" DeletedDatabaseRecord="0" OrigModule="AR" HasPPDTaxes="0" PendingPPD="0" IsMigratedRecord="0" Approved="0" Rejected="0" DontApprove="1" RetainageSubID="1" RetainageApply="0" IsRetainageDocument="0" DefRetainagePct="0.000000" CuryLineRetainageTotal="0.0000" LineRetainageTotal="0.0000" CuryRetainageTotal="0.0000" RetainageTotal="0.0000" CuryRetainageUnreleasedAmt="0.0000" RetainageUnreleasedAmt="0.0000" CuryRetainedTaxTotal="0.0000" RetainedTaxTotal="0.0000" CuryRetainedDiscTotal="0.0000" RetainedDiscTotal="0.0000" NoteID="b631c4fc-b938-ea11-a6f3-9cb6d0c82c0c" />
		<row BranchID="1" DocType="PMT" RefNbr="000001" BatchNbr="000002" BatchSeq="0" CustomerID="18" CustomerLocationID="18" ARAccountID="40" ARSubID="1" DocDate="2014-02-28 00:00:00" DocDesc="Payment 02-2014 for services" CuryInfoID="20209" CuryOrigDocAmt="500.0000" OrigDocAmt="500.0000" CuryDocBal="0.0000" DocBal="0.0000" CuryInitDocBal="0.0000" InitDocBal="0.0000" CuryDiscBal="0.0000" DiscBal="0.0000" CuryDiscTaken="0.0000" DiscTaken="0.0000" CuryChargeAmt="0.0000" ChargeAmt="0.0000" OpenDoc="0" Released="1" Hold="0" IsTaxValid="0" IsTaxSaved="0" IsTaxPosted="0" NonTaxable="0" Status="C" LineCntr="4" AdjCntr="4" CuryID="USD" RGOLAmt="0.0000" CuryRoundDiff="0.0000" RoundDiff="0.0000" StatementDate="2014-02-28 00:00:00" CreatedByID="b5344897-037e-4d58-b5c3-1bdfd0f47bf9" CreatedByScreenID="AR302000" CreatedDateTime="2014-11-17 13:23:05.567" LastModifiedByID="b5344897-037e-4d58-b5c3-1bdfd0f47bf9" LastModifiedByScreenID="AR503000" LastModifiedDateTime="2014-11-17 13:44:59.323" Voided="0" Scheduled="0" CuryOrigDiscAmt="0.0000" OrigDiscAmt="0.0000" FinPeriodID="201402" TranPeriodID="201402" ClosedTranPeriodID="201403" ClosedFinPeriodID="201403" DeletedDatabaseRecord="0" OrigModule="AR" HasPPDTaxes="0" PendingPPD="0" IsMigratedRecord="0" Approved="1" Rejected="0" RetainageApply="0" IsRetainageDocument="0" DefRetainagePct="0.000000" CuryLineRetainageTotal="0.0000" LineRetainageTotal="0.0000" CuryRetainageTotal="0.0000" RetainageTotal="0.0000" CuryRetainageUnreleasedAmt="0.0000" RetainageUnreleasedAmt="0.0000" CuryRetainedTaxTotal="0.0000" RetainedTaxTotal="0.0000" CuryRetainedDiscTotal="0.0000" RetainedDiscTotal="0.0000" NoteID="44f2fd97-436e-e411-8043-74d435e7799b" />
		<row BranchID="1" DocType="PMT" RefNbr="000002" BatchNbr="000002" BatchSeq="0" CustomerID="19" CustomerLocationID="19" ARAccountID="40" ARSubID="1" DocDate="2014-02-28 00:00:00" DocDesc="Payment 02-2014 for services" CuryInfoID="20210" CuryOrigDocAmt="300.0000" OrigDocAmt="300.0000" CuryDocBal="0.0000" DocBal="0.0000" CuryInitDocBal="0.0000" InitDocBal="0.0000" CuryDiscBal="0.0000" DiscBal="0.0000" CuryDiscTaken="0.0000" DiscTaken="0.0000" CuryChargeAmt="0.0000" ChargeAmt="0.0000" OpenDoc="0" Released="1" Hold="0" IsTaxValid="0" IsTaxSaved="0" IsTaxPosted="0" NonTaxable="0" Status="C" LineCntr="2" AdjCntr="2" CuryID="USD" RGOLAmt="0.0000" CuryRoundDiff="0.0000" RoundDiff="0.0000" StatementDate="2014-02-28 00:00:00" CreatedByID="b5344897-037e-4d58-b5c3-1bdfd0f47bf9" CreatedByScreenID="AR301000" CreatedDateTime="2014-11-17 13:28:35.18" LastModifiedByID="b5344897-037e-4d58-b5c3-1bdfd0f47bf9" LastModifiedByScreenID="AR503000" LastModifiedDateTime="2014-11-17 13:44:59.37" Voided="0" Scheduled="0" CuryOrigDiscAmt="0.0000" OrigDiscAmt="0.0000" FinPeriodID="201402" TranPeriodID="201402" ClosedTranPeriodID="201402" ClosedFinPeriodID="201402" DeletedDatabaseRecord="0" OrigModule="AR" HasPPDTaxes="0" PendingPPD="0" IsMigratedRecord="0" Approved="1" Rejected="0" RetainageApply="0" IsRetainageDocument="0" DefRetainagePct="0.000000" CuryLineRetainageTotal="0.0000" LineRetainageTotal="0.0000" CuryRetainageTotal="0.0000" RetainageTotal="0.0000" CuryRetainageUnreleasedAmt="0.0000" RetainageUnreleasedAmt="0.0000" CuryRetainedTaxTotal="0.0000" RetainedTaxTotal="0.0000" CuryRetainedDiscTotal="0.0000" RetainedDiscTotal="0.0000" NoteID="9ba84221-446e-e411-8043-74d435e7799b" />
		<row BranchID="1" DocType="PMT" RefNbr="000003" BatchNbr="000005" BatchSeq="0" CustomerID="20" CustomerLocationID="20" ARAccountID="40" ARSubID="1" DocDate="2014-03-04 00:00:00" DocDesc="Early payment 03-2014" CuryInfoID="20216" CuryOrigDocAmt="490.0000" OrigDocAmt="490.0000" CuryDocBal="0.0000" DocBal="0.0000" CuryInitDocBal="0.0000" InitDocBal="0.0000" CuryDiscBal="0.0000" DiscBal="0.0000" CuryDiscTaken="0.0000" DiscTaken="0.0000" CuryChargeAmt="0.0000" ChargeAmt="0.0000" OpenDoc="0" Released="1" Hold="0" IsTaxValid="0" IsTaxSaved="0" IsTaxPosted="0" NonTaxable="0" Status="C" LineCntr="3" AdjCntr="3" CuryID="USD" RGOLAmt="0.0000" CuryRoundDiff="0.0000" RoundDiff="0.0000" StatementDate="2014-03-31 00:00:00" CreatedByID="b5344897-037e-4d58-b5c3-1bdfd0f47bf9" CreatedByScreenID="AR302000" CreatedDateTime="2014-11-18 10:41:07.35" LastModifiedByID="b5344897-037e-4d58-b5c3-1bdfd0f47bf9" LastModifiedByScreenID="AR503500" LastModifiedDateTime="2014-11-19 16:12:29.813" Voided="0" Scheduled="0" CuryOrigDiscAmt="0.0000" OrigDiscAmt="0.0000" FinPeriodID="201403" TranPeriodID="201403" ClosedTranPeriodID="201403" ClosedFinPeriodID="201403" DeletedDatabaseRecord="0" OrigModule="AR" HasPPDTaxes="0" PendingPPD="0" IsMigratedRecord="0" Approved="1" Rejected="0" RetainageApply="0" IsRetainageDocument="0" DefRetainagePct="0.000000" CuryLineRetainageTotal="0.0000" LineRetainageTotal="0.0000" CuryRetainageTotal="0.0000" RetainageTotal="0.0000" CuryRetainageUnreleasedAmt="0.0000" RetainageUnreleasedAmt="0.0000" CuryRetainedTaxTotal="0.0000" RetainedTaxTotal="0.0000" CuryRetainedDiscTotal="0.0000" RetainedDiscTotal="0.0000" NoteID="6da178cb-f56e-e411-8157-74d435e7799b" />
		<row BranchID="1" DocType="PMT" RefNbr="000005" BatchNbr="000010" BatchSeq="0" CustomerID="18" CustomerLocationID="18" ARAccountID="40" ARSubID="1" DocDate="2014-03-20 00:00:00" DocDesc="Payment for inv. 000003 and d.m. 000006" CuryInfoID="20227" CuryOrigDocAmt="570.0000" OrigDocAmt="570.0000" CuryDocBal="0.0000" DocBal="0.0000" CuryInitDocBal="0.0000" InitDocBal="0.0000" CuryDiscBal="0.0000" DiscBal="0.0000" CuryDiscTaken="0.0000" DiscTaken="0.0000" CuryChargeAmt="0.0000" ChargeAmt="0.0000" OpenDoc="0" Released="1" Hold="0" IsTaxValid="0" IsTaxSaved="0" IsTaxPosted="0" NonTaxable="0" Status="C" LineCntr="2" AdjCntr="2" CuryID="USD" RGOLAmt="0.0000" CuryRoundDiff="0.0000" RoundDiff="0.0000" StatementDate="2014-03-31 00:00:00" CreatedByID="b5344897-037e-4d58-b5c3-1bdfd0f47bf9" CreatedByScreenID="AR301000" CreatedDateTime="2014-11-18 12:03:07.443" LastModifiedByID="b5344897-037e-4d58-b5c3-1bdfd0f47bf9" LastModifiedByScreenID="AR503000" LastModifiedDateTime="2014-11-18 16:56:36.217" Voided="0" Scheduled="0" CuryOrigDiscAmt="0.0000" OrigDiscAmt="0.0000" FinPeriodID="201403" TranPeriodID="201403" ClosedTranPeriodID="201403" ClosedFinPeriodID="201403" DeletedDatabaseRecord="0" OrigModule="AR" HasPPDTaxes="0" PendingPPD="0" IsMigratedRecord="0" Approved="1" Rejected="0" RetainageApply="0" IsRetainageDocument="0" DefRetainagePct="0.000000" CuryLineRetainageTotal="0.0000" LineRetainageTotal="0.0000" CuryRetainageTotal="0.0000" RetainageTotal="0.0000" CuryRetainageUnreleasedAmt="0.0000" RetainageUnreleasedAmt="0.0000" CuryRetainedTaxTotal="0.0000" RetainedTaxTotal="0.0000" CuryRetainedDiscTotal="0.0000" RetainedDiscTotal="0.0000" NoteID="23d1114e-016f-e411-8157-74d435e7799b" />
		<row BranchID="1" DocType="PMT" RefNbr="000007" BatchNbr="000015" BatchSeq="0" CustomerID="21" CustomerLocationID="21" ARAccountID="40" ARSubID="1" DocDate="2014-03-31 00:00:00" DocDesc="Payment 03-2014" CuryInfoID="20242" CuryOrigDocAmt="730.0000" OrigDocAmt="730.0000" CuryDocBal="0.0000" DocBal="0.0000" CuryInitDocBal="0.0000" InitDocBal="0.0000" CuryDiscBal="0.0000" DiscBal="0.0000" CuryDiscTaken="0.0000" DiscTaken="0.0000" CuryChargeAmt="0.0000" ChargeAmt="0.0000" OpenDoc="0" Released="1" Hold="0" IsTaxValid="0" IsTaxSaved="0" IsTaxPosted="0" NonTaxable="0" Status="C" LineCntr="2" AdjCntr="2" CuryID="USD" RGOLAmt="0.0000" CuryRoundDiff="0.0000" RoundDiff="0.0000" StatementDate="2014-03-31 00:00:00" CreatedByID="b5344897-037e-4d58-b5c3-1bdfd0f47bf9" CreatedByScreenID="AR302000" CreatedDateTime="2014-11-18 16:55:55.27" LastModifiedByID="b5344897-037e-4d58-b5c3-1bdfd0f47bf9" LastModifiedByScreenID="AR503500" LastModifiedDateTime="2014-11-19 16:20:53.687" Voided="0" Scheduled="0" CuryOrigDiscAmt="0.0000" OrigDiscAmt="0.0000" FinPeriodID="201403" TranPeriodID="201403" ClosedTranPeriodID="201403" ClosedFinPeriodID="201403" DeletedDatabaseRecord="0" OrigModule="AR" HasPPDTaxes="0" PendingPPD="0" IsMigratedRecord="0" Approved="1" Rejected="0" RetainageApply="0" IsRetainageDocument="0" DefRetainagePct="0.000000" CuryLineRetainageTotal="0.0000" LineRetainageTotal="0.0000" CuryRetainageTotal="0.0000" RetainageTotal="0.0000" CuryRetainageUnreleasedAmt="0.0000" RetainageUnreleasedAmt="0.0000" CuryRetainedTaxTotal="0.0000" RetainedTaxTotal="0.0000" CuryRetainedDiscTotal="0.0000" RetainedDiscTotal="0.0000" NoteID="58ea7a4d-2a6f-e411-8157-74d435e7799b" />
		<row BranchID="1" DocType="PMT" RefNbr="000008" BatchNbr="000018" BatchSeq="0" CustomerID="18" CustomerLocationID="18" ARAccountID="40" ARSubID="1" DocDate="2014-04-10 00:00:00" DocDesc="Payment 04-2014" CuryInfoID="20253" CuryOrigDocAmt="59.9000" OrigDocAmt="59.9000" CuryDocBal="0.0000" DocBal="0.0000" CuryInitDocBal="0.0000" InitDocBal="0.0000" CuryDiscBal="0.0000" DiscBal="0.0000" CuryDiscTaken="0.0000" DiscTaken="0.0000" CuryChargeAmt="0.0000" ChargeAmt="0.0000" OpenDoc="0" Released="1" Hold="0" IsTaxValid="0" IsTaxSaved="0" IsTaxPosted="0" NonTaxable="0" Status="C" LineCntr="2" AdjCntr="2" CuryID="USD" RGOLAmt="0.0000" CuryRoundDiff="0.0000" RoundDiff="0.0000" CreatedByID="b5344897-037e-4d58-b5c3-1bdfd0f47bf9" CreatedByScreenID="AR302000" CreatedDateTime="2014-11-19 16:25:50.703" LastModifiedByID="b5344897-037e-4d58-b5c3-1bdfd0f47bf9" LastModifiedByScreenID="AR302000" LastModifiedDateTime="2014-11-19 16:25:51.487" Voided="0" Scheduled="0" CuryOrigDiscAmt="0.0000" OrigDiscAmt="0.0000" FinPeriodID="201404" TranPeriodID="201404" ClosedTranPeriodID="201404" ClosedFinPeriodID="201404" DeletedDatabaseRecord="0" OrigModule="AR" HasPPDTaxes="0" PendingPPD="0" IsMigratedRecord="0" Approved="1" Rejected="0" RetainageApply="0" IsRetainageDocument="0" DefRetainagePct="0.000000" CuryLineRetainageTotal="0.0000" LineRetainageTotal="0.0000" CuryRetainageTotal="0.0000" RetainageTotal="0.0000" CuryRetainageUnreleasedAmt="0.0000" RetainageUnreleasedAmt="0.0000" CuryRetainedTaxTotal="0.0000" RetainedTaxTotal="0.0000" CuryRetainedDiscTotal="0.0000" RetainedDiscTotal="0.0000" NoteID="a30fe61f-ef6f-e411-99d2-74d435e7799b" />
		<row BranchID="1" DocType="PMT" RefNbr="000009" BatchNbr="000019" BatchSeq="0" CustomerID="30" CustomerLocationID="29" ARAccountID="40" ARSubID="1" DocDate="2019-12-05 00:00:00" DocDesc="Payment for Shopify Order #LOGIC-1089" CuryInfoID="663963" CuryOrigDocAmt="379.3300" OrigDocAmt="379.3300" CuryDocBal="379.3300" DocBal="379.3300" CuryInitDocBal="0.0000" InitDocBal="0.0000" CuryDiscBal="0.0000" DiscBal="0.0000" CuryDiscTaken="0.0000" DiscTaken="0.0000" CuryChargeAmt="0.0000" ChargeAmt="0.0000" OpenDoc="1" Released="1" Hold="0" IsTaxValid="0" IsTaxSaved="0" IsTaxPosted="0" NonTaxable="0" Status="N" LineCntr="0" AdjCntr="1" DRSchedCntr="0" CuryID="USD" RGOLAmt="0.0000" CuryRoundDiff="0.0000" RoundDiff="0.0000" CreatedByID="b5344897-037e-4d58-b5c3-1bdfd0f47bf9" CreatedByScreenID="AR302000" CreatedDateTime="2019-12-05 12:10:16.227" LastModifiedByID="b5344897-037e-4d58-b5c3-1bdfd0f47bf9" LastModifiedByScreenID="AR302000" LastModifiedDateTime="2019-12-05 12:10:18.34" Voided="0" Scheduled="0" CuryOrigDiscAmt="0.0000" OrigDiscAmt="0.0000" FinPeriodID="201912" TranPeriodID="201912" DeletedDatabaseRecord="0" OrigModule="AR" HasPPDTaxes="0" PendingPPD="0" IsMigratedRecord="0" Approved="1" Rejected="0" DontApprove="1" RetainageSubID="1" RetainageApply="0" IsRetainageDocument="0" DefRetainagePct="0.000000" CuryLineRetainageTotal="0.0000" LineRetainageTotal="0.0000" CuryRetainageTotal="0.0000" RetainageTotal="0.0000" CuryRetainageUnreleasedAmt="0.0000" RetainageUnreleasedAmt="0.0000" CuryRetainedTaxTotal="0.0000" RetainedTaxTotal="0.0000" CuryRetainedDiscTotal="0.0000" RetainedDiscTotal="0.0000" NoteID="b4550c7b-8a17-ea11-a6ed-9cb6d0c82c0c" />
		<row BranchID="1" DocType="PMT" RefNbr="000010" BatchNbr="000020" BatchSeq="0" CustomerID="30" CustomerLocationID="29" ARAccountID="40" ARSubID="1" DocDate="2019-12-05 00:00:00" DocDesc="Payment for Shopify Order #LOGIC-1090" CuryInfoID="663965" CuryOrigDocAmt="379.3300" OrigDocAmt="379.3300" CuryDocBal="379.3300" DocBal="379.3300" CuryInitDocBal="0.0000" InitDocBal="0.0000" CuryDiscBal="0.0000" DiscBal="0.0000" CuryDiscTaken="0.0000" DiscTaken="0.0000" CuryChargeAmt="0.0000" ChargeAmt="0.0000" OpenDoc="1" Released="1" Hold="0" IsTaxValid="0" IsTaxSaved="0" IsTaxPosted="0" NonTaxable="0" Status="N" LineCntr="0" AdjCntr="1" DRSchedCntr="0" CuryID="USD" RGOLAmt="0.0000" CuryRoundDiff="0.0000" RoundDiff="0.0000" CreatedByID="b5344897-037e-4d58-b5c3-1bdfd0f47bf9" CreatedByScreenID="AR302000" CreatedDateTime="2019-12-05 12:10:17.19" LastModifiedByID="b5344897-037e-4d58-b5c3-1bdfd0f47bf9" LastModifiedByScreenID="AR302000" LastModifiedDateTime="2019-12-05 12:10:18.97" Voided="0" Scheduled="0" CuryOrigDiscAmt="0.0000" OrigDiscAmt="0.0000" FinPeriodID="201912" TranPeriodID="201912" DeletedDatabaseRecord="0" OrigModule="AR" HasPPDTaxes="0" PendingPPD="0" IsMigratedRecord="0" Approved="1" Rejected="0" DontApprove="1" RetainageSubID="1" RetainageApply="0" IsRetainageDocument="0" DefRetainagePct="0.000000" CuryLineRetainageTotal="0.0000" LineRetainageTotal="0.0000" CuryRetainageTotal="0.0000" RetainageTotal="0.0000" CuryRetainageUnreleasedAmt="0.0000" RetainageUnreleasedAmt="0.0000" CuryRetainedTaxTotal="0.0000" RetainedTaxTotal="0.0000" CuryRetainedDiscTotal="0.0000" RetainedDiscTotal="0.0000" NoteID="bd550c7b-8a17-ea11-a6ed-9cb6d0c82c0c" />
		<row BranchID="1" DocType="PMT" RefNbr="000011" BatchNbr="000021" BatchSeq="0" CustomerID="30" CustomerLocationID="29" ARAccountID="40" ARSubID="1" DocDate="2019-12-05 00:00:00" DocDesc="Payment for Shopify Order #LOGIC-1091" CuryInfoID="663970" CuryOrigDocAmt="379.3300" OrigDocAmt="379.3300" CuryDocBal="379.3300" DocBal="379.3300" CuryInitDocBal="0.0000" InitDocBal="0.0000" CuryDiscBal="0.0000" DiscBal="0.0000" CuryDiscTaken="0.0000" DiscTaken="0.0000" CuryChargeAmt="0.0000" ChargeAmt="0.0000" OpenDoc="1" Released="1" Hold="0" IsTaxValid="0" IsTaxSaved="0" IsTaxPosted="0" NonTaxable="0" Status="N" LineCntr="0" AdjCntr="1" DRSchedCntr="0" CuryID="USD" RGOLAmt="0.0000" CuryRoundDiff="0.0000" RoundDiff="0.0000" CreatedByID="b5344897-037e-4d58-b5c3-1bdfd0f47bf9" CreatedByScreenID="AR302000" CreatedDateTime="2019-12-05 12:10:20.11" LastModifiedByID="b5344897-037e-4d58-b5c3-1bdfd0f47bf9" LastModifiedByScreenID="AR302000" LastModifiedDateTime="2019-12-05 12:10:21.557" Voided="0" Scheduled="0" CuryOrigDiscAmt="0.0000" OrigDiscAmt="0.0000" FinPeriodID="201912" TranPeriodID="201912" DeletedDatabaseRecord="0" OrigModule="AR" HasPPDTaxes="0" PendingPPD="0" IsMigratedRecord="0" Approved="1" Rejected="0" DontApprove="1" RetainageSubID="1" RetainageApply="0" IsRetainageDocument="0" DefRetainagePct="0.000000" CuryLineRetainageTotal="0.0000" LineRetainageTotal="0.0000" CuryRetainageTotal="0.0000" RetainageTotal="0.0000" CuryRetainageUnreleasedAmt="0.0000" RetainageUnreleasedAmt="0.0000" CuryRetainedTaxTotal="0.0000" RetainedTaxTotal="0.0000" CuryRetainedDiscTotal="0.0000" RetainedDiscTotal="0.0000" NoteID="48560c7b-8a17-ea11-a6ed-9cb6d0c82c0c" />
		<row BranchID="1" DocType="PMT" RefNbr="000012" BatchNbr="000022" BatchSeq="0" CustomerID="30" CustomerLocationID="29" ARAccountID="40" ARSubID="1" DocDate="2019-12-05 00:00:00" DocDesc="Payment for Shopify Order #LOGIC-1088" CuryInfoID="663973" CuryOrigDocAmt="371.5800" OrigDocAmt="371.5800" CuryDocBal="371.5800" DocBal="371.5800" CuryInitDocBal="0.0000" InitDocBal="0.0000" CuryDiscBal="0.0000" DiscBal="0.0000" CuryDiscTaken="0.0000" DiscTaken="0.0000" CuryChargeAmt="0.0000" ChargeAmt="0.0000" OpenDoc="1" Released="1" Hold="0" IsTaxValid="0" IsTaxSaved="0" IsTaxPosted="0" NonTaxable="0" Status="N" LineCntr="0" AdjCntr="1" DRSchedCntr="0" CuryID="USD" RGOLAmt="0.0000" CuryRoundDiff="0.0000" RoundDiff="0.0000" CreatedByID="b5344897-037e-4d58-b5c3-1bdfd0f47bf9" CreatedByScreenID="AR302000" CreatedDateTime="2019-12-05 12:11:36.98" LastModifiedByID="b5344897-037e-4d58-b5c3-1bdfd0f47bf9" LastModifiedByScreenID="AR302000" LastModifiedDateTime="2019-12-05 12:11:38.447" Voided="0" Scheduled="0" CuryOrigDiscAmt="0.0000" OrigDiscAmt="0.0000" FinPeriodID="201912" TranPeriodID="201912" DeletedDatabaseRecord="0" OrigModule="AR" HasPPDTaxes="0" PendingPPD="0" IsMigratedRecord="0" Approved="1" Rejected="0" DontApprove="1" RetainageSubID="1" RetainageApply="0" IsRetainageDocument="0" DefRetainagePct="0.000000" CuryLineRetainageTotal="0.0000" LineRetainageTotal="0.0000" CuryRetainageTotal="0.0000" RetainageTotal="0.0000" CuryRetainageUnreleasedAmt="0.0000" RetainageUnreleasedAmt="0.0000" CuryRetainedTaxTotal="0.0000" RetainedTaxTotal="0.0000" CuryRetainedDiscTotal="0.0000" RetainedDiscTotal="0.0000" NoteID="c30507ab-8a17-ea11-a6ed-9cb6d0c82c0c" />
		<row BranchID="1" DocType="PMT" RefNbr="000013" BatchNbr="000023" BatchSeq="0" CustomerID="30" CustomerLocationID="29" ARAccountID="40" ARSubID="1" DocDate="2020-01-14 00:00:00" DocDesc="Payment for Shopify Order #LOGIC-1204" CuryInfoID="663977" CuryOrigDocAmt="422.2400" OrigDocAmt="422.2400" CuryDocBal="0.0000" DocBal="0.0000" CuryInitDocBal="0.0000" InitDocBal="0.0000" CuryDiscBal="0.0000" DiscBal="0.0000" CuryDiscTaken="0.0000" DiscTaken="0.0000" CuryChargeAmt="0.0000" ChargeAmt="0.0000" OpenDoc="0" Released="1" Hold="0" IsTaxValid="0" IsTaxSaved="0" IsTaxPosted="0" NonTaxable="0" Status="C" LineCntr="0" AdjCntr="2" DRSchedCntr="0" CuryID="USD" RGOLAmt="0.0000" CuryRoundDiff="0.0000" RoundDiff="0.0000" CreatedByID="b5344897-037e-4d58-b5c3-1bdfd0f47bf9" CreatedByScreenID="AR302000" CreatedDateTime="2020-01-14 15:05:04.987" LastModifiedByID="b5344897-037e-4d58-b5c3-1bdfd0f47bf9" LastModifiedByScreenID="SO303000" LastModifiedDateTime="2020-01-14 15:08:57.587" Voided="0" Scheduled="0" CuryOrigDiscAmt="0.0000" OrigDiscAmt="0.0000" FinPeriodID="202001" TranPeriodID="202001" ClosedTranPeriodID="202001" ClosedFinPeriodID="202001" DeletedDatabaseRecord="0" OrigModule="AR" HasPPDTaxes="0" PendingPPD="0" IsMigratedRecord="0" Approved="1" Rejected="0" DontApprove="1" RetainageSubID="1" RetainageApply="0" IsRetainageDocument="0" DefRetainagePct="0.000000" CuryLineRetainageTotal="0.0000" LineRetainageTotal="0.0000" CuryRetainageTotal="0.0000" RetainageTotal="0.0000" CuryRetainageUnreleasedAmt="0.0000" RetainageUnreleasedAmt="0.0000" CuryRetainedTaxTotal="0.0000" RetainedTaxTotal="0.0000" CuryRetainedDiscTotal="0.0000" RetainedDiscTotal="0.0000" NoteID="4e20eb83-1137-ea11-a6f2-9cb6d0c82c0c" />
		<row BranchID="1" DocType="PMT" RefNbr="000014" BatchNbr="000025" BatchSeq="0" CustomerID="31" CustomerLocationID="30" ARAccountID="40" ARSubID="1" DocDate="2020-01-15 00:00:00" DocDesc="Payment for Shopify Order #LOGIC-1230" CuryInfoID="663984" CuryOrigDocAmt="150.0000" OrigDocAmt="150.0000" CuryDocBal="150.0000" DocBal="150.0000" CuryInitDocBal="0.0000" InitDocBal="0.0000" CuryDiscBal="0.0000" DiscBal="0.0000" CuryDiscTaken="0.0000" DiscTaken="0.0000" CuryChargeAmt="0.0000" ChargeAmt="0.0000" OpenDoc="1" Released="1" Hold="0" IsTaxValid="0" IsTaxSaved="0" IsTaxPosted="0" NonTaxable="0" Status="N" LineCntr="0" AdjCntr="1" DRSchedCntr="0" CuryID="USD" RGOLAmt="0.0000" CuryRoundDiff="0.0000" RoundDiff="0.0000" CreatedByID="b5344897-037e-4d58-b5c3-1bdfd0f47bf9" CreatedByScreenID="AR302000" CreatedDateTime="2020-01-16 09:17:55.89" LastModifiedByID="b5344897-037e-4d58-b5c3-1bdfd0f47bf9" LastModifiedByScreenID="AR302000" LastModifiedDateTime="2020-01-16 09:17:59.163" Voided="0" Scheduled="0" CuryOrigDiscAmt="0.0000" OrigDiscAmt="0.0000" FinPeriodID="202001" TranPeriodID="202001" DeletedDatabaseRecord="0" OrigModule="AR" HasPPDTaxes="0" PendingPPD="0" IsMigratedRecord="0" Approved="1" Rejected="0" DontApprove="1" RetainageSubID="1" RetainageApply="0" IsRetainageDocument="0" DefRetainagePct="0.000000" CuryLineRetainageTotal="0.0000" LineRetainageTotal="0.0000" CuryRetainageTotal="0.0000" RetainageTotal="0.0000" CuryRetainageUnreleasedAmt="0.0000" RetainageUnreleasedAmt="0.0000" CuryRetainedTaxTotal="0.0000" RetainedTaxTotal="0.0000" CuryRetainedDiscTotal="0.0000" RetainedDiscTotal="0.0000" NoteID="fc762b5e-7338-ea11-a6f3-9cb6d0c82c0c" />
		<row BranchID="1" DocType="PMT" RefNbr="000015" BatchNbr="000026" BatchSeq="0" CustomerID="30" CustomerLocationID="29" ARAccountID="40" ARSubID="1" DocDate="2020-01-16 00:00:00" DocDesc="Payment for Shopify Order #LOGIC-1231" CuryInfoID="663988" CuryOrigDocAmt="389.2400" OrigDocAmt="389.2400" CuryDocBal="229.4900" DocBal="229.4900" CuryInitDocBal="0.0000" InitDocBal="0.0000" CuryDiscBal="0.0000" DiscBal="0.0000" CuryDiscTaken="0.0000" DiscTaken="0.0000" CuryChargeAmt="0.0000" ChargeAmt="0.0000" OpenDoc="1" Released="1" Hold="0" IsTaxValid="0" IsTaxSaved="0" IsTaxPosted="0" NonTaxable="0" Status="N" LineCntr="0" AdjCntr="1" DRSchedCntr="0" CuryID="USD" RGOLAmt="0.0000" CuryRoundDiff="0.0000" RoundDiff="0.0000" CreatedByID="b5344897-037e-4d58-b5c3-1bdfd0f47bf9" CreatedByScreenID="AR302000" CreatedDateTime="2020-01-16 17:00:29.61" LastModifiedByID="b5344897-037e-4d58-b5c3-1bdfd0f47bf9" LastModifiedByScreenID="AR302000" LastModifiedDateTime="2020-01-16 17:23:42.99" Voided="0" Scheduled="0" CuryOrigDiscAmt="0.0000" OrigDiscAmt="0.0000" FinPeriodID="202001" TranPeriodID="202001" DeletedDatabaseRecord="0" OrigModule="AR" HasPPDTaxes="0" PendingPPD="0" IsMigratedRecord="0" Approved="1" Rejected="0" DontApprove="1" RetainageSubID="1" RetainageApply="0" IsRetainageDocument="0" DefRetainagePct="0.000000" CuryLineRetainageTotal="0.0000" LineRetainageTotal="0.0000" CuryRetainageTotal="0.0000" RetainageTotal="0.0000" CuryRetainageUnreleasedAmt="0.0000" RetainageUnreleasedAmt="0.0000" CuryRetainedTaxTotal="0.0000" RetainedTaxTotal="0.0000" CuryRetainedDiscTotal="0.0000" RetainedDiscTotal="0.0000" NoteID="78fec4f9-b338-ea11-a6f3-9cb6d0c82c0c" />
		<row BranchID="1" DocType="PPM" RefNbr="000004" BatchNbr="000006" BatchSeq="0" CustomerID="19" CustomerLocationID="19" ARAccountID="41" ARSubID="1" DocDate="2014-03-01 00:00:00" DocDesc="$100 prepayment 03-2014" CuryInfoID="20219" CuryOrigDocAmt="100.0000" OrigDocAmt="100.0000" CuryDocBal="0.0000" DocBal="0.0000" CuryInitDocBal="0.0000" InitDocBal="0.0000" CuryDiscBal="0.0000" DiscBal="0.0000" CuryDiscTaken="0.0000" DiscTaken="0.0000" CuryChargeAmt="0.0000" ChargeAmt="0.0000" OpenDoc="0" Released="1" Hold="0" IsTaxValid="0" IsTaxSaved="0" IsTaxPosted="0" NonTaxable="0" Status="C" LineCntr="5" AdjCntr="5" CuryID="USD" RGOLAmt="0.0000" CuryRoundDiff="0.0000" RoundDiff="0.0000" StatementDate="2014-03-31 00:00:00" CreatedByID="b5344897-037e-4d58-b5c3-1bdfd0f47bf9" CreatedByScreenID="AR302000" CreatedDateTime="2014-11-18 11:02:08.26" LastModifiedByID="b5344897-037e-4d58-b5c3-1bdfd0f47bf9" LastModifiedByScreenID="AR503000" LastModifiedDateTime="2014-11-18 16:56:36.263" Voided="0" Scheduled="0" CuryOrigDiscAmt="0.0000" OrigDiscAmt="0.0000" FinPeriodID="201403" TranPeriodID="201403" ClosedTranPeriodID="201403" ClosedFinPeriodID="201403" DeletedDatabaseRecord="0" OrigModule="AR" HasPPDTaxes="0" PendingPPD="0" IsMigratedRecord="0" Approved="1" Rejected="0" RetainageApply="0" IsRetainageDocument="0" DefRetainagePct="0.000000" CuryLineRetainageTotal="0.0000" LineRetainageTotal="0.0000" CuryRetainageTotal="0.0000" RetainageTotal="0.0000" CuryRetainageUnreleasedAmt="0.0000" RetainageUnreleasedAmt="0.0000" CuryRetainedTaxTotal="0.0000" RetainedTaxTotal="0.0000" CuryRetainedDiscTotal="0.0000" RetainedDiscTotal="0.0000" NoteID="c410557c-f86e-e411-8157-74d435e7799b" />
		<row BranchID="1" DocType="REF" RefNbr="000006" BatchNbr="000012" BatchSeq="0" CustomerID="19" CustomerLocationID="19" ARAccountID="40" ARSubID="1" DocDate="2014-03-31 00:00:00" DocDesc="Refund for unused prepayment" CuryInfoID="20234" CuryOrigDocAmt="50.0000" OrigDocAmt="50.0000" CuryDocBal="0.0000" DocBal="0.0000" CuryInitDocBal="0.0000" InitDocBal="0.0000" CuryDiscBal="0.0000" DiscBal="0.0000" CuryDiscTaken="0.0000" DiscTaken="0.0000" CuryChargeAmt="0.0000" ChargeAmt="0.0000" OpenDoc="0" Released="1" Hold="0" IsTaxValid="0" IsTaxSaved="0" IsTaxPosted="0" NonTaxable="0" Status="C" LineCntr="1" AdjCntr="1" CuryID="USD" RGOLAmt="0.0000" CuryRoundDiff="0.0000" RoundDiff="0.0000" StatementDate="2014-03-31 00:00:00" CreatedByID="b5344897-037e-4d58-b5c3-1bdfd0f47bf9" CreatedByScreenID="AR302000" CreatedDateTime="2014-11-18 12:29:15.867" LastModifiedByID="b5344897-037e-4d58-b5c3-1bdfd0f47bf9" LastModifiedByScreenID="AR503000" LastModifiedDateTime="2014-11-18 16:56:36.267" Voided="0" Scheduled="0" CuryOrigDiscAmt="0.0000" OrigDiscAmt="0.0000" FinPeriodID="201403" TranPeriodID="201403" ClosedTranPeriodID="201403" ClosedFinPeriodID="201403" DeletedDatabaseRecord="0" OrigModule="AR" HasPPDTaxes="0" PendingPPD="0" IsMigratedRecord="0" Approved="1" Rejected="0" RetainageApply="0" IsRetainageDocument="0" DefRetainagePct="0.000000" CuryLineRetainageTotal="0.0000" LineRetainageTotal="0.0000" CuryRetainageTotal="0.0000" RetainageTotal="0.0000" CuryRetainageUnreleasedAmt="0.0000" RetainageUnreleasedAmt="0.0000" CuryRetainedTaxTotal="0.0000" RetainedTaxTotal="0.0000" CuryRetainedDiscTotal="0.0000" RetainedDiscTotal="0.0000" NoteID="7c65c9e5-046f-e411-8157-74d435e7799b" />
		<row BranchID="1" DocType="REF" RefNbr="000016" BatchNbr="000027" BatchSeq="0" CustomerID="30" CustomerLocationID="29" ARAccountID="40" ARSubID="1" DocDate="2020-01-16 00:00:00" DocDesc="Refund for Order #LOGIC-1231 (TransId #2453951676460)" CuryInfoID="663992" CuryOrigDocAmt="159.7500" OrigDocAmt="159.7500" CuryDocBal="0.0000" DocBal="0.0000" CuryInitDocBal="0.0000" InitDocBal="0.0000" CuryDiscBal="0.0000" DiscBal="0.0000" CuryDiscTaken="0.0000" DiscTaken="0.0000" CuryChargeAmt="0.0000" ChargeAmt="0.0000" OpenDoc="0" Released="1" Hold="0" IsTaxValid="0" IsTaxSaved="0" IsTaxPosted="0" NonTaxable="0" Status="C" LineCntr="0" AdjCntr="1" DRSchedCntr="0" CuryID="USD" RGOLAmt="0.0000" CuryRoundDiff="0.0000" RoundDiff="0.0000" CreatedByID="b5344897-037e-4d58-b5c3-1bdfd0f47bf9" CreatedByScreenID="AR302000" CreatedDateTime="2020-01-16 17:23:40.81" LastModifiedByID="b5344897-037e-4d58-b5c3-1bdfd0f47bf9" LastModifiedByScreenID="AR302000" LastModifiedDateTime="2020-01-16 17:23:42.98" Voided="0" Scheduled="0" CuryOrigDiscAmt="0.0000" OrigDiscAmt="0.0000" FinPeriodID="202001" TranPeriodID="202001" ClosedTranPeriodID="202001" ClosedFinPeriodID="202001" DeletedDatabaseRecord="0" OrigModule="AR" HasPPDTaxes="0" PendingPPD="0" IsMigratedRecord="0" Approved="1" Rejected="0" DontApprove="1" RetainageSubID="1" RetainageApply="0" IsRetainageDocument="0" DefRetainagePct="0.000000" CuryLineRetainageTotal="0.0000" LineRetainageTotal="0.0000" CuryRetainageTotal="0.0000" RetainageTotal="0.0000" CuryRetainageUnreleasedAmt="0.0000" RetainageUnreleasedAmt="0.0000" CuryRetainedTaxTotal="0.0000" RetainedTaxTotal="0.0000" CuryRetainedDiscTotal="0.0000" RetainedDiscTotal="0.0000" NoteID="a7cef338-b738-ea11-a6f3-9cb6d0c82c0c" />
		<row BranchID="1" DocType="SMB" RefNbr="000012" BatchNbr="000017" BatchSeq="0" CustomerID="21" CustomerLocationID="21" ARAccountID="44" ARSubID="1" DocDate="2014-03-31 00:00:00" CuryInfoID="20248" CuryOrigDocAmt="3.8100" OrigDocAmt="3.8100" CuryDocBal="0.0000" DocBal="0.0000" CuryInitDocBal="0.0000" InitDocBal="0.0000" CuryDiscBal="0.0000" DiscBal="0.0000" CuryDiscTaken="0.0000" DiscTaken="0.0000" CuryChargeAmt="0.0000" ChargeAmt="0.0000" OpenDoc="0" Released="1" Hold="0" IsTaxValid="0" IsTaxSaved="0" IsTaxPosted="0" NonTaxable="0" Status="C" LineCntr="1" AdjCntr="1" CuryID="USD" RGOLAmt="0.0000" CuryRoundDiff="0.0000" RoundDiff="0.0000" StatementDate="2014-03-31 00:00:00" CreatedByID="b5344897-037e-4d58-b5c3-1bdfd0f47bf9" CreatedByScreenID="AR505000" CreatedDateTime="2014-11-19 16:16:35.497" LastModifiedByID="b5344897-037e-4d58-b5c3-1bdfd0f47bf9" LastModifiedByScreenID="AR503500" LastModifiedDateTime="2014-11-19 16:20:53.687" Voided="0" Scheduled="0" CuryOrigDiscAmt="0.0000" OrigDiscAmt="0.0000" FinPeriodID="201403" TranPeriodID="201403" ClosedTranPeriodID="201403" ClosedFinPeriodID="201403" DeletedDatabaseRecord="0" OrigModule="AR" HasPPDTaxes="0" PendingPPD="0" IsMigratedRecord="0" Approved="1" Rejected="0" RetainageApply="0" IsRetainageDocument="0" DefRetainagePct="0.000000" CuryLineRetainageTotal="0.0000" LineRetainageTotal="0.0000" CuryRetainageTotal="0.0000" RetainageTotal="0.0000" CuryRetainageUnreleasedAmt="0.0000" RetainageUnreleasedAmt="0.0000" CuryRetainedTaxTotal="0.0000" RetainedTaxTotal="0.0000" CuryRetainedDiscTotal="0.0000" RetainedDiscTotal="0.0000" NoteID="da53eb48-ee6f-e411-99d2-74d435e7799b" />
		<row BranchID="1" DocType="SMC" RefNbr="000011" BatchNbr="000016" BatchSeq="0" CustomerID="20" CustomerLocationID="20" ARAccountID="44" ARSubID="1" DocDate="2014-03-31 00:00:00" CuryInfoID="20246" CuryOrigDocAmt="5.0000" OrigDocAmt="5.0000" CuryDocBal="0.0000" DocBal="0.0000" CuryInitDocBal="0.0000" InitDocBal="0.0000" CuryDiscBal="0.0000" DiscBal="0.0000" CuryDiscTaken="0.0000" DiscTaken="0.0000" CuryChargeAmt="0.0000" ChargeAmt="0.0000" OpenDoc="0" Released="1" Hold="0" IsTaxValid="0" IsTaxSaved="0" IsTaxPosted="0" NonTaxable="0" Status="C" LineCntr="0" AdjCntr="0" CuryID="USD" RGOLAmt="0.0000" CuryRoundDiff="0.0000" RoundDiff="0.0000" StatementDate="2014-03-31 00:00:00" CreatedByID="b5344897-037e-4d58-b5c3-1bdfd0f47bf9" CreatedByScreenID="AR505000" CreatedDateTime="2014-11-19 16:05:14.097" LastModifiedByID="b5344897-037e-4d58-b5c3-1bdfd0f47bf9" LastModifiedByScreenID="AR503500" LastModifiedDateTime="2014-11-19 16:12:29.82" Voided="0" Scheduled="0" CuryOrigDiscAmt="0.0000" OrigDiscAmt="0.0000" FinPeriodID="201403" TranPeriodID="201403" ClosedTranPeriodID="201403" ClosedFinPeriodID="201403" DeletedDatabaseRecord="0" OrigModule="AR" HasPPDTaxes="0" PendingPPD="0" IsMigratedRecord="0" Approved="1" Rejected="0" RetainageApply="0" IsRetainageDocument="0" DefRetainagePct="0.000000" CuryLineRetainageTotal="0.0000" LineRetainageTotal="0.0000" CuryRetainageTotal="0.0000" RetainageTotal="0.0000" CuryRetainageUnreleasedAmt="0.0000" RetainageUnreleasedAmt="0.0000" CuryRetainedTaxTotal="0.0000" RetainedTaxTotal="0.0000" CuryRetainedDiscTotal="0.0000" RetainedDiscTotal="0.0000" NoteID="f95aa6b2-ec6f-e411-99d2-74d435e7799b" />
	</rows>
</data>