﻿<?xml version="1.0" encoding="utf-8"?>
<data>
	<table name="ARSetup">
		<col name="CompanyID" type="Int" default="Zero" />
		<col name="BatchNumberingID" type="NVarChar(10)" />
		<col name="DfltCustomerClassID" type="NVarChar(10)" nullable="true" />
		<col name="PerRetainTran" type="SmallInt" />
		<col name="PerRetainHist" type="SmallInt" />
		<col name="InvoiceNumberingID" type="NVarChar(10)" />
		<col name="PaymentNumberingID" type="NVarChar(10)" />
		<col name="CreditAdjNumberingID" type="NVarChar(10)" />
		<col name="DebitAdjNumberingID" type="NVarChar(10)" />
		<col name="WriteOffNumberingID" type="NVarChar(10)" />
		<col name="PriceWSNumberingID" type="NVarChar(10)" />
		<col name="DunningFeeNumberingID" type="NVarChar(10)" nullable="true" />
		<col name="UsageNumberingID" type="NVarChar(10)" />
		<col name="DefaultTranDesc" type="Char(1)" />
		<col name="AutoPost" type="Bit" />
		<col name="TransactionPosting" type="Char(1)" />
		<col name="ZeroPost" type="Bit" default="Zero" />
		<col name="FinChargeNumberingID" type="NVarChar(10)" />
		<col name="FinChargeOnCharge" type="Bit" />
		<col name="AgeCredits" type="Bit" />
		<col name="HoldEntry" type="Bit" default="Zero" />
		<col name="RequireControlTotal" type="Bit" />
		<col name="RequireExtRef" type="Bit" />
		<col name="CreditCheckError" type="Bit" />
		<col name="SPCommnCalcType" type="Char(1)" />
		<col name="SPCommnPeriodType" type="Char(1)" />
		<col name="FinChargeFirst" type="Bit" default="Zero" />
		<col name="DefFinChargeFromCycle" type="Bit" default="Zero" />
		<col name="PrintBeforeRelease" type="Bit" />
		<col name="EmailBeforeRelease" type="Bit" />
		<col name="IntegratedCCProcessing" type="Bit" default="Zero" />
		<col name="ConsolidatedStatement" type="Bit" default="Zero" />
		<col name="StatementBranchID" type="Int" nullable="true" />
		<col name="ConsolidatedDunningLetter" type="Bit" default="Zero" />
		<col name="DunningLetterBranchID" type="Int" nullable="true" />
		<col name="DunningLetterProcessType" type="Int" default="Zero" />
		<col name="AutoReleaseDunningFee" type="Bit" />
		<col name="AutoReleaseDunningLetter" type="Bit" />
		<col name="IncludeNonOverdueDunning" type="Bit" />
		<col name="DunningFeeInventoryID" type="Int" nullable="true" />
		<col name="BalanceWriteOff" type="NVarChar(20)" nullable="true" />
		<col name="CreditWriteOff" type="NVarChar(20)" nullable="true" />
		<col name="DefaultRateTypeID" type="NVarChar(6)" nullable="true" />
		<col name="AlwaysFromBaseCury" type="Bit" default="Zero" />
		<col name="LoadSalesPricesUsingAlternateID" type="Bit" default="Zero" />
		<col name="LineDiscountTarget" type="Char(1)" nullable="true" />
		<col name="ApplyQuantityDiscountBy" type="Char(1)" />
		<col name="ApplyLineDiscountsIfCustomerPriceDefined" type="Bit" />
		<col name="ApplyLineDiscountsIfCustomerClassPriceDefined" type="Bit" />
		<col name="RetentionType" type="Char(1)" />
		<col name="NumberOfMonths" type="Int" nullable="true" />
		<col name="ValidateDataConsistencyOnRelease" type="Bit" default="Zero" />
		<col name="tstamp" type="Timestamp" />
		<col name="CreatedByID" type="UniqueIdentifier" />
		<col name="CreatedByScreenID" type="Char(8)" />
		<col name="CreatedDateTime" type="DateTime" />
		<col name="LastModifiedByID" type="UniqueIdentifier" />
		<col name="LastModifiedByScreenID" type="Char(8)" />
		<col name="LastModifiedDateTime" type="DateTime" />
		<col name="SalesSubMask" type="VarChar(30)" nullable="true" />
		<col name="InvoiceRounding" type="Char(1)" />
		<col name="InvoicePrecision" type="Decimal(19,4)" />
		<col name="AutoReleasePPDCreditMemo" type="Bit" default="Zero" />
		<col name="PPDCreditMemoDescr" type="NVarChar(150)" nullable="true" />
		<col name="NoteID" type="UniqueIdentifier" nullable="true" />
		<col name="MigrationMode" type="Bit" default="Zero" />
		<col name="RetainTaxes" type="Bit" default="Zero" />
		<col name="RetainageInvoicesAutoRelease" type="Bit" default="Zero" />
		<col name="DataInconsistencyHandlingMode" type="Char(1)" />
	</table>
	<rows>
		<row BatchNumberingID="ARBATCH" DfltCustomerClassID="DEFAULT" PerRetainTran="99" PerRetainHist="0" InvoiceNumberingID="ARINVOICE" PaymentNumberingID="ARPAYMENT" CreditAdjNumberingID="ARINVOICE" DebitAdjNumberingID="ARINVOICE" WriteOffNumberingID="ARINVOICE" PriceWSNumberingID="ARPRICEWS" UsageNumberingID="PMTRAN" DefaultTranDesc="C" AutoPost="1" TransactionPosting="D" ZeroPost="0" FinChargeNumberingID="ARINVOICE" FinChargeOnCharge="0" AgeCredits="0" HoldEntry="1" RequireControlTotal="1" RequireExtRef="1" CreditCheckError="1" SPCommnCalcType="I" SPCommnPeriodType="M" FinChargeFirst="0" DefFinChargeFromCycle="1" PrintBeforeRelease="0" EmailBeforeRelease="0" IntegratedCCProcessing="0" ConsolidatedStatement="0" ConsolidatedDunningLetter="0" DunningLetterProcessType="0" AutoReleaseDunningFee="1" AutoReleaseDunningLetter="1" IncludeNonOverdueDunning="1" BalanceWriteOff="BALANCEWO" CreditWriteOff="CREDITWO" AlwaysFromBaseCury="0" LoadSalesPricesUsingAlternateID="0" LineDiscountTarget="E" ApplyQuantityDiscountBy="L" ApplyLineDiscountsIfCustomerPriceDefined="1" ApplyLineDiscountsIfCustomerClassPriceDefined="1" RetentionType="L" NumberOfMonths="12" ValidateDataConsistencyOnRelease="1" CreatedByID="b5344897-037e-4d58-b5c3-1bdfd0f47bf9" CreatedByScreenID="AR101000" CreatedDateTime="2014-11-05 14:27:36.1" LastModifiedByID="b5344897-037e-4d58-b5c3-1bdfd0f47bf9" LastModifiedByScreenID="AR101000" LastModifiedDateTime="2015-06-09 23:36:47.117" SalesSubMask="LLLLLLLLLL" InvoiceRounding="N" InvoicePrecision="0.1000" AutoReleasePPDCreditMemo="0" NoteID="d350311d-301e-4208-afe0-4d0042f56ac8" MigrationMode="0" RetainTaxes="0" RetainageInvoicesAutoRelease="0" DataInconsistencyHandlingMode="L" />
	</rows>
</data>