﻿<?xml version="1.0" encoding="utf-8"?>
<data>
	<table name="ARStatementDetail">
		<col name="CompanyID" type="Int" default="Zero" />
		<col name="BranchID" type="Int" />
		<col name="CustomerID" type="Int" />
		<col name="StatementDate" type="SmallDateTime" />
		<col name="CuryID" type="NVarChar(5)" />
		<col name="DocType" type="Char(3)" />
		<col name="RefNbr" type="NVarChar(15)" />
		<col name="DocBalance" type="Decimal(19,4)" default="Zero" />
		<col name="CuryDocBalance" type="Decimal(19,4)" default="Zero" />
		<col name="IsOpen" type="Bit" default="Zero" />
	</table>
	<rows>
		<row BranchID="1" CustomerID="18" StatementDate="2014-02-28 00:00:00" CuryID="USD" DocType="INV" RefNbr="000003" DocBalance="500.0000" CuryDocBalance="500.0000" IsOpen="1" />
		<row BranchID="1" CustomerID="18" StatementDate="2014-02-28 00:00:00" CuryID="USD" DocType="PMT" RefNbr="000001" DocBalance="0.0000" CuryDocBalance="0.0000" IsOpen="0" />
		<row BranchID="1" CustomerID="18" StatementDate="2014-03-31 00:00:00" CuryID="USD" DocType="DRM" RefNbr="000006" DocBalance="0.0000" CuryDocBalance="0.0000" IsOpen="0" />
		<row BranchID="1" CustomerID="18" StatementDate="2014-03-31 00:00:00" CuryID="USD" DocType="INV" RefNbr="000009" DocBalance="60.0000" CuryDocBalance="60.0000" IsOpen="1" />
		<row BranchID="1" CustomerID="18" StatementDate="2014-03-31 00:00:00" CuryID="USD" DocType="PMT" RefNbr="000005" DocBalance="0.0000" CuryDocBalance="0.0000" IsOpen="0" />
		<row BranchID="1" CustomerID="19" StatementDate="2014-02-28 00:00:00" CuryID="USD" DocType="INV" RefNbr="000001" DocBalance="0.0000" CuryDocBalance="0.0000" IsOpen="0" />
		<row BranchID="1" CustomerID="19" StatementDate="2014-02-28 00:00:00" CuryID="USD" DocType="PMT" RefNbr="000002" DocBalance="0.0000" CuryDocBalance="0.0000" IsOpen="0" />
		<row BranchID="1" CustomerID="19" StatementDate="2014-03-31 00:00:00" CuryID="USD" DocType="INV" RefNbr="000005" DocBalance="0.0000" CuryDocBalance="0.0000" IsOpen="0" />
		<row BranchID="1" CustomerID="19" StatementDate="2014-03-31 00:00:00" CuryID="USD" DocType="PPM" RefNbr="000004" DocBalance="0.0000" CuryDocBalance="0.0000" IsOpen="0" />
		<row BranchID="1" CustomerID="19" StatementDate="2014-03-31 00:00:00" CuryID="USD" DocType="REF" RefNbr="000006" DocBalance="0.0000" CuryDocBalance="0.0000" IsOpen="0" />
		<row BranchID="1" CustomerID="20" StatementDate="2014-02-28 00:00:00" CuryID="USD" DocType="INV" RefNbr="000004" DocBalance="500.0000" CuryDocBalance="500.0000" IsOpen="1" />
		<row BranchID="1" CustomerID="20" StatementDate="2014-03-31 00:00:00" CuryID="USD" DocType="PMT" RefNbr="000003" DocBalance="0.0000" CuryDocBalance="0.0000" IsOpen="0" />
		<row BranchID="1" CustomerID="20" StatementDate="2014-03-31 00:00:00" CuryID="USD" DocType="SMC" RefNbr="000011" DocBalance="0.0000" CuryDocBalance="0.0000" IsOpen="0" />
		<row BranchID="1" CustomerID="21" StatementDate="2014-02-28 00:00:00" CuryID="USD" DocType="INV" RefNbr="000002" DocBalance="800.0000" CuryDocBalance="800.0000" IsOpen="1" />
		<row BranchID="1" CustomerID="21" StatementDate="2014-03-31 00:00:00" CuryID="USD" DocType="CRM" RefNbr="000007" DocBalance="0.0000" CuryDocBalance="0.0000" IsOpen="0" />
		<row BranchID="1" CustomerID="21" StatementDate="2014-03-31 00:00:00" CuryID="USD" DocType="FCH" RefNbr="000010" DocBalance="0.0000" CuryDocBalance="0.0000" IsOpen="0" />
		<row BranchID="1" CustomerID="21" StatementDate="2014-03-31 00:00:00" CuryID="USD" DocType="PMT" RefNbr="000007" DocBalance="0.0000" CuryDocBalance="0.0000" IsOpen="0" />
		<row BranchID="1" CustomerID="21" StatementDate="2014-03-31 00:00:00" CuryID="USD" DocType="SMB" RefNbr="000012" DocBalance="0.0000" CuryDocBalance="0.0000" IsOpen="0" />
	</rows>
</data>