﻿<?xml version="1.0" encoding="utf-8"?>
<data>
	<table name="ARStatementCycle">
		<col name="CompanyID" type="Int" default="Zero" />
		<col name="StatementCycleId" type="NVarChar(10)" />
		<col name="Descr" type="NVarChar(60)" />
		<col name="AgeDays00" type="SmallInt" />
		<col name="AgeDays01" type="SmallInt" />
		<col name="AgeDays02" type="SmallInt" />
		<col name="AgeMsgCurrent" type="NVarChar(60)" nullable="true" />
		<col name="AgeMsg00" type="NVarChar(60)" nullable="true" />
		<col name="AgeMsg01" type="NVarChar(60)" nullable="true" />
		<col name="AgeMsg02" type="NVarChar(60)" nullable="true" />
		<col name="AgeMsg03" type="NVarChar(60)" nullable="true" />
		<col name="LastAgeDate" type="SmallDateTime" nullable="true" />
		<col name="LastFinChrgDate" type="SmallDateTime" nullable="true" />
		<col name="LastStmtDate" type="SmallDateTime" nullable="true" />
		<col name="PrepareOn" type="Char(1)" />
		<col name="Day00" type="SmallInt" nullable="true" />
		<col name="Day01" type="SmallInt" nullable="true" />
		<col name="DayOfWeek" type="Int" default="Zero" />
		<col name="FinChargeApply" type="Bit" default="Zero" />
		<col name="FinChargeID" type="NVarChar(10)" nullable="true" />
		<col name="RequirePaymentApplication" type="Bit" default="Zero" />
		<col name="RequireFinChargeProcessing" type="Bit" default="Zero" />
		<col name="AgeBasedOn" type="Char(1)" />
		<col name="UseFinPeriodForAging" type="Bit" default="Zero" />
		<col name="PrintEmptyStatements" type="Bit" default="Zero" />
		<col name="tstamp" type="Timestamp" />
		<col name="CreatedByID" type="UniqueIdentifier" />
		<col name="CreatedByScreenID" type="Char(8)" />
		<col name="CreatedDateTime" type="DateTime" />
		<col name="LastModifiedByID" type="UniqueIdentifier" />
		<col name="LastModifiedByScreenID" type="Char(8)" />
		<col name="LastModifiedDateTime" type="DateTime" />
		<col name="NoteID" type="UniqueIdentifier" nullable="true" />
	</table>
	<rows>
		<row StatementCycleId="EOM" Descr="End of Month" AgeDays00="10" AgeDays01="30" AgeDays02="60" AgeMsg00="0 to 10" AgeMsg01="11 to 30" AgeMsg02="31 to 60" AgeMsg03="More than 60" LastFinChrgDate="2014-03-31 00:00:00" LastStmtDate="2014-03-31 00:00:00" PrepareOn="E" DayOfWeek="0" FinChargeApply="1" FinChargeID="OVERDU25" RequirePaymentApplication="0" RequireFinChargeProcessing="1" AgeBasedOn="U" UseFinPeriodForAging="0" PrintEmptyStatements="0" CreatedByID="b5344897-037e-4d58-b5c3-1bdfd0f47bf9" CreatedByScreenID="AR202800" CreatedDateTime="2014-11-05 14:19:01.847" LastModifiedByID="b5344897-037e-4d58-b5c3-1bdfd0f47bf9" LastModifiedByScreenID="AR503000" LastModifiedDateTime="2014-11-18 16:56:36.357" NoteID="5905cf63-dd64-e411-8774-74d435e7799b" />
	</rows>
</data>