﻿<?xml version="1.0" encoding="utf-8"?>
<data>
	<table name="ARTran">
		<col name="CompanyID" type="Int" default="Zero" />
		<col name="BranchID" type="Int" />
		<col name="TranType" type="Char(3)" />
		<col name="RefNbr" type="NVarChar(15)" />
		<col name="LineNbr" type="Int" />
		<col name="SortOrder" type="Int" nullable="true" />
		<col name="BatchNbr" type="NVarChar(15)" />
		<col name="AccountID" type="Int" />
		<col name="SubID" type="Int" />
		<col name="CuryInfoID" type="BigInt" />
		<col name="CuryTranAmt" type="Decimal(19,4)" nullable="true" />
		<col name="TranAmt" type="Decimal(19,4)" nullable="true" />
		<col name="CuryTaxableAmt" type="Decimal(19,4)" nullable="true" />
		<col name="TaxableAmt" type="Decimal(19,4)" nullable="true" />
		<col name="CuryTaxAmt" type="Decimal(19,4)" nullable="true" />
		<col name="TaxAmt" type="Decimal(19,4)" nullable="true" />
		<col name="Qty" type="Decimal(25,6)" nullable="true" />
		<col name="BaseQty" type="Decimal(25,6)" nullable="true" />
		<col name="TranCost" type="Decimal(19,4)" default="Zero" />
		<col name="TranCostOrig" type="Decimal(19,4)" default="Zero" />
		<col name="IsTranCostFinal" type="Bit" default="Zero" />
		<col name="CuryExtPrice" type="Decimal(19,6)" nullable="true" />
		<col name="ExtPrice" type="Decimal(19,6)" nullable="true" />
		<col name="CuryLineAmt" type="Decimal(19,6)" nullable="true" />
		<col name="LineAmt" type="Decimal(19,6)" nullable="true" />
		<col name="DiscountsAppliedToLine" type="VarBinary(MAX)" nullable="true" />
		<col name="OrigGroupDiscountRate" type="Decimal(21,18)" />
		<col name="OrigDocumentDiscountRate" type="Decimal(21,18)" />
		<col name="GroupDiscountRate" type="Decimal(21,18)" nullable="true" />
		<col name="DocumentDiscountRate" type="Decimal(21,18)" />
		<col name="TranClass" type="Char(1)" />
		<col name="DrCr" type="Char(1)" />
		<col name="TranDate" type="SmallDateTime" />
		<col name="OrigInvoiceDate" type="SmallDateTime" nullable="true" />
		<col name="TranDesc" type="NVarChar(256)" nullable="true" />
		<col name="Released" type="Bit" />
		<col name="InventoryID" type="Int" nullable="true" />
		<col name="SiteID" type="Int" nullable="true" />
		<col name="ReasonCode" type="NVarChar(20)" nullable="true" />
		<col name="UOM" type="NVarChar(6)" nullable="true" />
		<col name="LineType" type="Char(2)" nullable="true" />
		<col name="TaxCategoryID" type="NVarChar(10)" nullable="true" />
		<col name="tstamp" type="Timestamp" />
		<col name="CreatedByID" type="UniqueIdentifier" />
		<col name="CreatedByScreenID" type="Char(8)" />
		<col name="CreatedDateTime" type="DateTime" />
		<col name="LastModifiedByID" type="UniqueIdentifier" />
		<col name="LastModifiedByScreenID" type="Char(8)" />
		<col name="LastModifiedDateTime" type="DateTime" />
		<col name="CuryUnitPrice" type="Decimal(19,6)" default="Zero" />
		<col name="UnitPrice" type="Decimal(19,6)" default="Zero" />
		<col name="SalesPersonID" type="Int" nullable="true" />
		<col name="EmployeeID" type="Int" nullable="true" />
		<col name="CommnPct" type="Decimal(9,6)" default="Zero" />
		<col name="CommnAmt" type="Decimal(19,4)" default="Zero" />
		<col name="CuryCommnAmt" type="Decimal(19,4)" default="Zero" />
		<col name="Commissionable" type="Bit" />
		<col name="FinPeriodID" type="Char(6)" />
		<col name="TranPeriodID" type="Char(6)" />
		<col name="DeferredCode" type="NVarChar(10)" nullable="true" />
		<col name="ScheduleID" type="NVarChar(10)" nullable="true" />
		<col name="DefScheduleID" type="Int" nullable="true" />
		<col name="CustomerID" type="Int" />
		<col name="ProjectID" type="Int" nullable="true" />
		<col name="TaskID" type="Int" nullable="true" />
		<col name="CostCodeID" type="Int" nullable="true" />
		<col name="CommitmentID" type="UniqueIdentifier" nullable="true" />
		<col name="CaseID" type="Int" nullable="true" />
		<col name="PMDeltaOption" type="Char(1)" />
		<col name="Date" type="SmallDateTime" nullable="true" />
		<col name="TaxID" type="NVarChar(30)" nullable="true" />
		<col name="ExpenseDate" type="SmallDateTime" nullable="true" />
		<col name="SOOrderType" type="Char(2)" nullable="true" />
		<col name="SOOrderNbr" type="NVarChar(15)" nullable="true" />
		<col name="SOOrderLineNbr" type="Int" nullable="true" />
		<col name="SOOrderLineOperation" type="Char(1)" nullable="true" />
		<col name="SOOrderSortOrder" type="Int" nullable="true" />
		<col name="SOShipmentType" type="Char(1)" nullable="true" />
		<col name="SOShipmentNbr" type="NVarChar(15)" nullable="true" />
		<col name="SOShipmentLineNbr" type="Int" nullable="true" />
		<col name="DiscountID" type="NVarChar(10)" nullable="true" />
		<col name="DiscountSequenceID" type="NVarChar(10)" nullable="true" />
		<col name="CuryDiscAmt" type="Decimal(19,4)" nullable="true" />
		<col name="DiscPct" type="Decimal(9,6)" nullable="true" />
		<col name="DiscAmt" type="Decimal(19,4)" nullable="true" />
		<col name="ManualPrice" type="Bit" nullable="true" default="Zero" />
		<col name="ManualDisc" type="Bit" nullable="true" default="Zero" />
		<col name="IsRUTROTDeductible" type="Bit" default="Zero" />
		<col name="RUTROTWorkType" type="Char(1)" nullable="true" />
		<col name="RUTROTWorkTypeID" type="Int" nullable="true" />
		<col name="RUTROTItemType" type="Char(1)" nullable="true" />
		<col name="CuryRUTROTAvailableAmt" type="Decimal(19,4)" default="Zero" />
		<col name="CuryRUTROTTaxAmountDeductible" type="Decimal(19,4)" default="Zero" />
		<col name="RUTROTAvailableAmt" type="Decimal(19,4)" default="Zero" />
		<col name="RUTROTTaxAmountDeductible" type="Decimal(19,4)" default="Zero" />
		<col name="DRTermStartDate" type="SmallDateTime" nullable="true" />
		<col name="DRTermEndDate" type="SmallDateTime" nullable="true" />
		<col name="CuryUnitPriceDR" type="Decimal(19,6)" nullable="true" />
		<col name="DiscPctDR" type="Decimal(9,6)" nullable="true" />
		<col name="RetainagePct" type="Decimal(9,6)" default="Zero" />
		<col name="CuryRetainageAmt" type="Decimal(19,4)" default="Zero" />
		<col name="RetainageAmt" type="Decimal(19,4)" default="Zero" />
		<col name="NoteID" type="UniqueIdentifier" nullable="true" />
		<col name="SubItemID" type="Int" nullable="true" />
		<col name="InvtMult" type="SmallInt" default="Zero" />
		<col name="LocationID" type="Int" nullable="true" />
		<col name="LotSerialNbr" type="NVarChar(100)" nullable="true" />
		<col name="ExpireDate" type="SmallDateTime" nullable="true" />
		<col name="PlanID" type="BigInt" nullable="true" />
		<col name="OrigInvoiceType" type="Char(3)" nullable="true" />
		<col name="OrigInvoiceNbr" type="NVarChar(15)" nullable="true" />
		<col name="OrigInvoiceLineNbr" type="Int" nullable="true" />
		<col name="InvtDocType" type="Char(1)" nullable="true" />
		<col name="InvtRefNbr" type="NVarChar(15)" nullable="true" />
	</table>
	<rows>
		<row BranchID="1" TranType="CRM" RefNbr="000007" LineNbr="1" SortOrder="1" BatchNbr="" AccountID="5" SubID="1" CuryInfoID="20231" CuryTranAmt="80.0000" TranAmt="80.0000" CuryTaxableAmt="0.0000" TaxableAmt="0.0000" CuryTaxAmt="0.0000" TaxAmt="0.0000" Qty="0.000000" BaseQty="0.000000" TranCost="0.0000" TranCostOrig="0.0000" IsTranCostFinal="0" CuryExtPrice="80.000000" ExtPrice="80.000000" OrigGroupDiscountRate="1.000000000000000000" OrigDocumentDiscountRate="1.000000000000000000" GroupDiscountRate="1.000000000000000000" DocumentDiscountRate="1.000000000000000000" TranClass=" " DrCr="D" TranDate="2014-03-01 00:00:00" Released="1" CreatedByID="b5344897-037e-4d58-b5c3-1bdfd0f47bf9" CreatedByScreenID="AR301000" CreatedDateTime="2014-11-18 12:09:03.573" LastModifiedByID="b5344897-037e-4d58-b5c3-1bdfd0f47bf9" LastModifiedByScreenID="AR301000" LastModifiedDateTime="2014-11-18 12:09:03.89" CuryUnitPrice="0.000000" UnitPrice="0.000000" CommnPct="0.000000" CommnAmt="0.0000" CuryCommnAmt="0.0000" Commissionable="1" FinPeriodID="201403" TranPeriodID="201403" CustomerID="21" ProjectID="0" PMDeltaOption="C" CuryDiscAmt="0.0000" DiscPct="0.000000" DiscAmt="0.0000" ManualPrice="1" ManualDisc="0" IsRUTROTDeductible="0" CuryRUTROTAvailableAmt="0.0000" CuryRUTROTTaxAmountDeductible="0.0000" RUTROTAvailableAmt="0.0000" RUTROTTaxAmountDeductible="0.0000" RetainagePct="0.000000" CuryRetainageAmt="0.0000" RetainageAmt="0.0000" NoteID="1da3a77e-026f-e411-8157-74d435e7799b" InvtMult="0" />
		<row BranchID="1" TranType="CRM" RefNbr="000015" LineNbr="1" SortOrder="1" BatchNbr="" AccountID="5" SubID="1" CuryInfoID="664001" CuryTranAmt="50.0000" TranAmt="50.0000" CuryTaxableAmt="0.0000" TaxableAmt="0.0000" CuryTaxAmt="0.0000" TaxAmt="0.0000" Qty="0.000000" BaseQty="0.000000" TranCost="0.0000" TranCostOrig="0.0000" IsTranCostFinal="0" CuryExtPrice="50.000000" ExtPrice="50.000000" DiscountsAppliedToLine="0x00" OrigGroupDiscountRate="1.000000000000000000" OrigDocumentDiscountRate="1.000000000000000000" GroupDiscountRate="1.000000000000000000" DocumentDiscountRate="1.000000000000000000" TranClass=" " DrCr="D" TranDate="2020-01-16 00:00:00" Released="1" CreatedByID="b5344897-037e-4d58-b5c3-1bdfd0f47bf9" CreatedByScreenID="AR301000" CreatedDateTime="2020-01-16 17:47:52.54" LastModifiedByID="b5344897-037e-4d58-b5c3-1bdfd0f47bf9" LastModifiedByScreenID="AR301000" LastModifiedDateTime="2020-01-16 17:47:55.74" CuryUnitPrice="0.000000" UnitPrice="0.000000" EmployeeID="23" CommnPct="0.000000" CommnAmt="0.0000" CuryCommnAmt="0.0000" Commissionable="1" FinPeriodID="202001" TranPeriodID="202001" CustomerID="30" ProjectID="0" PMDeltaOption="C" CuryDiscAmt="0.0000" DiscPct="0.000000" DiscAmt="0.0000" ManualPrice="1" ManualDisc="1" IsRUTROTDeductible="0" CuryRUTROTAvailableAmt="0.0000" CuryRUTROTTaxAmountDeductible="0.0000" RUTROTAvailableAmt="0.0000" RUTROTTaxAmountDeductible="0.0000" RetainagePct="0.000000" CuryRetainageAmt="0.0000" RetainageAmt="0.0000" NoteID="90802b95-ba38-ea11-a6f3-9cb6d0c82c0c" SubItemID="9" InvtMult="0" />
		<row BranchID="1" TranType="CRM" RefNbr="000016" LineNbr="1" SortOrder="1" BatchNbr="" AccountID="5" SubID="1" CuryInfoID="664003" CuryTranAmt="30.0000" TranAmt="30.0000" CuryTaxableAmt="0.0000" TaxableAmt="0.0000" CuryTaxAmt="0.0000" TaxAmt="0.0000" Qty="0.000000" BaseQty="0.000000" TranCost="0.0000" TranCostOrig="0.0000" IsTranCostFinal="0" CuryExtPrice="30.000000" ExtPrice="30.000000" DiscountsAppliedToLine="0x" OrigGroupDiscountRate="1.000000000000000000" OrigDocumentDiscountRate="1.000000000000000000" GroupDiscountRate="1.000000000000000000" DocumentDiscountRate="1.000000000000000000" TranClass=" " DrCr="D" TranDate="2020-01-17 00:00:00" TranDesc="Customer Credit" Released="0" CreatedByID="b5344897-037e-4d58-b5c3-1bdfd0f47bf9" CreatedByScreenID="AR301000" CreatedDateTime="2020-01-16 18:11:09.343" LastModifiedByID="b5344897-037e-4d58-b5c3-1bdfd0f47bf9" LastModifiedByScreenID="AR301000" LastModifiedDateTime="2020-01-16 18:11:09.343" CuryUnitPrice="0.000000" UnitPrice="0.000000" EmployeeID="23" CommnPct="0.000000" CommnAmt="0.0000" CuryCommnAmt="0.0000" Commissionable="1" FinPeriodID="202001" TranPeriodID="202001" CustomerID="30" ProjectID="0" PMDeltaOption="C" CuryDiscAmt="0.0000" DiscPct="0.000000" DiscAmt="0.0000" ManualPrice="0" ManualDisc="1" IsRUTROTDeductible="0" CuryRUTROTAvailableAmt="0.0000" CuryRUTROTTaxAmountDeductible="0.0000" RUTROTAvailableAmt="0.0000" RUTROTTaxAmountDeductible="0.0000" CuryUnitPriceDR="0.000000" RetainagePct="0.000000" CuryRetainageAmt="0.0000" RetainageAmt="0.0000" NoteID="96c961d8-bd38-ea11-a6f3-9cb6d0c82c0c" SubItemID="9" InvtMult="0" />
		<row BranchID="1" TranType="CRM" RefNbr="000017" LineNbr="1" SortOrder="1" BatchNbr="" AccountID="5" SubID="1" CuryInfoID="664004" CuryTranAmt="30.0000" TranAmt="30.0000" CuryTaxableAmt="0.0000" TaxableAmt="0.0000" CuryTaxAmt="0.0000" TaxAmt="0.0000" Qty="0.000000" BaseQty="0.000000" TranCost="0.0000" TranCostOrig="0.0000" IsTranCostFinal="0" CuryExtPrice="30.000000" ExtPrice="30.000000" DiscountsAppliedToLine="0x" OrigGroupDiscountRate="1.000000000000000000" OrigDocumentDiscountRate="1.000000000000000000" GroupDiscountRate="1.000000000000000000" DocumentDiscountRate="1.000000000000000000" TranClass=" " DrCr="D" TranDate="2020-01-17 00:00:00" TranDesc="Customer Credit" Released="0" CreatedByID="b5344897-037e-4d58-b5c3-1bdfd0f47bf9" CreatedByScreenID="AR301000" CreatedDateTime="2020-01-16 22:43:06.363" LastModifiedByID="b5344897-037e-4d58-b5c3-1bdfd0f47bf9" LastModifiedByScreenID="AR301000" LastModifiedDateTime="2020-01-16 22:43:06.363" CuryUnitPrice="0.000000" UnitPrice="0.000000" EmployeeID="23" CommnPct="0.000000" CommnAmt="0.0000" CuryCommnAmt="0.0000" Commissionable="1" FinPeriodID="202001" TranPeriodID="202001" CustomerID="30" ProjectID="0" PMDeltaOption="C" CuryDiscAmt="0.0000" DiscPct="0.000000" DiscAmt="0.0000" ManualPrice="0" ManualDisc="1" IsRUTROTDeductible="0" CuryRUTROTAvailableAmt="0.0000" CuryRUTROTTaxAmountDeductible="0.0000" RUTROTAvailableAmt="0.0000" RUTROTTaxAmountDeductible="0.0000" CuryUnitPriceDR="0.000000" RetainagePct="0.000000" CuryRetainageAmt="0.0000" RetainageAmt="0.0000" NoteID="41ac36d8-e338-ea11-a6f3-9cb6d0c82c0c" SubItemID="9" InvtMult="0" />
		<row BranchID="1" TranType="CRM" RefNbr="000018" LineNbr="1" SortOrder="1" BatchNbr="" AccountID="5" SubID="1" CuryInfoID="664005" CuryTranAmt="30.0000" TranAmt="30.0000" CuryTaxableAmt="0.0000" TaxableAmt="0.0000" CuryTaxAmt="0.0000" TaxAmt="0.0000" Qty="0.000000" BaseQty="0.000000" TranCost="0.0000" TranCostOrig="0.0000" IsTranCostFinal="0" CuryExtPrice="30.000000" ExtPrice="30.000000" DiscountsAppliedToLine="0x00" OrigGroupDiscountRate="1.000000000000000000" OrigDocumentDiscountRate="1.000000000000000000" GroupDiscountRate="1.000000000000000000" DocumentDiscountRate="1.000000000000000000" TranClass=" " DrCr="D" TranDate="2020-01-17 00:00:00" TranDesc="Customer Credit" Released="1" CreatedByID="b5344897-037e-4d58-b5c3-1bdfd0f47bf9" CreatedByScreenID="AR301000" CreatedDateTime="2020-01-16 23:26:29.91" LastModifiedByID="b5344897-037e-4d58-b5c3-1bdfd0f47bf9" LastModifiedByScreenID="AR301000" LastModifiedDateTime="2020-01-16 23:28:58.58" CuryUnitPrice="0.000000" UnitPrice="0.000000" EmployeeID="23" CommnPct="0.000000" CommnAmt="0.0000" CuryCommnAmt="0.0000" Commissionable="1" FinPeriodID="202001" TranPeriodID="202001" CustomerID="30" ProjectID="0" PMDeltaOption="C" CuryDiscAmt="0.0000" DiscPct="0.000000" DiscAmt="0.0000" ManualPrice="0" ManualDisc="1" IsRUTROTDeductible="0" CuryRUTROTAvailableAmt="0.0000" CuryRUTROTTaxAmountDeductible="0.0000" RUTROTAvailableAmt="0.0000" RUTROTTaxAmountDeductible="0.0000" CuryUnitPriceDR="0.000000" RetainagePct="0.000000" CuryRetainageAmt="0.0000" RetainageAmt="0.0000" NoteID="9465f4e3-e938-ea11-a6f3-9cb6d0c82c0c" SubItemID="9" InvtMult="0" />
		<row BranchID="1" TranType="DRM" RefNbr="000006" LineNbr="1" SortOrder="1" BatchNbr="" AccountID="5" SubID="1" CuryInfoID="20225" CuryTranAmt="70.0000" TranAmt="70.0000" CuryTaxableAmt="0.0000" TaxableAmt="0.0000" CuryTaxAmt="0.0000" TaxAmt="0.0000" Qty="0.000000" BaseQty="0.000000" TranCost="0.0000" TranCostOrig="0.0000" IsTranCostFinal="0" CuryExtPrice="70.000000" ExtPrice="70.000000" OrigGroupDiscountRate="1.000000000000000000" OrigDocumentDiscountRate="1.000000000000000000" GroupDiscountRate="1.000000000000000000" DocumentDiscountRate="1.000000000000000000" TranClass=" " DrCr="C" TranDate="2014-03-01 00:00:00" Released="1" CreatedByID="b5344897-037e-4d58-b5c3-1bdfd0f47bf9" CreatedByScreenID="AR301000" CreatedDateTime="2014-11-18 11:53:30.943" LastModifiedByID="b5344897-037e-4d58-b5c3-1bdfd0f47bf9" LastModifiedByScreenID="AR301000" LastModifiedDateTime="2014-11-18 11:53:32.537" CuryUnitPrice="0.000000" UnitPrice="0.000000" CommnPct="0.000000" CommnAmt="0.0000" CuryCommnAmt="0.0000" Commissionable="1" FinPeriodID="201403" TranPeriodID="201403" CustomerID="18" ProjectID="0" PMDeltaOption="C" CuryDiscAmt="0.0000" DiscPct="0.000000" DiscAmt="0.0000" ManualPrice="1" ManualDisc="0" IsRUTROTDeductible="0" CuryRUTROTAvailableAmt="0.0000" CuryRUTROTTaxAmountDeductible="0.0000" RUTROTAvailableAmt="0.0000" RUTROTTaxAmountDeductible="0.0000" RetainagePct="0.000000" CuryRetainageAmt="0.0000" RetainageAmt="0.0000" NoteID="86cf4b43-006f-e411-8157-74d435e7799b" InvtMult="0" />
		<row BranchID="1" TranType="FCH" RefNbr="000010" LineNbr="1" SortOrder="1" BatchNbr="" AccountID="43" SubID="1" CuryInfoID="20240" CuryTranAmt="13.8100" TranAmt="13.8100" CuryTaxableAmt="0.0000" TaxableAmt="0.0000" CuryTaxAmt="0.0000" TaxAmt="0.0000" Qty="1.000000" BaseQty="0.000000" TranCost="0.0000" TranCostOrig="0.0000" IsTranCostFinal="0" CuryExtPrice="13.810000" ExtPrice="13.810000" OrigGroupDiscountRate="1.000000000000000000" OrigDocumentDiscountRate="1.000000000000000000" GroupDiscountRate="1.000000000000000000" DocumentDiscountRate="1.000000000000000000" TranClass=" " DrCr="C" TranDate="2014-03-31 00:00:00" TranDesc="INV 000002" Released="1" LineType="  " TaxCategoryID="EXEMPT" CreatedByID="b5344897-037e-4d58-b5c3-1bdfd0f47bf9" CreatedByScreenID="AR507000" CreatedDateTime="2014-11-18 16:48:47.367" LastModifiedByID="b5344897-037e-4d58-b5c3-1bdfd0f47bf9" LastModifiedByScreenID="AR507000" LastModifiedDateTime="2014-11-18 16:52:00.36" CuryUnitPrice="13.810000" UnitPrice="13.810000" CommnPct="0.000000" CommnAmt="0.0000" CuryCommnAmt="0.0000" Commissionable="0" FinPeriodID="201403" TranPeriodID="201403" CustomerID="21" ProjectID="0" PMDeltaOption="C" CuryDiscAmt="0.0000" DiscPct="0.000000" DiscAmt="0.0000" ManualPrice="0" ManualDisc="0" IsRUTROTDeductible="0" CuryRUTROTAvailableAmt="0.0000" CuryRUTROTTaxAmountDeductible="0.0000" RUTROTAvailableAmt="0.0000" RUTROTTaxAmountDeductible="0.0000" RetainagePct="0.000000" CuryRetainageAmt="0.0000" RetainageAmt="0.0000" NoteID="9007cd9d-296f-e411-8157-74d435e7799b" InvtMult="0" />
		<row BranchID="1" TranType="INV" RefNbr="000001" LineNbr="1" SortOrder="1" BatchNbr="" AccountID="5" SubID="1" CuryInfoID="20201" CuryTranAmt="300.0000" TranAmt="300.0000" CuryTaxableAmt="0.0000" TaxableAmt="0.0000" CuryTaxAmt="0.0000" TaxAmt="0.0000" Qty="6.000000" BaseQty="0.000000" TranCost="0.0000" TranCostOrig="0.0000" IsTranCostFinal="0" CuryExtPrice="300.000000" ExtPrice="300.000000" OrigGroupDiscountRate="1.000000000000000000" OrigDocumentDiscountRate="1.000000000000000000" GroupDiscountRate="1.000000000000000000" DocumentDiscountRate="1.000000000000000000" TranClass=" " DrCr="C" TranDate="2014-02-01 00:00:00" TranDesc="Service" Released="1" InventoryID="25" UOM="HOUR" TaxCategoryID="EXEMPT" CreatedByID="b5344897-037e-4d58-b5c3-1bdfd0f47bf9" CreatedByScreenID="AR301000" CreatedDateTime="2014-11-17 11:34:47.397" LastModifiedByID="b5344897-037e-4d58-b5c3-1bdfd0f47bf9" LastModifiedByScreenID="AR301000" LastModifiedDateTime="2014-11-17 11:40:19.717" CuryUnitPrice="50.000000" UnitPrice="50.000000" CommnPct="0.000000" CommnAmt="0.0000" CuryCommnAmt="0.0000" Commissionable="0" FinPeriodID="201402" TranPeriodID="201402" CustomerID="19" ProjectID="0" PMDeltaOption="C" CuryDiscAmt="0.0000" DiscPct="0.000000" DiscAmt="0.0000" ManualPrice="0" ManualDisc="0" IsRUTROTDeductible="0" CuryRUTROTAvailableAmt="0.0000" CuryRUTROTTaxAmountDeductible="0.0000" RUTROTAvailableAmt="0.0000" RUTROTTaxAmountDeductible="0.0000" RetainagePct="0.000000" CuryRetainageAmt="0.0000" RetainageAmt="0.0000" NoteID="72b63a8a-346e-e411-8043-74d435e7799b" InvtMult="0" />
		<row BranchID="1" TranType="INV" RefNbr="000002" LineNbr="1" SortOrder="1" BatchNbr="" AccountID="5" SubID="1" CuryInfoID="20202" CuryTranAmt="800.0000" TranAmt="800.0000" CuryTaxableAmt="0.0000" TaxableAmt="0.0000" CuryTaxAmt="0.0000" TaxAmt="0.0000" Qty="16.000000" BaseQty="0.000000" TranCost="0.0000" TranCostOrig="0.0000" IsTranCostFinal="0" CuryExtPrice="800.000000" ExtPrice="800.000000" OrigGroupDiscountRate="1.000000000000000000" OrigDocumentDiscountRate="1.000000000000000000" GroupDiscountRate="1.000000000000000000" DocumentDiscountRate="1.000000000000000000" TranClass=" " DrCr="C" TranDate="2014-02-01 00:00:00" TranDesc="Service" Released="1" InventoryID="25" UOM="HOUR" TaxCategoryID="EXEMPT" CreatedByID="b5344897-037e-4d58-b5c3-1bdfd0f47bf9" CreatedByScreenID="AR301000" CreatedDateTime="2014-11-17 11:36:00.847" LastModifiedByID="b5344897-037e-4d58-b5c3-1bdfd0f47bf9" LastModifiedByScreenID="AR301000" LastModifiedDateTime="2014-11-17 13:34:13.49" CuryUnitPrice="50.000000" UnitPrice="50.000000" CommnPct="0.000000" CommnAmt="0.0000" CuryCommnAmt="0.0000" Commissionable="0" FinPeriodID="201402" TranPeriodID="201402" CustomerID="21" ProjectID="0" PMDeltaOption="C" CuryDiscAmt="0.0000" DiscPct="0.000000" DiscAmt="0.0000" ManualPrice="0" ManualDisc="0" IsRUTROTDeductible="0" CuryRUTROTAvailableAmt="0.0000" CuryRUTROTTaxAmountDeductible="0.0000" RUTROTAvailableAmt="0.0000" RUTROTTaxAmountDeductible="0.0000" RetainagePct="0.000000" CuryRetainageAmt="0.0000" RetainageAmt="0.0000" NoteID="4a9178b3-346e-e411-8043-74d435e7799b" InvtMult="0" />
		<row BranchID="1" TranType="INV" RefNbr="000003" LineNbr="1" SortOrder="1" BatchNbr="" AccountID="5" SubID="1" CuryInfoID="20203" CuryTranAmt="500.0000" TranAmt="500.0000" CuryTaxableAmt="0.0000" TaxableAmt="0.0000" CuryTaxAmt="0.0000" TaxAmt="0.0000" Qty="10.000000" BaseQty="0.000000" TranCost="0.0000" TranCostOrig="0.0000" IsTranCostFinal="0" CuryExtPrice="500.000000" ExtPrice="500.000000" OrigGroupDiscountRate="1.000000000000000000" OrigDocumentDiscountRate="1.000000000000000000" GroupDiscountRate="1.000000000000000000" DocumentDiscountRate="1.000000000000000000" TranClass=" " DrCr="C" TranDate="2014-02-01 00:00:00" TranDesc="Service" Released="1" InventoryID="25" UOM="HOUR" TaxCategoryID="EXEMPT" CreatedByID="b5344897-037e-4d58-b5c3-1bdfd0f47bf9" CreatedByScreenID="AR301000" CreatedDateTime="2014-11-17 11:37:17.223" LastModifiedByID="b5344897-037e-4d58-b5c3-1bdfd0f47bf9" LastModifiedByScreenID="AR301000" LastModifiedDateTime="2014-11-17 11:40:19.897" CuryUnitPrice="50.000000" UnitPrice="50.000000" CommnPct="0.000000" CommnAmt="0.0000" CuryCommnAmt="0.0000" Commissionable="0" FinPeriodID="201402" TranPeriodID="201402" CustomerID="18" ProjectID="0" PMDeltaOption="C" CuryDiscAmt="0.0000" DiscPct="0.000000" DiscAmt="0.0000" ManualPrice="0" ManualDisc="0" IsRUTROTDeductible="0" CuryRUTROTAvailableAmt="0.0000" CuryRUTROTTaxAmountDeductible="0.0000" RUTROTAvailableAmt="0.0000" RUTROTTaxAmountDeductible="0.0000" RetainagePct="0.000000" CuryRetainageAmt="0.0000" RetainageAmt="0.0000" NoteID="be3b5fd3-346e-e411-8043-74d435e7799b" InvtMult="0" />
		<row BranchID="1" TranType="INV" RefNbr="000003" LineNbr="2" SortOrder="2" BatchNbr="" AccountID="5" SubID="1" CuryInfoID="20203" CuryTranAmt="500.0000" TranAmt="500.0000" CuryTaxableAmt="0.0000" TaxableAmt="0.0000" CuryTaxAmt="0.0000" TaxAmt="0.0000" Qty="10.000000" BaseQty="0.000000" TranCost="0.0000" TranCostOrig="0.0000" IsTranCostFinal="0" CuryExtPrice="500.000000" ExtPrice="500.000000" OrigGroupDiscountRate="1.000000000000000000" OrigDocumentDiscountRate="1.000000000000000000" GroupDiscountRate="1.000000000000000000" DocumentDiscountRate="1.000000000000000000" TranClass=" " DrCr="C" TranDate="2014-02-01 00:00:00" TranDesc="Service" Released="1" InventoryID="25" UOM="HOUR" TaxCategoryID="EXEMPT" CreatedByID="b5344897-037e-4d58-b5c3-1bdfd0f47bf9" CreatedByScreenID="AR301000" CreatedDateTime="2014-11-17 11:37:17.227" LastModifiedByID="b5344897-037e-4d58-b5c3-1bdfd0f47bf9" LastModifiedByScreenID="AR301000" LastModifiedDateTime="2014-11-17 11:40:19.9" CuryUnitPrice="50.000000" UnitPrice="50.000000" CommnPct="0.000000" CommnAmt="0.0000" CuryCommnAmt="0.0000" Commissionable="0" FinPeriodID="201402" TranPeriodID="201402" CustomerID="18" ProjectID="0" PMDeltaOption="C" CuryDiscAmt="0.0000" DiscPct="0.000000" DiscAmt="0.0000" ManualPrice="0" ManualDisc="0" IsRUTROTDeductible="0" CuryRUTROTAvailableAmt="0.0000" CuryRUTROTTaxAmountDeductible="0.0000" RUTROTAvailableAmt="0.0000" RUTROTTaxAmountDeductible="0.0000" RetainagePct="0.000000" CuryRetainageAmt="0.0000" RetainageAmt="0.0000" NoteID="c03b5fd3-346e-e411-8043-74d435e7799b" InvtMult="0" />
		<row BranchID="1" TranType="INV" RefNbr="000004" LineNbr="1" SortOrder="1" BatchNbr="" AccountID="5" SubID="1" CuryInfoID="20204" CuryTranAmt="500.0000" TranAmt="500.0000" CuryTaxableAmt="0.0000" TaxableAmt="0.0000" CuryTaxAmt="0.0000" TaxAmt="0.0000" Qty="10.000000" BaseQty="0.000000" TranCost="0.0000" TranCostOrig="0.0000" IsTranCostFinal="0" CuryExtPrice="500.000000" ExtPrice="500.000000" OrigGroupDiscountRate="1.000000000000000000" OrigDocumentDiscountRate="1.000000000000000000" GroupDiscountRate="1.000000000000000000" DocumentDiscountRate="1.000000000000000000" TranClass=" " DrCr="C" TranDate="2014-02-25 00:00:00" TranDesc="Service" Released="1" InventoryID="25" UOM="HOUR" TaxCategoryID="EXEMPT" CreatedByID="b5344897-037e-4d58-b5c3-1bdfd0f47bf9" CreatedByScreenID="AR301000" CreatedDateTime="2014-11-17 11:38:06.803" LastModifiedByID="b5344897-037e-4d58-b5c3-1bdfd0f47bf9" LastModifiedByScreenID="AR301000" LastModifiedDateTime="2014-11-17 13:34:25.567" CuryUnitPrice="50.000000" UnitPrice="50.000000" CommnPct="0.000000" CommnAmt="0.0000" CuryCommnAmt="0.0000" Commissionable="0" FinPeriodID="201402" TranPeriodID="201402" CustomerID="20" ProjectID="0" PMDeltaOption="C" CuryDiscAmt="0.0000" DiscPct="0.000000" DiscAmt="0.0000" ManualPrice="0" ManualDisc="0" IsRUTROTDeductible="0" CuryRUTROTAvailableAmt="0.0000" CuryRUTROTTaxAmountDeductible="0.0000" RUTROTAvailableAmt="0.0000" RUTROTTaxAmountDeductible="0.0000" RetainagePct="0.000000" CuryRetainageAmt="0.0000" RetainageAmt="0.0000" NoteID="f9d35e04-356e-e411-8043-74d435e7799b" InvtMult="0" />
		<row BranchID="1" TranType="INV" RefNbr="000005" LineNbr="1" SortOrder="1" BatchNbr="" AccountID="5" SubID="1" CuryInfoID="20221" CuryTranAmt="50.0000" TranAmt="50.0000" CuryTaxableAmt="0.0000" TaxableAmt="0.0000" CuryTaxAmt="0.0000" TaxAmt="0.0000" Qty="1.000000" BaseQty="0.000000" TranCost="0.0000" TranCostOrig="0.0000" IsTranCostFinal="0" CuryExtPrice="50.000000" ExtPrice="50.000000" OrigGroupDiscountRate="1.000000000000000000" OrigDocumentDiscountRate="1.000000000000000000" GroupDiscountRate="1.000000000000000000" DocumentDiscountRate="1.000000000000000000" TranClass=" " DrCr="C" TranDate="2014-03-15 00:00:00" TranDesc="Service" Released="1" InventoryID="25" UOM="HOUR" TaxCategoryID="EXEMPT" CreatedByID="b5344897-037e-4d58-b5c3-1bdfd0f47bf9" CreatedByScreenID="AR301000" CreatedDateTime="2014-11-18 11:05:45.73" LastModifiedByID="b5344897-037e-4d58-b5c3-1bdfd0f47bf9" LastModifiedByScreenID="AR301000" LastModifiedDateTime="2014-11-18 11:06:11.43" CuryUnitPrice="50.000000" UnitPrice="50.000000" CommnPct="0.000000" CommnAmt="0.0000" CuryCommnAmt="0.0000" Commissionable="0" FinPeriodID="201403" TranPeriodID="201403" CustomerID="19" ProjectID="0" PMDeltaOption="C" CuryDiscAmt="0.0000" DiscPct="0.000000" DiscAmt="0.0000" ManualPrice="0" ManualDisc="0" IsRUTROTDeductible="0" CuryRUTROTAvailableAmt="0.0000" CuryRUTROTTaxAmountDeductible="0.0000" RUTROTAvailableAmt="0.0000" RUTROTTaxAmountDeductible="0.0000" RetainagePct="0.000000" CuryRetainageAmt="0.0000" RetainageAmt="0.0000" NoteID="14f61091-f96e-e411-8157-74d435e7799b" InvtMult="0" />
		<row BranchID="1" TranType="INV" RefNbr="000008" LineNbr="1" SortOrder="1" BatchNbr="" AccountID="5" SubID="1" CuryInfoID="20237" CuryTranAmt="300.0000" TranAmt="300.0000" CuryTaxableAmt="0.0000" TaxableAmt="0.0000" CuryTaxAmt="0.0000" TaxAmt="0.0000" Qty="0.000000" BaseQty="0.000000" TranCost="0.0000" TranCostOrig="0.0000" IsTranCostFinal="0" CuryExtPrice="300.000000" ExtPrice="300.000000" OrigGroupDiscountRate="1.000000000000000000" OrigDocumentDiscountRate="1.000000000000000000" GroupDiscountRate="1.000000000000000000" DocumentDiscountRate="1.000000000000000000" TranClass=" " DrCr="C" TranDate="2014-03-15 00:00:00" Released="0" CreatedByID="b5344897-037e-4d58-b5c3-1bdfd0f47bf9" CreatedByScreenID="AR301000" CreatedDateTime="2014-11-18 16:08:08.407" LastModifiedByID="b5344897-037e-4d58-b5c3-1bdfd0f47bf9" LastModifiedByScreenID="AR301000" LastModifiedDateTime="2014-11-18 16:08:08.407" CuryUnitPrice="0.000000" UnitPrice="0.000000" CommnPct="0.000000" CommnAmt="0.0000" CuryCommnAmt="0.0000" Commissionable="1" FinPeriodID="201403" TranPeriodID="201403" CustomerID="21" ProjectID="0" PMDeltaOption="C" CuryDiscAmt="0.0000" DiscPct="0.000000" DiscAmt="0.0000" ManualPrice="1" ManualDisc="0" IsRUTROTDeductible="0" CuryRUTROTAvailableAmt="0.0000" CuryRUTROTTaxAmountDeductible="0.0000" RUTROTAvailableAmt="0.0000" RUTROTTaxAmountDeductible="0.0000" RetainagePct="0.000000" CuryRetainageAmt="0.0000" RetainageAmt="0.0000" NoteID="91fba7ab-236f-e411-8157-74d435e7799b" InvtMult="0" />
		<row BranchID="1" TranType="INV" RefNbr="000009" LineNbr="1" SortOrder="1" BatchNbr="" AccountID="5" SubID="1" CuryInfoID="20238" CuryTranAmt="60.0000" TranAmt="60.0000" CuryTaxableAmt="0.0000" TaxableAmt="0.0000" CuryTaxAmt="0.0000" TaxAmt="0.0000" Qty="0.000000" BaseQty="0.000000" TranCost="0.0000" TranCostOrig="0.0000" IsTranCostFinal="0" CuryExtPrice="60.000000" ExtPrice="60.000000" OrigGroupDiscountRate="1.000000000000000000" OrigDocumentDiscountRate="1.000000000000000000" GroupDiscountRate="1.000000000000000000" DocumentDiscountRate="1.000000000000000000" TranClass=" " DrCr="C" TranDate="2014-03-15 00:00:00" TranDesc="Service" Released="1" InventoryID="25" UOM="HOUR" TaxCategoryID="EXEMPT" CreatedByID="b5344897-037e-4d58-b5c3-1bdfd0f47bf9" CreatedByScreenID="AR301000" CreatedDateTime="2014-11-18 16:37:58.243" LastModifiedByID="b5344897-037e-4d58-b5c3-1bdfd0f47bf9" LastModifiedByScreenID="AR301000" LastModifiedDateTime="2014-11-18 16:37:58.737" CuryUnitPrice="50.000000" UnitPrice="50.000000" CommnPct="0.000000" CommnAmt="0.0000" CuryCommnAmt="0.0000" Commissionable="0" FinPeriodID="201403" TranPeriodID="201403" CustomerID="18" ProjectID="0" PMDeltaOption="C" CuryDiscAmt="0.0000" DiscPct="0.000000" DiscAmt="0.0000" ManualPrice="1" ManualDisc="0" IsRUTROTDeductible="0" CuryRUTROTAvailableAmt="0.0000" CuryRUTROTTaxAmountDeductible="0.0000" RUTROTAvailableAmt="0.0000" RUTROTTaxAmountDeductible="0.0000" RetainagePct="0.000000" CuryRetainageAmt="0.0000" RetainageAmt="0.0000" NoteID="24452c0b-286f-e411-8157-74d435e7799b" InvtMult="0" />
		<row BranchID="1" TranType="INV" RefNbr="000013" LineNbr="1" SortOrder="1" BatchNbr="" AccountID="2724" SubID="1" CuryInfoID="663981" CuryTranAmt="353.8500" TranAmt="353.8500" CuryTaxableAmt="0.0000" TaxableAmt="0.0000" CuryTaxAmt="0.0000" TaxAmt="0.0000" Qty="3.000000" BaseQty="3.000000" TranCost="0.0000" TranCostOrig="240.0000" IsTranCostFinal="0" CuryExtPrice="353.850000" ExtPrice="353.850000" DiscountsAppliedToLine="0x00" OrigGroupDiscountRate="1.000000000000000000" OrigDocumentDiscountRate="1.000000000000000000" GroupDiscountRate="1.000000000000000000" DocumentDiscountRate="1.000000000000000000" TranClass=" " DrCr="C" TranDate="2020-01-14 00:00:00" TranDesc="Tax Rounding Beast from the Depths - ROUNDING-DOOM" Released="1" InventoryID="2608" SiteID="17" UOM="PIECE" LineType="GI" TaxCategoryID="TAXABLE" CreatedByID="b5344897-037e-4d58-b5c3-1bdfd0f47bf9" CreatedByScreenID="SO302000" CreatedDateTime="2020-01-14 15:08:46.197" LastModifiedByID="b5344897-037e-4d58-b5c3-1bdfd0f47bf9" LastModifiedByScreenID="SO303000" LastModifiedDateTime="2020-01-14 15:08:55.823" CuryUnitPrice="117.950000" UnitPrice="117.950000" EmployeeID="23" CommnPct="0.000000" CommnAmt="0.0000" CuryCommnAmt="0.0000" Commissionable="0" FinPeriodID="202001" TranPeriodID="202001" CustomerID="30" ProjectID="0" PMDeltaOption="C" SOOrderType="SO" SOOrderNbr="000006" SOOrderLineNbr="1" SOOrderLineOperation="I" SOOrderSortOrder="1" SOShipmentType="I" SOShipmentNbr="000001" SOShipmentLineNbr="1" CuryDiscAmt="0.0000" DiscPct="0.000000" DiscAmt="0.0000" ManualPrice="1" ManualDisc="1" IsRUTROTDeductible="0" CuryRUTROTAvailableAmt="0.0000" CuryRUTROTTaxAmountDeductible="0.0000" RUTROTAvailableAmt="0.0000" RUTROTTaxAmountDeductible="0.0000" CuryUnitPriceDR="117.950000" RetainagePct="0.000000" CuryRetainageAmt="0.0000" RetainageAmt="0.0000" NoteID="3df7af0b-1237-ea11-a6f2-9cb6d0c82c0c" SubItemID="9" InvtMult="0" LocationID="18" LotSerialNbr="" />
		<row BranchID="1" TranType="INV" RefNbr="000013" LineNbr="2" SortOrder="2" BatchNbr="" AccountID="2727" SubID="1" CuryInfoID="663981" CuryTranAmt="30.0000" TranAmt="30.0000" CuryTaxableAmt="0.0000" TaxableAmt="0.0000" CuryTaxAmt="0.0000" TaxAmt="0.0000" Qty="0.000000" BaseQty="0.000000" TranCost="0.0000" TranCostOrig="0.0000" IsTranCostFinal="0" CuryExtPrice="0.000000" ExtPrice="0.000000" DiscountsAppliedToLine="0x00" OrigGroupDiscountRate="1.000000000000000000" OrigDocumentDiscountRate="1.000000000000000000" GroupDiscountRate="1.000000000000000000" DocumentDiscountRate="1.000000000000000000" TranClass=" " DrCr="C" TranDate="2020-01-14 00:00:00" TranDesc="Freight ShipVia " Released="1" LineType="FR" TaxCategoryID="TAXABLE" CreatedByID="b5344897-037e-4d58-b5c3-1bdfd0f47bf9" CreatedByScreenID="SO302000" CreatedDateTime="2020-01-14 15:08:46.207" LastModifiedByID="b5344897-037e-4d58-b5c3-1bdfd0f47bf9" LastModifiedByScreenID="SO303000" LastModifiedDateTime="2020-01-14 15:08:55.84" CuryUnitPrice="0.000000" UnitPrice="0.000000" EmployeeID="23" CommnPct="0.000000" CommnAmt="0.0000" CuryCommnAmt="0.0000" Commissionable="1" FinPeriodID="202001" TranPeriodID="202001" CustomerID="30" ProjectID="0" PMDeltaOption="C" SOOrderType="SO" SOOrderNbr="000006" SOShipmentType="I" SOShipmentNbr="000001" CuryDiscAmt="0.0000" DiscPct="0.000000" DiscAmt="0.0000" ManualPrice="0" ManualDisc="1" IsRUTROTDeductible="0" CuryRUTROTAvailableAmt="0.0000" CuryRUTROTTaxAmountDeductible="0.0000" RUTROTAvailableAmt="0.0000" RUTROTTaxAmountDeductible="0.0000" RetainagePct="0.000000" CuryRetainageAmt="0.0000" RetainageAmt="0.0000" NoteID="3ff7af0b-1237-ea11-a6f2-9cb6d0c82c0c" SubItemID="9" InvtMult="0" />
		<row BranchID="1" TranType="INV" RefNbr="000014" LineNbr="1" SortOrder="1" BatchNbr="" AccountID="5" SubID="1" CuryInfoID="663999" CuryTranAmt="50.0000" TranAmt="50.0000" CuryTaxableAmt="0.0000" TaxableAmt="0.0000" CuryTaxAmt="0.0000" TaxAmt="0.0000" Qty="0.000000" BaseQty="0.000000" TranCost="0.0000" TranCostOrig="0.0000" IsTranCostFinal="0" CuryExtPrice="50.000000" ExtPrice="50.000000" DiscountsAppliedToLine="0x00" OrigGroupDiscountRate="1.000000000000000000" OrigDocumentDiscountRate="1.000000000000000000" GroupDiscountRate="1.000000000000000000" DocumentDiscountRate="1.000000000000000000" TranClass=" " DrCr="C" TranDate="2020-01-16 00:00:00" Released="1" CreatedByID="b5344897-037e-4d58-b5c3-1bdfd0f47bf9" CreatedByScreenID="AR301000" CreatedDateTime="2020-01-16 17:43:37.62" LastModifiedByID="b5344897-037e-4d58-b5c3-1bdfd0f47bf9" LastModifiedByScreenID="AR301000" LastModifiedDateTime="2020-01-16 17:43:56.283" CuryUnitPrice="0.000000" UnitPrice="0.000000" EmployeeID="23" CommnPct="0.000000" CommnAmt="0.0000" CuryCommnAmt="0.0000" Commissionable="1" FinPeriodID="202001" TranPeriodID="202001" CustomerID="30" ProjectID="0" PMDeltaOption="C" CuryDiscAmt="0.0000" DiscPct="0.000000" DiscAmt="0.0000" ManualPrice="1" ManualDisc="1" IsRUTROTDeductible="0" CuryRUTROTAvailableAmt="0.0000" CuryRUTROTTaxAmountDeductible="0.0000" RUTROTAvailableAmt="0.0000" RUTROTTaxAmountDeductible="0.0000" RetainagePct="0.000000" CuryRetainageAmt="0.0000" RetainageAmt="0.0000" NoteID="bc31c4fc-b938-ea11-a6f3-9cb6d0c82c0c" SubItemID="9" InvtMult="0" />
	</rows>
</data>