﻿<?xml version="1.0" encoding="utf-8"?>
<data>
	<table name="AUScreenFieldState">
		<col name="CompanyID" type="Int" default="Zero" />
		<col name="ScreenID" type="VarChar(8)" />
		<col name="TableName" type="NVarChar(128)" />
		<col name="FieldName" type="NVarChar(128)" />
		<col name="DisplayName" type="NVarChar(128)" nullable="true" />
		<col name="IsEnabled" type="Bit" nullable="true" />
		<col name="EnableCondition" type="NVarChar(128)" nullable="true" />
		<col name="IsVisible" type="Bit" nullable="true" />
		<col name="VisibleCondition" type="NVarChar(128)" nullable="true" />
		<col name="IsRequired" type="Bit" nullable="true" />
		<col name="RequiredCondition" type="NVarChar(128)" nullable="true" />
	</table>
	<rows>
		<row ScreenID="SO301000" TableName="PX.OBJECTS.SO.SOORDER" FieldName="USRTAXSNAPSHOT" IsVisible="0" />
	</rows>
</data>