﻿<?xml version="1.0" encoding="utf-8"?>
<data>
	<table name="BAccount">
		<col name="CompanyID" type="Int" default="Zero" />
		<col name="BAccountID" type="Int" identity="true" />
		<col name="AcctCD" type="NVarChar(30)" />
		<col name="AcctName" type="NVarChar(60)" nullable="true" />
		<col name="AcctReferenceNbr" type="NVarChar(50)" nullable="true" />
		<col name="ParentBAccountID" type="Int" nullable="true" />
		<col name="ConsolidateToParent" type="Bit" default="Zero" />
		<col name="Type" type="Char(2)" />
		<col name="Status" type="Char(1)" />
		<col name="TaxZoneID" type="NVarChar(10)" nullable="true" />
		<col name="TaxRegistrationID" type="NVarChar(50)" nullable="true" />
		<col name="DefContactID" type="Int" nullable="true" />
		<col name="DefAddressID" type="Int" nullable="true" />
		<col name="DefLocationID" type="Int" nullable="true" />
		<col name="SearchID" type="Int" nullable="true" />
		<col name="CampaignSourceID" type="NVarChar(10)" nullable="true" />
		<col name="tstamp" type="Timestamp" />
		<col name="CreatedByID" type="UniqueIdentifier" />
		<col name="CreatedByScreenID" type="Char(8)" />
		<col name="CreatedDateTime" type="DateTime" />
		<col name="LastModifiedByID" type="UniqueIdentifier" />
		<col name="LastModifiedByScreenID" type="Char(8)" />
		<col name="LastModifiedDateTime" type="DateTime" />
		<col name="WorkGroupID" type="Int" nullable="true" />
		<col name="OwnerID" type="UniqueIdentifier" nullable="true" />
		<col name="ClassID" type="NVarChar(10)" nullable="true" />
		<col name="ConsolidatingBAccountID" type="Int" />
		<col name="DeletedDatabaseRecord" type="Bit" default="Zero" />
		<col name="PseudonymizationStatus" type="Int" nullable="true" default="Zero" />
		<col name="HubSpotID" type="BigInt" nullable="true" />
		<col name="NoteID" type="UniqueIdentifier" />
	</table>
	<rows>
		<row BAccountID="1" AcctCD="MYCOMPANY                     " AcctName="MyCompany" ConsolidateToParent="0" Type="OB" Status="A" DefContactID="1" DefAddressID="1" DefLocationID="1" CreatedByID="b5344897-037e-4d58-b5c3-1bdfd0f47bf9" CreatedByScreenID="CS102000" CreatedDateTime="2014-10-02 11:35:07.33" LastModifiedByID="b5344897-037e-4d58-b5c3-1bdfd0f47bf9" LastModifiedByScreenID="CS101500" LastModifiedDateTime="2019-12-03 17:38:43.457" ConsolidatingBAccountID="1" DeletedDatabaseRecord="0" PseudonymizationStatus="0" NoteID="59752988-064a-e411-b973-74d435e7799b" />
		<row BAccountID="14" AcctCD="V000000001                    " AcctName="OfficeSuppliesCo" ConsolidateToParent="0" Type="VE" Status="A" DefContactID="14" DefAddressID="14" DefLocationID="14" CreatedByID="b5344897-037e-4d58-b5c3-1bdfd0f47bf9" CreatedByScreenID="AP303000" CreatedDateTime="2014-10-22 14:49:44.137" LastModifiedByID="b5344897-037e-4d58-b5c3-1bdfd0f47bf9" LastModifiedByScreenID="AP303000" LastModifiedDateTime="2014-10-22 14:49:44.137" ConsolidatingBAccountID="14" DeletedDatabaseRecord="0" PseudonymizationStatus="0" NoteID="45086c13-d959-e411-8568-74d435e7799b" />
		<row BAccountID="15" AcctCD="V000000002                    " AcctName="UtilitiesCo" ConsolidateToParent="0" Type="VE" Status="A" DefContactID="15" DefAddressID="15" DefLocationID="15" CreatedByID="b5344897-037e-4d58-b5c3-1bdfd0f47bf9" CreatedByScreenID="AP303000" CreatedDateTime="2014-10-22 14:49:58.95" LastModifiedByID="b5344897-037e-4d58-b5c3-1bdfd0f47bf9" LastModifiedByScreenID="AP303000" LastModifiedDateTime="2016-09-21 00:37:21.777" ConsolidatingBAccountID="15" DeletedDatabaseRecord="0" PseudonymizationStatus="0" NoteID="4fd0e622-d959-e411-8568-74d435e7799b" />
		<row BAccountID="16" AcctCD="V000000003                    " AcctName="AdvertisingCo" ConsolidateToParent="0" Type="VE" Status="A" DefContactID="16" DefAddressID="16" DefLocationID="16" CreatedByID="b5344897-037e-4d58-b5c3-1bdfd0f47bf9" CreatedByScreenID="AP303000" CreatedDateTime="2014-10-22 14:50:27.69" LastModifiedByID="b5344897-037e-4d58-b5c3-1bdfd0f47bf9" LastModifiedByScreenID="AP303000" LastModifiedDateTime="2016-09-21 00:37:32.11" ConsolidatingBAccountID="16" DeletedDatabaseRecord="0" PseudonymizationStatus="0" NoteID="ce9d1f31-d959-e411-8568-74d435e7799b" />
		<row BAccountID="17" AcctCD="V000000004                    " AcctName="ServiceCo" ConsolidateToParent="0" Type="VE" Status="A" DefContactID="17" DefAddressID="17" DefLocationID="17" CreatedByID="b5344897-037e-4d58-b5c3-1bdfd0f47bf9" CreatedByScreenID="AP303000" CreatedDateTime="2014-10-22 14:50:59.58" LastModifiedByID="b5344897-037e-4d58-b5c3-1bdfd0f47bf9" LastModifiedByScreenID="AP303000" LastModifiedDateTime="2016-09-21 00:37:42.793" ConsolidatingBAccountID="17" DeletedDatabaseRecord="0" PseudonymizationStatus="0" NoteID="d367553d-d959-e411-8568-74d435e7799b" />
		<row BAccountID="18" AcctCD="C000000001                    " AcctName="RegularCo" ConsolidateToParent="0" Type="CU" Status="A" DefContactID="18" DefAddressID="18" DefLocationID="18" CreatedByID="b5344897-037e-4d58-b5c3-1bdfd0f47bf9" CreatedByScreenID="AR303000" CreatedDateTime="2014-11-05 14:31:31.42" LastModifiedByID="b5344897-037e-4d58-b5c3-1bdfd0f47bf9" LastModifiedByScreenID="AR303000" LastModifiedDateTime="2015-07-17 06:06:57.493" ConsolidatingBAccountID="18" DeletedDatabaseRecord="0" PseudonymizationStatus="0" NoteID="7053913b-df64-e411-8774-74d435e7799b" />
		<row BAccountID="19" AcctCD="C000000002                    " AcctName="GoodCo" ConsolidateToParent="0" Type="CU" Status="A" DefContactID="19" DefAddressID="19" DefLocationID="19" CreatedByID="b5344897-037e-4d58-b5c3-1bdfd0f47bf9" CreatedByScreenID="AR303000" CreatedDateTime="2014-11-05 14:31:57.21" LastModifiedByID="b5344897-037e-4d58-b5c3-1bdfd0f47bf9" LastModifiedByScreenID="AR303000" LastModifiedDateTime="2015-07-17 06:07:02.783" ConsolidatingBAccountID="19" DeletedDatabaseRecord="0" PseudonymizationStatus="0" NoteID="84b92c4d-df64-e411-8774-74d435e7799b" />
		<row BAccountID="20" AcctCD="C000000003                    " AcctName="EarlyCo" ConsolidateToParent="0" Type="CU" Status="A" DefContactID="20" DefAddressID="20" DefLocationID="20" CreatedByID="b5344897-037e-4d58-b5c3-1bdfd0f47bf9" CreatedByScreenID="AR303000" CreatedDateTime="2014-11-05 14:32:15" LastModifiedByID="b5344897-037e-4d58-b5c3-1bdfd0f47bf9" LastModifiedByScreenID="AR303000" LastModifiedDateTime="2015-07-17 06:07:08.473" ConsolidatingBAccountID="20" DeletedDatabaseRecord="0" PseudonymizationStatus="0" NoteID="e803385d-df64-e411-8774-74d435e7799b" />
		<row BAccountID="21" AcctCD="C000000004                    " AcctName="LateCo" ConsolidateToParent="0" Type="CU" Status="A" DefContactID="21" DefAddressID="21" DefLocationID="21" CreatedByID="b5344897-037e-4d58-b5c3-1bdfd0f47bf9" CreatedByScreenID="AR303000" CreatedDateTime="2014-11-05 14:32:46.207" LastModifiedByID="b5344897-037e-4d58-b5c3-1bdfd0f47bf9" LastModifiedByScreenID="AR303000" LastModifiedDateTime="2015-07-17 06:07:15.183" ConsolidatingBAccountID="21" DeletedDatabaseRecord="0" PseudonymizationStatus="0" NoteID="8550a766-df64-e411-8774-74d435e7799b" />
		<row BAccountID="23" AcctCD="ADMIN                         " AcctName="Andrews, Michael" ParentBAccountID="1" ConsolidateToParent="0" Type="EP" Status="A" DefContactID="24" DefAddressID="24" DefLocationID="24" CreatedByID="b5344897-037e-4d58-b5c3-1bdfd0f47bf9" CreatedByScreenID="EP203000" CreatedDateTime="2015-06-10 09:16:47.21" LastModifiedByID="b5344897-037e-4d58-b5c3-1bdfd0f47bf9" LastModifiedByScreenID="SM201010" LastModifiedDateTime="2015-06-10 09:22:38.92" ConsolidatingBAccountID="23" DeletedDatabaseRecord="0" PseudonymizationStatus="0" NoteID="5965e02f-380f-e511-8877-60a44caf73d6" />
		<row BAccountID="25" AcctCD="DCHUBB                        " AcctName="Chubb, David" ParentBAccountID="1" ConsolidateToParent="0" Type="EP" Status="A" DefContactID="25" DefAddressID="25" DefLocationID="25" CreatedByID="b5344897-037e-4d58-b5c3-1bdfd0f47bf9" CreatedByScreenID="EP203000" CreatedDateTime="2015-06-10 09:19:07.147" LastModifiedByID="b5344897-037e-4d58-b5c3-1bdfd0f47bf9" LastModifiedByScreenID="SM201010" LastModifiedDateTime="2015-06-19 04:52:13.05" ConsolidatingBAccountID="25" DeletedDatabaseRecord="0" PseudonymizationStatus="0" NoteID="de602853-380f-e511-8877-60a44caf73d6" />
		<row BAccountID="26" AcctCD="AJOHNSON                      " AcctName="Johnson, Anna" ParentBAccountID="1" ConsolidateToParent="0" Type="EP" Status="A" DefContactID="26" DefAddressID="26" DefLocationID="26" CreatedByID="b5344897-037e-4d58-b5c3-1bdfd0f47bf9" CreatedByScreenID="EP203000" CreatedDateTime="2015-06-10 09:20:00.827" LastModifiedByID="b5344897-037e-4d58-b5c3-1bdfd0f47bf9" LastModifiedByScreenID="SM201010" LastModifiedDateTime="2015-06-10 09:23:38.507" ConsolidatingBAccountID="26" DeletedDatabaseRecord="0" PseudonymizationStatus="0" NoteID="d93044a3-380f-e511-8877-60a44caf73d6" />
		<row BAccountID="27" AcctCD="JONESTEST                     " AcctName="Jones Test" ConsolidateToParent="0" Type="CU" Status="A" DefContactID="27" DefAddressID="36" DefLocationID="27" CreatedByID="b5344897-037e-4d58-b5c3-1bdfd0f47bf9" CreatedByScreenID="AR303000" CreatedDateTime="2019-12-02 20:06:39.5" LastModifiedByID="b5344897-037e-4d58-b5c3-1bdfd0f47bf9" LastModifiedByScreenID="AR303000" LastModifiedDateTime="2019-12-02 20:06:39.5" ConsolidatingBAccountID="27" DeletedDatabaseRecord="0" PseudonymizationStatus="0" NoteID="f54e9582-7115-ea11-a6ec-9cb6d0c82c0c" />
		<row BAccountID="29" AcctCD="V000000005                    " AcctName="Stub External Tax Reporter" ConsolidateToParent="0" Type="VE" Status="A" DefContactID="29" DefAddressID="38" DefLocationID="28" CreatedByID="b5344897-037e-4d58-b5c3-1bdfd0f47bf9" CreatedByScreenID="AP303000" CreatedDateTime="2019-12-04 09:43:17.47" LastModifiedByID="b5344897-037e-4d58-b5c3-1bdfd0f47bf9" LastModifiedByScreenID="AP303000" LastModifiedDateTime="2019-12-05 07:38:01.72" ConsolidatingBAccountID="-2147483647" DeletedDatabaseRecord="0" PseudonymizationStatus="0" NoteID="3e93f6b1-ac16-ea11-a6ed-9cb6d0c82c0c" />
		<row BAccountID="30" AcctCD="1015966990380                 " AcctName="Aleks Jones" AcctReferenceNbr="Shopify Customer #1015966990380" ConsolidateToParent="0" Type="CU" Status="A" DefContactID="30" DefAddressID="39" DefLocationID="29" CreatedByID="b5344897-037e-4d58-b5c3-1bdfd0f47bf9" CreatedByScreenID="AR303000" CreatedDateTime="2019-12-04 18:55:00.603" LastModifiedByID="b5344897-037e-4d58-b5c3-1bdfd0f47bf9" LastModifiedByScreenID="AR303000" LastModifiedDateTime="2020-01-16 17:00:24.137" ConsolidatingBAccountID="30" DeletedDatabaseRecord="0" PseudonymizationStatus="0" NoteID="33b490dc-f916-ea11-a6ed-9cb6d0c82c0c" />
		<row BAccountID="31" AcctCD="2801553637420                 " AcctName="Carlotta King" AcctReferenceNbr="Shopify Customer #2801553637420" ConsolidateToParent="0" Type="CU" Status="A" DefContactID="31" DefAddressID="40" DefLocationID="30" CreatedByID="b5344897-037e-4d58-b5c3-1bdfd0f47bf9" CreatedByScreenID="AR303000" CreatedDateTime="2020-01-16 09:17:45.007" LastModifiedByID="b5344897-037e-4d58-b5c3-1bdfd0f47bf9" LastModifiedByScreenID="AR303000" LastModifiedDateTime="2020-01-16 17:00:36.983" ConsolidatingBAccountID="31" DeletedDatabaseRecord="0" PseudonymizationStatus="0" NoteID="0952f357-7338-ea11-a6f3-9cb6d0c82c0c" />
		<row BAccountID="32" AcctCD="2801553539116                 " AcctName="Antonio O'Connell" AcctReferenceNbr="Shopify Customer #2801553539116" ConsolidateToParent="0" Type="CU" Status="A" DefContactID="32" DefAddressID="41" DefLocationID="31" CreatedByID="b5344897-037e-4d58-b5c3-1bdfd0f47bf9" CreatedByScreenID="AR303000" CreatedDateTime="2020-01-16 09:17:45.787" LastModifiedByID="b5344897-037e-4d58-b5c3-1bdfd0f47bf9" LastModifiedByScreenID="AR303000" LastModifiedDateTime="2020-01-16 09:17:45.787" ConsolidatingBAccountID="32" DeletedDatabaseRecord="0" PseudonymizationStatus="0" NoteID="1e52f357-7338-ea11-a6f3-9cb6d0c82c0c" />
	</rows>
</data>