﻿<?xml version="1.0" encoding="utf-8"?>
<data>
	<table name="Batch">
		<col name="CompanyID" type="Int" default="Zero" />
		<col name="BranchID" type="Int" />
		<col name="Module" type="Char(2)" />
		<col name="BatchNbr" type="NVarChar(15)" />
		<col name="CreditTotal" type="Decimal(19,4)" nullable="true" />
		<col name="DebitTotal" type="Decimal(19,4)" nullable="true" />
		<col name="ControlTotal" type="Decimal(19,4)" nullable="true" />
		<col name="CuryCreditTotal" type="Decimal(19,4)" nullable="true" />
		<col name="CuryDebitTotal" type="Decimal(19,4)" nullable="true" />
		<col name="CuryControlTotal" type="Decimal(19,4)" nullable="true" />
		<col name="CuryInfoID" type="BigInt" nullable="true" />
		<col name="LedgerID" type="Int" />
		<col name="BatchType" type="VarChar(3)" />
		<col name="NumberCode" type="NVarChar(5)" nullable="true" />
		<col name="RefNbr" type="NVarChar(15)" nullable="true" />
		<col name="Status" type="Char(1)" />
		<col name="AutoReverse" type="Bit" nullable="true" />
		<col name="AutoReverseCopy" type="Bit" nullable="true" />
		<col name="OrigModule" type="Char(2)" nullable="true" />
		<col name="OrigBatchNbr" type="NVarChar(15)" nullable="true" />
		<col name="DateEntered" type="SmallDateTime" />
		<col name="Released" type="Bit" nullable="true" />
		<col name="Posted" type="Bit" nullable="true" />
		<col name="RequirePost" type="Bit" nullable="true" />
		<col name="PostErrorCount" type="Int" nullable="true" />
		<col name="Draft" type="Bit" />
		<col name="LineCntr" type="Int" />
		<col name="CuryID" type="NVarChar(5)" />
		<col name="ScheduleID" type="NVarChar(10)" nullable="true" />
		<col name="tstamp" type="Timestamp" />
		<col name="CreatedByID" type="UniqueIdentifier" />
		<col name="CreatedByScreenID" type="Char(8)" />
		<col name="CreatedDateTime" type="DateTime" />
		<col name="LastModifiedByID" type="UniqueIdentifier" />
		<col name="LastModifiedByScreenID" type="Char(8)" />
		<col name="LastModifiedDateTime" type="DateTime" />
		<col name="Hold" type="Bit" default="Zero" />
		<col name="Description" type="NVarChar(255)" nullable="true" />
		<col name="Scheduled" type="Bit" default="Zero" />
		<col name="Voided" type="Bit" default="Zero" />
		<col name="DeletedDatabaseRecord" type="Bit" default="Zero" />
		<col name="FinPeriodID" type="Char(6)" />
		<col name="TranPeriodID" type="Char(6)" />
		<col name="CreateTaxTrans" type="Bit" default="Zero" />
		<col name="SkipTaxValidation" type="Bit" default="Zero" />
		<col name="NoteID" type="UniqueIdentifier" nullable="true" />
	</table>
	<rows>
		<row BranchID="1" Module="AP" BatchNbr="000001" CreditTotal="30.0000" DebitTotal="30.0000" ControlTotal="30.0000" CuryCreditTotal="30.0000" CuryDebitTotal="30.0000" CuryControlTotal="30.0000" CuryInfoID="78" LedgerID="1" BatchType="H" RefNbr="" Status="P" AutoReverse="0" AutoReverseCopy="0" DateEntered="2014-01-01 00:00:00" Released="1" Posted="1" Draft="0" LineCntr="2" CuryID="USD" CreatedByID="b5344897-037e-4d58-b5c3-1bdfd0f47bf9" CreatedByScreenID="AP501000" CreatedDateTime="2014-10-23 15:59:11.373" LastModifiedByID="b5344897-037e-4d58-b5c3-1bdfd0f47bf9" LastModifiedByScreenID="AP501000" LastModifiedDateTime="2014-10-23 15:59:11.663" Hold="0" Description="Office supplies 01-2014" Scheduled="0" Voided="0" DeletedDatabaseRecord="0" FinPeriodID="201401" TranPeriodID="201401" CreateTaxTrans="0" SkipTaxValidation="0" NoteID="4b0b8eff-ab5a-e411-9189-74d435e7799b" />
		<row BranchID="1" Module="AP" BatchNbr="000002" CreditTotal="2200.0000" DebitTotal="2200.0000" ControlTotal="2200.0000" CuryCreditTotal="2200.0000" CuryDebitTotal="2200.0000" CuryControlTotal="2200.0000" CuryInfoID="79" LedgerID="1" BatchType="H" RefNbr="" Status="P" AutoReverse="0" AutoReverseCopy="0" DateEntered="2014-01-01 00:00:00" Released="1" Posted="1" Draft="0" LineCntr="4" CuryID="USD" CreatedByID="b5344897-037e-4d58-b5c3-1bdfd0f47bf9" CreatedByScreenID="AP501000" CreatedDateTime="2014-10-23 15:59:11.53" LastModifiedByID="b5344897-037e-4d58-b5c3-1bdfd0f47bf9" LastModifiedByScreenID="AP501000" LastModifiedDateTime="2014-10-23 15:59:11.75" Hold="0" Description="Rent and utilities bill" Scheduled="0" Voided="0" DeletedDatabaseRecord="0" FinPeriodID="201401" TranPeriodID="201401" CreateTaxTrans="0" SkipTaxValidation="0" NoteID="4e0b8eff-ab5a-e411-9189-74d435e7799b" />
		<row BranchID="1" Module="AP" BatchNbr="000003" CreditTotal="1000.0000" DebitTotal="1000.0000" ControlTotal="1000.0000" CuryCreditTotal="1000.0000" CuryDebitTotal="1000.0000" CuryControlTotal="1000.0000" CuryInfoID="87" LedgerID="1" BatchType="H" RefNbr="" Status="P" AutoReverse="0" AutoReverseCopy="0" DateEntered="2014-01-31 00:00:00" Released="1" Posted="1" Draft="0" LineCntr="5" CuryID="USD" CreatedByID="b5344897-037e-4d58-b5c3-1bdfd0f47bf9" CreatedByScreenID="AP505200" CreatedDateTime="2014-10-23 22:28:25.057" LastModifiedByID="b5344897-037e-4d58-b5c3-1bdfd0f47bf9" LastModifiedByScreenID="AP505200" LastModifiedDateTime="2014-10-23 22:28:25.76" Hold="0" Description="Partial payment for the utilities and rent bill" Scheduled="0" Voided="0" DeletedDatabaseRecord="0" FinPeriodID="201401" TranPeriodID="201401" CreateTaxTrans="0" SkipTaxValidation="0" NoteID="ee80335f-e25a-e411-834b-74d435e7799b" />
		<row BranchID="1" Module="AP" BatchNbr="000004" CreditTotal="30.0000" DebitTotal="30.0000" ControlTotal="30.0000" CuryCreditTotal="30.0000" CuryDebitTotal="30.0000" CuryControlTotal="30.0000" CuryInfoID="88" LedgerID="1" BatchType="H" RefNbr="" Status="P" AutoReverse="0" AutoReverseCopy="0" DateEntered="2014-01-31 00:00:00" Released="1" Posted="1" Draft="0" LineCntr="5" CuryID="USD" CreatedByID="b5344897-037e-4d58-b5c3-1bdfd0f47bf9" CreatedByScreenID="AP505200" CreatedDateTime="2014-10-23 22:28:25.43" LastModifiedByID="b5344897-037e-4d58-b5c3-1bdfd0f47bf9" LastModifiedByScreenID="AP505200" LastModifiedDateTime="2014-10-23 22:28:25.853" Hold="0" Description="Payment for office supplies 01-2014" Scheduled="0" Voided="0" DeletedDatabaseRecord="0" FinPeriodID="201401" TranPeriodID="201401" CreateTaxTrans="0" SkipTaxValidation="0" NoteID="f480335f-e25a-e411-834b-74d435e7799b" />
		<row BranchID="1" Module="AP" BatchNbr="000005" CreditTotal="100.0000" DebitTotal="100.0000" ControlTotal="100.0000" CuryCreditTotal="100.0000" CuryDebitTotal="100.0000" CuryControlTotal="100.0000" CuryInfoID="89" LedgerID="1" BatchType="H" RefNbr="" Status="P" AutoReverse="0" AutoReverseCopy="0" DateEntered="2014-01-01 00:00:00" Released="1" Posted="1" Draft="0" LineCntr="2" CuryID="USD" CreatedByID="b5344897-037e-4d58-b5c3-1bdfd0f47bf9" CreatedByScreenID="AP301000" CreatedDateTime="2014-10-23 22:35:09.68" LastModifiedByID="b5344897-037e-4d58-b5c3-1bdfd0f47bf9" LastModifiedByScreenID="AP301000" LastModifiedDateTime="2014-10-23 22:35:09.837" Hold="0" Description="Advertising run 01-2014" Scheduled="0" Voided="0" DeletedDatabaseRecord="0" FinPeriodID="201401" TranPeriodID="201401" CreateTaxTrans="0" SkipTaxValidation="0" NoteID="87235650-e35a-e411-834b-74d435e7799b" />
		<row BranchID="1" Module="AP" BatchNbr="000006" CreditTotal="40.0000" DebitTotal="40.0000" ControlTotal="40.0000" CuryCreditTotal="40.0000" CuryDebitTotal="40.0000" CuryControlTotal="40.0000" CuryInfoID="108" LedgerID="1" BatchType="H" RefNbr="" Status="P" AutoReverse="0" AutoReverseCopy="0" DateEntered="2014-02-01 00:00:00" Released="1" Posted="1" Draft="0" LineCntr="2" CuryID="USD" CreatedByID="b5344897-037e-4d58-b5c3-1bdfd0f47bf9" CreatedByScreenID="AP501000" CreatedDateTime="2014-10-28 10:36:05.66" LastModifiedByID="b5344897-037e-4d58-b5c3-1bdfd0f47bf9" LastModifiedByScreenID="AP501000" LastModifiedDateTime="2014-10-28 10:36:06.11" Hold="0" Description="Service $40, take discount" Scheduled="0" Voided="0" DeletedDatabaseRecord="0" FinPeriodID="201402" TranPeriodID="201402" CreateTaxTrans="0" SkipTaxValidation="0" NoteID="a9df6012-755e-e411-8fe6-74d435e7799b" />
		<row BranchID="1" Module="AP" BatchNbr="000007" CreditTotal="60.0000" DebitTotal="60.0000" ControlTotal="60.0000" CuryCreditTotal="60.0000" CuryDebitTotal="60.0000" CuryControlTotal="60.0000" CuryInfoID="109" LedgerID="1" BatchType="H" RefNbr="" Status="P" AutoReverse="0" AutoReverseCopy="0" DateEntered="2014-02-02 00:00:00" Released="1" Posted="1" Draft="0" LineCntr="2" CuryID="USD" CreatedByID="b5344897-037e-4d58-b5c3-1bdfd0f47bf9" CreatedByScreenID="AP501000" CreatedDateTime="2014-10-28 10:36:05.793" LastModifiedByID="b5344897-037e-4d58-b5c3-1bdfd0f47bf9" LastModifiedByScreenID="AP501000" LastModifiedDateTime="2014-10-28 10:36:06.18" Hold="0" Description="Service $60, not take discount" Scheduled="0" Voided="0" DeletedDatabaseRecord="0" FinPeriodID="201402" TranPeriodID="201402" CreateTaxTrans="0" SkipTaxValidation="0" NoteID="acdf6012-755e-e411-8fe6-74d435e7799b" />
		<row BranchID="1" Module="AP" BatchNbr="000008" CreditTotal="80.0000" DebitTotal="80.0000" ControlTotal="80.0000" CuryCreditTotal="80.0000" CuryDebitTotal="80.0000" CuryControlTotal="80.0000" CuryInfoID="110" LedgerID="1" BatchType="H" RefNbr="" Status="P" AutoReverse="0" AutoReverseCopy="0" DateEntered="2014-02-25 00:00:00" Released="1" Posted="1" Draft="0" LineCntr="2" CuryID="USD" CreatedByID="b5344897-037e-4d58-b5c3-1bdfd0f47bf9" CreatedByScreenID="AP501000" CreatedDateTime="2014-10-28 10:36:05.86" LastModifiedByID="b5344897-037e-4d58-b5c3-1bdfd0f47bf9" LastModifiedByScreenID="AP501000" LastModifiedDateTime="2014-10-28 10:36:06.213" Hold="0" Description="Service $80, take discount" Scheduled="0" Voided="0" DeletedDatabaseRecord="0" FinPeriodID="201402" TranPeriodID="201402" CreateTaxTrans="0" SkipTaxValidation="0" NoteID="afdf6012-755e-e411-8fe6-74d435e7799b" />
		<row BranchID="1" Module="AP" BatchNbr="000009" CreditTotal="20.0000" DebitTotal="20.0000" ControlTotal="20.0000" CuryCreditTotal="20.0000" CuryDebitTotal="20.0000" CuryControlTotal="20.0000" CuryInfoID="111" LedgerID="1" BatchType="H" RefNbr="" Status="P" AutoReverse="0" AutoReverseCopy="0" DateEntered="2014-02-15 00:00:00" Released="1" Posted="1" Draft="0" LineCntr="2" CuryID="USD" CreatedByID="b5344897-037e-4d58-b5c3-1bdfd0f47bf9" CreatedByScreenID="AP501000" CreatedDateTime="2014-10-28 10:36:06" LastModifiedByID="b5344897-037e-4d58-b5c3-1bdfd0f47bf9" LastModifiedByScreenID="AP501000" LastModifiedDateTime="2014-10-28 10:36:06.243" Hold="0" Description="Ads $20, take discount" Scheduled="0" Voided="0" DeletedDatabaseRecord="0" FinPeriodID="201402" TranPeriodID="201402" CreateTaxTrans="0" SkipTaxValidation="0" NoteID="b2df6012-755e-e411-8fe6-74d435e7799b" />
		<row BranchID="1" Module="AP" BatchNbr="000010" CreditTotal="40.0000" DebitTotal="40.0000" ControlTotal="40.0000" CuryCreditTotal="40.0000" CuryDebitTotal="40.0000" CuryControlTotal="40.0000" CuryInfoID="114" LedgerID="1" BatchType="H" RefNbr="" Status="P" AutoReverse="0" AutoReverseCopy="0" DateEntered="2014-02-08 00:00:00" Released="1" Posted="1" Draft="0" LineCntr="5" CuryID="USD" CreatedByID="b5344897-037e-4d58-b5c3-1bdfd0f47bf9" CreatedByScreenID="AP505200" CreatedDateTime="2014-10-28 11:02:16.983" LastModifiedByID="b5344897-037e-4d58-b5c3-1bdfd0f47bf9" LastModifiedByScreenID="AP505200" LastModifiedDateTime="2014-10-28 11:02:17.263" Hold="0" Scheduled="0" Voided="0" DeletedDatabaseRecord="0" FinPeriodID="201402" TranPeriodID="201402" CreateTaxTrans="0" SkipTaxValidation="0" NoteID="79d91dbb-785e-e411-8fe6-74d435e7799b" />
		<row BranchID="1" Module="AP" BatchNbr="000011" CreditTotal="1140.0000" DebitTotal="1140.0000" ControlTotal="1140.0000" CuryCreditTotal="1140.0000" CuryDebitTotal="1140.0000" CuryControlTotal="1140.0000" CuryInfoID="120" LedgerID="1" BatchType="H" RefNbr="" Status="P" AutoReverse="0" AutoReverseCopy="0" DateEntered="2014-03-01 00:00:00" Released="1" Posted="1" Draft="0" LineCntr="13" CuryID="USD" CreatedByID="b5344897-037e-4d58-b5c3-1bdfd0f47bf9" CreatedByScreenID="AP505200" CreatedDateTime="2014-10-28 13:54:30.933" LastModifiedByID="b5344897-037e-4d58-b5c3-1bdfd0f47bf9" LastModifiedByScreenID="AP505200" LastModifiedDateTime="2014-10-28 13:54:31.567" Hold="0" Scheduled="0" Voided="0" DeletedDatabaseRecord="0" FinPeriodID="201403" TranPeriodID="201403" CreateTaxTrans="0" SkipTaxValidation="0" NoteID="f66080ca-905e-e411-8fe6-74d435e7799b" />
		<row BranchID="1" Module="AP" BatchNbr="000012" CreditTotal="20.0000" DebitTotal="20.0000" ControlTotal="20.0000" CuryCreditTotal="20.0000" CuryDebitTotal="20.0000" CuryControlTotal="20.0000" CuryInfoID="133" LedgerID="1" BatchType="H" RefNbr="" Status="P" AutoReverse="0" AutoReverseCopy="0" DateEntered="2014-03-02 00:00:00" Released="1" Posted="1" Draft="0" LineCntr="2" CuryID="USD" CreatedByID="b5344897-037e-4d58-b5c3-1bdfd0f47bf9" CreatedByScreenID="AP301000" CreatedDateTime="2014-10-29 15:33:22.073" LastModifiedByID="b5344897-037e-4d58-b5c3-1bdfd0f47bf9" LastModifiedByScreenID="AP301000" LastModifiedDateTime="2014-10-29 15:33:22.423" Hold="0" Description="The charge for the delayed payment for 000003 bill" Scheduled="0" Voided="0" DeletedDatabaseRecord="0" FinPeriodID="201403" TranPeriodID="201403" CreateTaxTrans="0" SkipTaxValidation="0" NoteID="8c9d16c4-675f-e411-b36f-74d435e7799b" />
		<row BranchID="1" Module="AP" BatchNbr="000013" CreditTotal="220.0000" DebitTotal="220.0000" ControlTotal="220.0000" CuryCreditTotal="220.0000" CuryDebitTotal="220.0000" CuryControlTotal="220.0000" CuryInfoID="137" LedgerID="1" BatchType="H" RefNbr="" Status="P" AutoReverse="0" AutoReverseCopy="0" DateEntered="2014-03-02 00:00:00" Released="1" Posted="1" Draft="0" LineCntr="8" CuryID="USD" CreatedByID="b5344897-037e-4d58-b5c3-1bdfd0f47bf9" CreatedByScreenID="AP505200" CreatedDateTime="2014-10-29 15:38:04.533" LastModifiedByID="b5344897-037e-4d58-b5c3-1bdfd0f47bf9" LastModifiedByScreenID="AP505200" LastModifiedDateTime="2014-10-29 15:38:04.85" Hold="0" Description="Rent and utilities bill" Scheduled="0" Voided="0" DeletedDatabaseRecord="0" FinPeriodID="201403" TranPeriodID="201403" CreateTaxTrans="0" SkipTaxValidation="0" NoteID="4ca2a86c-685f-e411-b36f-74d435e7799b" />
		<row BranchID="1" Module="AP" BatchNbr="000014" CreditTotal="5.0000" DebitTotal="5.0000" ControlTotal="5.0000" CuryCreditTotal="5.0000" CuryDebitTotal="5.0000" CuryControlTotal="5.0000" CuryInfoID="139" LedgerID="1" BatchType="H" RefNbr="" Status="P" AutoReverse="0" AutoReverseCopy="0" DateEntered="2014-03-02 00:00:00" Released="1" Posted="1" Draft="0" LineCntr="2" CuryID="USD" CreatedByID="b5344897-037e-4d58-b5c3-1bdfd0f47bf9" CreatedByScreenID="AP301000" CreatedDateTime="2014-10-29 17:09:57.43" LastModifiedByID="b5344897-037e-4d58-b5c3-1bdfd0f47bf9" LastModifiedByScreenID="AP301000" LastModifiedDateTime="2014-10-29 17:09:57.7" Hold="0" Description="Discount from vendor for bill 000002" Scheduled="0" Voided="0" DeletedDatabaseRecord="0" FinPeriodID="201403" TranPeriodID="201403" CreateTaxTrans="0" SkipTaxValidation="0" NoteID="2e809f42-755f-e411-b36f-74d435e7799b" />
		<row BranchID="1" Module="AP" BatchNbr="000015" CreditTotal="20.0000" DebitTotal="20.0000" ControlTotal="20.0000" CuryCreditTotal="20.0000" CuryDebitTotal="20.0000" CuryControlTotal="20.0000" CuryInfoID="10139" LedgerID="1" BatchType="H" RefNbr="" Status="P" AutoReverse="0" AutoReverseCopy="0" DateEntered="2014-02-15 00:00:00" Released="1" Posted="1" Draft="0" LineCntr="2" CuryID="USD" CreatedByID="b5344897-037e-4d58-b5c3-1bdfd0f47bf9" CreatedByScreenID="AP301000" CreatedDateTime="2014-10-30 10:04:05.887" LastModifiedByID="b5344897-037e-4d58-b5c3-1bdfd0f47bf9" LastModifiedByScreenID="AP301000" LastModifiedDateTime="2014-10-30 10:04:06.467" Hold="0" Description="Bill 000007 reversal" Scheduled="0" Voided="0" DeletedDatabaseRecord="0" FinPeriodID="201402" TranPeriodID="201402" CreateTaxTrans="0" SkipTaxValidation="0" NoteID="20d5d0ee-0260-e411-99e1-74d435e7799b" />
		<row BranchID="1" Module="AP" BatchNbr="000016" CreditTotal="10.0000" DebitTotal="10.0000" ControlTotal="10.0000" CuryCreditTotal="10.0000" CuryDebitTotal="10.0000" CuryControlTotal="10.0000" CuryInfoID="10143" LedgerID="1" BatchType="H" RefNbr="" Status="P" AutoReverse="0" AutoReverseCopy="0" DateEntered="2014-03-02 00:00:00" Released="1" Posted="1" Draft="0" LineCntr="2" CuryID="USD" CreatedByID="b5344897-037e-4d58-b5c3-1bdfd0f47bf9" CreatedByScreenID="AP301000" CreatedDateTime="2014-10-30 10:50:33.68" LastModifiedByID="b5344897-037e-4d58-b5c3-1bdfd0f47bf9" LastModifiedByScreenID="AP301000" LastModifiedDateTime="2014-10-30 10:50:34.303" Hold="0" Description="Damaged office supplies returned" Scheduled="0" Voided="0" DeletedDatabaseRecord="0" FinPeriodID="201403" TranPeriodID="201403" CreateTaxTrans="0" SkipTaxValidation="0" NoteID="af91966c-0960-e411-99e1-74d435e7799b" />
		<row BranchID="1" Module="AP" BatchNbr="000017" CreditTotal="10.0000" DebitTotal="10.0000" ControlTotal="10.0000" CuryCreditTotal="10.0000" CuryDebitTotal="10.0000" CuryControlTotal="10.0000" CuryInfoID="10146" LedgerID="1" BatchType="H" RefNbr="" Status="P" AutoReverse="0" AutoReverseCopy="0" DateEntered="2014-03-02 00:00:00" Released="1" Posted="1" Draft="0" LineCntr="5" CuryID="USD" CreatedByID="b5344897-037e-4d58-b5c3-1bdfd0f47bf9" CreatedByScreenID="AP302000" CreatedDateTime="2014-10-30 10:54:24.313" LastModifiedByID="b5344897-037e-4d58-b5c3-1bdfd0f47bf9" LastModifiedByScreenID="AP302000" LastModifiedDateTime="2014-10-30 10:54:24.49" Hold="0" Description="Damaged office supplies returned" Scheduled="0" Voided="0" DeletedDatabaseRecord="0" FinPeriodID="201403" TranPeriodID="201403" CreateTaxTrans="0" SkipTaxValidation="0" NoteID="7a5ee3f5-0960-e411-99e1-74d435e7799b" />
		<row BranchID="1" Module="AP" BatchNbr="000018" CreditTotal="220.0000" DebitTotal="220.0000" ControlTotal="220.0000" CuryCreditTotal="220.0000" CuryDebitTotal="220.0000" CuryControlTotal="220.0000" CuryInfoID="10150" LedgerID="1" BatchType="H" RefNbr="" Status="P" AutoReverse="0" AutoReverseCopy="0" DateEntered="2014-03-02 00:00:00" Released="1" Posted="1" Draft="0" LineCntr="8" CuryID="USD" CreatedByID="b5344897-037e-4d58-b5c3-1bdfd0f47bf9" CreatedByScreenID="AP302000" CreatedDateTime="2014-10-30 11:13:50.71" LastModifiedByID="b5344897-037e-4d58-b5c3-1bdfd0f47bf9" LastModifiedByScreenID="AP302000" LastModifiedDateTime="2014-10-30 11:13:50.997" Hold="0" Description="Bank couldn't accept the check" Scheduled="0" Voided="0" DeletedDatabaseRecord="0" FinPeriodID="201403" TranPeriodID="201403" CreateTaxTrans="0" SkipTaxValidation="0" NoteID="eb8e5cad-0c60-e411-99e1-74d435e7799b" />
		<row BranchID="1" Module="AP" BatchNbr="000019" CreditTotal="220.0000" DebitTotal="220.0000" ControlTotal="220.0000" CuryCreditTotal="220.0000" CuryDebitTotal="220.0000" CuryControlTotal="220.0000" CuryInfoID="10154" LedgerID="1" BatchType="H" RefNbr="" Status="P" AutoReverse="0" AutoReverseCopy="0" DateEntered="2014-03-05 00:00:00" Released="1" Posted="1" Draft="0" LineCntr="8" CuryID="USD" CreatedByID="b5344897-037e-4d58-b5c3-1bdfd0f47bf9" CreatedByScreenID="AP302000" CreatedDateTime="2014-10-30 11:20:38.11" LastModifiedByID="b5344897-037e-4d58-b5c3-1bdfd0f47bf9" LastModifiedByScreenID="AP302000" LastModifiedDateTime="2014-10-30 11:20:38.367" Hold="0" Description="Rent and utilities bill" Scheduled="0" Voided="0" DeletedDatabaseRecord="0" FinPeriodID="201403" TranPeriodID="201403" CreateTaxTrans="0" SkipTaxValidation="0" NoteID="50ed5da0-0d60-e411-99e1-74d435e7799b" />
		<row BranchID="1" Module="AP" BatchNbr="000020" CreditTotal="200.0000" DebitTotal="200.0000" ControlTotal="200.0000" CuryCreditTotal="200.0000" CuryDebitTotal="200.0000" CuryControlTotal="200.0000" CuryInfoID="10161" LedgerID="1" BatchType="H" RefNbr="" Status="P" AutoReverse="0" AutoReverseCopy="0" DateEntered="2014-03-06 00:00:00" Released="1" Posted="1" Draft="0" LineCntr="5" CuryID="USD" CreatedByID="b5344897-037e-4d58-b5c3-1bdfd0f47bf9" CreatedByScreenID="AP302000" CreatedDateTime="2014-10-31 11:00:41.157" LastModifiedByID="b5344897-037e-4d58-b5c3-1bdfd0f47bf9" LastModifiedByScreenID="AP302000" LastModifiedDateTime="2014-10-31 11:00:41.66" Hold="0" Description="$200 prepayment" Scheduled="0" Voided="0" DeletedDatabaseRecord="0" FinPeriodID="201403" TranPeriodID="201403" CreateTaxTrans="0" SkipTaxValidation="0" NoteID="b0ee2601-d460-e411-9d94-74d435e7799b" />
		<row BranchID="1" Module="AP" BatchNbr="000021" CreditTotal="100.0000" DebitTotal="100.0000" ControlTotal="100.0000" CuryCreditTotal="100.0000" CuryDebitTotal="100.0000" CuryControlTotal="100.0000" CuryInfoID="10164" LedgerID="1" BatchType="H" RefNbr="" Status="P" AutoReverse="0" AutoReverseCopy="0" DateEntered="2014-03-07 00:00:00" Released="1" Posted="1" Draft="0" LineCntr="4" CuryID="USD" CreatedByID="b5344897-037e-4d58-b5c3-1bdfd0f47bf9" CreatedByScreenID="AP501000" CreatedDateTime="2014-10-31 11:11:40.523" LastModifiedByID="b5344897-037e-4d58-b5c3-1bdfd0f47bf9" LastModifiedByScreenID="AP501000" LastModifiedDateTime="2014-10-31 11:11:40.773" Hold="0" Description="" Scheduled="0" Voided="0" DeletedDatabaseRecord="0" FinPeriodID="201403" TranPeriodID="201403" CreateTaxTrans="0" SkipTaxValidation="0" NoteID="1bc9318a-d560-e411-9d94-74d435e7799b" />
		<row BranchID="1" Module="AP" BatchNbr="000022" CreditTotal="25.0000" DebitTotal="25.0000" ControlTotal="25.0000" CuryCreditTotal="25.0000" CuryDebitTotal="25.0000" CuryControlTotal="25.0000" CuryInfoID="10167" LedgerID="1" BatchType="H" RefNbr="" Status="P" AutoReverse="0" AutoReverseCopy="0" DateEntered="2014-03-08 00:00:00" Released="1" Posted="1" Draft="0" LineCntr="6" CuryID="USD" CreatedByID="b5344897-037e-4d58-b5c3-1bdfd0f47bf9" CreatedByScreenID="AP302000" CreatedDateTime="2014-10-31 11:35:34.487" LastModifiedByID="b5344897-037e-4d58-b5c3-1bdfd0f47bf9" LastModifiedByScreenID="AP302000" LastModifiedDateTime="2014-10-31 11:35:34.72" Hold="0" Description="$200 prepayment" Scheduled="0" Voided="0" DeletedDatabaseRecord="0" FinPeriodID="201403" TranPeriodID="201403" CreateTaxTrans="0" SkipTaxValidation="0" NoteID="52e9f4e0-d860-e411-9d94-74d435e7799b" />
		<row BranchID="1" Module="AP" BatchNbr="000023" CreditTotal="170.0000" DebitTotal="170.0000" ControlTotal="170.0000" CuryCreditTotal="170.0000" CuryDebitTotal="170.0000" CuryControlTotal="170.0000" CuryInfoID="10173" LedgerID="1" BatchType="H" RefNbr="" Status="P" AutoReverse="0" AutoReverseCopy="0" DateEntered="2014-03-08 00:00:00" Released="1" Posted="1" Draft="0" LineCntr="13" CuryID="USD" CreatedByID="b5344897-037e-4d58-b5c3-1bdfd0f47bf9" CreatedByScreenID="AP505200" CreatedDateTime="2014-10-31 11:44:18.323" LastModifiedByID="b5344897-037e-4d58-b5c3-1bdfd0f47bf9" LastModifiedByScreenID="AP505200" LastModifiedDateTime="2014-10-31 11:44:18.667" Hold="0" Scheduled="0" Voided="0" DeletedDatabaseRecord="0" FinPeriodID="201403" TranPeriodID="201403" CreateTaxTrans="0" SkipTaxValidation="0" NoteID="ff804819-da60-e411-9d94-74d435e7799b" />
		<row BranchID="1" Module="AP" BatchNbr="000024" CreditTotal="175.0000" DebitTotal="175.0000" ControlTotal="175.0000" CuryCreditTotal="175.0000" CuryDebitTotal="175.0000" CuryControlTotal="175.0000" CuryInfoID="10176" LedgerID="1" BatchType="H" RefNbr="" Status="P" AutoReverse="0" AutoReverseCopy="0" DateEntered="2014-03-10 00:00:00" Released="1" Posted="1" Draft="0" LineCntr="5" CuryID="USD" CreatedByID="b5344897-037e-4d58-b5c3-1bdfd0f47bf9" CreatedByScreenID="AP302000" CreatedDateTime="2014-10-31 13:16:33.947" LastModifiedByID="b5344897-037e-4d58-b5c3-1bdfd0f47bf9" LastModifiedByScreenID="AP302000" LastModifiedDateTime="2014-10-31 13:16:34.16" Hold="0" Description="$175 refund for unused prepayment" Scheduled="0" Voided="0" DeletedDatabaseRecord="0" FinPeriodID="201403" TranPeriodID="201403" CreateTaxTrans="0" SkipTaxValidation="0" NoteID="b99d8ffc-e660-e411-9d94-74d435e7799b" />
		<row BranchID="1" Module="AR" BatchNbr="000001" CreditTotal="1300.0000" DebitTotal="1300.0000" ControlTotal="1300.0000" CuryCreditTotal="1300.0000" CuryDebitTotal="1300.0000" CuryControlTotal="1300.0000" CuryInfoID="20205" LedgerID="1" BatchType="H" RefNbr="" Status="P" AutoReverse="0" AutoReverseCopy="0" DateEntered="2014-02-01 00:00:00" Released="1" Posted="1" Draft="0" LineCntr="5" CuryID="USD" CreatedByID="b5344897-037e-4d58-b5c3-1bdfd0f47bf9" CreatedByScreenID="AR501000" CreatedDateTime="2014-11-17 11:40:19.58" LastModifiedByID="b5344897-037e-4d58-b5c3-1bdfd0f47bf9" LastModifiedByScreenID="AR501000" LastModifiedDateTime="2014-11-17 11:40:20.157" Hold="0" Description="" Scheduled="0" Voided="0" DeletedDatabaseRecord="0" FinPeriodID="201402" TranPeriodID="201402" CreateTaxTrans="0" SkipTaxValidation="0" NoteID="6455805b-356e-e411-8043-74d435e7799b" />
		<row BranchID="1" Module="AR" BatchNbr="000002" CreditTotal="800.0000" DebitTotal="800.0000" ControlTotal="800.0000" CuryCreditTotal="800.0000" CuryDebitTotal="800.0000" CuryControlTotal="800.0000" CuryInfoID="20212" LedgerID="1" BatchType="H" RefNbr="" Status="P" AutoReverse="0" AutoReverseCopy="0" DateEntered="2014-02-28 00:00:00" Released="1" Posted="1" Draft="0" LineCntr="7" CuryID="USD" CreatedByID="b5344897-037e-4d58-b5c3-1bdfd0f47bf9" CreatedByScreenID="AR501000" CreatedDateTime="2014-11-17 13:29:18.117" LastModifiedByID="b5344897-037e-4d58-b5c3-1bdfd0f47bf9" LastModifiedByScreenID="AR501000" LastModifiedDateTime="2014-11-17 13:29:18.54" Hold="0" Description="Payment 02-2014 for services" Scheduled="0" Voided="0" DeletedDatabaseRecord="0" FinPeriodID="201402" TranPeriodID="201402" CreateTaxTrans="0" SkipTaxValidation="0" NoteID="157f2f95-446e-e411-8043-74d435e7799b" />
		<row BranchID="1" Module="AR" BatchNbr="000003" CreditTotal="800.0000" DebitTotal="800.0000" ControlTotal="800.0000" CuryCreditTotal="800.0000" CuryDebitTotal="800.0000" CuryControlTotal="800.0000" CuryInfoID="20214" LedgerID="1" BatchType="H" RefNbr="" Status="P" AutoReverse="0" AutoReverseCopy="0" DateEntered="2014-02-01 00:00:00" Released="1" Posted="1" Draft="0" LineCntr="2" CuryID="USD" CreatedByID="b5344897-037e-4d58-b5c3-1bdfd0f47bf9" CreatedByScreenID="AR301000" CreatedDateTime="2014-11-17 13:34:13.43" LastModifiedByID="b5344897-037e-4d58-b5c3-1bdfd0f47bf9" LastModifiedByScreenID="AR301000" LastModifiedDateTime="2014-11-17 13:34:13.6" Hold="0" Description="16 hours of service 02-2014" Scheduled="0" Voided="0" DeletedDatabaseRecord="0" FinPeriodID="201402" TranPeriodID="201402" CreateTaxTrans="0" SkipTaxValidation="0" NoteID="dfe5e442-456e-e411-8043-74d435e7799b" />
		<row BranchID="1" Module="AR" BatchNbr="000004" CreditTotal="500.0000" DebitTotal="500.0000" ControlTotal="500.0000" CuryCreditTotal="500.0000" CuryDebitTotal="500.0000" CuryControlTotal="500.0000" CuryInfoID="20215" LedgerID="1" BatchType="H" RefNbr="" Status="P" AutoReverse="0" AutoReverseCopy="0" DateEntered="2014-02-25 00:00:00" Released="1" Posted="1" Draft="0" LineCntr="2" CuryID="USD" CreatedByID="b5344897-037e-4d58-b5c3-1bdfd0f47bf9" CreatedByScreenID="AR301000" CreatedDateTime="2014-11-17 13:34:25.533" LastModifiedByID="b5344897-037e-4d58-b5c3-1bdfd0f47bf9" LastModifiedByScreenID="AR301000" LastModifiedDateTime="2014-11-17 13:34:25.61" Hold="0" Description="10 hours of service 02-2014" Scheduled="0" Voided="0" DeletedDatabaseRecord="0" FinPeriodID="201402" TranPeriodID="201402" CreateTaxTrans="0" SkipTaxValidation="0" NoteID="f4d2b749-456e-e411-8043-74d435e7799b" />
		<row BranchID="1" Module="AR" BatchNbr="000005" CreditTotal="505.0000" DebitTotal="505.0000" ControlTotal="505.0000" CuryCreditTotal="505.0000" CuryDebitTotal="505.0000" CuryControlTotal="505.0000" CuryInfoID="20218" LedgerID="1" BatchType="H" RefNbr="" Status="P" AutoReverse="0" AutoReverseCopy="0" DateEntered="2014-03-04 00:00:00" Released="1" Posted="1" Draft="0" LineCntr="5" CuryID="USD" CreatedByID="b5344897-037e-4d58-b5c3-1bdfd0f47bf9" CreatedByScreenID="AR302000" CreatedDateTime="2014-11-18 10:41:08.827" LastModifiedByID="b5344897-037e-4d58-b5c3-1bdfd0f47bf9" LastModifiedByScreenID="AR302000" LastModifiedDateTime="2014-11-18 10:41:09.403" Hold="0" Description="Early payment 03-2014" Scheduled="0" Voided="0" DeletedDatabaseRecord="0" FinPeriodID="201403" TranPeriodID="201403" CreateTaxTrans="0" SkipTaxValidation="0" NoteID="e9784d41-f66e-e411-8157-74d435e7799b" />
		<row BranchID="1" Module="AR" BatchNbr="000006" CreditTotal="100.0000" DebitTotal="100.0000" ControlTotal="100.0000" CuryCreditTotal="100.0000" CuryDebitTotal="100.0000" CuryControlTotal="100.0000" CuryInfoID="20220" LedgerID="1" BatchType="H" RefNbr="" Status="P" AutoReverse="0" AutoReverseCopy="0" DateEntered="2014-03-01 00:00:00" Released="1" Posted="1" Draft="0" LineCntr="2" CuryID="USD" CreatedByID="b5344897-037e-4d58-b5c3-1bdfd0f47bf9" CreatedByScreenID="AR302000" CreatedDateTime="2014-11-18 11:02:08.507" LastModifiedByID="b5344897-037e-4d58-b5c3-1bdfd0f47bf9" LastModifiedByScreenID="AR302000" LastModifiedDateTime="2014-11-18 11:02:08.633" Hold="0" Description="$100 prepayment 03-2014" Scheduled="0" Voided="0" DeletedDatabaseRecord="0" FinPeriodID="201403" TranPeriodID="201403" CreateTaxTrans="0" SkipTaxValidation="0" NoteID="9533cf30-f96e-e411-8157-74d435e7799b" />
		<row BranchID="1" Module="AR" BatchNbr="000007" CreditTotal="50.0000" DebitTotal="50.0000" ControlTotal="50.0000" CuryCreditTotal="50.0000" CuryDebitTotal="50.0000" CuryControlTotal="50.0000" CuryInfoID="20222" LedgerID="1" BatchType="H" RefNbr="" Status="P" AutoReverse="0" AutoReverseCopy="0" DateEntered="2014-03-15 00:00:00" Released="1" Posted="1" Draft="0" LineCntr="2" CuryID="USD" CreatedByID="b5344897-037e-4d58-b5c3-1bdfd0f47bf9" CreatedByScreenID="AR301000" CreatedDateTime="2014-11-18 11:06:11.37" LastModifiedByID="b5344897-037e-4d58-b5c3-1bdfd0f47bf9" LastModifiedByScreenID="AR301000" LastModifiedDateTime="2014-11-18 11:06:11.527" Hold="0" Description="1 hour of service 03-2014" Scheduled="0" Voided="0" DeletedDatabaseRecord="0" FinPeriodID="201403" TranPeriodID="201403" CreateTaxTrans="0" SkipTaxValidation="0" NoteID="04916fc1-f96e-e411-8157-74d435e7799b" />
		<row BranchID="1" Module="AR" BatchNbr="000008" CreditTotal="50.0000" DebitTotal="50.0000" ControlTotal="50.0000" CuryCreditTotal="50.0000" CuryDebitTotal="50.0000" CuryControlTotal="50.0000" CuryInfoID="20224" LedgerID="1" BatchType="H" RefNbr="" Status="P" AutoReverse="0" AutoReverseCopy="0" DateEntered="2014-03-15 00:00:00" Released="1" Posted="1" Draft="0" LineCntr="3" CuryID="USD" CreatedByID="b5344897-037e-4d58-b5c3-1bdfd0f47bf9" CreatedByScreenID="AR302000" CreatedDateTime="2014-11-18 11:09:40.72" LastModifiedByID="b5344897-037e-4d58-b5c3-1bdfd0f47bf9" LastModifiedByScreenID="AR302000" LastModifiedDateTime="2014-11-18 11:09:40.86" Hold="0" Description="$100 prepayment 03-2014" Scheduled="0" Voided="0" DeletedDatabaseRecord="0" FinPeriodID="201403" TranPeriodID="201403" CreateTaxTrans="0" SkipTaxValidation="0" NoteID="a70f713e-fa6e-e411-8157-74d435e7799b" />
		<row BranchID="1" Module="AR" BatchNbr="000009" CreditTotal="70.0000" DebitTotal="70.0000" ControlTotal="70.0000" CuryCreditTotal="70.0000" CuryDebitTotal="70.0000" CuryControlTotal="70.0000" CuryInfoID="20226" LedgerID="1" BatchType="H" RefNbr="" Status="P" AutoReverse="0" AutoReverseCopy="0" DateEntered="2014-03-01 00:00:00" Released="1" Posted="1" Draft="0" LineCntr="2" CuryID="USD" CreatedByID="b5344897-037e-4d58-b5c3-1bdfd0f47bf9" CreatedByScreenID="AR301000" CreatedDateTime="2014-11-18 11:53:32.463" LastModifiedByID="b5344897-037e-4d58-b5c3-1bdfd0f47bf9" LastModifiedByScreenID="AR301000" LastModifiedDateTime="2014-11-18 11:53:32.643" Hold="0" Description="Additional charges" Scheduled="0" Voided="0" DeletedDatabaseRecord="0" FinPeriodID="201403" TranPeriodID="201403" CreateTaxTrans="0" SkipTaxValidation="0" NoteID="f864f15e-006f-e411-8157-74d435e7799b" />
		<row BranchID="1" Module="AR" BatchNbr="000010" CreditTotal="570.0000" DebitTotal="570.0000" ControlTotal="570.0000" CuryCreditTotal="570.0000" CuryDebitTotal="570.0000" CuryControlTotal="570.0000" CuryInfoID="20230" LedgerID="1" BatchType="H" RefNbr="" Status="P" AutoReverse="0" AutoReverseCopy="0" DateEntered="2014-03-20 00:00:00" Released="1" Posted="1" Draft="0" LineCntr="8" CuryID="USD" CreatedByID="b5344897-037e-4d58-b5c3-1bdfd0f47bf9" CreatedByScreenID="AR302000" CreatedDateTime="2014-11-18 12:03:07.863" LastModifiedByID="b5344897-037e-4d58-b5c3-1bdfd0f47bf9" LastModifiedByScreenID="AR302000" LastModifiedDateTime="2014-11-18 12:03:08.167" Hold="0" Description="Payment for inv. 000003 and d.m. 000006" Scheduled="0" Voided="0" DeletedDatabaseRecord="0" FinPeriodID="201403" TranPeriodID="201403" CreateTaxTrans="0" SkipTaxValidation="0" NoteID="14dbdcb5-016f-e411-8157-74d435e7799b" />
		<row BranchID="1" Module="AR" BatchNbr="000011" CreditTotal="80.0000" DebitTotal="80.0000" ControlTotal="80.0000" CuryCreditTotal="80.0000" CuryDebitTotal="80.0000" CuryControlTotal="80.0000" CuryInfoID="20232" LedgerID="1" BatchType="H" RefNbr="" Status="P" AutoReverse="0" AutoReverseCopy="0" DateEntered="2014-03-01 00:00:00" Released="1" Posted="1" Draft="0" LineCntr="2" CuryID="USD" CreatedByID="b5344897-037e-4d58-b5c3-1bdfd0f47bf9" CreatedByScreenID="AR301000" CreatedDateTime="2014-11-18 12:09:03.767" LastModifiedByID="b5344897-037e-4d58-b5c3-1bdfd0f47bf9" LastModifiedByScreenID="AR301000" LastModifiedDateTime="2014-11-18 12:09:03.95" Hold="0" Description="Service undelivered by invoice 000002" Scheduled="0" Voided="0" DeletedDatabaseRecord="0" FinPeriodID="201403" TranPeriodID="201403" CreateTaxTrans="0" SkipTaxValidation="0" NoteID="28fd278a-026f-e411-8157-74d435e7799b" />
		<row BranchID="1" Module="AR" BatchNbr="000012" CreditTotal="50.0000" DebitTotal="50.0000" ControlTotal="50.0000" CuryCreditTotal="50.0000" CuryDebitTotal="50.0000" CuryControlTotal="50.0000" CuryInfoID="20236" LedgerID="1" BatchType="H" RefNbr="" Status="P" AutoReverse="0" AutoReverseCopy="0" DateEntered="2014-03-31 00:00:00" Released="1" Posted="1" Draft="0" LineCntr="5" CuryID="USD" CreatedByID="b5344897-037e-4d58-b5c3-1bdfd0f47bf9" CreatedByScreenID="AR302000" CreatedDateTime="2014-11-18 12:29:16.103" LastModifiedByID="b5344897-037e-4d58-b5c3-1bdfd0f47bf9" LastModifiedByScreenID="AR302000" LastModifiedDateTime="2014-11-18 12:29:16.287" Hold="0" Description="Refund for unused prepayment" Scheduled="0" Voided="0" DeletedDatabaseRecord="0" FinPeriodID="201403" TranPeriodID="201403" CreateTaxTrans="0" SkipTaxValidation="0" NoteID="29e1b45c-056f-e411-8157-74d435e7799b" />
		<row BranchID="1" Module="AR" BatchNbr="000013" CreditTotal="60.0000" DebitTotal="60.0000" ControlTotal="60.0000" CuryCreditTotal="60.0000" CuryDebitTotal="60.0000" CuryControlTotal="60.0000" CuryInfoID="20239" LedgerID="1" BatchType="H" RefNbr="" Status="P" AutoReverse="0" AutoReverseCopy="0" DateEntered="2014-03-15 00:00:00" Released="1" Posted="1" Draft="0" LineCntr="2" CuryID="USD" CreatedByID="b5344897-037e-4d58-b5c3-1bdfd0f47bf9" CreatedByScreenID="AR301000" CreatedDateTime="2014-11-18 16:37:58.667" LastModifiedByID="b5344897-037e-4d58-b5c3-1bdfd0f47bf9" LastModifiedByScreenID="AR301000" LastModifiedDateTime="2014-11-18 16:37:58.86" Hold="0" Description="Services 03-2014" Scheduled="0" Voided="0" DeletedDatabaseRecord="0" FinPeriodID="201403" TranPeriodID="201403" CreateTaxTrans="0" SkipTaxValidation="0" NoteID="b904381b-286f-e411-8157-74d435e7799b" />
		<row BranchID="1" Module="AR" BatchNbr="000014" CreditTotal="13.8100" DebitTotal="13.8100" ControlTotal="13.8100" CuryCreditTotal="13.8100" CuryDebitTotal="13.8100" CuryControlTotal="13.8100" CuryInfoID="20241" LedgerID="1" BatchType="H" RefNbr="" Status="P" AutoReverse="0" AutoReverseCopy="0" DateEntered="2014-03-31 00:00:00" Released="1" Posted="1" Draft="0" LineCntr="2" CuryID="USD" CreatedByID="b5344897-037e-4d58-b5c3-1bdfd0f47bf9" CreatedByScreenID="AR301000" CreatedDateTime="2014-11-18 16:52:00.323" LastModifiedByID="b5344897-037e-4d58-b5c3-1bdfd0f47bf9" LastModifiedByScreenID="AR301000" LastModifiedDateTime="2014-11-18 16:52:00.423" Hold="0" Description="Overdue Charge" Scheduled="0" Voided="0" DeletedDatabaseRecord="0" FinPeriodID="201403" TranPeriodID="201403" CreateTaxTrans="0" SkipTaxValidation="0" NoteID="7862e410-2a6f-e411-8157-74d435e7799b" />
		<row BranchID="1" Module="AR" BatchNbr="000015" CreditTotal="730.0000" DebitTotal="730.0000" ControlTotal="730.0000" CuryCreditTotal="730.0000" CuryDebitTotal="730.0000" CuryControlTotal="730.0000" CuryInfoID="20245" LedgerID="1" BatchType="H" RefNbr="" Status="P" AutoReverse="0" AutoReverseCopy="0" DateEntered="2014-03-31 00:00:00" Released="1" Posted="1" Draft="0" LineCntr="8" CuryID="USD" CreatedByID="b5344897-037e-4d58-b5c3-1bdfd0f47bf9" CreatedByScreenID="AR302000" CreatedDateTime="2014-11-18 16:55:55.93" LastModifiedByID="b5344897-037e-4d58-b5c3-1bdfd0f47bf9" LastModifiedByScreenID="AR302000" LastModifiedDateTime="2014-11-18 16:55:56.22" Hold="0" Description="Payment 03-2014" Scheduled="0" Voided="0" DeletedDatabaseRecord="0" FinPeriodID="201403" TranPeriodID="201403" CreateTaxTrans="0" SkipTaxValidation="0" NoteID="c6f0189d-2a6f-e411-8157-74d435e7799b" />
		<row BranchID="1" Module="AR" BatchNbr="000016" CreditTotal="5.0000" DebitTotal="5.0000" ControlTotal="5.0000" CuryCreditTotal="5.0000" CuryDebitTotal="5.0000" CuryControlTotal="5.0000" CuryInfoID="20247" LedgerID="1" BatchType="H" RefNbr="" Status="P" AutoReverse="0" AutoReverseCopy="0" DateEntered="2014-03-31 00:00:00" Released="1" Posted="1" Draft="0" LineCntr="2" CuryID="USD" CreatedByID="b5344897-037e-4d58-b5c3-1bdfd0f47bf9" CreatedByScreenID="AR505000" CreatedDateTime="2014-11-19 16:05:15.193" LastModifiedByID="b5344897-037e-4d58-b5c3-1bdfd0f47bf9" LastModifiedByScreenID="AR505000" LastModifiedDateTime="2014-11-19 16:05:15.7" Hold="0" Scheduled="0" Voided="0" DeletedDatabaseRecord="0" FinPeriodID="201403" TranPeriodID="201403" CreateTaxTrans="0" SkipTaxValidation="0" NoteID="fb5aa6b2-ec6f-e411-99d2-74d435e7799b" />
		<row BranchID="1" Module="AR" BatchNbr="000017" CreditTotal="3.8100" DebitTotal="3.8100" ControlTotal="3.8100" CuryCreditTotal="3.8100" CuryDebitTotal="3.8100" CuryControlTotal="3.8100" CuryInfoID="20252" LedgerID="1" BatchType="H" RefNbr="" Status="P" AutoReverse="0" AutoReverseCopy="0" DateEntered="2014-03-31 00:00:00" Released="1" Posted="1" Draft="0" LineCntr="3" CuryID="USD" CreatedByID="b5344897-037e-4d58-b5c3-1bdfd0f47bf9" CreatedByScreenID="AR505000" CreatedDateTime="2014-11-19 16:16:35.907" LastModifiedByID="b5344897-037e-4d58-b5c3-1bdfd0f47bf9" LastModifiedByScreenID="AR505000" LastModifiedDateTime="2014-11-19 16:16:36.013" Hold="0" Scheduled="0" Voided="0" DeletedDatabaseRecord="0" FinPeriodID="201403" TranPeriodID="201403" CreateTaxTrans="0" SkipTaxValidation="0" NoteID="dc53eb48-ee6f-e411-99d2-74d435e7799b" />
		<row BranchID="1" Module="AR" BatchNbr="000018" CreditTotal="60.0000" DebitTotal="60.0000" ControlTotal="60.0000" CuryCreditTotal="60.0000" CuryDebitTotal="60.0000" CuryControlTotal="60.0000" CuryInfoID="20255" LedgerID="1" BatchType="H" RefNbr="" Status="P" AutoReverse="0" AutoReverseCopy="0" DateEntered="2014-04-10 00:00:00" Released="1" Posted="1" Draft="0" LineCntr="6" CuryID="USD" CreatedByID="b5344897-037e-4d58-b5c3-1bdfd0f47bf9" CreatedByScreenID="AR302000" CreatedDateTime="2014-11-19 16:25:51.247" LastModifiedByID="b5344897-037e-4d58-b5c3-1bdfd0f47bf9" LastModifiedByScreenID="AR302000" LastModifiedDateTime="2014-11-19 16:25:51.6" Hold="0" Description="Payment 04-2014" Scheduled="0" Voided="0" DeletedDatabaseRecord="0" FinPeriodID="201404" TranPeriodID="201404" CreateTaxTrans="0" SkipTaxValidation="0" NoteID="6073ed93-ef6f-e411-99d2-74d435e7799b" />
		<row BranchID="1" Module="AR" BatchNbr="000019" CreditTotal="379.3300" DebitTotal="379.3300" ControlTotal="379.3300" CuryCreditTotal="379.3300" CuryDebitTotal="379.3300" CuryControlTotal="379.3300" CuryInfoID="663967" LedgerID="1" BatchType="H" RefNbr="" Status="P" AutoReverse="0" AutoReverseCopy="0" DateEntered="2019-12-05 00:00:00" Released="1" Posted="1" RequirePost="0" PostErrorCount="0" Draft="0" LineCntr="2" CuryID="USD" CreatedByID="b5344897-037e-4d58-b5c3-1bdfd0f47bf9" CreatedByScreenID="AR302000" CreatedDateTime="2019-12-05 12:10:18.227" LastModifiedByID="b5344897-037e-4d58-b5c3-1bdfd0f47bf9" LastModifiedByScreenID="AR302000" LastModifiedDateTime="2019-12-05 12:10:18.5" Hold="0" Description="Payment for Shopify Order #LOGIC-1089" Scheduled="0" Voided="0" DeletedDatabaseRecord="0" FinPeriodID="201912" TranPeriodID="201912" CreateTaxTrans="0" SkipTaxValidation="0" NoteID="17560c7b-8a17-ea11-a6ed-9cb6d0c82c0c" />
		<row BranchID="1" Module="AR" BatchNbr="000020" CreditTotal="379.3300" DebitTotal="379.3300" ControlTotal="379.3300" CuryCreditTotal="379.3300" CuryDebitTotal="379.3300" CuryControlTotal="379.3300" CuryInfoID="663968" LedgerID="1" BatchType="H" RefNbr="" Status="P" AutoReverse="0" AutoReverseCopy="0" DateEntered="2019-12-05 00:00:00" Released="1" Posted="1" RequirePost="0" PostErrorCount="0" Draft="0" LineCntr="2" CuryID="USD" CreatedByID="b5344897-037e-4d58-b5c3-1bdfd0f47bf9" CreatedByScreenID="AR302000" CreatedDateTime="2019-12-05 12:10:18.937" LastModifiedByID="b5344897-037e-4d58-b5c3-1bdfd0f47bf9" LastModifiedByScreenID="AR302000" LastModifiedDateTime="2019-12-05 12:10:19.027" Hold="0" Description="Payment for Shopify Order #LOGIC-1090" Scheduled="0" Voided="0" DeletedDatabaseRecord="0" FinPeriodID="201912" TranPeriodID="201912" CreateTaxTrans="0" SkipTaxValidation="0" NoteID="42560c7b-8a17-ea11-a6ed-9cb6d0c82c0c" />
		<row BranchID="1" Module="AR" BatchNbr="000021" CreditTotal="379.3300" DebitTotal="379.3300" ControlTotal="379.3300" CuryCreditTotal="379.3300" CuryDebitTotal="379.3300" CuryControlTotal="379.3300" CuryInfoID="663972" LedgerID="1" BatchType="H" RefNbr="" Status="P" AutoReverse="0" AutoReverseCopy="0" DateEntered="2019-12-05 00:00:00" Released="1" Posted="1" RequirePost="0" PostErrorCount="0" Draft="0" LineCntr="2" CuryID="USD" CreatedByID="b5344897-037e-4d58-b5c3-1bdfd0f47bf9" CreatedByScreenID="AR302000" CreatedDateTime="2019-12-05 12:10:21.523" LastModifiedByID="b5344897-037e-4d58-b5c3-1bdfd0f47bf9" LastModifiedByScreenID="AR302000" LastModifiedDateTime="2019-12-05 12:10:21.61" Hold="0" Description="Payment for Shopify Order #LOGIC-1091" Scheduled="0" Voided="0" DeletedDatabaseRecord="0" FinPeriodID="201912" TranPeriodID="201912" CreateTaxTrans="0" SkipTaxValidation="0" NoteID="84560c7b-8a17-ea11-a6ed-9cb6d0c82c0c" />
		<row BranchID="1" Module="AR" BatchNbr="000022" CreditTotal="371.5800" DebitTotal="371.5800" ControlTotal="371.5800" CuryCreditTotal="371.5800" CuryDebitTotal="371.5800" CuryControlTotal="371.5800" CuryInfoID="663975" LedgerID="1" BatchType="H" RefNbr="" Status="P" AutoReverse="0" AutoReverseCopy="0" DateEntered="2019-12-05 00:00:00" Released="1" Posted="1" RequirePost="0" PostErrorCount="0" Draft="0" LineCntr="2" CuryID="USD" CreatedByID="b5344897-037e-4d58-b5c3-1bdfd0f47bf9" CreatedByScreenID="AR302000" CreatedDateTime="2019-12-05 12:11:38.41" LastModifiedByID="b5344897-037e-4d58-b5c3-1bdfd0f47bf9" LastModifiedByScreenID="AR302000" LastModifiedDateTime="2019-12-05 12:11:38.497" Hold="0" Description="Payment for Shopify Order #LOGIC-1088" Scheduled="0" Voided="0" DeletedDatabaseRecord="0" FinPeriodID="201912" TranPeriodID="201912" CreateTaxTrans="0" SkipTaxValidation="0" NoteID="ff0507ab-8a17-ea11-a6ed-9cb6d0c82c0c" />
		<row BranchID="1" Module="AR" BatchNbr="000023" CreditTotal="422.2400" DebitTotal="422.2400" ControlTotal="422.2400" CuryCreditTotal="422.2400" CuryDebitTotal="422.2400" CuryControlTotal="422.2400" CuryInfoID="663979" LedgerID="1" BatchType="H" RefNbr="" Status="P" AutoReverse="0" AutoReverseCopy="0" DateEntered="2020-01-14 00:00:00" Released="1" Posted="1" RequirePost="0" PostErrorCount="0" Draft="0" LineCntr="2" CuryID="USD" CreatedByID="b5344897-037e-4d58-b5c3-1bdfd0f47bf9" CreatedByScreenID="AR302000" CreatedDateTime="2020-01-14 15:05:08.703" LastModifiedByID="b5344897-037e-4d58-b5c3-1bdfd0f47bf9" LastModifiedByScreenID="AR302000" LastModifiedDateTime="2020-01-14 15:05:09.36" Hold="0" Description="Payment for Shopify Order #LOGIC-1204" Scheduled="0" Voided="0" DeletedDatabaseRecord="0" FinPeriodID="202001" TranPeriodID="202001" CreateTaxTrans="0" SkipTaxValidation="0" NoteID="3f17db8a-1137-ea11-a6f2-9cb6d0c82c0c" />
		<row BranchID="1" Module="AR" BatchNbr="000024" CreditTotal="422.2400" DebitTotal="422.2400" ControlTotal="422.2400" CuryCreditTotal="422.2400" CuryDebitTotal="422.2400" CuryControlTotal="422.2400" CuryInfoID="663982" LedgerID="1" BatchType="H" RefNbr="" Status="P" AutoReverse="0" AutoReverseCopy="0" DateEntered="2020-01-14 00:00:00" Released="1" Posted="1" RequirePost="0" PostErrorCount="0" Draft="0" LineCntr="4" CuryID="USD" CreatedByID="b5344897-037e-4d58-b5c3-1bdfd0f47bf9" CreatedByScreenID="SO303000" CreatedDateTime="2020-01-14 15:08:55.697" LastModifiedByID="b5344897-037e-4d58-b5c3-1bdfd0f47bf9" LastModifiedByScreenID="SO303000" LastModifiedDateTime="2020-01-14 15:08:57.74" Hold="0" Description="" Scheduled="0" Voided="0" DeletedDatabaseRecord="0" FinPeriodID="202001" TranPeriodID="202001" CreateTaxTrans="0" SkipTaxValidation="0" NoteID="592c2712-1237-ea11-a6f2-9cb6d0c82c0c" />
		<row BranchID="1" Module="AR" BatchNbr="000025" CreditTotal="150.0000" DebitTotal="150.0000" ControlTotal="150.0000" CuryCreditTotal="150.0000" CuryDebitTotal="150.0000" CuryControlTotal="150.0000" CuryInfoID="663986" LedgerID="1" BatchType="H" RefNbr="" Status="P" AutoReverse="0" AutoReverseCopy="0" DateEntered="2020-01-15 00:00:00" Released="1" Posted="1" RequirePost="0" PostErrorCount="0" Draft="0" LineCntr="2" CuryID="USD" CreatedByID="b5344897-037e-4d58-b5c3-1bdfd0f47bf9" CreatedByScreenID="AR302000" CreatedDateTime="2020-01-16 09:17:58.99" LastModifiedByID="b5344897-037e-4d58-b5c3-1bdfd0f47bf9" LastModifiedByScreenID="AR302000" LastModifiedDateTime="2020-01-16 09:17:59.523" Hold="0" Description="Payment for Shopify Order #LOGIC-1230" Scheduled="0" Voided="0" DeletedDatabaseRecord="0" FinPeriodID="202001" TranPeriodID="202001" CreateTaxTrans="0" SkipTaxValidation="0" NoteID="38772b5e-7338-ea11-a6f3-9cb6d0c82c0c" />
		<row BranchID="1" Module="AR" BatchNbr="000026" CreditTotal="389.2400" DebitTotal="389.2400" ControlTotal="389.2400" CuryCreditTotal="389.2400" CuryDebitTotal="389.2400" CuryControlTotal="389.2400" CuryInfoID="663990" LedgerID="1" BatchType="H" RefNbr="" Status="P" AutoReverse="0" AutoReverseCopy="0" DateEntered="2020-01-16 00:00:00" Released="1" Posted="1" RequirePost="0" PostErrorCount="0" Draft="0" LineCntr="2" CuryID="USD" CreatedByID="b5344897-037e-4d58-b5c3-1bdfd0f47bf9" CreatedByScreenID="AR302000" CreatedDateTime="2020-01-16 17:00:31.667" LastModifiedByID="b5344897-037e-4d58-b5c3-1bdfd0f47bf9" LastModifiedByScreenID="AR302000" LastModifiedDateTime="2020-01-16 17:00:31.96" Hold="0" Description="Payment for Shopify Order #LOGIC-1231" Scheduled="0" Voided="0" DeletedDatabaseRecord="0" FinPeriodID="202001" TranPeriodID="202001" CreateTaxTrans="0" SkipTaxValidation="0" NoteID="b4fec4f9-b338-ea11-a6f3-9cb6d0c82c0c" />
		<row BranchID="1" Module="AR" BatchNbr="000027" CreditTotal="159.7500" DebitTotal="159.7500" ControlTotal="159.7500" CuryCreditTotal="159.7500" CuryDebitTotal="159.7500" CuryControlTotal="159.7500" CuryInfoID="663994" LedgerID="1" BatchType="H" RefNbr="" Status="P" AutoReverse="0" AutoReverseCopy="0" DateEntered="2020-01-16 00:00:00" Released="1" Posted="1" RequirePost="0" PostErrorCount="0" Draft="0" LineCntr="2" CuryID="USD" CreatedByID="b5344897-037e-4d58-b5c3-1bdfd0f47bf9" CreatedByScreenID="AR302000" CreatedDateTime="2020-01-16 17:23:42.7" LastModifiedByID="b5344897-037e-4d58-b5c3-1bdfd0f47bf9" LastModifiedByScreenID="AR302000" LastModifiedDateTime="2020-01-16 17:23:43.17" Hold="0" Description="Refund for Order #LOGIC-1231 (TransId #2453951676460)" Scheduled="0" Voided="0" DeletedDatabaseRecord="0" FinPeriodID="202001" TranPeriodID="202001" CreateTaxTrans="0" SkipTaxValidation="0" NoteID="e0cef338-b738-ea11-a6f3-9cb6d0c82c0c" />
		<row BranchID="1" Module="AR" BatchNbr="000028" CreditTotal="50.0000" DebitTotal="50.0000" ControlTotal="50.0000" CuryCreditTotal="50.0000" CuryDebitTotal="50.0000" CuryControlTotal="50.0000" CuryInfoID="664000" LedgerID="1" BatchType="H" RefNbr="" Status="P" AutoReverse="0" AutoReverseCopy="0" DateEntered="2020-01-16 00:00:00" Released="1" Posted="1" RequirePost="0" PostErrorCount="0" Draft="0" LineCntr="2" CuryID="USD" CreatedByID="b5344897-037e-4d58-b5c3-1bdfd0f47bf9" CreatedByScreenID="AR301000" CreatedDateTime="2020-01-16 17:43:56.157" LastModifiedByID="b5344897-037e-4d58-b5c3-1bdfd0f47bf9" LastModifiedByScreenID="AR301000" LastModifiedDateTime="2020-01-16 17:43:56.65" Hold="0" Scheduled="0" Voided="0" DeletedDatabaseRecord="0" FinPeriodID="202001" TranPeriodID="202001" CreateTaxTrans="0" SkipTaxValidation="0" NoteID="03446d0e-ba38-ea11-a6f3-9cb6d0c82c0c" />
		<row BranchID="1" Module="AR" BatchNbr="000029" CreditTotal="50.0000" DebitTotal="50.0000" ControlTotal="50.0000" CuryCreditTotal="50.0000" CuryDebitTotal="50.0000" CuryControlTotal="50.0000" CuryInfoID="664002" LedgerID="1" BatchType="H" RefNbr="" Status="P" AutoReverse="0" AutoReverseCopy="0" DateEntered="2020-01-16 00:00:00" Released="1" Posted="1" RequirePost="0" PostErrorCount="0" Draft="0" LineCntr="2" CuryID="USD" CreatedByID="b5344897-037e-4d58-b5c3-1bdfd0f47bf9" CreatedByScreenID="AR301000" CreatedDateTime="2020-01-16 17:47:55.383" LastModifiedByID="b5344897-037e-4d58-b5c3-1bdfd0f47bf9" LastModifiedByScreenID="AR301000" LastModifiedDateTime="2020-01-16 17:47:56.13" Hold="0" Scheduled="0" Voided="0" DeletedDatabaseRecord="0" FinPeriodID="202001" TranPeriodID="202001" CreateTaxTrans="0" SkipTaxValidation="0" NoteID="ba7e3a9d-ba38-ea11-a6f3-9cb6d0c82c0c" />
		<row BranchID="1" Module="AR" BatchNbr="000030" CreditTotal="30.0000" DebitTotal="30.0000" ControlTotal="30.0000" CuryCreditTotal="30.0000" CuryDebitTotal="30.0000" CuryControlTotal="30.0000" CuryInfoID="664006" LedgerID="1" BatchType="H" RefNbr="" Status="P" AutoReverse="0" AutoReverseCopy="0" DateEntered="2020-01-17 00:00:00" Released="1" Posted="1" RequirePost="0" PostErrorCount="0" Draft="0" LineCntr="2" CuryID="USD" CreatedByID="b5344897-037e-4d58-b5c3-1bdfd0f47bf9" CreatedByScreenID="AR301000" CreatedDateTime="2020-01-16 23:28:58.417" LastModifiedByID="b5344897-037e-4d58-b5c3-1bdfd0f47bf9" LastModifiedByScreenID="AR301000" LastModifiedDateTime="2020-01-16 23:28:58.817" Hold="0" Description="Adjustment for Shopify Refund 634003554348" Scheduled="0" Voided="0" DeletedDatabaseRecord="0" FinPeriodID="202001" TranPeriodID="202001" CreateTaxTrans="0" SkipTaxValidation="0" NoteID="3d08ad41-ea38-ea11-a6f3-9cb6d0c82c0c" />
		<row BranchID="1" Module="CA" BatchNbr="000013" CreditTotal="1000.0000" DebitTotal="1000.0000" ControlTotal="1000.0000" CuryCreditTotal="1000.0000" CuryDebitTotal="1000.0000" CuryControlTotal="1000.0000" CuryInfoID="48" LedgerID="1" BatchType="H" RefNbr="" Status="P" AutoReverse="0" AutoReverseCopy="0" DateEntered="2014-01-01 00:00:00" Released="1" Posted="1" Draft="0" LineCntr="4" CuryID="USD" CreatedByID="b5344897-037e-4d58-b5c3-1bdfd0f47bf9" CreatedByScreenID="CA301000" CreatedDateTime="2014-10-21 14:50:22.813" LastModifiedByID="b5344897-037e-4d58-b5c3-1bdfd0f47bf9" LastModifiedByScreenID="CA301000" LastModifiedDateTime="2014-10-21 14:50:23.017" Hold="0" Description="Savings Account Replenishment for $1000" Scheduled="0" Voided="0" DeletedDatabaseRecord="0" FinPeriodID="201401" TranPeriodID="201401" CreateTaxTrans="0" SkipTaxValidation="0" NoteID="cb3ef30d-1059-e411-8712-74d435e7799b" />
		<row BranchID="1" Module="CA" BatchNbr="000014" CreditTotal="25.0000" DebitTotal="25.0000" ControlTotal="25.0000" CuryCreditTotal="25.0000" CuryDebitTotal="25.0000" CuryControlTotal="25.0000" CuryInfoID="52" LedgerID="1" BatchType="H" RefNbr="" Status="P" AutoReverse="0" AutoReverseCopy="0" DateEntered="2014-01-31 00:00:00" Released="1" Posted="1" Draft="0" LineCntr="2" CuryID="USD" CreatedByID="b5344897-037e-4d58-b5c3-1bdfd0f47bf9" CreatedByScreenID="CA304000" CreatedDateTime="2014-10-21 16:37:53.997" LastModifiedByID="b5344897-037e-4d58-b5c3-1bdfd0f47bf9" LastModifiedByScreenID="CA304000" LastModifiedDateTime="2014-10-21 16:37:54.12" Hold="0" Description="$25 Interest Earned on the Savings Account USD in January" Scheduled="0" Voided="0" DeletedDatabaseRecord="0" FinPeriodID="201401" TranPeriodID="201401" CreateTaxTrans="0" SkipTaxValidation="0" NoteID="97143213-1f59-e411-8712-74d435e7799b" />
		<row BranchID="1" Module="CA" BatchNbr="000015" CreditTotal="15.0000" DebitTotal="15.0000" ControlTotal="15.0000" CuryCreditTotal="15.0000" CuryDebitTotal="15.0000" CuryControlTotal="15.0000" CuryInfoID="54" LedgerID="1" BatchType="H" RefNbr="" Status="P" AutoReverse="0" AutoReverseCopy="0" DateEntered="2014-01-31 00:00:00" Released="1" Posted="1" Draft="0" LineCntr="2" CuryID="USD" CreatedByID="b5344897-037e-4d58-b5c3-1bdfd0f47bf9" CreatedByScreenID="CA304000" CreatedDateTime="2014-10-21 16:43:41.913" LastModifiedByID="b5344897-037e-4d58-b5c3-1bdfd0f47bf9" LastModifiedByScreenID="CA304000" LastModifiedDateTime="2014-10-21 16:43:41.98" Hold="0" Description="$15 Bank Service Fee Paid for Checking Account USD in January" Scheduled="0" Voided="0" DeletedDatabaseRecord="0" FinPeriodID="201401" TranPeriodID="201401" CreateTaxTrans="0" SkipTaxValidation="0" NoteID="dc1c3ce0-1f59-e411-8712-74d435e7799b" />
		<row BranchID="1" Module="CA" BatchNbr="000016" CreditTotal="5000.0000" DebitTotal="5000.0000" ControlTotal="5000.0000" CuryCreditTotal="5000.0000" CuryDebitTotal="5000.0000" CuryControlTotal="5000.0000" CuryInfoID="103" LedgerID="1" BatchType="H" RefNbr="" Status="P" AutoReverse="0" AutoReverseCopy="0" DateEntered="2014-02-01 00:00:00" Released="1" Posted="1" Draft="0" LineCntr="4" CuryID="USD" CreatedByID="b5344897-037e-4d58-b5c3-1bdfd0f47bf9" CreatedByScreenID="CA301000" CreatedDateTime="2014-10-28 10:22:40.69" LastModifiedByID="b5344897-037e-4d58-b5c3-1bdfd0f47bf9" LastModifiedByScreenID="CA301000" LastModifiedDateTime="2014-10-28 10:22:41.117" Hold="0" Description="Cash on Hand USD Replenishment for $5000" Scheduled="0" Voided="0" DeletedDatabaseRecord="0" FinPeriodID="201402" TranPeriodID="201402" CreateTaxTrans="0" SkipTaxValidation="0" NoteID="8c890730-735e-e411-8fe6-74d435e7799b" />
		<row BranchID="1" Module="GL" BatchNbr="000001" CreditTotal="10000.0000" DebitTotal="10000.0000" ControlTotal="10000.0000" CuryCreditTotal="10000.0000" CuryDebitTotal="10000.0000" CuryControlTotal="10000.0000" CuryInfoID="33" LedgerID="1" BatchType="H" RefNbr="" Status="P" AutoReverse="0" AutoReverseCopy="0" DateEntered="2013-12-05 00:00:00" Released="1" Posted="1" Draft="0" LineCntr="2" CuryID="USD" CreatedByID="b5344897-037e-4d58-b5c3-1bdfd0f47bf9" CreatedByScreenID="GL301000" CreatedDateTime="2014-10-21 09:31:33.53" LastModifiedByID="b5344897-037e-4d58-b5c3-1bdfd0f47bf9" LastModifiedByScreenID="GL502000" LastModifiedDateTime="2014-10-21 09:35:58.29" Hold="0" Description="The owner invests $10,000" Scheduled="0" Voided="0" DeletedDatabaseRecord="0" FinPeriodID="201312" TranPeriodID="201312" CreateTaxTrans="0" SkipTaxValidation="0" NoteID="861a7469-e358-e411-8712-74d435e7799b" />
		<row BranchID="1" Module="GL" BatchNbr="000002" CreditTotal="5000.0000" DebitTotal="5000.0000" ControlTotal="5000.0000" CuryCreditTotal="5000.0000" CuryDebitTotal="5000.0000" CuryControlTotal="5000.0000" CuryInfoID="34" LedgerID="1" BatchType="H" RefNbr="" Status="P" AutoReverse="0" AutoReverseCopy="0" DateEntered="2013-12-05 00:00:00" Released="1" Posted="1" Draft="0" LineCntr="2" CuryID="USD" CreatedByID="b5344897-037e-4d58-b5c3-1bdfd0f47bf9" CreatedByScreenID="GL301000" CreatedDateTime="2014-10-21 09:32:31.93" LastModifiedByID="b5344897-037e-4d58-b5c3-1bdfd0f47bf9" LastModifiedByScreenID="GL501000" LastModifiedDateTime="2014-10-21 09:38:26.743" Hold="0" Description="Company gets the bank loan $5,000" Scheduled="0" Voided="0" DeletedDatabaseRecord="0" FinPeriodID="201312" TranPeriodID="201312" CreateTaxTrans="0" SkipTaxValidation="0" NoteID="8cec4e8a-e358-e411-8712-74d435e7799b" />
		<row BranchID="1" Module="GL" BatchNbr="000003" CreditTotal="250.0000" DebitTotal="250.0000" ControlTotal="250.0000" CuryCreditTotal="250.0000" CuryDebitTotal="250.0000" CuryControlTotal="250.0000" CuryInfoID="35" LedgerID="1" BatchType="H" RefNbr="" Status="P" AutoReverse="0" AutoReverseCopy="0" DateEntered="2013-12-05 00:00:00" Released="1" Posted="1" Draft="0" LineCntr="2" CuryID="USD" CreatedByID="b5344897-037e-4d58-b5c3-1bdfd0f47bf9" CreatedByScreenID="GL301000" CreatedDateTime="2014-10-21 09:33:10.77" LastModifiedByID="b5344897-037e-4d58-b5c3-1bdfd0f47bf9" LastModifiedByScreenID="GL501000" LastModifiedDateTime="2014-10-21 09:38:26.81" Hold="0" Description="Company buys office supplies with cash $250" Scheduled="0" Voided="0" DeletedDatabaseRecord="0" FinPeriodID="201312" TranPeriodID="201312" CreateTaxTrans="0" SkipTaxValidation="0" NoteID="f8b319a8-e358-e411-8712-74d435e7799b" />
		<row BranchID="1" Module="GL" BatchNbr="000004" CreditTotal="4500.0000" DebitTotal="4500.0000" ControlTotal="4500.0000" CuryCreditTotal="4500.0000" CuryDebitTotal="4500.0000" CuryControlTotal="4500.0000" CuryInfoID="36" LedgerID="1" BatchType="H" RefNbr="" Status="P" AutoReverse="0" AutoReverseCopy="0" DateEntered="2013-12-05 00:00:00" Released="1" Posted="1" Draft="0" LineCntr="2" CuryID="USD" CreatedByID="b5344897-037e-4d58-b5c3-1bdfd0f47bf9" CreatedByScreenID="GL301000" CreatedDateTime="2014-10-21 09:33:48.66" LastModifiedByID="b5344897-037e-4d58-b5c3-1bdfd0f47bf9" LastModifiedByScreenID="GL501000" LastModifiedDateTime="2014-10-21 09:38:26.91" Hold="0" Description="Company pays salaries with cash $4,500" Scheduled="0" Voided="0" DeletedDatabaseRecord="0" FinPeriodID="201312" TranPeriodID="201312" CreateTaxTrans="0" SkipTaxValidation="0" NoteID="221801c2-e358-e411-8712-74d435e7799b" />
		<row BranchID="1" Module="GL" BatchNbr="000005" CreditTotal="6000.0000" DebitTotal="6000.0000" ControlTotal="6000.0000" CuryCreditTotal="6000.0000" CuryDebitTotal="6000.0000" CuryControlTotal="6000.0000" CuryInfoID="37" LedgerID="1" BatchType="H" RefNbr="" Status="P" AutoReverse="0" AutoReverseCopy="0" DateEntered="2013-12-05 00:00:00" Released="1" Posted="1" Draft="0" LineCntr="2" CuryID="USD" CreatedByID="b5344897-037e-4d58-b5c3-1bdfd0f47bf9" CreatedByScreenID="GL301000" CreatedDateTime="2014-10-21 09:34:26.627" LastModifiedByID="b5344897-037e-4d58-b5c3-1bdfd0f47bf9" LastModifiedByScreenID="GL501000" LastModifiedDateTime="2014-10-21 09:38:26.963" Hold="0" Description="Company collects cash for services $6,000" Scheduled="0" Voided="0" DeletedDatabaseRecord="0" FinPeriodID="201312" TranPeriodID="201312" CreateTaxTrans="0" SkipTaxValidation="0" NoteID="7e82d7d5-e358-e411-8712-74d435e7799b" />
		<row BranchID="1" Module="GL" BatchNbr="000006" CreditTotal="6000.0000" DebitTotal="6000.0000" ControlTotal="6000.0000" CuryCreditTotal="6000.0000" CuryDebitTotal="6000.0000" CuryControlTotal="6000.0000" CuryInfoID="38" LedgerID="1" BatchType="H" RefNbr="" Status="P" AutoReverse="0" AutoReverseCopy="1" OrigModule="GL" OrigBatchNbr="000005" DateEntered="2013-12-05 00:00:00" Released="1" Posted="1" Draft="0" LineCntr="4" CuryID="USD" CreatedByID="b5344897-037e-4d58-b5c3-1bdfd0f47bf9" CreatedByScreenID="GL301000" CreatedDateTime="2014-10-21 09:39:22.737" LastModifiedByID="b5344897-037e-4d58-b5c3-1bdfd0f47bf9" LastModifiedByScreenID="GL301000" LastModifiedDateTime="2014-10-21 09:39:23.07" Hold="0" Description="Company collects cash for services $6,000" Scheduled="0" Voided="0" DeletedDatabaseRecord="0" FinPeriodID="201312" TranPeriodID="201312" CreateTaxTrans="0" SkipTaxValidation="0" NoteID="7e82d7d5-e358-e411-8712-74d435e7799b" />
		<row BranchID="1" Module="GL" BatchNbr="000007" CreditTotal="6000.0000" DebitTotal="6000.0000" ControlTotal="6000.0000" CuryCreditTotal="6000.0000" CuryDebitTotal="6000.0000" CuryControlTotal="6000.0000" CuryInfoID="39" LedgerID="1" BatchType="H" RefNbr="" Status="P" AutoReverse="0" AutoReverseCopy="0" DateEntered="2013-12-05 00:00:00" Released="1" Posted="1" Draft="0" LineCntr="2" CuryID="USD" CreatedByID="b5344897-037e-4d58-b5c3-1bdfd0f47bf9" CreatedByScreenID="GL301000" CreatedDateTime="2014-10-21 09:39:48.237" LastModifiedByID="b5344897-037e-4d58-b5c3-1bdfd0f47bf9" LastModifiedByScreenID="GL301000" LastModifiedDateTime="2014-10-21 09:39:48.317" Hold="0" Description="Company collects cash for services $6,000" Scheduled="0" Voided="0" DeletedDatabaseRecord="0" FinPeriodID="201312" TranPeriodID="201312" CreateTaxTrans="0" SkipTaxValidation="0" NoteID="933908a7-e458-e411-8712-74d435e7799b" />
		<row BranchID="1" Module="GL" BatchNbr="000008" CreditTotal="1000.0000" DebitTotal="1000.0000" ControlTotal="1000.0000" CuryCreditTotal="1000.0000" CuryDebitTotal="1000.0000" CuryControlTotal="1000.0000" CuryInfoID="40" LedgerID="1" BatchType="H" RefNbr="" Status="P" AutoReverse="1" AutoReverseCopy="0" DateEntered="2013-12-31 00:00:00" Released="1" Posted="1" Draft="0" LineCntr="2" CuryID="USD" CreatedByID="b5344897-037e-4d58-b5c3-1bdfd0f47bf9" CreatedByScreenID="GL301000" CreatedDateTime="2014-10-21 09:53:15.383" LastModifiedByID="b5344897-037e-4d58-b5c3-1bdfd0f47bf9" LastModifiedByScreenID="GL301000" LastModifiedDateTime="2014-10-21 09:53:15.73" Hold="0" Description="The company accrues rent expenses of $1000" Scheduled="0" Voided="0" DeletedDatabaseRecord="0" FinPeriodID="201312" TranPeriodID="201312" CreateTaxTrans="0" SkipTaxValidation="0" NoteID="ce354b5d-e658-e411-8712-74d435e7799b" />
		<row BranchID="1" Module="GL" BatchNbr="000009" CreditTotal="1000.0000" DebitTotal="1000.0000" ControlTotal="1000.0000" CuryCreditTotal="1000.0000" CuryDebitTotal="1000.0000" CuryControlTotal="1000.0000" CuryInfoID="41" LedgerID="1" BatchType="H" RefNbr="" Status="P" AutoReverse="0" AutoReverseCopy="1" OrigModule="GL" OrigBatchNbr="000008" DateEntered="2014-01-01 00:00:00" Released="1" Posted="1" Draft="0" LineCntr="4" CuryID="USD" CreatedByID="b5344897-037e-4d58-b5c3-1bdfd0f47bf9" CreatedByScreenID="GL301000" CreatedDateTime="2014-10-21 09:53:15.497" LastModifiedByID="b5344897-037e-4d58-b5c3-1bdfd0f47bf9" LastModifiedByScreenID="GL301000" LastModifiedDateTime="2014-10-21 09:53:15.633" Hold="0" Description="The company accrues rent expenses of $1000" Scheduled="0" Voided="0" DeletedDatabaseRecord="0" FinPeriodID="201401" TranPeriodID="201401" CreateTaxTrans="0" SkipTaxValidation="0" NoteID="ce354b5d-e658-e411-8712-74d435e7799b" />
		<row BranchID="1" Module="GL" BatchNbr="000010" CreditTotal="15.0000" DebitTotal="15.0000" ControlTotal="15.0000" CuryCreditTotal="15.0000" CuryDebitTotal="15.0000" CuryControlTotal="15.0000" CuryInfoID="42" LedgerID="1" BatchType="H" RefNbr="" Status="S" AutoReverse="0" AutoReverseCopy="0" DateEntered="2013-12-25 00:00:00" Released="0" Posted="0" Draft="0" LineCntr="2" CuryID="USD" ScheduleID="000001" CreatedByID="b5344897-037e-4d58-b5c3-1bdfd0f47bf9" CreatedByScreenID="GL301000" CreatedDateTime="2014-10-21 10:07:16.727" LastModifiedByID="b5344897-037e-4d58-b5c3-1bdfd0f47bf9" LastModifiedByScreenID="GL301000" LastModifiedDateTime="2014-10-21 10:08:33.857" Hold="0" Description="Interest payment for the bank loan" Scheduled="1" Voided="0" DeletedDatabaseRecord="0" FinPeriodID="201312" TranPeriodID="201312" CreateTaxTrans="0" SkipTaxValidation="0" NoteID="8d697e6a-e858-e411-8712-74d435e7799b" />
		<row BranchID="1" Module="GL" BatchNbr="000011" CreditTotal="15.0000" DebitTotal="15.0000" ControlTotal="15.0000" CuryCreditTotal="15.0000" CuryDebitTotal="15.0000" CuryControlTotal="15.0000" CuryInfoID="43" LedgerID="1" BatchType="H" NumberCode="GLREC" RefNbr="" Status="P" AutoReverse="0" AutoReverseCopy="0" OrigModule="GL" OrigBatchNbr="000010" DateEntered="2013-12-25 00:00:00" Released="1" Posted="1" Draft="0" LineCntr="4" CuryID="USD" ScheduleID="000001" CreatedByID="b5344897-037e-4d58-b5c3-1bdfd0f47bf9" CreatedByScreenID="GL504000" CreatedDateTime="2014-10-21 10:15:02.897" LastModifiedByID="b5344897-037e-4d58-b5c3-1bdfd0f47bf9" LastModifiedByScreenID="GL501000" LastModifiedDateTime="2014-10-21 10:15:54.4" Hold="0" Description="Interest payment for the bank loan" Scheduled="0" Voided="0" DeletedDatabaseRecord="0" FinPeriodID="201312" TranPeriodID="201312" CreateTaxTrans="0" SkipTaxValidation="0" NoteID="62925b97-e958-e411-8712-74d435e7799b" />
		<row BranchID="1" Module="GL" BatchNbr="000012" CreditTotal="200.0000" DebitTotal="200.0000" ControlTotal="200.0000" CuryCreditTotal="200.0000" CuryDebitTotal="200.0000" CuryControlTotal="200.0000" CuryInfoID="44" LedgerID="1" BatchType="H" RefNbr="" Status="P" AutoReverse="0" AutoReverseCopy="0" DateEntered="2013-12-29 00:00:00" Released="1" Posted="1" Draft="0" LineCntr="2" CuryID="USD" CreatedByID="b5344897-037e-4d58-b5c3-1bdfd0f47bf9" CreatedByScreenID="GL301000" CreatedDateTime="2014-10-21 10:26:05.323" LastModifiedByID="b5344897-037e-4d58-b5c3-1bdfd0f47bf9" LastModifiedByScreenID="GL301000" LastModifiedDateTime="2014-10-21 10:26:05.47" Hold="0" Description="Payment for the utility bill" Scheduled="0" Voided="0" DeletedDatabaseRecord="0" FinPeriodID="201312" TranPeriodID="201312" CreateTaxTrans="0" SkipTaxValidation="0" NoteID="3f0f2c04-eb58-e411-8712-74d435e7799b" />
		<row BranchID="1" Module="IN" BatchNbr="000017" CreditTotal="16000.0000" DebitTotal="16000.0000" ControlTotal="16000.0000" CuryCreditTotal="16000.0000" CuryDebitTotal="16000.0000" CuryControlTotal="16000.0000" CuryInfoID="663959" LedgerID="1" BatchType="H" RefNbr="" Status="P" AutoReverse="0" AutoReverseCopy="0" DateEntered="2019-12-04 00:00:00" Released="1" Posted="1" RequirePost="0" PostErrorCount="0" Draft="0" LineCntr="2" CuryID="USD" CreatedByID="b5344897-037e-4d58-b5c3-1bdfd0f47bf9" CreatedByScreenID="IN301000" CreatedDateTime="2019-12-04 17:59:02.527" LastModifiedByID="b5344897-037e-4d58-b5c3-1bdfd0f47bf9" LastModifiedByScreenID="IN301000" LastModifiedDateTime="2019-12-04 17:59:03.19" Hold="0" Scheduled="0" Voided="0" DeletedDatabaseRecord="0" FinPeriodID="201912" TranPeriodID="201912" CreateTaxTrans="0" SkipTaxValidation="0" NoteID="a3cbbd0a-f216-ea11-a6ed-9cb6d0c82c0c" />
	</rows>
</data>