﻿<?xml version="1.0" encoding="utf-8"?>
<data>
	<table name="Branch">
		<col name="CompanyID" type="Int" default="Zero" />
		<col name="BranchID" type="Int" identity="true" />
		<col name="BranchCD" type="NVarChar(30)" />
		<col name="BAccountID" type="Int" />
		<col name="Active" type="Bit" />
		<col name="LedgerID" type="Int" nullable="true" />
		<col name="ParentBranchID" type="Int" nullable="true" />
		<col name="OrganizationID" type="Int" />
		<col name="RoleName" type="NVarChar(64)" nullable="true" />
		<col name="CountryID" type="NVarChar(2)" nullable="true" />
		<col name="PhoneMask" type="VarChar(50)" nullable="true" />
		<col name="LogoName" type="NVarChar(255)" nullable="true" />
		<col name="LogoNameReport" type="NVarChar(255)" nullable="true" />
		<col name="OrganizationLogoNameReport" type="NVarChar(255)" nullable="true" />
		<col name="MainLogoName" type="NVarChar(255)" nullable="true" />
		<col name="OverrideThemeVariables" type="Bit" default="Zero" />
		<col name="tstamp" type="Timestamp" />
		<col name="AcctMapNbr" type="Int" />
		<col name="GroupMask" type="VarBinary(32)" default="BinaryMaskZero" />
		<col name="DeletedDatabaseRecord" type="Bit" default="Zero" />
		<col name="AllowsRUTROT" type="Bit" default="Zero" />
		<col name="RUTROTDeductionPct" type="Decimal(19,4)" nullable="true" />
		<col name="RUTROTPersonalAllowanceLimit" type="Decimal(19,4)" nullable="true" />
		<col name="RUTDeductionPct" type="Decimal(19,4)" default="Zero" />
		<col name="RUTPersonalAllowanceLimit" type="Decimal(19,4)" default="Zero" />
		<col name="RUTExtraAllowanceLimit" type="Decimal(19,4)" default="Zero" />
		<col name="ROTDeductionPct" type="Decimal(19,4)" default="Zero" />
		<col name="ROTPersonalAllowanceLimit" type="Decimal(19,4)" default="Zero" />
		<col name="ROTExtraAllowanceLimit" type="Decimal(19,4)" default="Zero" />
		<col name="RUTROTCuryID" type="NVarChar(5)" nullable="true" />
		<col name="RUTROTClaimNextRefNbr" type="Int" default="Zero" />
		<col name="RUTROTOrgNbrValidRegEx" type="NVarChar(255)" nullable="true" />
		<col name="TCC" type="NVarChar(5)" nullable="true" />
		<col name="ForeignEntity" type="Bit" nullable="true" />
		<col name="CFSFiler" type="Bit" nullable="true" />
		<col name="ContactName" type="NVarChar(255)" nullable="true" />
		<col name="CTelNumber" type="NVarChar(25)" nullable="true" />
		<col name="CEmail" type="NVarChar(255)" nullable="true" />
		<col name="NameControl" type="NVarChar(4)" nullable="true" />
		<col name="Reporting1099" type="Bit" default="Zero" />
		<col name="DefaultRUTROTType" type="NVarChar(1)" nullable="true" />
		<col name="TaxAgencyAccountID" type="Int" nullable="true" />
		<col name="BalanceOnProcess" type="NVarChar(1)" nullable="true" />
		<col name="DefaultPrinter" type="VarChar(20)" nullable="true" />
	</table>
	<rows>
		<row BranchID="1" BranchCD="MYCOMPANY                     " BAccountID="1" Active="1" LedgerID="1" ParentBranchID="1" OrganizationID="7" OverrideThemeVariables="0" AcctMapNbr="0" GroupMask="0x" DeletedDatabaseRecord="0" AllowsRUTROT="0" RUTROTDeductionPct="0.0000" RUTROTPersonalAllowanceLimit="0.0000" RUTDeductionPct="0.0000" RUTPersonalAllowanceLimit="0.0000" RUTExtraAllowanceLimit="0.0000" ROTDeductionPct="0.0000" ROTPersonalAllowanceLimit="0.0000" ROTExtraAllowanceLimit="0.0000" RUTROTClaimNextRefNbr="0" Reporting1099="0" DefaultRUTROTType="U" />
	</rows>
</data>