﻿<?xml version="1.0" encoding="utf-8"?>
<data>
	<table name="CATran">
		<col name="CompanyID" type="Int" default="Zero" />
		<col name="OrigModule" type="Char(2)" />
		<col name="OrigTranType" type="Char(3)" />
		<col name="OrigRefNbr" type="NVarChar(15)" />
		<col name="ExtRefNbr" type="NVarChar(40)" nullable="true" />
		<col name="CashAccountID" type="Int" />
		<col name="BranchID" type="Int" />
		<col name="TranID" type="BigInt" identity="true" />
		<col name="TranDate" type="SmallDateTime" />
		<col name="DrCr" type="Char(1)" />
		<col name="ReferenceID" type="Int" nullable="true" />
		<col name="TranDesc" type="NVarChar(256)" nullable="true" />
		<col name="CuryID" type="NVarChar(5)" nullable="true" />
		<col name="CuryInfoID" type="BigInt" />
		<col name="Hold" type="Bit" />
		<col name="Released" type="Bit" />
		<col name="Reconciled" type="Bit" />
		<col name="ReconDate" type="SmallDateTime" nullable="true" />
		<col name="ReconNbr" type="NVarChar(15)" nullable="true" />
		<col name="CuryTranAmt" type="Decimal(19,4)" />
		<col name="TranAmt" type="Decimal(19,4)" />
		<col name="BatchNbr" type="NVarChar(15)" nullable="true" />
		<col name="IsPaymentChargeTran" type="Bit" default="Zero" />
		<col name="OrigLineNbr" type="Int" nullable="true" />
		<col name="CreatedByID" type="UniqueIdentifier" />
		<col name="CreatedByScreenID" type="Char(8)" />
		<col name="CreatedDateTime" type="DateTime" />
		<col name="LastModifiedByID" type="UniqueIdentifier" />
		<col name="LastModifiedByScreenID" type="Char(8)" />
		<col name="LastModifiedDateTime" type="DateTime" />
		<col name="tstamp" type="Timestamp" />
		<col name="TranPeriodID" type="Char(6)" />
		<col name="FinPeriodID" type="Char(6)" />
		<col name="Cleared" type="Bit" nullable="true" />
		<col name="ClearDate" type="SmallDateTime" nullable="true" />
		<col name="Posted" type="Bit" nullable="true" />
		<col name="Selected" type="Bit" nullable="true" />
		<col name="RefTranAccountID" type="Int" nullable="true" />
		<col name="RefTranID" type="BigInt" nullable="true" />
		<col name="RefSplitLineNbr" type="Int" nullable="true" />
		<col name="VoidedTranID" type="BigInt" nullable="true" />
		<col name="NoteID" type="UniqueIdentifier" nullable="true" />
	</table>
	<rows>
		<row OrigModule="CA" OrigTranType="CTI" OrigRefNbr="000002" ExtRefNbr="02022014" CashAccountID="7" BranchID="1" TranID="38" TranDate="2014-02-01 00:00:00" DrCr="D" TranDesc="Cash on Hand USD Replenishment for $5000" CuryID="USD" CuryInfoID="101" Hold="0" Released="1" Reconciled="0" CuryTranAmt="5000.0000" TranAmt="5000.0000" BatchNbr="000016" IsPaymentChargeTran="0" CreatedByID="b5344897-037e-4d58-b5c3-1bdfd0f47bf9" CreatedByScreenID="CA301000" CreatedDateTime="2014-10-28 10:22:35.883" LastModifiedByID="b5344897-037e-4d58-b5c3-1bdfd0f47bf9" LastModifiedByScreenID="CA301000" LastModifiedDateTime="2014-10-28 10:22:41.137" TranPeriodID="201402" FinPeriodID="201402" Cleared="1" ClearDate="2014-10-28 00:00:00" Posted="1" NoteID="8b890730-735e-e411-8fe6-74d435e7799b" />
		<row OrigModule="AP" OrigTranType="CHK" OrigRefNbr="000003" ExtRefNbr="02082014S" CashAccountID="7" BranchID="1" TranID="39" TranDate="2014-02-08 00:00:00" DrCr="C" ReferenceID="17" CuryID="USD" CuryInfoID="112" Hold="0" Released="1" Reconciled="0" CuryTranAmt="-38.8000" TranAmt="-38.8000" BatchNbr="000010" IsPaymentChargeTran="0" CreatedByID="b5344897-037e-4d58-b5c3-1bdfd0f47bf9" CreatedByScreenID="AP503000" CreatedDateTime="2014-10-28 11:01:27.417" LastModifiedByID="b5344897-037e-4d58-b5c3-1bdfd0f47bf9" LastModifiedByScreenID="AP505200" LastModifiedDateTime="2014-10-28 11:02:17.283" TranPeriodID="201402" FinPeriodID="201402" Cleared="1" ClearDate="2014-10-28 00:00:00" Posted="1" NoteID="f3e57a9d-785e-e411-8fe6-74d435e7799b" />
		<row OrigModule="AP" OrigTranType="CHK" OrigRefNbr="000004" ExtRefNbr="03012014U" CashAccountID="7" BranchID="1" TranID="40" TranDate="2014-03-01 00:00:00" DrCr="C" ReferenceID="15" CuryID="USD" CuryInfoID="115" Hold="0" Released="1" Reconciled="0" CuryTranAmt="-1000.0000" TranAmt="-1000.0000" BatchNbr="000011" IsPaymentChargeTran="0" CreatedByID="b5344897-037e-4d58-b5c3-1bdfd0f47bf9" CreatedByScreenID="AP503000" CreatedDateTime="2014-10-28 13:53:43.24" LastModifiedByID="b5344897-037e-4d58-b5c3-1bdfd0f47bf9" LastModifiedByScreenID="AP505200" LastModifiedDateTime="2014-10-28 13:54:31.6" TranPeriodID="201403" FinPeriodID="201403" Cleared="1" ClearDate="2014-10-28 00:00:00" Posted="1" NoteID="882a17ae-905e-e411-8fe6-74d435e7799b" />
		<row OrigModule="AP" OrigTranType="CHK" OrigRefNbr="000005" ExtRefNbr="03012014S" CashAccountID="7" BranchID="1" TranID="41" TranDate="2014-03-01 00:00:00" DrCr="C" ReferenceID="17" CuryID="USD" CuryInfoID="117" Hold="0" Released="1" Reconciled="0" CuryTranAmt="-137.6000" TranAmt="-137.6000" BatchNbr="000011" IsPaymentChargeTran="0" CreatedByID="b5344897-037e-4d58-b5c3-1bdfd0f47bf9" CreatedByScreenID="AP503000" CreatedDateTime="2014-10-28 13:53:44.177" LastModifiedByID="b5344897-037e-4d58-b5c3-1bdfd0f47bf9" LastModifiedByScreenID="AP505200" LastModifiedDateTime="2014-10-28 13:54:31.6" TranPeriodID="201403" FinPeriodID="201403" Cleared="1" ClearDate="2014-10-28 00:00:00" Posted="1" NoteID="8b2a17ae-905e-e411-8fe6-74d435e7799b" />
		<row OrigModule="AP" OrigTranType="REF" OrigRefNbr="000007" ExtRefNbr="03022014Refund" CashAccountID="7" BranchID="1" TranID="47" TranDate="2014-03-02 00:00:00" DrCr="D" ReferenceID="14" TranDesc="Damaged office supplies returned" CuryID="USD" CuryInfoID="10144" Hold="0" Released="1" Reconciled="0" CuryTranAmt="10.0000" TranAmt="10.0000" BatchNbr="000017" IsPaymentChargeTran="0" CreatedByID="b5344897-037e-4d58-b5c3-1bdfd0f47bf9" CreatedByScreenID="AP301000" CreatedDateTime="2014-10-30 10:54:23.457" LastModifiedByID="b5344897-037e-4d58-b5c3-1bdfd0f47bf9" LastModifiedByScreenID="AP302000" LastModifiedDateTime="2014-10-30 10:54:24.51" TranPeriodID="201403" FinPeriodID="201403" Cleared="1" ClearDate="2014-10-30 00:00:00" Posted="1" NoteID="795ee3f5-0960-e411-99e1-74d435e7799b" />
		<row OrigModule="AP" OrigTranType="CHK" OrigRefNbr="000008" ExtRefNbr="03052014U" CashAccountID="7" BranchID="1" TranID="49" TranDate="2014-03-05 00:00:00" DrCr="C" ReferenceID="15" TranDesc="Rent and utilities bill" CuryID="USD" CuryInfoID="10151" Hold="0" Released="1" Reconciled="0" CuryTranAmt="-220.0000" TranAmt="-220.0000" BatchNbr="000019" IsPaymentChargeTran="0" CreatedByID="b5344897-037e-4d58-b5c3-1bdfd0f47bf9" CreatedByScreenID="AP302000" CreatedDateTime="2014-10-30 11:20:37.937" LastModifiedByID="b5344897-037e-4d58-b5c3-1bdfd0f47bf9" LastModifiedByScreenID="AP302000" LastModifiedDateTime="2014-10-30 11:20:38.373" TranPeriodID="201403" FinPeriodID="201403" Cleared="1" ClearDate="2014-10-30 00:00:00" Posted="1" NoteID="4fed5da0-0d60-e411-99e1-74d435e7799b" />
		<row OrigModule="AP" OrigTranType="CHK" OrigRefNbr="000009" ExtRefNbr="03062014Prep" CashAccountID="7" BranchID="1" TranID="51" TranDate="2014-03-06 00:00:00" DrCr="C" ReferenceID="16" TranDesc="$200 prepayment" CuryID="USD" CuryInfoID="10160" Hold="0" Released="1" Reconciled="0" CuryTranAmt="-200.0000" TranAmt="-200.0000" BatchNbr="000020" IsPaymentChargeTran="0" CreatedByID="b5344897-037e-4d58-b5c3-1bdfd0f47bf9" CreatedByScreenID="AP301000" CreatedDateTime="2014-10-31 11:00:40.67" LastModifiedByID="b5344897-037e-4d58-b5c3-1bdfd0f47bf9" LastModifiedByScreenID="AP302000" LastModifiedDateTime="2014-10-31 11:00:41.677" TranPeriodID="201403" FinPeriodID="201403" Cleared="1" ClearDate="2014-10-31 00:00:00" Posted="1" NoteID="afee2601-d460-e411-9d94-74d435e7799b" />
		<row OrigModule="AP" OrigTranType="REF" OrigRefNbr="000012" ExtRefNbr="03102014PrepRef" CashAccountID="7" BranchID="1" TranID="54" TranDate="2014-03-10 00:00:00" DrCr="D" ReferenceID="16" TranDesc="$175 refund for unused prepayment" CuryID="USD" CuryInfoID="10174" Hold="0" Released="1" Reconciled="0" CuryTranAmt="175.0000" TranAmt="175.0000" BatchNbr="000024" IsPaymentChargeTran="0" CreatedByID="b5344897-037e-4d58-b5c3-1bdfd0f47bf9" CreatedByScreenID="AP302000" CreatedDateTime="2014-10-31 13:16:33.407" LastModifiedByID="b5344897-037e-4d58-b5c3-1bdfd0f47bf9" LastModifiedByScreenID="AP302000" LastModifiedDateTime="2014-10-31 13:16:34.177" TranPeriodID="201403" FinPeriodID="201403" Cleared="1" ClearDate="2014-10-31 00:00:00" Posted="1" NoteID="b89d8ffc-e660-e411-9d94-74d435e7799b" />
		<row OrigModule="CA" OrigTranType="CTI" OrigRefNbr="000001" ExtRefNbr="20140101" CashAccountID="8" BranchID="1" TranID="24" TranDate="2014-01-01 00:00:00" DrCr="D" TranDesc="Savings Account Replenishment for $1000" CuryID="USD" CuryInfoID="46" Hold="0" Released="1" Reconciled="0" CuryTranAmt="1000.0000" TranAmt="1000.0000" BatchNbr="000013" IsPaymentChargeTran="0" CreatedByID="b5344897-037e-4d58-b5c3-1bdfd0f47bf9" CreatedByScreenID="CA301000" CreatedDateTime="2014-10-21 14:50:06.567" LastModifiedByID="b5344897-037e-4d58-b5c3-1bdfd0f47bf9" LastModifiedByScreenID="CA301000" LastModifiedDateTime="2014-10-21 14:50:23.033" TranPeriodID="201401" FinPeriodID="201401" Cleared="1" ClearDate="2014-10-21 00:00:00" Posted="1" NoteID="201a5e04-1059-e411-8712-74d435e7799b" />
		<row OrigModule="CA" OrigTranType="CAE" OrigRefNbr="000001" ExtRefNbr="20140131" CashAccountID="8" BranchID="1" TranID="25" TranDate="2014-01-31 00:00:00" DrCr="D" TranDesc="$25 Interest Earned on the Savings Account USD in January" CuryID="USD" CuryInfoID="51" Hold="0" Released="1" Reconciled="0" CuryTranAmt="25.0000" TranAmt="25.0000" BatchNbr="000014" IsPaymentChargeTran="0" CreatedByID="b5344897-037e-4d58-b5c3-1bdfd0f47bf9" CreatedByScreenID="CA304000" CreatedDateTime="2014-10-21 16:37:39.417" LastModifiedByID="b5344897-037e-4d58-b5c3-1bdfd0f47bf9" LastModifiedByScreenID="CA304000" LastModifiedDateTime="2014-10-21 16:37:54.14" TranPeriodID="201401" FinPeriodID="201401" Cleared="1" ClearDate="2014-01-31 00:00:00" Posted="1" NoteID="b2295e08-1f59-e411-8712-74d435e7799b" />
		<row OrigModule="GL" OrigTranType="GLE" OrigRefNbr="000001" ExtRefNbr="" CashAccountID="9" BranchID="1" TranID="14" TranDate="2013-12-05 00:00:00" DrCr="D" TranDesc="The owner invests $10,000" CuryID="USD" CuryInfoID="33" Hold="0" Released="1" Reconciled="0" CuryTranAmt="10000.0000" TranAmt="10000.0000" BatchNbr="000001" IsPaymentChargeTran="0" CreatedByID="b5344897-037e-4d58-b5c3-1bdfd0f47bf9" CreatedByScreenID="CA503000" CreatedDateTime="2014-10-21 14:43:04.743" LastModifiedByID="b5344897-037e-4d58-b5c3-1bdfd0f47bf9" LastModifiedByScreenID="CA303000" LastModifiedDateTime="2014-10-21 14:57:04.893" TranPeriodID="201312" FinPeriodID="201312" Cleared="1" ClearDate="2013-12-05 00:00:00" Posted="1" NoteID="8452ef08-0f59-e411-8712-74d435e7799b" />
		<row OrigModule="GL" OrigTranType="GLE" OrigRefNbr="000002" ExtRefNbr="" CashAccountID="9" BranchID="1" TranID="15" TranDate="2013-12-05 00:00:00" DrCr="D" TranDesc="Company gets the bank loan $5,000" CuryID="USD" CuryInfoID="34" Hold="0" Released="1" Reconciled="0" CuryTranAmt="5000.0000" TranAmt="5000.0000" BatchNbr="000002" IsPaymentChargeTran="0" CreatedByID="b5344897-037e-4d58-b5c3-1bdfd0f47bf9" CreatedByScreenID="CA503000" CreatedDateTime="2014-10-21 14:43:04.777" LastModifiedByID="b5344897-037e-4d58-b5c3-1bdfd0f47bf9" LastModifiedByScreenID="CA303000" LastModifiedDateTime="2014-10-21 14:57:04.9" TranPeriodID="201312" FinPeriodID="201312" Cleared="1" ClearDate="2013-12-05 00:00:00" Posted="1" NoteID="8552ef08-0f59-e411-8712-74d435e7799b" />
		<row OrigModule="GL" OrigTranType="GLE" OrigRefNbr="000003" ExtRefNbr="" CashAccountID="9" BranchID="1" TranID="16" TranDate="2013-12-05 00:00:00" DrCr="C" TranDesc="Company buys office supplies with cash $250" CuryID="USD" CuryInfoID="35" Hold="0" Released="1" Reconciled="0" CuryTranAmt="-250.0000" TranAmt="-250.0000" BatchNbr="000003" IsPaymentChargeTran="0" CreatedByID="b5344897-037e-4d58-b5c3-1bdfd0f47bf9" CreatedByScreenID="CA503000" CreatedDateTime="2014-10-21 14:43:04.787" LastModifiedByID="b5344897-037e-4d58-b5c3-1bdfd0f47bf9" LastModifiedByScreenID="CA303000" LastModifiedDateTime="2014-10-21 14:57:04.9" TranPeriodID="201312" FinPeriodID="201312" Cleared="1" ClearDate="2013-12-05 00:00:00" Posted="1" NoteID="8652ef08-0f59-e411-8712-74d435e7799b" />
		<row OrigModule="GL" OrigTranType="GLE" OrigRefNbr="000004" ExtRefNbr="" CashAccountID="9" BranchID="1" TranID="17" TranDate="2013-12-05 00:00:00" DrCr="C" TranDesc="Company pays salaries with cash $4,500." CuryID="USD" CuryInfoID="36" Hold="0" Released="1" Reconciled="0" CuryTranAmt="-4500.0000" TranAmt="-4500.0000" BatchNbr="000004" IsPaymentChargeTran="0" CreatedByID="b5344897-037e-4d58-b5c3-1bdfd0f47bf9" CreatedByScreenID="CA503000" CreatedDateTime="2014-10-21 14:43:04.797" LastModifiedByID="b5344897-037e-4d58-b5c3-1bdfd0f47bf9" LastModifiedByScreenID="CA303000" LastModifiedDateTime="2014-10-21 14:57:04.9" TranPeriodID="201312" FinPeriodID="201312" Cleared="1" ClearDate="2013-12-05 00:00:00" Posted="1" NoteID="8752ef08-0f59-e411-8712-74d435e7799b" />
		<row OrigModule="GL" OrigTranType="GLE" OrigRefNbr="000005" ExtRefNbr="" CashAccountID="9" BranchID="1" TranID="18" TranDate="2013-12-05 00:00:00" DrCr="D" TranDesc="Company collects cash for services $6,000" CuryID="USD" CuryInfoID="37" Hold="0" Released="1" Reconciled="0" CuryTranAmt="6000.0000" TranAmt="6000.0000" BatchNbr="000005" IsPaymentChargeTran="0" CreatedByID="b5344897-037e-4d58-b5c3-1bdfd0f47bf9" CreatedByScreenID="CA503000" CreatedDateTime="2014-10-21 14:43:04.803" LastModifiedByID="b5344897-037e-4d58-b5c3-1bdfd0f47bf9" LastModifiedByScreenID="CA303000" LastModifiedDateTime="2014-10-21 14:57:04.9" TranPeriodID="201312" FinPeriodID="201312" Cleared="1" ClearDate="2013-12-05 00:00:00" Posted="1" NoteID="8852ef08-0f59-e411-8712-74d435e7799b" />
		<row OrigModule="GL" OrigTranType="GLE" OrigRefNbr="000006" ExtRefNbr="" CashAccountID="9" BranchID="1" TranID="19" TranDate="2013-12-05 00:00:00" DrCr="C" TranDesc="Company collects cash for services $6,000" CuryID="USD" CuryInfoID="38" Hold="0" Released="1" Reconciled="0" CuryTranAmt="-6000.0000" TranAmt="-6000.0000" BatchNbr="000006" IsPaymentChargeTran="0" CreatedByID="b5344897-037e-4d58-b5c3-1bdfd0f47bf9" CreatedByScreenID="CA503000" CreatedDateTime="2014-10-21 14:43:04.81" LastModifiedByID="b5344897-037e-4d58-b5c3-1bdfd0f47bf9" LastModifiedByScreenID="CA303000" LastModifiedDateTime="2014-10-21 14:57:04.903" TranPeriodID="201312" FinPeriodID="201312" Cleared="1" ClearDate="2013-12-05 00:00:00" Posted="1" NoteID="8952ef08-0f59-e411-8712-74d435e7799b" />
		<row OrigModule="GL" OrigTranType="GLE" OrigRefNbr="000007" ExtRefNbr="" CashAccountID="9" BranchID="1" TranID="20" TranDate="2013-12-05 00:00:00" DrCr="D" TranDesc="Company collects cash for services $6,000" CuryID="USD" CuryInfoID="39" Hold="0" Released="1" Reconciled="0" CuryTranAmt="6000.0000" TranAmt="6000.0000" BatchNbr="000007" IsPaymentChargeTran="0" CreatedByID="b5344897-037e-4d58-b5c3-1bdfd0f47bf9" CreatedByScreenID="CA503000" CreatedDateTime="2014-10-21 14:43:04.813" LastModifiedByID="b5344897-037e-4d58-b5c3-1bdfd0f47bf9" LastModifiedByScreenID="CA303000" LastModifiedDateTime="2014-10-21 14:57:04.903" TranPeriodID="201312" FinPeriodID="201312" Cleared="1" ClearDate="2013-12-05 00:00:00" Posted="1" NoteID="8a52ef08-0f59-e411-8712-74d435e7799b" />
		<row OrigModule="GL" OrigTranType="GLE" OrigRefNbr="000011" ExtRefNbr="" CashAccountID="9" BranchID="1" TranID="21" TranDate="2013-12-25 00:00:00" DrCr="C" TranDesc="Interest payment for the bank loan" CuryID="USD" CuryInfoID="43" Hold="0" Released="1" Reconciled="0" CuryTranAmt="-15.0000" TranAmt="-15.0000" BatchNbr="000011" IsPaymentChargeTran="0" CreatedByID="b5344897-037e-4d58-b5c3-1bdfd0f47bf9" CreatedByScreenID="CA503000" CreatedDateTime="2014-10-21 14:43:04.823" LastModifiedByID="b5344897-037e-4d58-b5c3-1bdfd0f47bf9" LastModifiedByScreenID="CA303000" LastModifiedDateTime="2014-10-21 14:57:04.91" TranPeriodID="201312" FinPeriodID="201312" Cleared="1" ClearDate="2013-12-25 00:00:00" Posted="1" NoteID="8b52ef08-0f59-e411-8712-74d435e7799b" />
		<row OrigModule="GL" OrigTranType="GLE" OrigRefNbr="000012" ExtRefNbr="" CashAccountID="9" BranchID="1" TranID="22" TranDate="2013-12-29 00:00:00" DrCr="C" TranDesc="Payment for the utility bill" CuryID="USD" CuryInfoID="44" Hold="0" Released="1" Reconciled="0" CuryTranAmt="-200.0000" TranAmt="-200.0000" BatchNbr="000012" IsPaymentChargeTran="0" CreatedByID="b5344897-037e-4d58-b5c3-1bdfd0f47bf9" CreatedByScreenID="CA503000" CreatedDateTime="2014-10-21 14:43:04.83" LastModifiedByID="b5344897-037e-4d58-b5c3-1bdfd0f47bf9" LastModifiedByScreenID="CA303000" LastModifiedDateTime="2014-10-21 14:57:04.887" TranPeriodID="201312" FinPeriodID="201312" Cleared="1" ClearDate="2013-12-29 00:00:00" Posted="1" NoteID="8c52ef08-0f59-e411-8712-74d435e7799b" />
		<row OrigModule="CA" OrigTranType="CTO" OrigRefNbr="000001" ExtRefNbr="20140101" CashAccountID="9" BranchID="1" TranID="23" TranDate="2014-01-01 00:00:00" DrCr="C" TranDesc="Savings Account Replenishment for $1000" CuryID="USD" CuryInfoID="45" Hold="0" Released="1" Reconciled="0" CuryTranAmt="-1000.0000" TranAmt="-1000.0000" BatchNbr="000013" IsPaymentChargeTran="0" CreatedByID="b5344897-037e-4d58-b5c3-1bdfd0f47bf9" CreatedByScreenID="CA301000" CreatedDateTime="2014-10-21 14:50:06.56" LastModifiedByID="b5344897-037e-4d58-b5c3-1bdfd0f47bf9" LastModifiedByScreenID="CA301000" LastModifiedDateTime="2014-10-21 14:50:23.033" TranPeriodID="201401" FinPeriodID="201401" Cleared="1" ClearDate="2014-10-21 00:00:00" Posted="1" NoteID="1f1a5e04-1059-e411-8712-74d435e7799b" />
		<row OrigModule="CA" OrigTranType="CAE" OrigRefNbr="000002" ExtRefNbr="20140131" CashAccountID="9" BranchID="1" TranID="26" TranDate="2014-01-31 00:00:00" DrCr="C" TranDesc="$15 Bank Service Fee Paid for Checking Account USD in January" CuryID="USD" CuryInfoID="53" Hold="0" Released="1" Reconciled="0" CuryTranAmt="-15.0000" TranAmt="-15.0000" BatchNbr="000015" IsPaymentChargeTran="0" CreatedByID="b5344897-037e-4d58-b5c3-1bdfd0f47bf9" CreatedByScreenID="CA304000" CreatedDateTime="2014-10-21 16:43:37.887" LastModifiedByID="b5344897-037e-4d58-b5c3-1bdfd0f47bf9" LastModifiedByScreenID="CA304000" LastModifiedDateTime="2014-10-21 16:43:41.987" TranPeriodID="201401" FinPeriodID="201401" Cleared="1" ClearDate="2014-10-21 00:00:00" Posted="1" NoteID="db1c3ce0-1f59-e411-8712-74d435e7799b" />
		<row OrigModule="AP" OrigTranType="CHK" OrigRefNbr="000001" ExtRefNbr="000002" CashAccountID="9" BranchID="1" TranID="33" TranDate="2014-01-31 00:00:00" DrCr="C" ReferenceID="15" TranDesc="Partial payment for the utilities and rent bill" CuryID="USD" CuryInfoID="83" Hold="0" Released="1" Reconciled="0" CuryTranAmt="-1000.0000" TranAmt="-1000.0000" BatchNbr="000003" IsPaymentChargeTran="0" CreatedByID="b5344897-037e-4d58-b5c3-1bdfd0f47bf9" CreatedByScreenID="AP302000" CreatedDateTime="2014-10-23 17:08:04.307" LastModifiedByID="b5344897-037e-4d58-b5c3-1bdfd0f47bf9" LastModifiedByScreenID="AP505200" LastModifiedDateTime="2014-10-23 22:28:25.777" TranPeriodID="201401" FinPeriodID="201401" Cleared="1" ClearDate="2014-10-23 00:00:00" Posted="1" NoteID="5ad01b9f-b55a-e411-9189-74d435e7799b" />
		<row OrigModule="AP" OrigTranType="CHK" OrigRefNbr="000002" ExtRefNbr="000001" CashAccountID="9" BranchID="1" TranID="34" TranDate="2014-01-31 00:00:00" DrCr="C" ReferenceID="14" TranDesc="Payment for office supplies 01-2014" CuryID="USD" CuryInfoID="85" Hold="0" Released="1" Reconciled="0" CuryTranAmt="-30.0000" TranAmt="-30.0000" BatchNbr="000004" IsPaymentChargeTran="0" CreatedByID="b5344897-037e-4d58-b5c3-1bdfd0f47bf9" CreatedByScreenID="AP302000" CreatedDateTime="2014-10-23 17:08:41.207" LastModifiedByID="b5344897-037e-4d58-b5c3-1bdfd0f47bf9" LastModifiedByScreenID="AP505200" LastModifiedDateTime="2014-10-23 22:28:25.863" TranPeriodID="201401" FinPeriodID="201401" Cleared="1" ClearDate="2014-10-23 00:00:00" Posted="1" NoteID="ec0fabb1-b55a-e411-9189-74d435e7799b" />
		<row OrigModule="CA" OrigTranType="CTO" OrigRefNbr="000002" ExtRefNbr="02012014" CashAccountID="9" BranchID="1" TranID="37" TranDate="2014-02-01 00:00:00" DrCr="C" TranDesc="Cash on Hand USD Replenishment for $5000" CuryID="USD" CuryInfoID="100" Hold="0" Released="1" Reconciled="0" CuryTranAmt="-5000.0000" TranAmt="-5000.0000" BatchNbr="000016" IsPaymentChargeTran="0" CreatedByID="b5344897-037e-4d58-b5c3-1bdfd0f47bf9" CreatedByScreenID="CA301000" CreatedDateTime="2014-10-28 10:22:35.873" LastModifiedByID="b5344897-037e-4d58-b5c3-1bdfd0f47bf9" LastModifiedByScreenID="CA301000" LastModifiedDateTime="2014-10-28 10:22:41.133" TranPeriodID="201402" FinPeriodID="201402" Cleared="1" ClearDate="2014-10-28 00:00:00" Posted="1" NoteID="8a890730-735e-e411-8fe6-74d435e7799b" />
		<row OrigModule="AP" OrigTranType="CHK" OrigRefNbr="000006" ExtRefNbr="000003" CashAccountID="9" BranchID="1" TranID="46" TranDate="2014-03-02 00:00:00" DrCr="C" ReferenceID="15" TranDesc="Rent and utilities bill" CuryID="USD" CuryInfoID="134" Hold="0" Released="1" Reconciled="0" CuryTranAmt="-220.0000" TranAmt="-220.0000" BatchNbr="000013" IsPaymentChargeTran="0" CreatedByID="b5344897-037e-4d58-b5c3-1bdfd0f47bf9" CreatedByScreenID="AP402000" CreatedDateTime="2014-10-29 15:37:26.54" LastModifiedByID="b5344897-037e-4d58-b5c3-1bdfd0f47bf9" LastModifiedByScreenID="AP505200" LastModifiedDateTime="2014-10-29 15:38:04.867" TranPeriodID="201403" FinPeriodID="201403" Cleared="1" ClearDate="2014-10-29 00:00:00" Posted="1" NoteID="62ff8c51-685f-e411-b36f-74d435e7799b" />
		<row OrigModule="AP" OrigTranType="VCK" OrigRefNbr="000006" ExtRefNbr="000003" CashAccountID="9" BranchID="1" TranID="48" TranDate="2014-03-02 00:00:00" DrCr="D" ReferenceID="15" TranDesc="Bank couldn't accept the check" CuryID="USD" CuryInfoID="10147" Hold="0" Released="1" Reconciled="0" CuryTranAmt="220.0000" TranAmt="220.0000" BatchNbr="000018" IsPaymentChargeTran="0" CreatedByID="b5344897-037e-4d58-b5c3-1bdfd0f47bf9" CreatedByScreenID="AP302000" CreatedDateTime="2014-10-30 11:13:50.25" LastModifiedByID="b5344897-037e-4d58-b5c3-1bdfd0f47bf9" LastModifiedByScreenID="AP302000" LastModifiedDateTime="2014-10-30 11:13:51.013" TranPeriodID="201403" FinPeriodID="201403" Cleared="1" ClearDate="2014-03-02 00:00:00" Posted="1" VoidedTranID="46" NoteID="ea8e5cad-0c60-e411-99e1-74d435e7799b" />
		<row OrigModule="AP" OrigTranType="CHK" OrigRefNbr="000010" ExtRefNbr="000004" CashAccountID="9" BranchID="1" TranID="52" TranDate="2014-03-08 00:00:00" DrCr="C" ReferenceID="16" CuryID="USD" CuryInfoID="10168" Hold="0" Released="1" Reconciled="0" CuryTranAmt="-95.0000" TranAmt="-95.0000" BatchNbr="000023" IsPaymentChargeTran="0" CreatedByID="b5344897-037e-4d58-b5c3-1bdfd0f47bf9" CreatedByScreenID="AP503000" CreatedDateTime="2014-10-31 11:42:21.513" LastModifiedByID="b5344897-037e-4d58-b5c3-1bdfd0f47bf9" LastModifiedByScreenID="AP505200" LastModifiedDateTime="2014-10-31 11:44:18.683" TranPeriodID="201403" FinPeriodID="201403" Cleared="1" ClearDate="2014-10-31 00:00:00" Posted="1" NoteID="4e149ed3-d960-e411-9d94-74d435e7799b" />
		<row OrigModule="AP" OrigTranType="CHK" OrigRefNbr="000011" ExtRefNbr="000005" CashAccountID="9" BranchID="1" TranID="53" TranDate="2014-03-08 00:00:00" DrCr="C" ReferenceID="16" CuryID="USD" CuryInfoID="10170" Hold="0" Released="1" Reconciled="0" CuryTranAmt="-75.0000" TranAmt="-75.0000" BatchNbr="000023" IsPaymentChargeTran="0" CreatedByID="b5344897-037e-4d58-b5c3-1bdfd0f47bf9" CreatedByScreenID="AP503000" CreatedDateTime="2014-10-31 11:42:21.66" LastModifiedByID="b5344897-037e-4d58-b5c3-1bdfd0f47bf9" LastModifiedByScreenID="AP505200" LastModifiedDateTime="2014-10-31 11:44:18.683" TranPeriodID="201403" FinPeriodID="201403" Cleared="1" ClearDate="2014-10-31 00:00:00" Posted="1" NoteID="51149ed3-d960-e411-9d94-74d435e7799b" />
		<row OrigModule="AR" OrigTranType="PMT" OrigRefNbr="000001" ExtRefNbr="02282014R" CashAccountID="9" BranchID="1" TranID="10058" TranDate="2014-02-28 00:00:00" DrCr="D" ReferenceID="18" TranDesc="Payment 02-2014 for services" CuryID="USD" CuryInfoID="20209" Hold="0" Released="1" Reconciled="0" CuryTranAmt="500.0000" TranAmt="500.0000" BatchNbr="000002" IsPaymentChargeTran="0" CreatedByID="b5344897-037e-4d58-b5c3-1bdfd0f47bf9" CreatedByScreenID="AR302000" CreatedDateTime="2014-11-17 13:23:05.56" LastModifiedByID="b5344897-037e-4d58-b5c3-1bdfd0f47bf9" LastModifiedByScreenID="AR501000" LastModifiedDateTime="2014-11-17 13:29:18.557" TranPeriodID="201402" FinPeriodID="201402" Cleared="1" ClearDate="2014-11-17 00:00:00" Posted="1" NoteID="fabe50b7-436e-e411-8043-74d435e7799b" />
		<row OrigModule="AR" OrigTranType="PMT" OrigRefNbr="000002" ExtRefNbr="02282014G" CashAccountID="9" BranchID="1" TranID="10059" TranDate="2014-02-28 00:00:00" DrCr="D" ReferenceID="19" TranDesc="Payment 02-2014 for services" CuryID="USD" CuryInfoID="20210" Hold="0" Released="1" Reconciled="0" CuryTranAmt="300.0000" TranAmt="300.0000" BatchNbr="000002" IsPaymentChargeTran="0" CreatedByID="b5344897-037e-4d58-b5c3-1bdfd0f47bf9" CreatedByScreenID="AR301000" CreatedDateTime="2014-11-17 13:28:35.18" LastModifiedByID="b5344897-037e-4d58-b5c3-1bdfd0f47bf9" LastModifiedByScreenID="AR501000" LastModifiedDateTime="2014-11-17 13:29:18.56" TranPeriodID="201402" FinPeriodID="201402" Cleared="1" ClearDate="2014-11-17 00:00:00" Posted="1" NoteID="872fcb7b-446e-e411-8043-74d435e7799b" />
		<row OrigModule="AR" OrigTranType="PMT" OrigRefNbr="000003" ExtRefNbr="03042014E" CashAccountID="9" BranchID="1" TranID="10060" TranDate="2014-03-04 00:00:00" DrCr="D" ReferenceID="20" TranDesc="Early payment 03-2014" CuryID="USD" CuryInfoID="20216" Hold="0" Released="1" Reconciled="0" CuryTranAmt="490.0000" TranAmt="490.0000" BatchNbr="000005" IsPaymentChargeTran="0" CreatedByID="b5344897-037e-4d58-b5c3-1bdfd0f47bf9" CreatedByScreenID="AR302000" CreatedDateTime="2014-11-18 10:41:07.52" LastModifiedByID="b5344897-037e-4d58-b5c3-1bdfd0f47bf9" LastModifiedByScreenID="AR302000" LastModifiedDateTime="2014-11-18 10:41:09.423" TranPeriodID="201403" FinPeriodID="201403" Cleared="1" ClearDate="2014-11-18 00:00:00" Posted="1" NoteID="e8784d41-f66e-e411-8157-74d435e7799b" />
		<row OrigModule="AR" OrigTranType="PPM" OrigRefNbr="000004" ExtRefNbr="03012014G" CashAccountID="9" BranchID="1" TranID="10061" TranDate="2014-03-01 00:00:00" DrCr="D" ReferenceID="19" TranDesc="$100 prepayment 03-2014" CuryID="USD" CuryInfoID="20219" Hold="0" Released="1" Reconciled="0" CuryTranAmt="100.0000" TranAmt="100.0000" BatchNbr="000006" IsPaymentChargeTran="0" CreatedByID="b5344897-037e-4d58-b5c3-1bdfd0f47bf9" CreatedByScreenID="AR302000" CreatedDateTime="2014-11-18 11:02:08.277" LastModifiedByID="b5344897-037e-4d58-b5c3-1bdfd0f47bf9" LastModifiedByScreenID="AR302000" LastModifiedDateTime="2014-11-18 11:02:08.637" TranPeriodID="201403" FinPeriodID="201403" Cleared="1" ClearDate="2014-11-18 00:00:00" Posted="1" NoteID="9433cf30-f96e-e411-8157-74d435e7799b" />
		<row OrigModule="AR" OrigTranType="PMT" OrigRefNbr="000005" ExtRefNbr="03202014R" CashAccountID="9" BranchID="1" TranID="10062" TranDate="2014-03-20 00:00:00" DrCr="D" ReferenceID="18" TranDesc="Payment for inv. 000003 and d.m. 000006" CuryID="USD" CuryInfoID="20227" Hold="0" Released="1" Reconciled="0" CuryTranAmt="570.0000" TranAmt="570.0000" BatchNbr="000010" IsPaymentChargeTran="0" CreatedByID="b5344897-037e-4d58-b5c3-1bdfd0f47bf9" CreatedByScreenID="AR301000" CreatedDateTime="2014-11-18 12:03:07.487" LastModifiedByID="b5344897-037e-4d58-b5c3-1bdfd0f47bf9" LastModifiedByScreenID="AR302000" LastModifiedDateTime="2014-11-18 12:03:08.18" TranPeriodID="201403" FinPeriodID="201403" Cleared="1" ClearDate="2014-11-18 00:00:00" Posted="1" NoteID="13dbdcb5-016f-e411-8157-74d435e7799b" />
		<row OrigModule="AR" OrigTranType="REF" OrigRefNbr="000006" ExtRefNbr="03312014G" CashAccountID="9" BranchID="1" TranID="10063" TranDate="2014-03-31 00:00:00" DrCr="C" ReferenceID="19" TranDesc="Refund for unused prepayment" CuryID="USD" CuryInfoID="20234" Hold="0" Released="1" Reconciled="0" CuryTranAmt="-50.0000" TranAmt="-50.0000" BatchNbr="000012" IsPaymentChargeTran="0" CreatedByID="b5344897-037e-4d58-b5c3-1bdfd0f47bf9" CreatedByScreenID="AR302000" CreatedDateTime="2014-11-18 12:29:15.89" LastModifiedByID="b5344897-037e-4d58-b5c3-1bdfd0f47bf9" LastModifiedByScreenID="AR302000" LastModifiedDateTime="2014-11-18 12:29:16.307" TranPeriodID="201403" FinPeriodID="201403" Cleared="1" ClearDate="2014-03-31 00:00:00" Posted="1" NoteID="28e1b45c-056f-e411-8157-74d435e7799b" />
		<row OrigModule="AR" OrigTranType="PMT" OrigRefNbr="000007" ExtRefNbr="03312014L" CashAccountID="9" BranchID="1" TranID="10064" TranDate="2014-03-31 00:00:00" DrCr="D" ReferenceID="21" TranDesc="Payment 03-2014" CuryID="USD" CuryInfoID="20242" Hold="0" Released="1" Reconciled="0" CuryTranAmt="730.0000" TranAmt="730.0000" BatchNbr="000015" IsPaymentChargeTran="0" CreatedByID="b5344897-037e-4d58-b5c3-1bdfd0f47bf9" CreatedByScreenID="AR302000" CreatedDateTime="2014-11-18 16:55:55.49" LastModifiedByID="b5344897-037e-4d58-b5c3-1bdfd0f47bf9" LastModifiedByScreenID="AR302000" LastModifiedDateTime="2014-11-18 16:55:56.237" TranPeriodID="201403" FinPeriodID="201403" Cleared="1" ClearDate="2014-03-31 00:00:00" Posted="1" NoteID="c5f0189d-2a6f-e411-8157-74d435e7799b" />
		<row OrigModule="AR" OrigTranType="PMT" OrigRefNbr="000008" ExtRefNbr="04102014R" CashAccountID="9" BranchID="1" TranID="10065" TranDate="2014-04-10 00:00:00" DrCr="D" ReferenceID="18" TranDesc="Payment 04-2014" CuryID="USD" CuryInfoID="20253" Hold="0" Released="1" Reconciled="0" CuryTranAmt="59.9000" TranAmt="59.9000" BatchNbr="000018" IsPaymentChargeTran="0" CreatedByID="b5344897-037e-4d58-b5c3-1bdfd0f47bf9" CreatedByScreenID="AR302000" CreatedDateTime="2014-11-19 16:25:50.793" LastModifiedByID="b5344897-037e-4d58-b5c3-1bdfd0f47bf9" LastModifiedByScreenID="AR302000" LastModifiedDateTime="2014-11-19 16:25:51.62" TranPeriodID="201404" FinPeriodID="201404" Cleared="1" ClearDate="2014-11-19 00:00:00" Posted="1" NoteID="5f73ed93-ef6f-e411-99d2-74d435e7799b" />
		<row OrigModule="AR" OrigTranType="PMT" OrigRefNbr="000009" ExtRefNbr="LOGIC-1089" CashAccountID="10" BranchID="1" TranID="10066" TranDate="2019-12-05 00:00:00" DrCr="D" ReferenceID="30" TranDesc="Payment for Shopify Order #LOGIC-1089" CuryID="USD" CuryInfoID="663963" Hold="0" Released="1" Reconciled="0" CuryTranAmt="379.3300" TranAmt="379.3300" BatchNbr="000019" IsPaymentChargeTran="0" CreatedByID="b5344897-037e-4d58-b5c3-1bdfd0f47bf9" CreatedByScreenID="AR302000" CreatedDateTime="2019-12-05 12:10:16.213" LastModifiedByID="b5344897-037e-4d58-b5c3-1bdfd0f47bf9" LastModifiedByScreenID="AR302000" LastModifiedDateTime="2019-12-05 12:10:18.53" TranPeriodID="201912" FinPeriodID="201912" Cleared="0" Posted="1" NoteID="b9550c7b-8a17-ea11-a6ed-9cb6d0c82c0c" />
		<row OrigModule="AR" OrigTranType="PMT" OrigRefNbr="000010" ExtRefNbr="LOGIC-1090" CashAccountID="10" BranchID="1" TranID="10067" TranDate="2019-12-05 00:00:00" DrCr="D" ReferenceID="30" TranDesc="Payment for Shopify Order #LOGIC-1090" CuryID="USD" CuryInfoID="663965" Hold="0" Released="1" Reconciled="0" CuryTranAmt="379.3300" TranAmt="379.3300" BatchNbr="000020" IsPaymentChargeTran="0" CreatedByID="b5344897-037e-4d58-b5c3-1bdfd0f47bf9" CreatedByScreenID="AR302000" CreatedDateTime="2019-12-05 12:10:17.187" LastModifiedByID="b5344897-037e-4d58-b5c3-1bdfd0f47bf9" LastModifiedByScreenID="AR302000" LastModifiedDateTime="2019-12-05 12:10:19.037" TranPeriodID="201912" FinPeriodID="201912" Cleared="0" Posted="1" NoteID="ce550c7b-8a17-ea11-a6ed-9cb6d0c82c0c" />
		<row OrigModule="AR" OrigTranType="PMT" OrigRefNbr="000011" ExtRefNbr="LOGIC-1091" CashAccountID="10" BranchID="1" TranID="10068" TranDate="2019-12-05 00:00:00" DrCr="D" ReferenceID="30" TranDesc="Payment for Shopify Order #LOGIC-1091" CuryID="USD" CuryInfoID="663970" Hold="0" Released="1" Reconciled="0" CuryTranAmt="379.3300" TranAmt="379.3300" BatchNbr="000021" IsPaymentChargeTran="0" CreatedByID="b5344897-037e-4d58-b5c3-1bdfd0f47bf9" CreatedByScreenID="AR302000" CreatedDateTime="2019-12-05 12:10:20.11" LastModifiedByID="b5344897-037e-4d58-b5c3-1bdfd0f47bf9" LastModifiedByScreenID="AR302000" LastModifiedDateTime="2019-12-05 12:10:21.617" TranPeriodID="201912" FinPeriodID="201912" Cleared="0" Posted="1" NoteID="4d560c7b-8a17-ea11-a6ed-9cb6d0c82c0c" />
		<row OrigModule="AR" OrigTranType="PMT" OrigRefNbr="000012" ExtRefNbr="LOGIC-1088" CashAccountID="10" BranchID="1" TranID="10069" TranDate="2019-12-05 00:00:00" DrCr="D" ReferenceID="30" TranDesc="Payment for Shopify Order #LOGIC-1088" CuryID="USD" CuryInfoID="663973" Hold="0" Released="1" Reconciled="0" CuryTranAmt="371.5800" TranAmt="371.5800" BatchNbr="000022" IsPaymentChargeTran="0" CreatedByID="b5344897-037e-4d58-b5c3-1bdfd0f47bf9" CreatedByScreenID="AR302000" CreatedDateTime="2019-12-05 12:11:36.977" LastModifiedByID="b5344897-037e-4d58-b5c3-1bdfd0f47bf9" LastModifiedByScreenID="AR302000" LastModifiedDateTime="2019-12-05 12:11:38.503" TranPeriodID="201912" FinPeriodID="201912" Cleared="0" Posted="1" NoteID="c80507ab-8a17-ea11-a6ed-9cb6d0c82c0c" />
		<row OrigModule="AR" OrigTranType="PMT" OrigRefNbr="000013" ExtRefNbr="2451556401196" CashAccountID="10" BranchID="1" TranID="10070" TranDate="2020-01-14 00:00:00" DrCr="D" ReferenceID="30" TranDesc="Payment for Shopify Order #LOGIC-1204" CuryID="USD" CuryInfoID="663977" Hold="0" Released="1" Reconciled="0" CuryTranAmt="422.2400" TranAmt="422.2400" BatchNbr="000023" IsPaymentChargeTran="0" CreatedByID="b5344897-037e-4d58-b5c3-1bdfd0f47bf9" CreatedByScreenID="AR302000" CreatedDateTime="2020-01-14 15:05:04.967" LastModifiedByID="b5344897-037e-4d58-b5c3-1bdfd0f47bf9" LastModifiedByScreenID="AR302000" LastModifiedDateTime="2020-01-14 15:05:09.4" TranPeriodID="202001" FinPeriodID="202001" Cleared="0" Posted="1" NoteID="5320eb83-1137-ea11-a6f2-9cb6d0c82c0c" />
		<row OrigModule="AR" OrigTranType="PMT" OrigRefNbr="000014" ExtRefNbr="2452821704748" CashAccountID="10" BranchID="1" TranID="10071" TranDate="2020-01-15 00:00:00" DrCr="D" ReferenceID="31" TranDesc="Payment for Shopify Order #LOGIC-1230" CuryID="USD" CuryInfoID="663984" Hold="0" Released="1" Reconciled="0" CuryTranAmt="150.0000" TranAmt="150.0000" BatchNbr="000025" IsPaymentChargeTran="0" CreatedByID="b5344897-037e-4d58-b5c3-1bdfd0f47bf9" CreatedByScreenID="AR302000" CreatedDateTime="2020-01-16 09:17:55.877" LastModifiedByID="b5344897-037e-4d58-b5c3-1bdfd0f47bf9" LastModifiedByScreenID="AR302000" LastModifiedDateTime="2020-01-16 09:17:59.567" TranPeriodID="202001" FinPeriodID="202001" Cleared="0" Posted="1" NoteID="01772b5e-7338-ea11-a6f3-9cb6d0c82c0c" />
		<row OrigModule="AR" OrigTranType="PMT" OrigRefNbr="000015" ExtRefNbr="2453946466348" CashAccountID="10" BranchID="1" TranID="10072" TranDate="2020-01-16 00:00:00" DrCr="D" ReferenceID="30" TranDesc="Payment for Shopify Order #LOGIC-1231" CuryID="USD" CuryInfoID="663988" Hold="0" Released="1" Reconciled="0" CuryTranAmt="389.2400" TranAmt="389.2400" BatchNbr="000026" IsPaymentChargeTran="0" CreatedByID="b5344897-037e-4d58-b5c3-1bdfd0f47bf9" CreatedByScreenID="AR302000" CreatedDateTime="2020-01-16 17:00:29.6" LastModifiedByID="b5344897-037e-4d58-b5c3-1bdfd0f47bf9" LastModifiedByScreenID="AR302000" LastModifiedDateTime="2020-01-16 17:00:31.99" TranPeriodID="202001" FinPeriodID="202001" Cleared="0" Posted="1" NoteID="7dfec4f9-b338-ea11-a6f3-9cb6d0c82c0c" />
		<row OrigModule="AR" OrigTranType="REF" OrigRefNbr="000016" ExtRefNbr="2453951676460" CashAccountID="10" BranchID="1" TranID="10073" TranDate="2020-01-16 00:00:00" DrCr="C" ReferenceID="30" TranDesc="Refund for Order #LOGIC-1231 (TransId #2453951676460)" CuryID="USD" CuryInfoID="663992" Hold="0" Released="1" Reconciled="0" CuryTranAmt="-159.7500" TranAmt="-159.7500" BatchNbr="000027" IsPaymentChargeTran="0" CreatedByID="b5344897-037e-4d58-b5c3-1bdfd0f47bf9" CreatedByScreenID="AR302000" CreatedDateTime="2020-01-16 17:23:40.797" LastModifiedByID="b5344897-037e-4d58-b5c3-1bdfd0f47bf9" LastModifiedByScreenID="AR302000" LastModifiedDateTime="2020-01-16 17:23:43.193" TranPeriodID="202001" FinPeriodID="202001" Cleared="0" Posted="1" NoteID="accef338-b738-ea11-a6f3-9cb6d0c82c0c" />
	</rows>
</data>