﻿<?xml version="1.0" encoding="utf-8"?>
<data>
	<table name="CATransfer">
		<col name="CompanyID" type="Int" default="Zero" />
		<col name="TransferNbr" type="NVarChar(15)" />
		<col name="Descr" type="NVarChar(256)" nullable="true" />
		<col name="OutAccountID" type="Int" />
		<col name="InAccountID" type="Int" />
		<col name="OutCuryInfoID" type="BigInt" />
		<col name="InCuryInfoID" type="BigInt" />
		<col name="CuryTranOut" type="Decimal(19,4)" />
		<col name="CuryTranIn" type="Decimal(19,4)" />
		<col name="TranOut" type="Decimal(19,4)" />
		<col name="TranIn" type="Decimal(19,4)" />
		<col name="InDate" type="SmallDateTime" />
		<col name="OutDate" type="SmallDateTime" />
		<col name="InBranchID" type="Int" />
		<col name="OutBranchID" type="Int" />
		<col name="InTranPeriodID" type="Char(6)" nullable="true" />
		<col name="InPeriodID" type="Char(6)" nullable="true" />
		<col name="OutTranPeriodID" type="Char(6)" nullable="true" />
		<col name="OutPeriodID" type="Char(6)" nullable="true" />
		<col name="TranIDOut" type="BigInt" nullable="true" />
		<col name="TranIDIn" type="BigInt" nullable="true" />
		<col name="ExpenseCntr" type="Int" default="Zero" />
		<col name="RGOLAmt" type="Decimal(19,4)" />
		<col name="Hold" type="Bit" />
		<col name="Released" type="Bit" />
		<col name="CreatedByID" type="UniqueIdentifier" />
		<col name="CreatedByScreenID" type="Char(8)" />
		<col name="CreatedDateTime" type="DateTime" />
		<col name="LastModifiedByID" type="UniqueIdentifier" />
		<col name="LastModifiedByScreenID" type="Char(8)" />
		<col name="LastModifiedDateTime" type="DateTime" />
		<col name="tstamp" type="Timestamp" />
		<col name="OutExtRefNbr" type="NVarChar(40)" nullable="true" />
		<col name="InExtRefNbr" type="NVarChar(40)" nullable="true" />
		<col name="InCuryID" type="NVarChar(5)" />
		<col name="OutCuryID" type="NVarChar(5)" />
		<col name="ClearedIn" type="Bit" />
		<col name="ClearDateIn" type="SmallDateTime" nullable="true" />
		<col name="ClearedOut" type="Bit" />
		<col name="ClearDateOut" type="SmallDateTime" nullable="true" />
		<col name="NoteID" type="UniqueIdentifier" nullable="true" />
	</table>
	<rows>
		<row TransferNbr="000001" Descr="Savings Account Replenishment for $1000" OutAccountID="9" InAccountID="8" OutCuryInfoID="45" InCuryInfoID="46" CuryTranOut="1000.0000" CuryTranIn="1000.0000" TranOut="1000.0000" TranIn="1000.0000" InDate="2014-01-01 00:00:00" OutDate="2014-01-01 00:00:00" InBranchID="1" OutBranchID="1" InTranPeriodID="201312" InPeriodID="201312" OutTranPeriodID="201312" OutPeriodID="201312" TranIDOut="23" TranIDIn="24" ExpenseCntr="0" RGOLAmt="0.0000" Hold="0" Released="1" CreatedByID="b5344897-037e-4d58-b5c3-1bdfd0f47bf9" CreatedByScreenID="CA301000" CreatedDateTime="2014-10-21 14:50:06.57" LastModifiedByID="b5344897-037e-4d58-b5c3-1bdfd0f47bf9" LastModifiedByScreenID="CA301000" LastModifiedDateTime="2014-10-21 14:50:22.93" OutExtRefNbr="20140101" InExtRefNbr="20140101" InCuryID="USD" OutCuryID="USD" ClearedIn="1" ClearDateIn="2014-10-21 00:00:00" ClearedOut="1" ClearDateOut="2014-10-21 00:00:00" NoteID="7e1076d4-0f59-e411-8712-74d435e7799b" />
		<row TransferNbr="000002" Descr="Cash on Hand USD Replenishment for $5000" OutAccountID="9" InAccountID="7" OutCuryInfoID="100" InCuryInfoID="101" CuryTranOut="5000.0000" CuryTranIn="5000.0000" TranOut="5000.0000" TranIn="5000.0000" InDate="2014-02-01 00:00:00" OutDate="2014-02-01 00:00:00" InBranchID="1" OutBranchID="1" InTranPeriodID="201401" InPeriodID="201401" OutTranPeriodID="201401" OutPeriodID="201401" TranIDOut="37" TranIDIn="38" ExpenseCntr="0" RGOLAmt="0.0000" Hold="0" Released="1" CreatedByID="b5344897-037e-4d58-b5c3-1bdfd0f47bf9" CreatedByScreenID="CA301000" CreatedDateTime="2014-10-28 10:22:35.887" LastModifiedByID="b5344897-037e-4d58-b5c3-1bdfd0f47bf9" LastModifiedByScreenID="CA301000" LastModifiedDateTime="2014-10-28 10:22:40.853" OutExtRefNbr="02012014" InExtRefNbr="02022014" InCuryID="USD" OutCuryID="USD" ClearedIn="1" ClearDateIn="2014-10-28 00:00:00" ClearedOut="1" ClearDateOut="2014-10-28 00:00:00" NoteID="418f24cb-725e-e411-8fe6-74d435e7799b" />
	</rows>
</data>