﻿<?xml version="1.0" encoding="utf-8"?>
<data>
	<table name="Company">
		<col name="CompanyID" type="Int" default="Zero" />
		<col name="CompanyCD" type="NVarChar(128)" />
		<col name="BaseCuryID" type="NVarChar(5)" nullable="true" />
		<col name="BAccountID" type="Int" nullable="true" />
		<col name="CountryID" type="NVarChar(2)" nullable="true" />
		<col name="PhoneMask" type="VarChar(50)" nullable="true" />
		<col name="ParentCompanyID" type="Int" nullable="true" />
		<col name="CompanyType" type="NVarChar(128)" nullable="true" />
		<col name="Theme" type="NVarChar(255)" nullable="true" />
		<col name="IsReadOnly" type="Bit" />
		<col name="IsTemplate" type="Bit" default="Zero" />
		<col name="CompanyKey" type="NVarChar(128)" nullable="true" />
		<col name="Sequence" type="Int" nullable="true" />
		<col name="Size" type="BigInt" nullable="true" />
		<col name="tstamp" type="Timestamp" />
	</table>
	<rows>
		<row CompanyCD="Company" BaseCuryID="USD" ParentCompanyID="1" CompanyType="F300" IsReadOnly="0" IsTemplate="0" CompanyKey="Company" Sequence="22" Size="0" />
	</rows>
</data>