﻿<?xml version="1.0" encoding="utf-8"?>
<data>
	<table name="Contact">
		<col name="CompanyID" type="Int" default="Zero" />
		<col name="ContactID" type="Int" identity="true" />
		<col name="BAccountID" type="Int" nullable="true" />
		<col name="ContactType" type="Char(2)" nullable="true" />
		<col name="FullName" type="NVarChar(255)" nullable="true" />
		<col name="DisplayName" type="NVarChar(255)" />
		<col name="Title" type="NVarChar(50)" nullable="true" />
		<col name="Salutation" type="NVarChar(255)" nullable="true" />
		<col name="Attention" type="NVarChar(255)" nullable="true" />
		<col name="FirstName" type="NVarChar(50)" nullable="true" />
		<col name="MidName" type="NVarChar(50)" nullable="true" />
		<col name="LastName" type="NVarChar(100)" nullable="true" />
		<col name="EMail" type="NVarChar(255)" nullable="true" />
		<col name="WebSite" type="NVarChar(255)" nullable="true" />
		<col name="Fax" type="NVarChar(50)" nullable="true" />
		<col name="FaxType" type="VarChar(3)" nullable="true" />
		<col name="Phone1" type="NVarChar(50)" nullable="true" />
		<col name="Phone1Type" type="VarChar(3)" nullable="true" />
		<col name="Phone2" type="NVarChar(50)" nullable="true" />
		<col name="Phone2Type" type="VarChar(3)" nullable="true" />
		<col name="Phone3" type="NVarChar(50)" nullable="true" />
		<col name="Phone3Type" type="VarChar(3)" nullable="true" />
		<col name="DateOfBirth" type="SmallDateTime" nullable="true" />
		<col name="DefAddressID" type="Int" nullable="true" />
		<col name="IsActive" type="Bit" />
		<col name="WorkgroupID" type="Int" nullable="true" />
		<col name="OwnerID" type="UniqueIdentifier" nullable="true" />
		<col name="RouteID" type="Int" nullable="true" />
		<col name="UserID" type="UniqueIdentifier" nullable="true" />
		<col name="Method" type="VarChar(1)" nullable="true" />
		<col name="LanguageID" type="NVarChar(10)" nullable="true" />
		<col name="tstamp" type="Timestamp" />
		<col name="CreatedByID" type="UniqueIdentifier" />
		<col name="CreatedByScreenID" type="Char(8)" />
		<col name="CreatedDateTime" type="DateTime" />
		<col name="LastModifiedByID" type="UniqueIdentifier" />
		<col name="LastModifiedByScreenID" type="Char(8)" />
		<col name="LastModifiedDateTime" type="DateTime" />
		<col name="RevisionID" type="Int" />
		<col name="DeletedDatabaseRecord" type="Bit" default="Zero" />
		<col name="NoFax" type="Bit" default="Zero" />
		<col name="NoMail" type="Bit" default="Zero" />
		<col name="NoMarketing" type="Bit" default="Zero" />
		<col name="NoCall" type="Bit" default="Zero" />
		<col name="NoEMail" type="Bit" default="Zero" />
		<col name="NoMassMail" type="Bit" default="Zero" />
		<col name="Gender" type="Char(1)" nullable="true" />
		<col name="MaritalStatus" type="Char(1)" nullable="true" />
		<col name="Anniversary" type="SmallDateTime" nullable="true" />
		<col name="Spouse" type="NVarChar(255)" nullable="true" />
		<col name="Img" type="NVarChar(MAX)" nullable="true" />
		<col name="Source" type="Char(1)" nullable="true" />
		<col name="MajorStatus" type="Int" nullable="true" />
		<col name="Status" type="Char(1)" nullable="true" />
		<col name="Resolution" type="Char(2)" nullable="true" />
		<col name="DuplicateStatus" type="Char(2)" nullable="true" />
		<col name="CampaignID" type="NVarChar(10)" nullable="true" />
		<col name="QualificationDate" type="DateTime" nullable="true" />
		<col name="AssignDate" type="DateTime" nullable="true" />
		<col name="ClassID" type="NVarChar(10)" nullable="true" />
		<col name="ParentBAccountID" type="Int" nullable="true" />
		<col name="IsConvertable" type="Bit" nullable="true" />
		<col name="GrammValidationDateTime" type="DateTime" />
		<col name="ConvertedBy" type="UniqueIdentifier" nullable="true" />
		<col name="ExtRefNbr" type="NVarChar(40)" nullable="true" />
		<col name="Synchronize" type="Bit" nullable="true" />
		<col name="PseudonymizationStatus" type="Int" nullable="true" default="Zero" />
		<col name="ConsentAgreement" type="Bit" nullable="true" default="Zero" />
		<col name="ConsentDate" type="SmallDateTime" nullable="true" />
		<col name="ConsentExpirationDate" type="SmallDateTime" nullable="true" />
		<col name="HubSpotID" type="Int" nullable="true" />
		<col name="NoteID" type="UniqueIdentifier" />
	</table>
	<rows>
		<row ContactID="1" BAccountID="1" ContactType="AP" FullName="Logic Automated LLC" DisplayName="" Attention="Aleks Jones, Managing Partner" EMail="aleks@logicautomated.com" WebSite="www.logicautomated.com" FaxType="BF" Phone1="800-323-5992" Phone1Type="B1" Phone2="847-434-6014" Phone2Type="B2" Phone3Type="H1" DefAddressID="27" IsActive="1" Method="A" CreatedByID="b5344897-037e-4d58-b5c3-1bdfd0f47bf9" CreatedByScreenID="CS102000" CreatedDateTime="2014-10-02 20:35:07.4" LastModifiedByID="b5344897-037e-4d58-b5c3-1bdfd0f47bf9" LastModifiedByScreenID="CS101500" LastModifiedDateTime="2019-12-03 17:38:43.697" RevisionID="2" DeletedDatabaseRecord="0" NoFax="0" NoMail="0" NoMarketing="0" NoCall="0" NoEMail="0" NoMassMail="0" MajorStatus="-2" DuplicateStatus="NV" AssignDate="2014-10-02 20:35:07.4" IsConvertable="0" GrammValidationDateTime="1900-01-01 00:00:00" Synchronize="1" PseudonymizationStatus="0" ConsentAgreement="0" NoteID="5c752988-064a-e411-b973-74d435e7799b" />
		<row ContactID="14" BAccountID="14" ContactType="AP" FullName="OfficeSuppliesCo" DisplayName="" FaxType="BF" Phone1Type="B1" Phone2Type="B2" Phone3Type="H1" DefAddressID="28" IsActive="1" Method="A" CreatedByID="b5344897-037e-4d58-b5c3-1bdfd0f47bf9" CreatedByScreenID="AP303000" CreatedDateTime="2014-10-22 23:49:44.167" LastModifiedByID="b5344897-037e-4d58-b5c3-1bdfd0f47bf9" LastModifiedByScreenID="AP303000" LastModifiedDateTime="2014-10-22 14:49:44.167" RevisionID="1" DeletedDatabaseRecord="0" NoFax="0" NoMail="0" NoMarketing="0" NoCall="0" NoEMail="0" NoMassMail="0" MajorStatus="-2" DuplicateStatus="NV" AssignDate="2014-10-22 14:49:00" IsConvertable="0" GrammValidationDateTime="1900-01-01 00:00:00" Synchronize="1" PseudonymizationStatus="0" ConsentAgreement="0" NoteID="49086c13-d959-e411-8568-74d435e7799b" />
		<row ContactID="15" BAccountID="15" ContactType="AP" FullName="UtilitiesCo" DisplayName="" FaxType="BF" Phone1Type="B1" Phone2Type="B2" Phone3Type="H1" DefAddressID="29" IsActive="1" Method="A" CreatedByID="b5344897-037e-4d58-b5c3-1bdfd0f47bf9" CreatedByScreenID="AP303000" CreatedDateTime="2014-10-22 23:49:58.953" LastModifiedByID="b5344897-037e-4d58-b5c3-1bdfd0f47bf9" LastModifiedByScreenID="AP303000" LastModifiedDateTime="2014-10-22 14:49:58.953" RevisionID="1" DeletedDatabaseRecord="0" NoFax="0" NoMail="0" NoMarketing="0" NoCall="0" NoEMail="0" NoMassMail="0" MajorStatus="-2" DuplicateStatus="NV" AssignDate="2014-10-22 14:50:00" IsConvertable="0" GrammValidationDateTime="1900-01-01 00:00:00" Synchronize="1" PseudonymizationStatus="0" ConsentAgreement="0" NoteID="53d0e622-d959-e411-8568-74d435e7799b" />
		<row ContactID="16" BAccountID="16" ContactType="AP" FullName="AdvertisingCo" DisplayName="" FaxType="BF" Phone1Type="B1" Phone2Type="B2" Phone3Type="H1" DefAddressID="30" IsActive="1" Method="A" CreatedByID="b5344897-037e-4d58-b5c3-1bdfd0f47bf9" CreatedByScreenID="AP303000" CreatedDateTime="2014-10-22 23:50:27.693" LastModifiedByID="b5344897-037e-4d58-b5c3-1bdfd0f47bf9" LastModifiedByScreenID="AP303000" LastModifiedDateTime="2014-10-22 14:50:27.693" RevisionID="1" DeletedDatabaseRecord="0" NoFax="0" NoMail="0" NoMarketing="0" NoCall="0" NoEMail="0" NoMassMail="0" MajorStatus="-2" DuplicateStatus="NV" AssignDate="2014-10-22 14:50:00" IsConvertable="0" GrammValidationDateTime="1900-01-01 00:00:00" Synchronize="1" PseudonymizationStatus="0" ConsentAgreement="0" NoteID="d29d1f31-d959-e411-8568-74d435e7799b" />
		<row ContactID="17" BAccountID="17" ContactType="AP" FullName="ServiceCo" DisplayName="" FaxType="BF" Phone1Type="B1" Phone2Type="B2" Phone3Type="H1" DefAddressID="31" IsActive="1" Method="A" CreatedByID="b5344897-037e-4d58-b5c3-1bdfd0f47bf9" CreatedByScreenID="AP303000" CreatedDateTime="2014-10-22 23:50:59.583" LastModifiedByID="b5344897-037e-4d58-b5c3-1bdfd0f47bf9" LastModifiedByScreenID="AP303000" LastModifiedDateTime="2014-10-22 14:50:59.583" RevisionID="1" DeletedDatabaseRecord="0" NoFax="0" NoMail="0" NoMarketing="0" NoCall="0" NoEMail="0" NoMassMail="0" MajorStatus="-2" DuplicateStatus="NV" AssignDate="2014-10-22 14:51:00" IsConvertable="0" GrammValidationDateTime="1900-01-01 00:00:00" Synchronize="1" PseudonymizationStatus="0" ConsentAgreement="0" NoteID="d767553d-d959-e411-8568-74d435e7799b" />
		<row ContactID="18" BAccountID="18" ContactType="AP" FullName="RegularCo" DisplayName="" FaxType="BF" Phone1Type="B1" Phone2Type="B2" Phone3Type="H1" DefAddressID="32" IsActive="1" Method="A" CreatedByID="b5344897-037e-4d58-b5c3-1bdfd0f47bf9" CreatedByScreenID="AR303000" CreatedDateTime="2014-11-05 23:31:31.493" LastModifiedByID="b5344897-037e-4d58-b5c3-1bdfd0f47bf9" LastModifiedByScreenID="AR303000" LastModifiedDateTime="2014-11-05 14:31:31.493" RevisionID="1" DeletedDatabaseRecord="0" NoFax="0" NoMail="0" NoMarketing="0" NoCall="0" NoEMail="0" NoMassMail="0" MajorStatus="-2" DuplicateStatus="NV" AssignDate="2014-11-05 14:31:00" IsConvertable="0" GrammValidationDateTime="1900-01-01 00:00:00" Synchronize="1" PseudonymizationStatus="0" ConsentAgreement="0" NoteID="7453913b-df64-e411-8774-74d435e7799b" />
		<row ContactID="19" BAccountID="19" ContactType="AP" FullName="GoodCo" DisplayName="" FaxType="BF" Phone1Type="B1" Phone2Type="B2" Phone3Type="H1" DefAddressID="33" IsActive="1" Method="A" CreatedByID="b5344897-037e-4d58-b5c3-1bdfd0f47bf9" CreatedByScreenID="AR303000" CreatedDateTime="2014-11-05 23:31:57.213" LastModifiedByID="b5344897-037e-4d58-b5c3-1bdfd0f47bf9" LastModifiedByScreenID="AR303000" LastModifiedDateTime="2014-11-05 14:31:57.213" RevisionID="1" DeletedDatabaseRecord="0" NoFax="0" NoMail="0" NoMarketing="0" NoCall="0" NoEMail="0" NoMassMail="0" MajorStatus="-2" DuplicateStatus="NV" AssignDate="2014-11-05 14:32:00" IsConvertable="0" GrammValidationDateTime="1900-01-01 00:00:00" Synchronize="1" PseudonymizationStatus="0" ConsentAgreement="0" NoteID="88b92c4d-df64-e411-8774-74d435e7799b" />
		<row ContactID="20" BAccountID="20" ContactType="AP" FullName="EarlyCo" DisplayName="" FaxType="BF" Phone1Type="B1" Phone2Type="B2" Phone3Type="H1" DefAddressID="34" IsActive="1" Method="A" CreatedByID="b5344897-037e-4d58-b5c3-1bdfd0f47bf9" CreatedByScreenID="AR303000" CreatedDateTime="2014-11-05 23:32:15.007" LastModifiedByID="b5344897-037e-4d58-b5c3-1bdfd0f47bf9" LastModifiedByScreenID="AR303000" LastModifiedDateTime="2014-11-05 14:32:15.007" RevisionID="1" DeletedDatabaseRecord="0" NoFax="0" NoMail="0" NoMarketing="0" NoCall="0" NoEMail="0" NoMassMail="0" MajorStatus="-2" DuplicateStatus="NV" AssignDate="2014-11-05 14:32:00" IsConvertable="0" GrammValidationDateTime="1900-01-01 00:00:00" Synchronize="1" PseudonymizationStatus="0" ConsentAgreement="0" NoteID="ec03385d-df64-e411-8774-74d435e7799b" />
		<row ContactID="21" BAccountID="21" ContactType="AP" FullName="LateCo" DisplayName="" FaxType="BF" Phone1Type="B1" Phone2Type="B2" Phone3Type="H1" DefAddressID="35" IsActive="1" Method="A" CreatedByID="b5344897-037e-4d58-b5c3-1bdfd0f47bf9" CreatedByScreenID="AR303000" CreatedDateTime="2014-11-05 23:32:46.213" LastModifiedByID="b5344897-037e-4d58-b5c3-1bdfd0f47bf9" LastModifiedByScreenID="AR303000" LastModifiedDateTime="2014-11-05 14:32:46.213" RevisionID="1" DeletedDatabaseRecord="0" NoFax="0" NoMail="0" NoMarketing="0" NoCall="0" NoEMail="0" NoMassMail="0" MajorStatus="-2" DuplicateStatus="NV" AssignDate="2014-11-05 14:32:00" IsConvertable="0" GrammValidationDateTime="1900-01-01 00:00:00" Synchronize="1" PseudonymizationStatus="0" ConsentAgreement="0" NoteID="8950a766-df64-e411-8774-74d435e7799b" />
		<row ContactID="23" BAccountID="1" ContactType="EP" FullName="Egan, Greg" DisplayName="Egan, Greg" FirstName="Greg" LastName="Egan" EMail="administrator@acumatica.com" FaxType="HF" Phone1Type="H1" Phone2Type="C" Phone3Type="B1" DefAddressID="23" IsActive="1" Method="A" CreatedByID="b5344897-037e-4d58-b5c3-1bdfd0f47bf9" CreatedByScreenID="EP203000" CreatedDateTime="2015-04-23 02:18:03.34" LastModifiedByID="b5344897-037e-4d58-b5c3-1bdfd0f47bf9" LastModifiedByScreenID="EP203000" LastModifiedDateTime="2015-06-10 09:13:58.04" RevisionID="3" DeletedDatabaseRecord="1" NoFax="0" NoMail="0" NoMarketing="0" NoCall="0" NoEMail="0" NoMassMail="0" MajorStatus="-2" DuplicateStatus="NV" AssignDate="2015-04-22 17:18:00" IsConvertable="0" GrammValidationDateTime="1900-01-01 00:00:00" Synchronize="1" PseudonymizationStatus="0" ConsentAgreement="0" NoteID="3fbf89d7-f9e8-e411-b599-60a44caf73d6" />
		<row ContactID="24" BAccountID="1" ContactType="EP" FullName="Andrews, Michael" DisplayName="Andrews, Michael" Salutation="Sales Person" Attention="Sales Person" FirstName="Michael" LastName="Andrews" EMail="administrator@mycompany.com" FaxType="HF" Phone1Type="H1" Phone2Type="C" Phone3Type="B1" DefAddressID="24" IsActive="1" UserID="b5344897-037e-4d58-b5c3-1bdfd0f47bf9" Method="A" CreatedByID="b5344897-037e-4d58-b5c3-1bdfd0f47bf9" CreatedByScreenID="EP203000" CreatedDateTime="2015-06-10 18:16:47.637" LastModifiedByID="b5344897-037e-4d58-b5c3-1bdfd0f47bf9" LastModifiedByScreenID="SM201010" LastModifiedDateTime="2015-06-10 09:22:38.917" RevisionID="2" DeletedDatabaseRecord="0" NoFax="0" NoMail="0" NoMarketing="0" NoCall="0" NoEMail="0" NoMassMail="0" MajorStatus="-2" DuplicateStatus="NV" AssignDate="2015-06-10 09:17:00" IsConvertable="0" GrammValidationDateTime="1900-01-01 00:00:00" Synchronize="1" PseudonymizationStatus="0" ConsentAgreement="0" NoteID="5c65e02f-380f-e511-8877-60a44caf73d6" />
		<row ContactID="25" BAccountID="1" ContactType="EP" FullName="Chubb, David" DisplayName="Chubb, David" FirstName="David" LastName="Chubb" EMail="dchubb@mycompany.com" FaxType="HF" Phone1Type="H1" Phone2Type="C" Phone3Type="B1" DefAddressID="25" IsActive="1" UserID="036e3039-2918-4be7-83ff-bb7dbb49844f" Method="A" CreatedByID="b5344897-037e-4d58-b5c3-1bdfd0f47bf9" CreatedByScreenID="EP203000" CreatedDateTime="2015-06-10 18:19:07.163" LastModifiedByID="b5344897-037e-4d58-b5c3-1bdfd0f47bf9" LastModifiedByScreenID="SM201010" LastModifiedDateTime="2015-06-19 04:52:13.04" RevisionID="6" DeletedDatabaseRecord="0" NoFax="0" NoMail="0" NoMarketing="0" NoCall="0" NoEMail="0" NoMassMail="0" MajorStatus="-2" DuplicateStatus="NV" AssignDate="2015-06-10 09:19:00" IsConvertable="0" GrammValidationDateTime="1900-01-01 00:00:00" Synchronize="1" PseudonymizationStatus="0" ConsentAgreement="0" NoteID="e1602853-380f-e511-8877-60a44caf73d6" />
		<row ContactID="26" BAccountID="1" ContactType="EP" FullName="Johnson, Anna" DisplayName="Johnson, Anna" FirstName="Anna" LastName="Johnson" EMail="ajohnson@mycompany.com" FaxType="HF" Phone1Type="H1" Phone2Type="C" Phone3Type="B1" DefAddressID="26" IsActive="1" UserID="c13692ca-8131-476a-b528-3951b8e9e422" Method="A" CreatedByID="b5344897-037e-4d58-b5c3-1bdfd0f47bf9" CreatedByScreenID="EP203000" CreatedDateTime="2015-06-10 18:20:00.84" LastModifiedByID="b5344897-037e-4d58-b5c3-1bdfd0f47bf9" LastModifiedByScreenID="SM201010" LastModifiedDateTime="2015-06-10 09:23:38.503" RevisionID="4" DeletedDatabaseRecord="0" NoFax="0" NoMail="0" NoMarketing="0" NoCall="0" NoEMail="0" NoMassMail="0" MajorStatus="-2" DuplicateStatus="NV" AssignDate="2015-06-10 09:20:00" IsConvertable="0" GrammValidationDateTime="1900-01-01 00:00:00" Synchronize="1" PseudonymizationStatus="0" ConsentAgreement="0" NoteID="dc3044a3-380f-e511-8877-60a44caf73d6" />
		<row ContactID="27" BAccountID="27" ContactType="AP" FullName="Jones Test" DisplayName="" FaxType="BF" Phone1Type="B1" Phone2Type="C" Phone3Type="H1" IsActive="1" Method="A" CreatedByID="b5344897-037e-4d58-b5c3-1bdfd0f47bf9" CreatedByScreenID="AR303000" CreatedDateTime="2019-12-02 20:06:39.643" LastModifiedByID="b5344897-037e-4d58-b5c3-1bdfd0f47bf9" LastModifiedByScreenID="AR303000" LastModifiedDateTime="2019-12-02 20:06:39.643" RevisionID="1" DeletedDatabaseRecord="0" NoFax="0" NoMail="0" NoMarketing="0" NoCall="0" NoEMail="0" NoMassMail="0" MajorStatus="-2" DuplicateStatus="NV" AssignDate="2019-12-02 20:06:33.207" IsConvertable="0" GrammValidationDateTime="1900-01-01 00:00:00" Synchronize="1" PseudonymizationStatus="0" ConsentAgreement="0" NoteID="fa4e9582-7115-ea11-a6ec-9cb6d0c82c0c" />
		<row ContactID="29" BAccountID="29" ContactType="AP" FullName="Stub External Tax Reporter" DisplayName="" FaxType="BF" Phone1Type="B1" Phone2Type="C" Phone3Type="H1" IsActive="1" Method="A" CreatedByID="b5344897-037e-4d58-b5c3-1bdfd0f47bf9" CreatedByScreenID="AP303000" CreatedDateTime="2019-12-04 09:43:17.47" LastModifiedByID="b5344897-037e-4d58-b5c3-1bdfd0f47bf9" LastModifiedByScreenID="AP303000" LastModifiedDateTime="2019-12-04 09:50:31.613" RevisionID="2" DeletedDatabaseRecord="0" NoFax="0" NoMail="0" NoMarketing="0" NoCall="0" NoEMail="0" NoMassMail="0" MajorStatus="-2" DuplicateStatus="NV" AssignDate="2019-12-04 09:43:17.47" IsConvertable="0" GrammValidationDateTime="1900-01-01 00:00:00" Synchronize="1" PseudonymizationStatus="0" ConsentAgreement="0" NoteID="4393f6b1-ac16-ea11-a6ed-9cb6d0c82c0c" />
		<row ContactID="30" BAccountID="30" ContactType="AP" FullName="Aleks Jones" DisplayName="Jones, Aleks" FirstName="Aleks" LastName="Jones" EMail="aleks@logicautomated.com" FaxType="BF" Phone1Type="B1" Phone2Type="C" Phone3Type="H1" IsActive="1" Method="A" CreatedByID="b5344897-037e-4d58-b5c3-1bdfd0f47bf9" CreatedByScreenID="AR303000" CreatedDateTime="2019-12-04 18:55:00.8" LastModifiedByID="b5344897-037e-4d58-b5c3-1bdfd0f47bf9" LastModifiedByScreenID="AR303000" LastModifiedDateTime="2020-01-16 17:00:24.28" RevisionID="4" DeletedDatabaseRecord="0" NoFax="0" NoMail="0" NoMarketing="0" NoCall="0" NoEMail="0" NoMassMail="0" MajorStatus="-2" DuplicateStatus="NV" AssignDate="2019-12-04 18:55:00.8" IsConvertable="0" GrammValidationDateTime="1900-01-01 00:00:00" Synchronize="1" PseudonymizationStatus="0" ConsentAgreement="0" NoteID="38b490dc-f916-ea11-a6ed-9cb6d0c82c0c" />
		<row ContactID="31" BAccountID="31" ContactType="AP" FullName="Carlotta King" DisplayName="King, Carlotta" FirstName="Carlotta" LastName="King" EMail="Dayna.Christiansen@logicautomated.com" FaxType="BF" Phone1Type="B1" Phone2Type="C" Phone3Type="H1" IsActive="1" Method="A" CreatedByID="b5344897-037e-4d58-b5c3-1bdfd0f47bf9" CreatedByScreenID="AR303000" CreatedDateTime="2020-01-16 09:17:45.177" LastModifiedByID="b5344897-037e-4d58-b5c3-1bdfd0f47bf9" LastModifiedByScreenID="AR303000" LastModifiedDateTime="2020-01-16 17:00:36.993" RevisionID="2" DeletedDatabaseRecord="0" NoFax="0" NoMail="0" NoMarketing="0" NoCall="0" NoEMail="0" NoMassMail="0" MajorStatus="-2" DuplicateStatus="NV" AssignDate="2020-01-16 09:17:45.177" IsConvertable="0" GrammValidationDateTime="1900-01-01 00:00:00" Synchronize="1" PseudonymizationStatus="0" ConsentAgreement="0" NoteID="0e52f357-7338-ea11-a6f3-9cb6d0c82c0c" />
		<row ContactID="32" BAccountID="32" ContactType="AP" FullName="Antonio O'Connell" DisplayName="O'Connell, Antonio" FirstName="Antonio" LastName="O'Connell" EMail="Kaylin.Senger@logicautomated.com" FaxType="BF" Phone1Type="B1" Phone2Type="C" Phone3Type="H1" IsActive="1" Method="A" CreatedByID="b5344897-037e-4d58-b5c3-1bdfd0f47bf9" CreatedByScreenID="AR303000" CreatedDateTime="2020-01-16 09:17:45.793" LastModifiedByID="b5344897-037e-4d58-b5c3-1bdfd0f47bf9" LastModifiedByScreenID="AR303000" LastModifiedDateTime="2020-01-16 09:17:45.793" RevisionID="1" DeletedDatabaseRecord="0" NoFax="0" NoMail="0" NoMarketing="0" NoCall="0" NoEMail="0" NoMassMail="0" MajorStatus="-2" DuplicateStatus="NV" AssignDate="2020-01-16 09:17:45.723" IsConvertable="0" GrammValidationDateTime="1900-01-01 00:00:00" Synchronize="1" PseudonymizationStatus="0" ConsentAgreement="0" NoteID="2352f357-7338-ea11-a6f3-9cb6d0c82c0c" />
	</rows>
</data>