﻿<?xml version="1.0" encoding="utf-8"?>
<data>
	<table name="CSBox">
		<col name="CompanyID" type="Int" default="Zero" />
		<col name="BoxID" type="NVarChar(15)" />
		<col name="MaxWeight" type="Decimal(15,6)" />
		<col name="BoxWeight" type="Decimal(15,6)" />
		<col name="MaxVolume" type="Decimal(15,6)" />
		<col name="Length" type="Int" nullable="true" />
		<col name="Width" type="Int" nullable="true" />
		<col name="Height" type="Int" nullable="true" />
		<col name="Description" type="NVarChar(255)" nullable="true" />
		<col name="ActiveByDefault" type="Bit" />
		<col name="CarrierBox" type="NVarChar(60)" nullable="true" />
		<col name="tstamp" type="Timestamp" />
		<col name="CreatedByID" type="UniqueIdentifier" />
		<col name="CreatedByScreenID" type="Char(8)" />
		<col name="CreatedDateTime" type="DateTime" />
		<col name="LastModifiedByID" type="UniqueIdentifier" />
		<col name="LastModifiedByScreenID" type="Char(8)" />
		<col name="LastModifiedDateTime" type="DateTime" />
	</table>
	<rows>
		<row BoxID="JONESREGIONA" MaxWeight="800.000000" BoxWeight="0.500000" MaxVolume="0.000000" Description="Jones Regional Rate &quot;A&quot;" ActiveByDefault="0" CreatedByID="b5344897-037e-4d58-b5c3-1bdfd0f47bf9" CreatedByScreenID="CS207600" CreatedDateTime="2019-12-18 10:34:47.987" LastModifiedByID="b5344897-037e-4d58-b5c3-1bdfd0f47bf9" LastModifiedByScreenID="CS207600" LastModifiedDateTime="2019-12-18 10:35:00.377" />
	</rows>
</data>