﻿<?xml version="1.0" encoding="utf-8"?>
<data>
	<table name="CSCalendar">
		<col name="CompanyID" type="Int" default="Zero" />
		<col name="CalendarID" type="NVarChar(10)" />
		<col name="Description" type="NVarChar(60)" nullable="true" />
		<col name="SunWorkDay" type="Bit" />
		<col name="SunStartTime" type="SmallDateTime" nullable="true" />
		<col name="SunEndTime" type="SmallDateTime" nullable="true" />
		<col name="SunGoodsMoves" type="Bit" />
		<col name="MonWorkDay" type="Bit" />
		<col name="MonStartTime" type="SmallDateTime" nullable="true" />
		<col name="MonEndTime" type="SmallDateTime" nullable="true" />
		<col name="MonGoodsMoves" type="Bit" />
		<col name="TueWorkDay" type="Bit" />
		<col name="TueStartTime" type="SmallDateTime" nullable="true" />
		<col name="TueEndTime" type="SmallDateTime" nullable="true" />
		<col name="TueGoodsMoves" type="Bit" />
		<col name="WedWorkDay" type="Bit" />
		<col name="WedStartTime" type="SmallDateTime" nullable="true" />
		<col name="WedEndTime" type="SmallDateTime" nullable="true" />
		<col name="WedGoodsMoves" type="Bit" />
		<col name="ThuWorkDay" type="Bit" />
		<col name="ThuStartTime" type="SmallDateTime" nullable="true" />
		<col name="ThuEndTime" type="SmallDateTime" nullable="true" />
		<col name="ThuGoodsMoves" type="Bit" />
		<col name="FriWorkDay" type="Bit" />
		<col name="FriStartTime" type="SmallDateTime" nullable="true" />
		<col name="FriEndTime" type="SmallDateTime" nullable="true" />
		<col name="FriGoodsMoves" type="Bit" />
		<col name="SatWorkDay" type="Bit" />
		<col name="SatStartTime" type="SmallDateTime" nullable="true" />
		<col name="SatEndTime" type="SmallDateTime" nullable="true" />
		<col name="SatGoodsMoves" type="Bit" />
		<col name="TimeZone" type="NVarChar(10)" nullable="true" />
	</table>
	<rows>
		<row CalendarID="MAIN" Description="Main calendar" SunWorkDay="0" SunGoodsMoves="0" MonWorkDay="1" MonStartTime="1900-01-01 09:00:00" MonEndTime="1900-01-01 18:00:00" MonGoodsMoves="0" TueWorkDay="1" TueStartTime="1900-01-01 09:00:00" TueEndTime="1900-01-01 18:00:00" TueGoodsMoves="0" WedWorkDay="1" WedStartTime="1900-01-01 09:00:00" WedEndTime="1900-01-01 18:00:00" WedGoodsMoves="0" ThuWorkDay="1" ThuStartTime="1900-01-01 09:00:00" ThuEndTime="1900-01-01 18:00:00" ThuGoodsMoves="0" FriWorkDay="1" FriStartTime="1900-01-01 09:00:00" FriEndTime="1900-01-01 18:00:00" FriGoodsMoves="0" SatWorkDay="0" SatGoodsMoves="0" />
	</rows>
</data>