﻿<?xml version="1.0" encoding="utf-8"?>
<data>
	<table name="Currency">
		<col name="CompanyID" type="Int" default="Zero" />
		<col name="CuryID" type="NVarChar(5)" />
		<col name="RealGainAcctID" type="Int" nullable="true" />
		<col name="RealGainSubID" type="Int" nullable="true" />
		<col name="RealLossAcctID" type="Int" nullable="true" />
		<col name="RealLossSubID" type="Int" nullable="true" />
		<col name="RevalGainAcctID" type="Int" nullable="true" />
		<col name="RevalGainSubID" type="Int" nullable="true" />
		<col name="RevalLossAcctID" type="Int" nullable="true" />
		<col name="RevalLossSubID" type="Int" nullable="true" />
		<col name="ARProvAcctID" type="Int" nullable="true" />
		<col name="ARProvSubID" type="Int" nullable="true" />
		<col name="APProvAcctID" type="Int" nullable="true" />
		<col name="APProvSubID" type="Int" nullable="true" />
		<col name="TranslationGainAcctID" type="Int" nullable="true" />
		<col name="TranslationGainSubID" type="Int" nullable="true" />
		<col name="TranslationLossAcctID" type="Int" nullable="true" />
		<col name="TranslationLossSubID" type="Int" nullable="true" />
		<col name="UnrealizedGainAcctID" type="Int" nullable="true" />
		<col name="UnrealizedGainSubID" type="Int" nullable="true" />
		<col name="UnrealizedLossAcctID" type="Int" nullable="true" />
		<col name="UnrealizedLossSubID" type="Int" nullable="true" />
		<col name="RoundingGainAcctID" type="Int" nullable="true" />
		<col name="RoundingGainSubID" type="Int" nullable="true" />
		<col name="RoundingLossAcctID" type="Int" nullable="true" />
		<col name="RoundingLossSubID" type="Int" nullable="true" />
		<col name="UseARPreferencesSettings" type="Bit" />
		<col name="ARInvoiceRounding" type="Char(1)" />
		<col name="ARInvoicePrecision" type="Decimal(19,4)" />
		<col name="UseAPPreferencesSettings" type="Bit" />
		<col name="APInvoiceRounding" type="Char(1)" />
		<col name="APInvoicePrecision" type="Decimal(19,4)" />
		<col name="tstamp" type="Timestamp" />
		<col name="CreatedByID" type="UniqueIdentifier" />
		<col name="CreatedByScreenID" type="Char(8)" />
		<col name="CreatedDateTime" type="DateTime" />
		<col name="LastModifiedByID" type="UniqueIdentifier" />
		<col name="LastModifiedByScreenID" type="Char(8)" />
		<col name="LastModifiedDateTime" type="DateTime" />
		<col name="DeletedDatabaseRecord" type="Bit" default="Zero" />
		<col name="NoteID" type="UniqueIdentifier" nullable="true" />
	</table>
	<rows>
		<row CuryID="USD" ARProvSubID="1" APProvSubID="1" UseARPreferencesSettings="1" ARInvoiceRounding="N" ARInvoicePrecision="0.0500" UseAPPreferencesSettings="1" APInvoiceRounding="N" APInvoicePrecision="0.0500" CreatedByID="b5344897-037e-4d58-b5c3-1bdfd0f47bf9" CreatedByScreenID="CS102000" CreatedDateTime="2014-10-02 11:35:07.447" LastModifiedByID="b5344897-037e-4d58-b5c3-1bdfd0f47bf9" LastModifiedByScreenID="CS102000" LastModifiedDateTime="2014-10-02 11:35:07.447" DeletedDatabaseRecord="0" NoteID="16ebcd92-064a-e411-b973-74d435e7799b" />
	</rows>
</data>