﻿<?xml version="1.0" encoding="utf-8"?>
<data>
	<table name="CurrencyList">
		<col name="CompanyID" type="Int" default="Zero" />
		<col name="CuryID" type="NVarChar(5)" />
		<col name="Description" type="NVarChar(60)" nullable="true" />
		<col name="CurySymbol" type="NVarChar(10)" nullable="true" />
		<col name="CuryCaption" type="NVarChar(15)" nullable="true" />
		<col name="DecimalPlaces" type="SmallInt" nullable="true" />
		<col name="IsActive" type="Bit" default="Zero" />
		<col name="IsFinancial" type="Bit" default="Zero" />
		<col name="CompanyMask" type="VarBinary(32)" default="CompanyMaskReadOnly" />
		<col name="tstamp" type="Timestamp" />
		<col name="CreatedByID" type="UniqueIdentifier" />
		<col name="CreatedByScreenID" type="Char(8)" />
		<col name="CreatedDateTime" type="DateTime" />
		<col name="LastModifiedByID" type="UniqueIdentifier" />
		<col name="LastModifiedByScreenID" type="Char(8)" />
		<col name="LastModifiedDateTime" type="DateTime" />
		<col name="DeletedDatabaseRecord" type="Bit" default="Zero" />
	</table>
	<rows>
		<row CuryID="USD" Description="United States Dollar" CurySymbol="$" DecimalPlaces="2" IsActive="1" IsFinancial="1" CreatedByID="b5344897-037e-4d58-b5c3-1bdfd0f47bf9" CreatedByScreenID="CS102000" CreatedDateTime="2014-10-02 11:35:07.443" LastModifiedByID="b5344897-037e-4d58-b5c3-1bdfd0f47bf9" LastModifiedByScreenID="CS102000" LastModifiedDateTime="2014-10-02 11:35:07.443" DeletedDatabaseRecord="0" />
	</rows>
</data>