﻿<?xml version="1.0" encoding="utf-8"?>
<data>
	<table name="CuryARHistory">
		<col name="CompanyID" type="Int" default="Zero" />
		<col name="BranchID" type="Int" />
		<col name="AccountID" type="Int" />
		<col name="SubID" type="Int" />
		<col name="CuryID" type="NVarChar(5)" />
		<col name="CustomerID" type="Int" />
		<col name="FinBegBalance" type="Decimal(19,4)" />
		<col name="FinPtdSales" type="Decimal(19,4)" />
		<col name="FinPtdPayments" type="Decimal(19,4)" />
		<col name="FinPtdDrAdjustments" type="Decimal(19,4)" />
		<col name="FinPtdCrAdjustments" type="Decimal(19,4)" />
		<col name="FinPtdDiscounts" type="Decimal(19,4)" />
		<col name="FinPtdCOGS" type="Decimal(19,4)" />
		<col name="FinPtdRGOL" type="Decimal(19,4)" />
		<col name="FinPtdFinCharges" type="Decimal(19,4)" />
		<col name="FinYtdBalance" type="Decimal(19,4)" />
		<col name="FinPtdDeposits" type="Decimal(19,4)" />
		<col name="FinYtdDeposits" type="Decimal(19,4)" />
		<col name="TranBegBalance" type="Decimal(19,4)" />
		<col name="TranPtdSales" type="Decimal(19,4)" />
		<col name="TranPtdPayments" type="Decimal(19,4)" />
		<col name="TranPtdDrAdjustments" type="Decimal(19,4)" />
		<col name="TranPtdCrAdjustments" type="Decimal(19,4)" />
		<col name="TranPtdDiscounts" type="Decimal(19,4)" />
		<col name="TranPtdRGOL" type="Decimal(19,4)" />
		<col name="TranPtdCOGS" type="Decimal(19,4)" />
		<col name="TranPtdFinCharges" type="Decimal(19,4)" />
		<col name="TranYtdBalance" type="Decimal(19,4)" />
		<col name="TranPtdDeposits" type="Decimal(19,4)" />
		<col name="TranYtdDeposits" type="Decimal(19,4)" />
		<col name="CuryFinBegBalance" type="Decimal(19,4)" />
		<col name="CuryFinPtdSales" type="Decimal(19,4)" />
		<col name="CuryFinPtdPayments" type="Decimal(19,4)" />
		<col name="CuryFinPtdDrAdjustments" type="Decimal(19,4)" />
		<col name="CuryFinPtdCrAdjustments" type="Decimal(19,4)" />
		<col name="CuryFinPtdDiscounts" type="Decimal(19,4)" />
		<col name="CuryFinPtdFinCharges" type="Decimal(19,4)" />
		<col name="CuryFinYtdBalance" type="Decimal(19,4)" />
		<col name="CuryFinPtdDeposits" type="Decimal(19,4)" />
		<col name="CuryFinYtdDeposits" type="Decimal(19,4)" />
		<col name="CuryTranBegBalance" type="Decimal(19,4)" />
		<col name="CuryTranPtdSales" type="Decimal(19,4)" />
		<col name="CuryTranPtdPayments" type="Decimal(19,4)" />
		<col name="CuryTranPtdDrAdjustments" type="Decimal(19,4)" />
		<col name="CuryTranPtdCrAdjustments" type="Decimal(19,4)" />
		<col name="CuryTranPtdDiscounts" type="Decimal(19,4)" />
		<col name="CuryTranPtdFinCharges" type="Decimal(19,4)" />
		<col name="CuryTranYtdBalance" type="Decimal(19,4)" />
		<col name="CuryTranPtdDeposits" type="Decimal(19,4)" />
		<col name="CuryTranYtdDeposits" type="Decimal(19,4)" />
		<col name="tstamp" type="Timestamp" />
		<col name="DetDeleted" type="Bit" default="Zero" />
		<col name="FinPeriodID" type="Char(6)" />
		<col name="FinPtdRevalued" type="Decimal(19,4)" />
		<col name="CuryFinPtdRetainageWithheld" type="Decimal(19,4)" default="Zero" />
		<col name="FinPtdRetainageWithheld" type="Decimal(19,4)" default="Zero" />
		<col name="CuryTranPtdRetainageWithheld" type="Decimal(19,4)" default="Zero" />
		<col name="TranPtdRetainageWithheld" type="Decimal(19,4)" default="Zero" />
		<col name="CuryFinYtdRetainageWithheld" type="Decimal(19,4)" default="Zero" />
		<col name="FinYtdRetainageWithheld" type="Decimal(19,4)" default="Zero" />
		<col name="CuryTranYtdRetainageWithheld" type="Decimal(19,4)" default="Zero" />
		<col name="TranYtdRetainageWithheld" type="Decimal(19,4)" default="Zero" />
		<col name="CuryFinPtdRetainageReleased" type="Decimal(19,4)" default="Zero" />
		<col name="FinPtdRetainageReleased" type="Decimal(19,4)" default="Zero" />
		<col name="CuryTranPtdRetainageReleased" type="Decimal(19,4)" default="Zero" />
		<col name="TranPtdRetainageReleased" type="Decimal(19,4)" default="Zero" />
		<col name="CuryFinYtdRetainageReleased" type="Decimal(19,4)" default="Zero" />
		<col name="FinYtdRetainageReleased" type="Decimal(19,4)" default="Zero" />
		<col name="CuryTranYtdRetainageReleased" type="Decimal(19,4)" default="Zero" />
		<col name="TranYtdRetainageReleased" type="Decimal(19,4)" default="Zero" />
	</table>
	<rows>
		<row BranchID="1" AccountID="40" SubID="1" CuryID="USD" CustomerID="18" FinBegBalance="0.0000" FinPtdSales="1000.0000" FinPtdPayments="500.0000" FinPtdDrAdjustments="0.0000" FinPtdCrAdjustments="0.0000" FinPtdDiscounts="0.0000" FinPtdCOGS="0.0000" FinPtdRGOL="0.0000" FinPtdFinCharges="0.0000" FinYtdBalance="500.0000" FinPtdDeposits="0.0000" FinYtdDeposits="0.0000" TranBegBalance="0.0000" TranPtdSales="1000.0000" TranPtdPayments="500.0000" TranPtdDrAdjustments="0.0000" TranPtdCrAdjustments="0.0000" TranPtdDiscounts="0.0000" TranPtdRGOL="0.0000" TranPtdCOGS="0.0000" TranPtdFinCharges="0.0000" TranYtdBalance="500.0000" TranPtdDeposits="0.0000" TranYtdDeposits="0.0000" CuryFinBegBalance="0.0000" CuryFinPtdSales="1000.0000" CuryFinPtdPayments="500.0000" CuryFinPtdDrAdjustments="0.0000" CuryFinPtdCrAdjustments="0.0000" CuryFinPtdDiscounts="0.0000" CuryFinPtdFinCharges="0.0000" CuryFinYtdBalance="500.0000" CuryFinPtdDeposits="0.0000" CuryFinYtdDeposits="0.0000" CuryTranBegBalance="0.0000" CuryTranPtdSales="1000.0000" CuryTranPtdPayments="500.0000" CuryTranPtdDrAdjustments="0.0000" CuryTranPtdCrAdjustments="0.0000" CuryTranPtdDiscounts="0.0000" CuryTranPtdFinCharges="0.0000" CuryTranYtdBalance="500.0000" CuryTranPtdDeposits="0.0000" CuryTranYtdDeposits="0.0000" DetDeleted="0" FinPeriodID="201402" FinPtdRevalued="0.0000" CuryFinPtdRetainageWithheld="0.0000" FinPtdRetainageWithheld="0.0000" CuryTranPtdRetainageWithheld="0.0000" TranPtdRetainageWithheld="0.0000" CuryFinYtdRetainageWithheld="0.0000" FinYtdRetainageWithheld="0.0000" CuryTranYtdRetainageWithheld="0.0000" TranYtdRetainageWithheld="0.0000" CuryFinPtdRetainageReleased="0.0000" FinPtdRetainageReleased="0.0000" CuryTranPtdRetainageReleased="0.0000" TranPtdRetainageReleased="0.0000" CuryFinYtdRetainageReleased="0.0000" FinYtdRetainageReleased="0.0000" CuryTranYtdRetainageReleased="0.0000" TranYtdRetainageReleased="0.0000" />
		<row BranchID="1" AccountID="40" SubID="1" CuryID="USD" CustomerID="18" FinBegBalance="500.0000" FinPtdSales="60.0000" FinPtdPayments="570.0000" FinPtdDrAdjustments="70.0000" FinPtdCrAdjustments="0.0000" FinPtdDiscounts="0.0000" FinPtdCOGS="0.0000" FinPtdRGOL="0.0000" FinPtdFinCharges="0.0000" FinYtdBalance="60.0000" FinPtdDeposits="0.0000" FinYtdDeposits="0.0000" TranBegBalance="500.0000" TranPtdSales="60.0000" TranPtdPayments="570.0000" TranPtdDrAdjustments="70.0000" TranPtdCrAdjustments="0.0000" TranPtdDiscounts="0.0000" TranPtdRGOL="0.0000" TranPtdCOGS="0.0000" TranPtdFinCharges="0.0000" TranYtdBalance="60.0000" TranPtdDeposits="0.0000" TranYtdDeposits="0.0000" CuryFinBegBalance="500.0000" CuryFinPtdSales="60.0000" CuryFinPtdPayments="570.0000" CuryFinPtdDrAdjustments="70.0000" CuryFinPtdCrAdjustments="0.0000" CuryFinPtdDiscounts="0.0000" CuryFinPtdFinCharges="0.0000" CuryFinYtdBalance="60.0000" CuryFinPtdDeposits="0.0000" CuryFinYtdDeposits="0.0000" CuryTranBegBalance="500.0000" CuryTranPtdSales="60.0000" CuryTranPtdPayments="570.0000" CuryTranPtdDrAdjustments="70.0000" CuryTranPtdCrAdjustments="0.0000" CuryTranPtdDiscounts="0.0000" CuryTranPtdFinCharges="0.0000" CuryTranYtdBalance="60.0000" CuryTranPtdDeposits="0.0000" CuryTranYtdDeposits="0.0000" DetDeleted="0" FinPeriodID="201403" FinPtdRevalued="0.0000" CuryFinPtdRetainageWithheld="0.0000" FinPtdRetainageWithheld="0.0000" CuryTranPtdRetainageWithheld="0.0000" TranPtdRetainageWithheld="0.0000" CuryFinYtdRetainageWithheld="0.0000" FinYtdRetainageWithheld="0.0000" CuryTranYtdRetainageWithheld="0.0000" TranYtdRetainageWithheld="0.0000" CuryFinPtdRetainageReleased="0.0000" FinPtdRetainageReleased="0.0000" CuryTranPtdRetainageReleased="0.0000" TranPtdRetainageReleased="0.0000" CuryFinYtdRetainageReleased="0.0000" FinYtdRetainageReleased="0.0000" CuryTranYtdRetainageReleased="0.0000" TranYtdRetainageReleased="0.0000" />
		<row BranchID="1" AccountID="40" SubID="1" CuryID="USD" CustomerID="18" FinBegBalance="60.0000" FinPtdSales="0.0000" FinPtdPayments="59.9000" FinPtdDrAdjustments="0.0000" FinPtdCrAdjustments="0.1000" FinPtdDiscounts="0.0000" FinPtdCOGS="0.0000" FinPtdRGOL="0.0000" FinPtdFinCharges="0.0000" FinYtdBalance="0.0000" FinPtdDeposits="0.0000" FinYtdDeposits="0.0000" TranBegBalance="60.0000" TranPtdSales="0.0000" TranPtdPayments="59.9000" TranPtdDrAdjustments="0.0000" TranPtdCrAdjustments="0.1000" TranPtdDiscounts="0.0000" TranPtdRGOL="0.0000" TranPtdCOGS="0.0000" TranPtdFinCharges="0.0000" TranYtdBalance="0.0000" TranPtdDeposits="0.0000" TranYtdDeposits="0.0000" CuryFinBegBalance="60.0000" CuryFinPtdSales="0.0000" CuryFinPtdPayments="59.9000" CuryFinPtdDrAdjustments="0.0000" CuryFinPtdCrAdjustments="0.1000" CuryFinPtdDiscounts="0.0000" CuryFinPtdFinCharges="0.0000" CuryFinYtdBalance="0.0000" CuryFinPtdDeposits="0.0000" CuryFinYtdDeposits="0.0000" CuryTranBegBalance="60.0000" CuryTranPtdSales="0.0000" CuryTranPtdPayments="59.9000" CuryTranPtdDrAdjustments="0.0000" CuryTranPtdCrAdjustments="0.1000" CuryTranPtdDiscounts="0.0000" CuryTranPtdFinCharges="0.0000" CuryTranYtdBalance="0.0000" CuryTranPtdDeposits="0.0000" CuryTranYtdDeposits="0.0000" DetDeleted="0" FinPeriodID="201404" FinPtdRevalued="0.0000" CuryFinPtdRetainageWithheld="0.0000" FinPtdRetainageWithheld="0.0000" CuryTranPtdRetainageWithheld="0.0000" TranPtdRetainageWithheld="0.0000" CuryFinYtdRetainageWithheld="0.0000" FinYtdRetainageWithheld="0.0000" CuryTranYtdRetainageWithheld="0.0000" TranYtdRetainageWithheld="0.0000" CuryFinPtdRetainageReleased="0.0000" FinPtdRetainageReleased="0.0000" CuryTranPtdRetainageReleased="0.0000" TranPtdRetainageReleased="0.0000" CuryFinYtdRetainageReleased="0.0000" FinYtdRetainageReleased="0.0000" CuryTranYtdRetainageReleased="0.0000" TranYtdRetainageReleased="0.0000" />
		<row BranchID="1" AccountID="40" SubID="1" CuryID="USD" CustomerID="19" FinBegBalance="0.0000" FinPtdSales="300.0000" FinPtdPayments="300.0000" FinPtdDrAdjustments="0.0000" FinPtdCrAdjustments="0.0000" FinPtdDiscounts="0.0000" FinPtdCOGS="0.0000" FinPtdRGOL="0.0000" FinPtdFinCharges="0.0000" FinYtdBalance="0.0000" FinPtdDeposits="0.0000" FinYtdDeposits="0.0000" TranBegBalance="0.0000" TranPtdSales="300.0000" TranPtdPayments="300.0000" TranPtdDrAdjustments="0.0000" TranPtdCrAdjustments="0.0000" TranPtdDiscounts="0.0000" TranPtdRGOL="0.0000" TranPtdCOGS="0.0000" TranPtdFinCharges="0.0000" TranYtdBalance="0.0000" TranPtdDeposits="0.0000" TranYtdDeposits="0.0000" CuryFinBegBalance="0.0000" CuryFinPtdSales="300.0000" CuryFinPtdPayments="300.0000" CuryFinPtdDrAdjustments="0.0000" CuryFinPtdCrAdjustments="0.0000" CuryFinPtdDiscounts="0.0000" CuryFinPtdFinCharges="0.0000" CuryFinYtdBalance="0.0000" CuryFinPtdDeposits="0.0000" CuryFinYtdDeposits="0.0000" CuryTranBegBalance="0.0000" CuryTranPtdSales="300.0000" CuryTranPtdPayments="300.0000" CuryTranPtdDrAdjustments="0.0000" CuryTranPtdCrAdjustments="0.0000" CuryTranPtdDiscounts="0.0000" CuryTranPtdFinCharges="0.0000" CuryTranYtdBalance="0.0000" CuryTranPtdDeposits="0.0000" CuryTranYtdDeposits="0.0000" DetDeleted="0" FinPeriodID="201402" FinPtdRevalued="0.0000" CuryFinPtdRetainageWithheld="0.0000" FinPtdRetainageWithheld="0.0000" CuryTranPtdRetainageWithheld="0.0000" TranPtdRetainageWithheld="0.0000" CuryFinYtdRetainageWithheld="0.0000" FinYtdRetainageWithheld="0.0000" CuryTranYtdRetainageWithheld="0.0000" TranYtdRetainageWithheld="0.0000" CuryFinPtdRetainageReleased="0.0000" FinPtdRetainageReleased="0.0000" CuryTranPtdRetainageReleased="0.0000" TranPtdRetainageReleased="0.0000" CuryFinYtdRetainageReleased="0.0000" FinYtdRetainageReleased="0.0000" CuryTranYtdRetainageReleased="0.0000" TranYtdRetainageReleased="0.0000" />
		<row BranchID="1" AccountID="40" SubID="1" CuryID="USD" CustomerID="19" FinBegBalance="0.0000" FinPtdSales="50.0000" FinPtdPayments="50.0000" FinPtdDrAdjustments="0.0000" FinPtdCrAdjustments="0.0000" FinPtdDiscounts="0.0000" FinPtdCOGS="0.0000" FinPtdRGOL="0.0000" FinPtdFinCharges="0.0000" FinYtdBalance="0.0000" FinPtdDeposits="0.0000" FinYtdDeposits="0.0000" TranBegBalance="0.0000" TranPtdSales="50.0000" TranPtdPayments="50.0000" TranPtdDrAdjustments="0.0000" TranPtdCrAdjustments="0.0000" TranPtdDiscounts="0.0000" TranPtdRGOL="0.0000" TranPtdCOGS="0.0000" TranPtdFinCharges="0.0000" TranYtdBalance="0.0000" TranPtdDeposits="0.0000" TranYtdDeposits="0.0000" CuryFinBegBalance="0.0000" CuryFinPtdSales="50.0000" CuryFinPtdPayments="50.0000" CuryFinPtdDrAdjustments="0.0000" CuryFinPtdCrAdjustments="0.0000" CuryFinPtdDiscounts="0.0000" CuryFinPtdFinCharges="0.0000" CuryFinYtdBalance="0.0000" CuryFinPtdDeposits="0.0000" CuryFinYtdDeposits="0.0000" CuryTranBegBalance="0.0000" CuryTranPtdSales="50.0000" CuryTranPtdPayments="50.0000" CuryTranPtdDrAdjustments="0.0000" CuryTranPtdCrAdjustments="0.0000" CuryTranPtdDiscounts="0.0000" CuryTranPtdFinCharges="0.0000" CuryTranYtdBalance="0.0000" CuryTranPtdDeposits="0.0000" CuryTranYtdDeposits="0.0000" DetDeleted="0" FinPeriodID="201403" FinPtdRevalued="0.0000" CuryFinPtdRetainageWithheld="0.0000" FinPtdRetainageWithheld="0.0000" CuryTranPtdRetainageWithheld="0.0000" TranPtdRetainageWithheld="0.0000" CuryFinYtdRetainageWithheld="0.0000" FinYtdRetainageWithheld="0.0000" CuryTranYtdRetainageWithheld="0.0000" TranYtdRetainageWithheld="0.0000" CuryFinPtdRetainageReleased="0.0000" FinPtdRetainageReleased="0.0000" CuryTranPtdRetainageReleased="0.0000" TranPtdRetainageReleased="0.0000" CuryFinYtdRetainageReleased="0.0000" FinYtdRetainageReleased="0.0000" CuryTranYtdRetainageReleased="0.0000" TranYtdRetainageReleased="0.0000" />
		<row BranchID="1" AccountID="40" SubID="1" CuryID="USD" CustomerID="20" FinBegBalance="0.0000" FinPtdSales="500.0000" FinPtdPayments="0.0000" FinPtdDrAdjustments="0.0000" FinPtdCrAdjustments="0.0000" FinPtdDiscounts="0.0000" FinPtdCOGS="0.0000" FinPtdRGOL="0.0000" FinPtdFinCharges="0.0000" FinYtdBalance="500.0000" FinPtdDeposits="0.0000" FinYtdDeposits="0.0000" TranBegBalance="0.0000" TranPtdSales="500.0000" TranPtdPayments="0.0000" TranPtdDrAdjustments="0.0000" TranPtdCrAdjustments="0.0000" TranPtdDiscounts="0.0000" TranPtdRGOL="0.0000" TranPtdCOGS="0.0000" TranPtdFinCharges="0.0000" TranYtdBalance="500.0000" TranPtdDeposits="0.0000" TranYtdDeposits="0.0000" CuryFinBegBalance="0.0000" CuryFinPtdSales="500.0000" CuryFinPtdPayments="0.0000" CuryFinPtdDrAdjustments="0.0000" CuryFinPtdCrAdjustments="0.0000" CuryFinPtdDiscounts="0.0000" CuryFinPtdFinCharges="0.0000" CuryFinYtdBalance="500.0000" CuryFinPtdDeposits="0.0000" CuryFinYtdDeposits="0.0000" CuryTranBegBalance="0.0000" CuryTranPtdSales="500.0000" CuryTranPtdPayments="0.0000" CuryTranPtdDrAdjustments="0.0000" CuryTranPtdCrAdjustments="0.0000" CuryTranPtdDiscounts="0.0000" CuryTranPtdFinCharges="0.0000" CuryTranYtdBalance="500.0000" CuryTranPtdDeposits="0.0000" CuryTranYtdDeposits="0.0000" DetDeleted="0" FinPeriodID="201402" FinPtdRevalued="0.0000" CuryFinPtdRetainageWithheld="0.0000" FinPtdRetainageWithheld="0.0000" CuryTranPtdRetainageWithheld="0.0000" TranPtdRetainageWithheld="0.0000" CuryFinYtdRetainageWithheld="0.0000" FinYtdRetainageWithheld="0.0000" CuryTranYtdRetainageWithheld="0.0000" TranYtdRetainageWithheld="0.0000" CuryFinPtdRetainageReleased="0.0000" FinPtdRetainageReleased="0.0000" CuryTranPtdRetainageReleased="0.0000" TranPtdRetainageReleased="0.0000" CuryFinYtdRetainageReleased="0.0000" FinYtdRetainageReleased="0.0000" CuryTranYtdRetainageReleased="0.0000" TranYtdRetainageReleased="0.0000" />
		<row BranchID="1" AccountID="40" SubID="1" CuryID="USD" CustomerID="20" FinBegBalance="500.0000" FinPtdSales="0.0000" FinPtdPayments="490.0000" FinPtdDrAdjustments="5.0000" FinPtdCrAdjustments="0.0000" FinPtdDiscounts="15.0000" FinPtdCOGS="0.0000" FinPtdRGOL="0.0000" FinPtdFinCharges="0.0000" FinYtdBalance="0.0000" FinPtdDeposits="0.0000" FinYtdDeposits="0.0000" TranBegBalance="500.0000" TranPtdSales="0.0000" TranPtdPayments="490.0000" TranPtdDrAdjustments="5.0000" TranPtdCrAdjustments="0.0000" TranPtdDiscounts="15.0000" TranPtdRGOL="0.0000" TranPtdCOGS="0.0000" TranPtdFinCharges="0.0000" TranYtdBalance="0.0000" TranPtdDeposits="0.0000" TranYtdDeposits="0.0000" CuryFinBegBalance="500.0000" CuryFinPtdSales="0.0000" CuryFinPtdPayments="490.0000" CuryFinPtdDrAdjustments="5.0000" CuryFinPtdCrAdjustments="0.0000" CuryFinPtdDiscounts="15.0000" CuryFinPtdFinCharges="0.0000" CuryFinYtdBalance="0.0000" CuryFinPtdDeposits="0.0000" CuryFinYtdDeposits="0.0000" CuryTranBegBalance="500.0000" CuryTranPtdSales="0.0000" CuryTranPtdPayments="490.0000" CuryTranPtdDrAdjustments="5.0000" CuryTranPtdCrAdjustments="0.0000" CuryTranPtdDiscounts="15.0000" CuryTranPtdFinCharges="0.0000" CuryTranYtdBalance="0.0000" CuryTranPtdDeposits="0.0000" CuryTranYtdDeposits="0.0000" DetDeleted="0" FinPeriodID="201403" FinPtdRevalued="0.0000" CuryFinPtdRetainageWithheld="0.0000" FinPtdRetainageWithheld="0.0000" CuryTranPtdRetainageWithheld="0.0000" TranPtdRetainageWithheld="0.0000" CuryFinYtdRetainageWithheld="0.0000" FinYtdRetainageWithheld="0.0000" CuryTranYtdRetainageWithheld="0.0000" TranYtdRetainageWithheld="0.0000" CuryFinPtdRetainageReleased="0.0000" FinPtdRetainageReleased="0.0000" CuryTranPtdRetainageReleased="0.0000" TranPtdRetainageReleased="0.0000" CuryFinYtdRetainageReleased="0.0000" FinYtdRetainageReleased="0.0000" CuryTranYtdRetainageReleased="0.0000" TranYtdRetainageReleased="0.0000" />
		<row BranchID="1" AccountID="40" SubID="1" CuryID="USD" CustomerID="21" FinBegBalance="0.0000" FinPtdSales="800.0000" FinPtdPayments="0.0000" FinPtdDrAdjustments="0.0000" FinPtdCrAdjustments="0.0000" FinPtdDiscounts="0.0000" FinPtdCOGS="0.0000" FinPtdRGOL="0.0000" FinPtdFinCharges="0.0000" FinYtdBalance="800.0000" FinPtdDeposits="0.0000" FinYtdDeposits="0.0000" TranBegBalance="0.0000" TranPtdSales="800.0000" TranPtdPayments="0.0000" TranPtdDrAdjustments="0.0000" TranPtdCrAdjustments="0.0000" TranPtdDiscounts="0.0000" TranPtdRGOL="0.0000" TranPtdCOGS="0.0000" TranPtdFinCharges="0.0000" TranYtdBalance="800.0000" TranPtdDeposits="0.0000" TranYtdDeposits="0.0000" CuryFinBegBalance="0.0000" CuryFinPtdSales="800.0000" CuryFinPtdPayments="0.0000" CuryFinPtdDrAdjustments="0.0000" CuryFinPtdCrAdjustments="0.0000" CuryFinPtdDiscounts="0.0000" CuryFinPtdFinCharges="0.0000" CuryFinYtdBalance="800.0000" CuryFinPtdDeposits="0.0000" CuryFinYtdDeposits="0.0000" CuryTranBegBalance="0.0000" CuryTranPtdSales="800.0000" CuryTranPtdPayments="0.0000" CuryTranPtdDrAdjustments="0.0000" CuryTranPtdCrAdjustments="0.0000" CuryTranPtdDiscounts="0.0000" CuryTranPtdFinCharges="0.0000" CuryTranYtdBalance="800.0000" CuryTranPtdDeposits="0.0000" CuryTranYtdDeposits="0.0000" DetDeleted="0" FinPeriodID="201402" FinPtdRevalued="0.0000" CuryFinPtdRetainageWithheld="0.0000" FinPtdRetainageWithheld="0.0000" CuryTranPtdRetainageWithheld="0.0000" TranPtdRetainageWithheld="0.0000" CuryFinYtdRetainageWithheld="0.0000" FinYtdRetainageWithheld="0.0000" CuryTranYtdRetainageWithheld="0.0000" TranYtdRetainageWithheld="0.0000" CuryFinPtdRetainageReleased="0.0000" FinPtdRetainageReleased="0.0000" CuryTranPtdRetainageReleased="0.0000" TranPtdRetainageReleased="0.0000" CuryFinYtdRetainageReleased="0.0000" FinYtdRetainageReleased="0.0000" CuryTranYtdRetainageReleased="0.0000" TranYtdRetainageReleased="0.0000" />
		<row BranchID="1" AccountID="40" SubID="1" CuryID="USD" CustomerID="21" FinBegBalance="800.0000" FinPtdSales="0.0000" FinPtdPayments="730.0000" FinPtdDrAdjustments="0.0000" FinPtdCrAdjustments="83.8100" FinPtdDiscounts="0.0000" FinPtdCOGS="0.0000" FinPtdRGOL="0.0000" FinPtdFinCharges="13.8100" FinYtdBalance="0.0000" FinPtdDeposits="0.0000" FinYtdDeposits="0.0000" TranBegBalance="800.0000" TranPtdSales="0.0000" TranPtdPayments="730.0000" TranPtdDrAdjustments="0.0000" TranPtdCrAdjustments="83.8100" TranPtdDiscounts="0.0000" TranPtdRGOL="0.0000" TranPtdCOGS="0.0000" TranPtdFinCharges="13.8100" TranYtdBalance="0.0000" TranPtdDeposits="0.0000" TranYtdDeposits="0.0000" CuryFinBegBalance="800.0000" CuryFinPtdSales="0.0000" CuryFinPtdPayments="730.0000" CuryFinPtdDrAdjustments="0.0000" CuryFinPtdCrAdjustments="83.8100" CuryFinPtdDiscounts="0.0000" CuryFinPtdFinCharges="13.8100" CuryFinYtdBalance="0.0000" CuryFinPtdDeposits="0.0000" CuryFinYtdDeposits="0.0000" CuryTranBegBalance="800.0000" CuryTranPtdSales="0.0000" CuryTranPtdPayments="730.0000" CuryTranPtdDrAdjustments="0.0000" CuryTranPtdCrAdjustments="83.8100" CuryTranPtdDiscounts="0.0000" CuryTranPtdFinCharges="13.8100" CuryTranYtdBalance="0.0000" CuryTranPtdDeposits="0.0000" CuryTranYtdDeposits="0.0000" DetDeleted="0" FinPeriodID="201403" FinPtdRevalued="0.0000" CuryFinPtdRetainageWithheld="0.0000" FinPtdRetainageWithheld="0.0000" CuryTranPtdRetainageWithheld="0.0000" TranPtdRetainageWithheld="0.0000" CuryFinYtdRetainageWithheld="0.0000" FinYtdRetainageWithheld="0.0000" CuryTranYtdRetainageWithheld="0.0000" TranYtdRetainageWithheld="0.0000" CuryFinPtdRetainageReleased="0.0000" FinPtdRetainageReleased="0.0000" CuryTranPtdRetainageReleased="0.0000" TranPtdRetainageReleased="0.0000" CuryFinYtdRetainageReleased="0.0000" FinYtdRetainageReleased="0.0000" CuryTranYtdRetainageReleased="0.0000" TranYtdRetainageReleased="0.0000" />
		<row BranchID="1" AccountID="40" SubID="1" CuryID="USD" CustomerID="30" FinBegBalance="0.0000" FinPtdSales="0.0000" FinPtdPayments="1509.5700" FinPtdDrAdjustments="0.0000" FinPtdCrAdjustments="0.0000" FinPtdDiscounts="0.0000" FinPtdCOGS="0.0000" FinPtdRGOL="0.0000" FinPtdFinCharges="0.0000" FinYtdBalance="-1509.5700" FinPtdDeposits="0.0000" FinYtdDeposits="0.0000" TranBegBalance="0.0000" TranPtdSales="0.0000" TranPtdPayments="1509.5700" TranPtdDrAdjustments="0.0000" TranPtdCrAdjustments="0.0000" TranPtdDiscounts="0.0000" TranPtdRGOL="0.0000" TranPtdCOGS="0.0000" TranPtdFinCharges="0.0000" TranYtdBalance="-1509.5700" TranPtdDeposits="0.0000" TranYtdDeposits="0.0000" CuryFinBegBalance="0.0000" CuryFinPtdSales="0.0000" CuryFinPtdPayments="1509.5700" CuryFinPtdDrAdjustments="0.0000" CuryFinPtdCrAdjustments="0.0000" CuryFinPtdDiscounts="0.0000" CuryFinPtdFinCharges="0.0000" CuryFinYtdBalance="-1509.5700" CuryFinPtdDeposits="0.0000" CuryFinYtdDeposits="0.0000" CuryTranBegBalance="0.0000" CuryTranPtdSales="0.0000" CuryTranPtdPayments="1509.5700" CuryTranPtdDrAdjustments="0.0000" CuryTranPtdCrAdjustments="0.0000" CuryTranPtdDiscounts="0.0000" CuryTranPtdFinCharges="0.0000" CuryTranYtdBalance="-1509.5700" CuryTranPtdDeposits="0.0000" CuryTranYtdDeposits="0.0000" DetDeleted="0" FinPeriodID="201912" FinPtdRevalued="0.0000" CuryFinPtdRetainageWithheld="0.0000" FinPtdRetainageWithheld="0.0000" CuryTranPtdRetainageWithheld="0.0000" TranPtdRetainageWithheld="0.0000" CuryFinYtdRetainageWithheld="0.0000" FinYtdRetainageWithheld="0.0000" CuryTranYtdRetainageWithheld="0.0000" TranYtdRetainageWithheld="0.0000" CuryFinPtdRetainageReleased="0.0000" FinPtdRetainageReleased="0.0000" CuryTranPtdRetainageReleased="0.0000" TranPtdRetainageReleased="0.0000" CuryFinYtdRetainageReleased="0.0000" FinYtdRetainageReleased="0.0000" CuryTranYtdRetainageReleased="0.0000" TranYtdRetainageReleased="0.0000" />
		<row BranchID="1" AccountID="40" SubID="1" CuryID="USD" CustomerID="30" FinBegBalance="-1509.5700" FinPtdSales="472.2400" FinPtdPayments="651.7300" FinPtdDrAdjustments="0.0000" FinPtdCrAdjustments="80.0000" FinPtdDiscounts="0.0000" FinPtdCOGS="0.0000" FinPtdRGOL="0.0000" FinPtdFinCharges="0.0000" FinYtdBalance="-1769.0600" FinPtdDeposits="0.0000" FinYtdDeposits="0.0000" TranBegBalance="-1509.5700" TranPtdSales="472.2400" TranPtdPayments="651.7300" TranPtdDrAdjustments="0.0000" TranPtdCrAdjustments="80.0000" TranPtdDiscounts="0.0000" TranPtdRGOL="0.0000" TranPtdCOGS="0.0000" TranPtdFinCharges="0.0000" TranYtdBalance="-1769.0600" TranPtdDeposits="0.0000" TranYtdDeposits="0.0000" CuryFinBegBalance="-1509.5700" CuryFinPtdSales="472.2400" CuryFinPtdPayments="651.7300" CuryFinPtdDrAdjustments="0.0000" CuryFinPtdCrAdjustments="80.0000" CuryFinPtdDiscounts="0.0000" CuryFinPtdFinCharges="0.0000" CuryFinYtdBalance="-1769.0600" CuryFinPtdDeposits="0.0000" CuryFinYtdDeposits="0.0000" CuryTranBegBalance="-1509.5700" CuryTranPtdSales="472.2400" CuryTranPtdPayments="651.7300" CuryTranPtdDrAdjustments="0.0000" CuryTranPtdCrAdjustments="80.0000" CuryTranPtdDiscounts="0.0000" CuryTranPtdFinCharges="0.0000" CuryTranYtdBalance="-1769.0600" CuryTranPtdDeposits="0.0000" CuryTranYtdDeposits="0.0000" DetDeleted="0" FinPeriodID="202001" FinPtdRevalued="0.0000" CuryFinPtdRetainageWithheld="0.0000" FinPtdRetainageWithheld="0.0000" CuryTranPtdRetainageWithheld="0.0000" TranPtdRetainageWithheld="0.0000" CuryFinYtdRetainageWithheld="0.0000" FinYtdRetainageWithheld="0.0000" CuryTranYtdRetainageWithheld="0.0000" TranYtdRetainageWithheld="0.0000" CuryFinPtdRetainageReleased="0.0000" FinPtdRetainageReleased="0.0000" CuryTranPtdRetainageReleased="0.0000" TranPtdRetainageReleased="0.0000" CuryFinYtdRetainageReleased="0.0000" FinYtdRetainageReleased="0.0000" CuryTranYtdRetainageReleased="0.0000" TranYtdRetainageReleased="0.0000" />
		<row BranchID="1" AccountID="40" SubID="1" CuryID="USD" CustomerID="31" FinBegBalance="0.0000" FinPtdSales="0.0000" FinPtdPayments="150.0000" FinPtdDrAdjustments="0.0000" FinPtdCrAdjustments="0.0000" FinPtdDiscounts="0.0000" FinPtdCOGS="0.0000" FinPtdRGOL="0.0000" FinPtdFinCharges="0.0000" FinYtdBalance="-150.0000" FinPtdDeposits="0.0000" FinYtdDeposits="0.0000" TranBegBalance="0.0000" TranPtdSales="0.0000" TranPtdPayments="150.0000" TranPtdDrAdjustments="0.0000" TranPtdCrAdjustments="0.0000" TranPtdDiscounts="0.0000" TranPtdRGOL="0.0000" TranPtdCOGS="0.0000" TranPtdFinCharges="0.0000" TranYtdBalance="-150.0000" TranPtdDeposits="0.0000" TranYtdDeposits="0.0000" CuryFinBegBalance="0.0000" CuryFinPtdSales="0.0000" CuryFinPtdPayments="150.0000" CuryFinPtdDrAdjustments="0.0000" CuryFinPtdCrAdjustments="0.0000" CuryFinPtdDiscounts="0.0000" CuryFinPtdFinCharges="0.0000" CuryFinYtdBalance="-150.0000" CuryFinPtdDeposits="0.0000" CuryFinYtdDeposits="0.0000" CuryTranBegBalance="0.0000" CuryTranPtdSales="0.0000" CuryTranPtdPayments="150.0000" CuryTranPtdDrAdjustments="0.0000" CuryTranPtdCrAdjustments="0.0000" CuryTranPtdDiscounts="0.0000" CuryTranPtdFinCharges="0.0000" CuryTranYtdBalance="-150.0000" CuryTranPtdDeposits="0.0000" CuryTranYtdDeposits="0.0000" DetDeleted="0" FinPeriodID="202001" FinPtdRevalued="0.0000" CuryFinPtdRetainageWithheld="0.0000" FinPtdRetainageWithheld="0.0000" CuryTranPtdRetainageWithheld="0.0000" TranPtdRetainageWithheld="0.0000" CuryFinYtdRetainageWithheld="0.0000" FinYtdRetainageWithheld="0.0000" CuryTranYtdRetainageWithheld="0.0000" TranYtdRetainageWithheld="0.0000" CuryFinPtdRetainageReleased="0.0000" FinPtdRetainageReleased="0.0000" CuryTranPtdRetainageReleased="0.0000" TranPtdRetainageReleased="0.0000" CuryFinYtdRetainageReleased="0.0000" FinYtdRetainageReleased="0.0000" CuryTranYtdRetainageReleased="0.0000" TranYtdRetainageReleased="0.0000" />
		<row BranchID="1" AccountID="41" SubID="1" CuryID="USD" CustomerID="19" FinBegBalance="0.0000" FinPtdSales="0.0000" FinPtdPayments="0.0000" FinPtdDrAdjustments="0.0000" FinPtdCrAdjustments="0.0000" FinPtdDiscounts="0.0000" FinPtdCOGS="0.0000" FinPtdRGOL="0.0000" FinPtdFinCharges="0.0000" FinYtdBalance="0.0000" FinPtdDeposits="0.0000" FinYtdDeposits="0.0000" TranBegBalance="0.0000" TranPtdSales="0.0000" TranPtdPayments="0.0000" TranPtdDrAdjustments="0.0000" TranPtdCrAdjustments="0.0000" TranPtdDiscounts="0.0000" TranPtdRGOL="0.0000" TranPtdCOGS="0.0000" TranPtdFinCharges="0.0000" TranYtdBalance="0.0000" TranPtdDeposits="0.0000" TranYtdDeposits="0.0000" CuryFinBegBalance="0.0000" CuryFinPtdSales="0.0000" CuryFinPtdPayments="0.0000" CuryFinPtdDrAdjustments="0.0000" CuryFinPtdCrAdjustments="0.0000" CuryFinPtdDiscounts="0.0000" CuryFinPtdFinCharges="0.0000" CuryFinYtdBalance="0.0000" CuryFinPtdDeposits="0.0000" CuryFinYtdDeposits="0.0000" CuryTranBegBalance="0.0000" CuryTranPtdSales="0.0000" CuryTranPtdPayments="0.0000" CuryTranPtdDrAdjustments="0.0000" CuryTranPtdCrAdjustments="0.0000" CuryTranPtdDiscounts="0.0000" CuryTranPtdFinCharges="0.0000" CuryTranYtdBalance="0.0000" CuryTranPtdDeposits="0.0000" CuryTranYtdDeposits="0.0000" DetDeleted="0" FinPeriodID="201403" FinPtdRevalued="0.0000" CuryFinPtdRetainageWithheld="0.0000" FinPtdRetainageWithheld="0.0000" CuryTranPtdRetainageWithheld="0.0000" TranPtdRetainageWithheld="0.0000" CuryFinYtdRetainageWithheld="0.0000" FinYtdRetainageWithheld="0.0000" CuryTranYtdRetainageWithheld="0.0000" TranYtdRetainageWithheld="0.0000" CuryFinPtdRetainageReleased="0.0000" FinPtdRetainageReleased="0.0000" CuryTranPtdRetainageReleased="0.0000" TranPtdRetainageReleased="0.0000" CuryFinYtdRetainageReleased="0.0000" FinYtdRetainageReleased="0.0000" CuryTranYtdRetainageReleased="0.0000" TranYtdRetainageReleased="0.0000" />
		<row BranchID="1" AccountID="44" SubID="1" CuryID="USD" CustomerID="20" FinBegBalance="0.0000" FinPtdSales="0.0000" FinPtdPayments="0.0000" FinPtdDrAdjustments="0.0000" FinPtdCrAdjustments="0.0000" FinPtdDiscounts="0.0000" FinPtdCOGS="0.0000" FinPtdRGOL="0.0000" FinPtdFinCharges="0.0000" FinYtdBalance="0.0000" FinPtdDeposits="0.0000" FinYtdDeposits="0.0000" TranBegBalance="0.0000" TranPtdSales="0.0000" TranPtdPayments="0.0000" TranPtdDrAdjustments="0.0000" TranPtdCrAdjustments="0.0000" TranPtdDiscounts="0.0000" TranPtdRGOL="0.0000" TranPtdCOGS="0.0000" TranPtdFinCharges="0.0000" TranYtdBalance="0.0000" TranPtdDeposits="0.0000" TranYtdDeposits="0.0000" CuryFinBegBalance="0.0000" CuryFinPtdSales="0.0000" CuryFinPtdPayments="0.0000" CuryFinPtdDrAdjustments="0.0000" CuryFinPtdCrAdjustments="0.0000" CuryFinPtdDiscounts="0.0000" CuryFinPtdFinCharges="0.0000" CuryFinYtdBalance="0.0000" CuryFinPtdDeposits="0.0000" CuryFinYtdDeposits="0.0000" CuryTranBegBalance="0.0000" CuryTranPtdSales="0.0000" CuryTranPtdPayments="0.0000" CuryTranPtdDrAdjustments="0.0000" CuryTranPtdCrAdjustments="0.0000" CuryTranPtdDiscounts="0.0000" CuryTranPtdFinCharges="0.0000" CuryTranYtdBalance="0.0000" CuryTranPtdDeposits="0.0000" CuryTranYtdDeposits="0.0000" DetDeleted="0" FinPeriodID="201403" FinPtdRevalued="0.0000" CuryFinPtdRetainageWithheld="0.0000" FinPtdRetainageWithheld="0.0000" CuryTranPtdRetainageWithheld="0.0000" TranPtdRetainageWithheld="0.0000" CuryFinYtdRetainageWithheld="0.0000" FinYtdRetainageWithheld="0.0000" CuryTranYtdRetainageWithheld="0.0000" TranYtdRetainageWithheld="0.0000" CuryFinPtdRetainageReleased="0.0000" FinPtdRetainageReleased="0.0000" CuryTranPtdRetainageReleased="0.0000" TranPtdRetainageReleased="0.0000" CuryFinYtdRetainageReleased="0.0000" FinYtdRetainageReleased="0.0000" CuryTranYtdRetainageReleased="0.0000" TranYtdRetainageReleased="0.0000" />
		<row BranchID="1" AccountID="44" SubID="1" CuryID="USD" CustomerID="21" FinBegBalance="0.0000" FinPtdSales="0.0000" FinPtdPayments="0.0000" FinPtdDrAdjustments="0.0000" FinPtdCrAdjustments="0.0000" FinPtdDiscounts="0.0000" FinPtdCOGS="0.0000" FinPtdRGOL="0.0000" FinPtdFinCharges="0.0000" FinYtdBalance="0.0000" FinPtdDeposits="0.0000" FinYtdDeposits="0.0000" TranBegBalance="0.0000" TranPtdSales="0.0000" TranPtdPayments="0.0000" TranPtdDrAdjustments="0.0000" TranPtdCrAdjustments="0.0000" TranPtdDiscounts="0.0000" TranPtdRGOL="0.0000" TranPtdCOGS="0.0000" TranPtdFinCharges="0.0000" TranYtdBalance="0.0000" TranPtdDeposits="0.0000" TranYtdDeposits="0.0000" CuryFinBegBalance="0.0000" CuryFinPtdSales="0.0000" CuryFinPtdPayments="0.0000" CuryFinPtdDrAdjustments="0.0000" CuryFinPtdCrAdjustments="0.0000" CuryFinPtdDiscounts="0.0000" CuryFinPtdFinCharges="0.0000" CuryFinYtdBalance="0.0000" CuryFinPtdDeposits="0.0000" CuryFinYtdDeposits="0.0000" CuryTranBegBalance="0.0000" CuryTranPtdSales="0.0000" CuryTranPtdPayments="0.0000" CuryTranPtdDrAdjustments="0.0000" CuryTranPtdCrAdjustments="0.0000" CuryTranPtdDiscounts="0.0000" CuryTranPtdFinCharges="0.0000" CuryTranYtdBalance="0.0000" CuryTranPtdDeposits="0.0000" CuryTranYtdDeposits="0.0000" DetDeleted="0" FinPeriodID="201403" FinPtdRevalued="0.0000" CuryFinPtdRetainageWithheld="0.0000" FinPtdRetainageWithheld="0.0000" CuryTranPtdRetainageWithheld="0.0000" TranPtdRetainageWithheld="0.0000" CuryFinYtdRetainageWithheld="0.0000" FinYtdRetainageWithheld="0.0000" CuryTranYtdRetainageWithheld="0.0000" TranYtdRetainageWithheld="0.0000" CuryFinPtdRetainageReleased="0.0000" FinPtdRetainageReleased="0.0000" CuryTranPtdRetainageReleased="0.0000" TranPtdRetainageReleased="0.0000" CuryFinYtdRetainageReleased="0.0000" FinYtdRetainageReleased="0.0000" CuryTranYtdRetainageReleased="0.0000" TranYtdRetainageReleased="0.0000" />
	</rows>
</data>