﻿<?xml version="1.0" encoding="utf-8"?>
<data>
	<table name="Customer">
		<col name="CompanyID" type="Int" default="Zero" />
		<col name="BAccountID" type="Int" />
		<col name="CustomerClassID" type="NVarChar(10)" />
		<col name="LanguageID" type="Char(4)" nullable="true" />
		<col name="TermsID" type="NVarChar(10)" nullable="true" />
		<col name="DefSOAddressID" type="Int" nullable="true" />
		<col name="DefBillAddressID" type="Int" nullable="true" />
		<col name="DefBillContactID" type="Int" nullable="true" />
		<col name="BaseBillContactID" type="Int" nullable="true" />
		<col name="DefPaymentMethodID" type="NVarChar(10)" nullable="true" />
		<col name="DefPMInstanceID" type="Int" nullable="true" />
		<col name="CuryID" type="NVarChar(5)" nullable="true" />
		<col name="CuryRateTypeID" type="NVarChar(6)" nullable="true" />
		<col name="AllowOverrideCury" type="Bit" default="Zero" />
		<col name="AllowOverrideRate" type="Bit" default="Zero" />
		<col name="ARAcctID" type="Int" nullable="true" />
		<col name="ARSubID" type="Int" nullable="true" />
		<col name="DiscTakenAcctID" type="Int" nullable="true" />
		<col name="DiscTakenSubID" type="Int" nullable="true" />
		<col name="PrepaymentAcctID" type="Int" nullable="true" />
		<col name="PrepaymentSubID" type="Int" nullable="true" />
		<col name="COGSAcctID" type="Int" nullable="true" />
		<col name="COGSSubID" type="Int" nullable="true" />
		<col name="RetainageApply" type="Bit" default="Zero" />
		<col name="RetainagePct" type="Decimal(9,6)" default="Zero" />
		<col name="AutoApplyPayments" type="Bit" default="Zero" />
		<col name="PrintStatements" type="Bit" default="Zero" />
		<col name="PrintCuryStatements" type="Bit" default="Zero" />
		<col name="SendStatementByEmail" type="Bit" default="Zero" />
		<col name="CreditLimit" type="Decimal(19,4)" />
		<col name="CreditRule" type="Char(1)" />
		<col name="CreditDaysPastDue" type="SmallInt" nullable="true" />
		<col name="SharedCreditPolicy" type="Bit" default="Zero" />
		<col name="ConsolidateStatements" type="Bit" default="Zero" />
		<col name="StatementCustomerID" type="Int" />
		<col name="SharedCreditCustomerID" type="Int" />
		<col name="StatementCycleId" type="NVarChar(10)" nullable="true" />
		<col name="StatementType" type="Char(1)" nullable="true" />
		<col name="StatementLastDate" type="SmallDateTime" nullable="true" />
		<col name="SmallBalanceAllow" type="Bit" />
		<col name="SmallBalanceLimit" type="Decimal(19,4)" nullable="true" />
		<col name="FinChargeApply" type="Bit" />
		<col name="PayToParent" type="Bit" default="Zero" />
		<col name="GroupMask" type="VarBinary(32)" default="BinaryMaskZero" />
		<col name="PrintInvoices" type="Bit" />
		<col name="MailInvoices" type="Bit" />
		<col name="PrintDunningLetters" type="Bit" />
		<col name="MailDunningLetters" type="Bit" default="Zero" />
		<col name="CCProcessingID" type="NVarChar(1024)" nullable="true" />
		<col name="DeletedDatabaseRecord" type="Bit" default="Zero" />
		<col name="LocaleName" type="NVarChar(10)" nullable="true" />
	</table>
	<rows>
		<row BAccountID="18" CustomerClassID="DEFAULT" TermsID="30D" DefBillAddressID="18" DefBillContactID="18" DefPaymentMethodID="CHECK" DefPMInstanceID="2248" CuryID="USD" AllowOverrideCury="0" AllowOverrideRate="0" DiscTakenAcctID="42" DiscTakenSubID="1" PrepaymentAcctID="41" PrepaymentSubID="1" COGSSubID="1" RetainageApply="0" RetainagePct="0.000000" AutoApplyPayments="0" PrintStatements="1" PrintCuryStatements="0" SendStatementByEmail="0" CreditLimit="0.0000" CreditRule="N" CreditDaysPastDue="0" SharedCreditPolicy="0" ConsolidateStatements="0" StatementCustomerID="18" SharedCreditCustomerID="18" StatementCycleId="EOM" StatementType="O" StatementLastDate="2014-03-31 00:00:00" SmallBalanceAllow="1" SmallBalanceLimit="5.0000" FinChargeApply="0" PayToParent="0" GroupMask="0x" PrintInvoices="0" MailInvoices="0" PrintDunningLetters="1" MailDunningLetters="0" DeletedDatabaseRecord="0" />
		<row BAccountID="19" CustomerClassID="DEFAULT" TermsID="30D" DefBillAddressID="19" DefBillContactID="19" DefPaymentMethodID="CHECK" DefPMInstanceID="2248" CuryID="USD" AllowOverrideCury="0" AllowOverrideRate="0" DiscTakenAcctID="42" DiscTakenSubID="1" PrepaymentAcctID="41" PrepaymentSubID="1" COGSSubID="1" RetainageApply="0" RetainagePct="0.000000" AutoApplyPayments="0" PrintStatements="1" PrintCuryStatements="0" SendStatementByEmail="0" CreditLimit="0.0000" CreditRule="N" CreditDaysPastDue="0" SharedCreditPolicy="0" ConsolidateStatements="0" StatementCustomerID="19" SharedCreditCustomerID="19" StatementCycleId="EOM" StatementType="B" StatementLastDate="2014-03-31 00:00:00" SmallBalanceAllow="0" SmallBalanceLimit="0.0000" FinChargeApply="0" PayToParent="0" GroupMask="0x" PrintInvoices="1" MailInvoices="0" PrintDunningLetters="1" MailDunningLetters="0" DeletedDatabaseRecord="0" />
		<row BAccountID="20" CustomerClassID="DEFAULT" TermsID="30D7D3" DefBillAddressID="20" DefBillContactID="20" DefPaymentMethodID="CHECK" DefPMInstanceID="2248" CuryID="USD" AllowOverrideCury="0" AllowOverrideRate="0" DiscTakenAcctID="42" DiscTakenSubID="1" PrepaymentAcctID="41" PrepaymentSubID="1" COGSSubID="1" RetainageApply="0" RetainagePct="0.000000" AutoApplyPayments="0" PrintStatements="0" PrintCuryStatements="0" SendStatementByEmail="0" CreditLimit="0.0000" CreditRule="N" CreditDaysPastDue="0" SharedCreditPolicy="0" ConsolidateStatements="0" StatementCustomerID="20" SharedCreditCustomerID="20" StatementCycleId="EOM" StatementType="O" StatementLastDate="2014-03-31 00:00:00" SmallBalanceAllow="1" SmallBalanceLimit="5.0000" FinChargeApply="0" PayToParent="0" GroupMask="0x" PrintInvoices="0" MailInvoices="0" PrintDunningLetters="1" MailDunningLetters="0" DeletedDatabaseRecord="0" />
		<row BAccountID="21" CustomerClassID="DEFAULT" TermsID="30D" DefBillAddressID="21" DefBillContactID="21" DefPaymentMethodID="CHECK" DefPMInstanceID="2248" CuryID="USD" AllowOverrideCury="0" AllowOverrideRate="0" DiscTakenAcctID="42" DiscTakenSubID="1" PrepaymentAcctID="41" PrepaymentSubID="1" COGSSubID="1" RetainageApply="0" RetainagePct="0.000000" AutoApplyPayments="0" PrintStatements="0" PrintCuryStatements="0" SendStatementByEmail="0" CreditLimit="1000.0000" CreditRule="C" CreditDaysPastDue="0" SharedCreditPolicy="0" ConsolidateStatements="0" StatementCustomerID="21" SharedCreditCustomerID="21" StatementCycleId="EOM" StatementType="B" StatementLastDate="2014-03-31 00:00:00" SmallBalanceAllow="1" SmallBalanceLimit="5.0000" FinChargeApply="1" PayToParent="0" GroupMask="0x" PrintInvoices="0" MailInvoices="0" PrintDunningLetters="1" MailDunningLetters="0" DeletedDatabaseRecord="0" />
		<row BAccountID="27" CustomerClassID="DEFAULT" TermsID="30D" DefBillAddressID="36" DefBillContactID="27" DefPaymentMethodID="CHECK" DefPMInstanceID="2248" CuryID="USD" AllowOverrideCury="0" AllowOverrideRate="0" DiscTakenAcctID="42" DiscTakenSubID="1" PrepaymentAcctID="41" PrepaymentSubID="1" COGSSubID="1" RetainageApply="0" RetainagePct="0.000000" AutoApplyPayments="0" PrintStatements="0" PrintCuryStatements="0" SendStatementByEmail="0" CreditLimit="0.0000" CreditRule="N" CreditDaysPastDue="0" SharedCreditPolicy="0" ConsolidateStatements="0" StatementCustomerID="27" SharedCreditCustomerID="27" StatementCycleId="EOM" StatementType="O" SmallBalanceAllow="0" SmallBalanceLimit="0.0000" FinChargeApply="0" PayToParent="0" GroupMask="0x" PrintInvoices="0" MailInvoices="0" PrintDunningLetters="1" MailDunningLetters="0" DeletedDatabaseRecord="0" />
		<row BAccountID="30" CustomerClassID="DEFAULT" TermsID="30D" DefBillAddressID="39" DefBillContactID="30" DefPaymentMethodID="CHECK" DefPMInstanceID="2248" CuryID="USD" AllowOverrideCury="0" AllowOverrideRate="0" DiscTakenAcctID="42" DiscTakenSubID="1" PrepaymentAcctID="41" PrepaymentSubID="1" COGSSubID="1" RetainageApply="0" RetainagePct="0.000000" AutoApplyPayments="0" PrintStatements="0" PrintCuryStatements="0" SendStatementByEmail="0" CreditLimit="0.0000" CreditRule="N" CreditDaysPastDue="0" SharedCreditPolicy="0" ConsolidateStatements="0" StatementCustomerID="30" SharedCreditCustomerID="30" StatementCycleId="EOM" StatementType="O" SmallBalanceAllow="0" SmallBalanceLimit="0.0000" FinChargeApply="0" PayToParent="0" GroupMask="0x" PrintInvoices="0" MailInvoices="0" PrintDunningLetters="1" MailDunningLetters="0" DeletedDatabaseRecord="0" />
		<row BAccountID="31" CustomerClassID="DEFAULT" TermsID="30D" DefBillAddressID="40" DefBillContactID="31" DefPaymentMethodID="CHECK" DefPMInstanceID="2248" CuryID="USD" AllowOverrideCury="0" AllowOverrideRate="0" DiscTakenAcctID="42" DiscTakenSubID="1" PrepaymentAcctID="41" PrepaymentSubID="1" COGSSubID="1" RetainageApply="0" RetainagePct="0.000000" AutoApplyPayments="0" PrintStatements="0" PrintCuryStatements="0" SendStatementByEmail="0" CreditLimit="0.0000" CreditRule="N" CreditDaysPastDue="0" SharedCreditPolicy="0" ConsolidateStatements="0" StatementCustomerID="31" SharedCreditCustomerID="31" StatementCycleId="EOM" StatementType="O" SmallBalanceAllow="0" SmallBalanceLimit="0.0000" FinChargeApply="0" PayToParent="0" GroupMask="0x" PrintInvoices="0" MailInvoices="0" PrintDunningLetters="1" MailDunningLetters="0" DeletedDatabaseRecord="0" />
		<row BAccountID="32" CustomerClassID="DEFAULT" TermsID="30D" DefBillAddressID="41" DefBillContactID="32" DefPaymentMethodID="CHECK" DefPMInstanceID="2248" CuryID="USD" AllowOverrideCury="0" AllowOverrideRate="0" DiscTakenAcctID="42" DiscTakenSubID="1" PrepaymentAcctID="41" PrepaymentSubID="1" COGSSubID="1" RetainageApply="0" RetainagePct="0.000000" AutoApplyPayments="0" PrintStatements="0" PrintCuryStatements="0" SendStatementByEmail="0" CreditLimit="0.0000" CreditRule="N" CreditDaysPastDue="0" SharedCreditPolicy="0" ConsolidateStatements="0" StatementCustomerID="32" SharedCreditCustomerID="32" StatementCycleId="EOM" StatementType="O" SmallBalanceAllow="0" SmallBalanceLimit="0.0000" FinChargeApply="0" PayToParent="0" GroupMask="0x" PrintInvoices="0" MailInvoices="0" PrintDunningLetters="1" MailDunningLetters="0" DeletedDatabaseRecord="0" />
	</rows>
</data>