﻿<?xml version="1.0" encoding="utf-8"?>
<data>
	<table name="EntityEndpoint">
		<col name="CompanyID" type="Int" default="Zero" />
		<col name="CompanyMask" type="VarBinary(32)" default="CompanyMaskReadOnly" />
		<col name="GateVersion" type="NVarChar(64)" />
		<col name="InterfaceName" type="NVarChar(64)" />
		<col name="ExtendsVersion" type="NVarChar(64)" nullable="true" />
		<col name="ExtendsName" type="NVarChar(64)" nullable="true" />
		<col name="SystemContractVersion" type="Int" />
	</table>
	<rows>
		<row GateVersion="18.200.001" InterfaceName="Bridge" ExtendsVersion="18.200.001" ExtendsName="Default" SystemContractVersion="3" />
		<row GateVersion="18.200.001" InterfaceName="BridgeEndpoint" ExtendsVersion="18.200.001" ExtendsName="Default" SystemContractVersion="3" />
	</rows>
</data>