﻿<?xml version="1.0" encoding="utf-8"?>
<data>
	<table name="EntityDescription">
		<col name="CompanyID" type="Int" default="Zero" />
		<col name="CompanyMask" type="VarBinary(32)" default="CompanyMaskReadOnly" />
		<col name="EntityId" type="Int" />
		<col name="GateVersion" type="NVarChar(64)" />
		<col name="InterfaceName" type="NVarChar(64)" />
		<col name="ObjectName" type="NVarChar(64)" />
		<col name="Active" type="Bit" />
		<col name="ObjectType" type="Char(1)" />
		<col name="ScreenID" type="NVarChar(64)" nullable="true" />
		<col name="DefaultActionId" type="Int" nullable="true" />
	</table>
	<rows>
		<row EntityId="629" GateVersion="18.200.001" InterfaceName="BridgeEndpoint" ObjectName="SalesOrder" Active="1" ObjectType="T" ScreenID="SO301000" />
	</rows>
</data>