﻿<?xml version="1.0" encoding="utf-8"?>
<data>
	<table name="EntityFieldDescription">
		<col name="CompanyID" type="Int" default="Zero" />
		<col name="CompanyMask" type="VarBinary(32)" default="CompanyMaskReadOnly" />
		<col name="EntityId" type="Int" />
		<col name="EntityFieldId" type="Int" />
		<col name="FieldName" type="NVarChar(64)" />
		<col name="FieldType" type="NVarChar(64)" />
		<col name="PopulateByDefault" type="Bit" default="Zero" />
	</table>
	<rows>
		<row EntityId="629" EntityFieldId="1" FieldName="FreightPrice" FieldType="DecimalValue" PopulateByDefault="0" />
		<row EntityId="629" EntityFieldId="2" FieldName="FreightTaxCategory" FieldType="StringValue" PopulateByDefault="0" />
		<row EntityId="629" EntityFieldId="3" FieldName="OverrideFreightPrice" FieldType="BooleanValue" PopulateByDefault="0" />
		<row EntityId="629" EntityFieldId="4" FieldName="UsrTaxSnapshot" FieldType="StringValue" PopulateByDefault="0" />
	</rows>
</data>