﻿<?xml version="1.0" encoding="utf-8"?>
<data>
	<table name="EPEmployeeClass">
		<col name="CompanyID" type="Int" default="Zero" />
		<col name="VendorClassID" type="NVarChar(10)" />
		<col name="SalesAcctID" type="Int" nullable="true" />
		<col name="SalesSubID" type="Int" nullable="true" />
		<col name="HoursValidation" type="Char(1)" />
		<col name="CalendarID" type="NVarChar(10)" nullable="true" />
		<col name="DefaultDateInActivity" type="Char(2)" />
	</table>
	<rows>
		<row VendorClassID="BASE" SalesAcctID="49" SalesSubID="1" HoursValidation="V" DefaultDateInActivity="NW" />
	</rows>
</data>