﻿<?xml version="1.0" encoding="utf-8"?>
<data>
	<table name="EPEmployee">
		<col name="CompanyID" type="Int" default="Zero" />
		<col name="BAccountID" type="Int" />
		<col name="DepartmentID" type="NVarChar(10)" />
		<col name="SupervisorID" type="Int" nullable="true" />
		<col name="SalespersonID" type="Int" nullable="true" />
		<col name="SalesAcctID" type="Int" />
		<col name="SalesSubID" type="Int" nullable="true" />
		<col name="CalendarID" type="NVarChar(10)" />
		<col name="ExpenseAcctID" type="Int" nullable="true" />
		<col name="ExpenseSubID" type="Int" nullable="true" />
		<col name="LabourItemID" type="Int" nullable="true" />
		<col name="UnionID" type="NVarChar(15)" nullable="true" />
		<col name="RouteEmails" type="Bit" />
		<col name="TimeCardRequired" type="Bit" nullable="true" />
		<col name="HoursValidation" type="Char(1)" />
		<col name="UserID" type="UniqueIdentifier" nullable="true" />
		<col name="PositionLineCntr" type="Int" default="Zero" />
		<col name="DeletedDatabaseRecord" type="Bit" default="Zero" />
		<col name="ReceiptAndClaimTaxZoneID" type="NVarChar(10)" nullable="true" />
	</table>
	<rows>
		<row BAccountID="23" DepartmentID="ADMIN" SalesAcctID="49" SalesSubID="1" CalendarID="MAIN" ExpenseAcctID="48" ExpenseSubID="1" RouteEmails="1" HoursValidation="V" UserID="b5344897-037e-4d58-b5c3-1bdfd0f47bf9" PositionLineCntr="0" DeletedDatabaseRecord="0" />
		<row BAccountID="25" DepartmentID="CONSULT" SalesAcctID="49" SalesSubID="1" CalendarID="MAIN" ExpenseAcctID="48" ExpenseSubID="1" RouteEmails="1" HoursValidation="V" UserID="036e3039-2918-4be7-83ff-bb7dbb49844f" PositionLineCntr="0" DeletedDatabaseRecord="0" />
		<row BAccountID="26" DepartmentID="CONSULT" SalesAcctID="49" SalesSubID="1" CalendarID="MAIN" ExpenseAcctID="48" ExpenseSubID="1" RouteEmails="1" HoursValidation="V" UserID="c13692ca-8131-476a-b528-3951b8e9e422" PositionLineCntr="0" DeletedDatabaseRecord="0" />
	</rows>
</data>