﻿<?xml version="1.0" encoding="utf-8"?>
<data>
	<table name="FinYearSetup">
		<col name="CompanyID" type="Int" default="Zero" />
		<col name="FirstFinYear" type="Char(4)" />
		<col name="BegFinYear" type="SmallDateTime" />
		<col name="PeriodsStartDate" type="SmallDateTime" nullable="true" />
		<col name="PeriodType" type="Char(2)" />
		<col name="FinPeriods" type="SmallInt" />
		<col name="PeriodLength" type="SmallInt" nullable="true" />
		<col name="HasAdjustmentPeriod" type="Bit" />
		<col name="UserDefined" type="Bit" nullable="true" />
		<col name="EndYearCalcMethod" type="Char(2)" />
		<col name="EndYearDayOfWeek" type="Int" />
		<col name="tstamp" type="Timestamp" />
		<col name="CreatedByID" type="UniqueIdentifier" />
		<col name="CreatedByScreenID" type="Char(8)" />
		<col name="CreatedDateTime" type="DateTime" />
		<col name="LastModifiedByID" type="UniqueIdentifier" />
		<col name="LastModifiedByScreenID" type="Char(8)" />
		<col name="LastModifiedDateTime" type="DateTime" />
	</table>
	<rows>
		<row FirstFinYear="2013" BegFinYear="2013-01-01 00:00:00" PeriodsStartDate="2013-01-01 00:00:00" PeriodType="MO" FinPeriods="12" HasAdjustmentPeriod="0" EndYearCalcMethod="CA" EndYearDayOfWeek="7" CreatedByID="b5344897-037e-4d58-b5c3-1bdfd0f47bf9" CreatedByScreenID="GL101000" CreatedDateTime="2014-10-02 11:39:27.04" LastModifiedByID="b5344897-037e-4d58-b5c3-1bdfd0f47bf9" LastModifiedByScreenID="GL101000" LastModifiedDateTime="2014-10-02 11:39:27.04" />
	</rows>
</data>