﻿<?xml version="1.0" encoding="utf-8"?>
<data>
	<table name="GIOn">
		<col name="CompanyID" type="Int" default="Zero" />
		<col name="DesignID" type="UniqueIdentifier" />
		<col name="RelationNbr" type="Int" />
		<col name="LineNbr" type="Int" />
		<col name="OpenBrackets" type="Char(9)" nullable="true" />
		<col name="ParentField" type="NVarChar(255)" />
		<col name="Condition" type="Char(2)" />
		<col name="ChildField" type="NVarChar(255)" nullable="true" />
		<col name="CloseBrackets" type="Char(9)" nullable="true" />
		<col name="Operation" type="Char(1)" />
		<col name="CreatedByID" type="UniqueIdentifier" />
		<col name="CreatedDateTime" type="DateTime" />
		<col name="CreatedByScreenID" type="Char(8)" />
		<col name="LastModifiedByID" type="UniqueIdentifier" />
		<col name="LastModifiedDateTime" type="DateTime" />
		<col name="LastModifiedByScreenID" type="Char(8)" />
		<col name="NoteID" type="UniqueIdentifier" nullable="true" />
		<col name="CompanyMask" type="VarBinary(32)" default="CompanyMaskReadOnly" />
	</table>
	<rows>
		<row DesignID="685bdfd2-a335-4163-a812-474cc5e3ab31" RelationNbr="1" LineNbr="1" ParentField="receiptType" Condition="E " ChildField="receiptType" Operation="A" CreatedByID="b5344897-037e-4d58-b5c3-1bdfd0f47bf9" CreatedDateTime="2015-12-22 13:28:31" CreatedByScreenID="SM209900" LastModifiedByID="b5344897-037e-4d58-b5c3-1bdfd0f47bf9" LastModifiedDateTime="2015-12-22 13:28:31" LastModifiedByScreenID="SM209900" NoteID="c4d783be-96a8-e511-80c0-00155d012302" />
		<row DesignID="685bdfd2-a335-4163-a812-474cc5e3ab31" RelationNbr="1" LineNbr="2" ParentField="receiptNbr" Condition="E " ChildField="receiptNbr" Operation="A" CreatedByID="b5344897-037e-4d58-b5c3-1bdfd0f47bf9" CreatedDateTime="2015-12-22 13:28:31" CreatedByScreenID="SM209900" LastModifiedByID="b5344897-037e-4d58-b5c3-1bdfd0f47bf9" LastModifiedDateTime="2015-12-22 13:28:31" LastModifiedByScreenID="SM209900" NoteID="c5d783be-96a8-e511-80c0-00155d012302" />
		<row DesignID="685bdfd2-a335-4163-a812-474cc5e3ab31" RelationNbr="2" LineNbr="3" ParentField="vendorID" Condition="E " ChildField="bAccountID" Operation="A" CreatedByID="b5344897-037e-4d58-b5c3-1bdfd0f47bf9" CreatedDateTime="2015-12-22 13:28:31" CreatedByScreenID="SM209900" LastModifiedByID="b5344897-037e-4d58-b5c3-1bdfd0f47bf9" LastModifiedDateTime="2015-12-22 13:28:31" LastModifiedByScreenID="SM209900" NoteID="c6d783be-96a8-e511-80c0-00155d012302" />
		<row DesignID="685bdfd2-a335-4163-a812-474cc5e3ab31" RelationNbr="3" LineNbr="4" ParentField="inventoryID" Condition="E " ChildField="inventoryID" Operation="A" CreatedByID="b5344897-037e-4d58-b5c3-1bdfd0f47bf9" CreatedDateTime="2015-12-22 13:28:31" CreatedByScreenID="SM209900" LastModifiedByID="b5344897-037e-4d58-b5c3-1bdfd0f47bf9" LastModifiedDateTime="2015-12-22 13:28:31" LastModifiedByScreenID="SM209900" NoteID="c7d783be-96a8-e511-80c0-00155d012302" />
		<row DesignID="685bdfd2-a335-4163-a812-474cc5e3ab31" RelationNbr="4" LineNbr="5" ParentField="receiptType" Condition="E " ChildField="pOReceiptType" Operation="A" CreatedByID="b5344897-037e-4d58-b5c3-1bdfd0f47bf9" CreatedDateTime="2015-12-22 13:28:31" CreatedByScreenID="SM209900" LastModifiedByID="b5344897-037e-4d58-b5c3-1bdfd0f47bf9" LastModifiedDateTime="2015-12-22 13:28:31" LastModifiedByScreenID="SM209900" NoteID="c9d783be-96a8-e511-80c0-00155d012302" />
		<row DesignID="685bdfd2-a335-4163-a812-474cc5e3ab31" RelationNbr="4" LineNbr="6" ParentField="receiptNbr" Condition="E " ChildField="pOReceiptNbr" Operation="A" CreatedByID="b5344897-037e-4d58-b5c3-1bdfd0f47bf9" CreatedDateTime="2015-12-22 13:28:31" CreatedByScreenID="SM209900" LastModifiedByID="b5344897-037e-4d58-b5c3-1bdfd0f47bf9" LastModifiedDateTime="2015-12-22 13:28:31" LastModifiedByScreenID="SM209900" NoteID="c8d783be-96a8-e511-80c0-00155d012302" />
		<row DesignID="685bdfd2-a335-4163-a812-474cc5e3ab31" RelationNbr="4" LineNbr="7" ParentField="lineNbr" Condition="E " ChildField="pOReceiptLineNbr" Operation="A" CreatedByID="b5344897-037e-4d58-b5c3-1bdfd0f47bf9" CreatedDateTime="2015-12-22 13:28:31" CreatedByScreenID="SM209900" LastModifiedByID="b5344897-037e-4d58-b5c3-1bdfd0f47bf9" LastModifiedDateTime="2015-12-22 13:28:31" LastModifiedByScreenID="SM209900" NoteID="cad783be-96a8-e511-80c0-00155d012302" />
		<row DesignID="685bdfd2-a335-4163-a812-474cc5e3ab31" RelationNbr="5" LineNbr="8" ParentField="docType" Condition="E " ChildField="docType" Operation="A" CreatedByID="b5344897-037e-4d58-b5c3-1bdfd0f47bf9" CreatedDateTime="2015-12-22 13:28:31" CreatedByScreenID="SM209900" LastModifiedByID="b5344897-037e-4d58-b5c3-1bdfd0f47bf9" LastModifiedDateTime="2015-12-22 13:28:31" LastModifiedByScreenID="SM209900" NoteID="c2d783be-96a8-e511-80c0-00155d012302" />
		<row DesignID="685bdfd2-a335-4163-a812-474cc5e3ab31" RelationNbr="5" LineNbr="9" ParentField="refNbr" Condition="E " ChildField="refNbr" Operation="A" CreatedByID="b5344897-037e-4d58-b5c3-1bdfd0f47bf9" CreatedDateTime="2015-12-22 13:28:31" CreatedByScreenID="SM209900" LastModifiedByID="b5344897-037e-4d58-b5c3-1bdfd0f47bf9" LastModifiedDateTime="2015-12-22 13:28:31" LastModifiedByScreenID="SM209900" NoteID="c3d783be-96a8-e511-80c0-00155d012302" />
		<row DesignID="0ecb05fd-7b11-4671-a7c0-ce8bc6c0f179" RelationNbr="1" LineNbr="1" ParentField="inventoryID" Condition="E " ChildField="inventoryID" Operation="A" CreatedByID="b5344897-037e-4d58-b5c3-1bdfd0f47bf9" CreatedDateTime="2019-12-04 09:03:13.18" CreatedByScreenID="SM209900" LastModifiedByID="b5344897-037e-4d58-b5c3-1bdfd0f47bf9" LastModifiedDateTime="2019-12-04 09:03:13.18" LastModifiedByScreenID="SM209900" NoteID="5229c230-a716-ea11-a6ed-9cb6d0c82c0c" />
		<row DesignID="0ecb05fd-7b11-4671-a7c0-ce8bc6c0f179" RelationNbr="2" LineNbr="2" ParentField="inventoryID" Condition="E " ChildField="inventoryID" Operation="A" CreatedByID="b5344897-037e-4d58-b5c3-1bdfd0f47bf9" CreatedDateTime="2019-12-04 09:03:13.18" CreatedByScreenID="SM209900" LastModifiedByID="b5344897-037e-4d58-b5c3-1bdfd0f47bf9" LastModifiedDateTime="2019-12-04 09:03:13.18" LastModifiedByScreenID="SM209900" NoteID="5129c230-a716-ea11-a6ed-9cb6d0c82c0c" />
	</rows>
</data>