﻿<?xml version="1.0" encoding="utf-8"?>
<data>
	<table name="GISort">
		<col name="CompanyID" type="Int" default="Zero" />
		<col name="DesignID" type="UniqueIdentifier" />
		<col name="LineNbr" type="Int" />
		<col name="IsActive" type="Bit" />
		<col name="DataFieldName" type="NVarChar(512)" />
		<col name="SortOrder" type="Char(1)" />
		<col name="CreatedByID" type="UniqueIdentifier" />
		<col name="CreatedDateTime" type="DateTime" />
		<col name="CreatedByScreenID" type="Char(8)" />
		<col name="LastModifiedByID" type="UniqueIdentifier" />
		<col name="LastModifiedDateTime" type="DateTime" />
		<col name="LastModifiedByScreenID" type="Char(8)" />
		<col name="NoteID" type="UniqueIdentifier" nullable="true" />
		<col name="CompanyMask" type="VarBinary(32)" default="CompanyMaskReadOnly" />
	</table>
	<rows>
		<row DesignID="685bdfd2-a335-4163-a812-474cc5e3ab31" LineNbr="2" IsActive="1" DataFieldName="POReceipt.receiptDate" SortOrder="A" CreatedByID="b5344897-037e-4d58-b5c3-1bdfd0f47bf9" CreatedDateTime="2015-12-22 13:28:31" CreatedByScreenID="SM209900" LastModifiedByID="b5344897-037e-4d58-b5c3-1bdfd0f47bf9" LastModifiedDateTime="2015-12-22 13:28:31" LastModifiedByScreenID="SM209900" NoteID="bfd783be-96a8-e511-80c0-00155d012302" />
		<row DesignID="685bdfd2-a335-4163-a812-474cc5e3ab31" LineNbr="3" IsActive="1" DataFieldName="POReceipt.receiptType" SortOrder="A" CreatedByID="b5344897-037e-4d58-b5c3-1bdfd0f47bf9" CreatedDateTime="2015-12-22 13:28:31" CreatedByScreenID="SM209900" LastModifiedByID="b5344897-037e-4d58-b5c3-1bdfd0f47bf9" LastModifiedDateTime="2015-12-22 13:28:31" LastModifiedByScreenID="SM209900" NoteID="c0d783be-96a8-e511-80c0-00155d012302" />
		<row DesignID="685bdfd2-a335-4163-a812-474cc5e3ab31" LineNbr="4" IsActive="1" DataFieldName="POReceipt.receiptNbr" SortOrder="A" CreatedByID="b5344897-037e-4d58-b5c3-1bdfd0f47bf9" CreatedDateTime="2015-12-22 13:28:31" CreatedByScreenID="SM209900" LastModifiedByID="b5344897-037e-4d58-b5c3-1bdfd0f47bf9" LastModifiedDateTime="2015-12-22 13:28:31" LastModifiedByScreenID="SM209900" NoteID="c1d783be-96a8-e511-80c0-00155d012302" />
		<row DesignID="0ecb05fd-7b11-4671-a7c0-ce8bc6c0f179" LineNbr="1" IsActive="1" DataFieldName="InventoryItem.inventoryCD" SortOrder="A" CreatedByID="b5344897-037e-4d58-b5c3-1bdfd0f47bf9" CreatedDateTime="2019-12-04 09:03:13.163" CreatedByScreenID="SM209900" LastModifiedByID="b5344897-037e-4d58-b5c3-1bdfd0f47bf9" LastModifiedDateTime="2019-12-04 09:03:13.163" LastModifiedByScreenID="SM209900" NoteID="5029c230-a716-ea11-a6ed-9cb6d0c82c0c" />
	</rows>
</data>