﻿<?xml version="1.0" encoding="utf-8"?>
<data>
	<table name="GLSetup">
		<col name="CompanyID" type="Int" default="Zero" />
		<col name="LedgerID" type="Int" nullable="true" />
		<col name="AutoRevOption" type="Char(1)" />
		<col name="AutoRevEntry" type="Bit" default="Zero" />
		<col name="AutoPostOption" type="Bit" />
		<col name="COAOrder" type="SmallInt" />
		<col name="BatchNumberingID" type="NVarChar(10)" />
		<col name="DocBatchNumberingID" type="NVarChar(10)" />
		<col name="RequireControlTotal" type="Bit" />
		<col name="RequireRefNbrForTaxEntry" type="Bit" default="Zero" />
		<col name="PostClosedPeriods" type="Bit" />
		<col name="RestrictAccessToClosedPeriods" type="Bit" />
		<col name="AllocationNumberingID" type="NVarChar(10)" />
		<col name="ScheduleNumberingID" type="NVarChar(10)" />
		<col name="tstamp" type="Timestamp" />
		<col name="CreatedByID" type="UniqueIdentifier" />
		<col name="CreatedByScreenID" type="Char(8)" />
		<col name="CreatedDateTime" type="DateTime" />
		<col name="LastModifiedByID" type="UniqueIdentifier" />
		<col name="LastModifiedByScreenID" type="Char(8)" />
		<col name="LastModifiedDateTime" type="DateTime" />
		<col name="HoldEntry" type="Bit" />
		<col name="VouchersHoldEntry" type="Bit" />
		<col name="ConsolSegmentId" type="SmallInt" nullable="true" />
		<col name="PerRetainTran" type="SmallInt" />
		<col name="YtdNetIncAccountID" type="Int" />
		<col name="RetEarnAccountID" type="Int" />
		<col name="DefaultSubID" type="Int" nullable="true" />
		<col name="TrialBalanceSign" type="Char(1)" />
		<col name="ReuseRefNbrsInVouchers" type="Bit" />
		<col name="TBImportNumberingID" type="NVarChar(10)" />
		<col name="RoundingLimit" type="Decimal(19,4)" default="Zero" />
		<col name="AutoReleaseReclassBatch" type="Bit" default="Zero" />
		<col name="ConsolidatedPosting" type="Bit" default="Zero" />
	</table>
	<rows>
		<row AutoRevOption="P" AutoRevEntry="0" AutoPostOption="1" COAOrder="0" BatchNumberingID="BATCH" DocBatchNumberingID="BATCH" RequireControlTotal="0" RequireRefNbrForTaxEntry="0" PostClosedPeriods="1" RestrictAccessToClosedPeriods="0" AllocationNumberingID="ALLOCATION" ScheduleNumberingID="SCHEDULE" CreatedByID="b5344897-037e-4d58-b5c3-1bdfd0f47bf9" CreatedByScreenID="GL102000" CreatedDateTime="2014-10-02 11:38:33.027" LastModifiedByID="b5344897-037e-4d58-b5c3-1bdfd0f47bf9" LastModifiedByScreenID="GL102000" LastModifiedDateTime="2014-10-21 10:25:04.09" HoldEntry="1" VouchersHoldEntry="1" PerRetainTran="99" YtdNetIncAccountID="11" RetEarnAccountID="12" DefaultSubID="1" TrialBalanceSign="N" ReuseRefNbrsInVouchers="1" TBImportNumberingID="TBIMPORT" RoundingLimit="0.0000" AutoReleaseReclassBatch="0" ConsolidatedPosting="1" />
	</rows>
</data>