﻿<?xml version="1.0" encoding="utf-8"?>
<data>
	<table name="INItemStats">
		<col name="CompanyID" type="Int" default="Zero" />
		<col name="InventoryID" type="Int" />
		<col name="SiteID" type="Int" />
		<col name="QtyOnHand" type="Decimal(25,6)" />
		<col name="TotalCost" type="Decimal(19,4)" />
		<col name="MinCost" type="Decimal(19,6)" />
		<col name="MaxCost" type="Decimal(19,6)" />
		<col name="LastCost" type="Decimal(19,6)" />
		<col name="LastCostDate" type="SmallDateTime" />
		<col name="ValMethod" type="Char(1)" />
		<col name="tstamp" type="Timestamp" />
	</table>
	<rows>
		<row InventoryID="2608" SiteID="17" QtyOnHand="200.000000" TotalCost="16000.0000" MinCost="80.000000" MaxCost="80.000000" LastCost="80.000000" LastCostDate="2019-12-04 23:59:00" ValMethod="A" />
	</rows>
</data>