﻿<?xml version="1.0" encoding="utf-8"?>
<data>
	<table name="INItemSalesHist">
		<col name="CompanyID" type="Int" default="Zero" />
		<col name="InventoryID" type="Int" />
		<col name="CostSubItemID" type="Int" />
		<col name="CostSiteID" type="Int" />
		<col name="FinPeriodID" type="Char(6)" />
		<col name="FinPtdCOGS" type="Decimal(19,4)" />
		<col name="FinPtdCOGSCredits" type="Decimal(19,4)" />
		<col name="FinPtdCOGSDropShips" type="Decimal(19,4)" />
		<col name="FinPtdQtySales" type="Decimal(25,6)" />
		<col name="FinPtdQtyCreditMemos" type="Decimal(25,6)" />
		<col name="FinPtdQtyDropShipSales" type="Decimal(25,6)" />
		<col name="FinPtdSales" type="Decimal(19,4)" />
		<col name="FinPtdCreditMemos" type="Decimal(19,4)" />
		<col name="FinPtdDropShipSales" type="Decimal(19,4)" />
		<col name="FinYtdCOGS" type="Decimal(19,4)" />
		<col name="FinYtdCOGSCredits" type="Decimal(19,4)" />
		<col name="FinYtdCOGSDropShips" type="Decimal(19,4)" />
		<col name="FinYtdQtySales" type="Decimal(25,6)" />
		<col name="FinYtdQtyCreditMemos" type="Decimal(25,6)" />
		<col name="FinYtdQtyDropShipSales" type="Decimal(25,6)" />
		<col name="FinYtdSales" type="Decimal(19,4)" />
		<col name="FinYtdCreditMemos" type="Decimal(19,4)" />
		<col name="FinYtdDropShipSales" type="Decimal(19,4)" />
		<col name="TranPtdCOGS" type="Decimal(19,4)" />
		<col name="TranPtdCOGSCredits" type="Decimal(19,4)" />
		<col name="TranPtdCOGSDropShips" type="Decimal(19,4)" />
		<col name="TranPtdQtySales" type="Decimal(25,6)" />
		<col name="TranPtdQtyCreditMemos" type="Decimal(25,6)" />
		<col name="TranPtdQtyDropShipSales" type="Decimal(25,6)" />
		<col name="TranPtdSales" type="Decimal(19,4)" />
		<col name="TranPtdCreditMemos" type="Decimal(19,4)" />
		<col name="TranPtdDropShipSales" type="Decimal(19,4)" />
		<col name="TranYtdCOGS" type="Decimal(19,4)" />
		<col name="TranYtdCOGSCredits" type="Decimal(19,4)" />
		<col name="TranYtdCOGSDropShips" type="Decimal(19,4)" />
		<col name="TranYtdQtySales" type="Decimal(25,6)" />
		<col name="TranYtdQtyCreditMemos" type="Decimal(25,6)" />
		<col name="TranYtdQtyDropShipSales" type="Decimal(25,6)" />
		<col name="TranYtdSales" type="Decimal(19,4)" />
		<col name="TranYtdCreditMemos" type="Decimal(19,4)" />
		<col name="TranYtdDropShipSales" type="Decimal(19,4)" />
		<col name="tstamp" type="Timestamp" />
	</table>
	<rows>
		<row InventoryID="2608" CostSubItemID="9" CostSiteID="17" FinPeriodID="201912" FinPtdCOGS="0.0000" FinPtdCOGSCredits="0.0000" FinPtdCOGSDropShips="0.0000" FinPtdQtySales="0.000000" FinPtdQtyCreditMemos="0.000000" FinPtdQtyDropShipSales="0.000000" FinPtdSales="0.0000" FinPtdCreditMemos="0.0000" FinPtdDropShipSales="0.0000" FinYtdCOGS="0.0000" FinYtdCOGSCredits="0.0000" FinYtdCOGSDropShips="0.0000" FinYtdQtySales="0.000000" FinYtdQtyCreditMemos="0.000000" FinYtdQtyDropShipSales="0.000000" FinYtdSales="0.0000" FinYtdCreditMemos="0.0000" FinYtdDropShipSales="0.0000" TranPtdCOGS="0.0000" TranPtdCOGSCredits="0.0000" TranPtdCOGSDropShips="0.0000" TranPtdQtySales="0.000000" TranPtdQtyCreditMemos="0.000000" TranPtdQtyDropShipSales="0.000000" TranPtdSales="0.0000" TranPtdCreditMemos="0.0000" TranPtdDropShipSales="0.0000" TranYtdCOGS="0.0000" TranYtdCOGSCredits="0.0000" TranYtdCOGSDropShips="0.0000" TranYtdQtySales="0.000000" TranYtdQtyCreditMemos="0.000000" TranYtdQtyDropShipSales="0.000000" TranYtdSales="0.0000" TranYtdCreditMemos="0.0000" TranYtdDropShipSales="0.0000" />
	</rows>
</data>