﻿<?xml version="1.0" encoding="utf-8"?>
<data>
	<table name="INItemCostHist">
		<col name="CompanyID" type="Int" default="Zero" />
		<col name="InventoryID" type="Int" />
		<col name="CostSubItemID" type="Int" />
		<col name="CostSiteID" type="Int" />
		<col name="AccountID" type="Int" />
		<col name="SubID" type="Int" />
		<col name="SiteID" type="Int" />
		<col name="FinPeriodID" type="Char(6)" />
		<col name="tstamp" type="Timestamp" />
		<col name="FinPtdCostIssued" type="Decimal(19,4)" />
		<col name="FinPtdCostReceived" type="Decimal(19,4)" />
		<col name="FinBegCost" type="Decimal(19,4)" />
		<col name="FinYtdCost" type="Decimal(19,4)" />
		<col name="FinPtdQtyIssued" type="Decimal(25,6)" />
		<col name="FinPtdQtyReceived" type="Decimal(25,6)" />
		<col name="FinBegQty" type="Decimal(25,6)" />
		<col name="FinYtdQty" type="Decimal(25,6)" />
		<col name="FinPtdCOGS" type="Decimal(19,4)" />
		<col name="FinPtdCOGSCredits" type="Decimal(19,4)" />
		<col name="FinPtdCOGSDropShips" type="Decimal(19,4)" />
		<col name="FinPtdCostTransferIn" type="Decimal(19,4)" />
		<col name="FinPtdCostTransferOut" type="Decimal(19,4)" />
		<col name="FinPtdCostAssemblyIn" type="Decimal(19,4)" default="Zero" />
		<col name="FinPtdCostAssemblyOut" type="Decimal(19,4)" default="Zero" />
		<col name="FinPtdCostAdjusted" type="Decimal(19,4)" />
		<col name="FinPtdQtySales" type="Decimal(25,6)" />
		<col name="FinPtdQtyCreditMemos" type="Decimal(25,6)" />
		<col name="FinPtdQtyDropShipSales" type="Decimal(25,6)" />
		<col name="FinPtdQtyTransferIn" type="Decimal(25,6)" />
		<col name="FinPtdQtyTransferOut" type="Decimal(25,6)" />
		<col name="FinPtdQtyAssemblyIn" type="Decimal(25,6)" default="Zero" />
		<col name="FinPtdQtyAssemblyOut" type="Decimal(25,6)" default="Zero" />
		<col name="FinPtdQtyAdjusted" type="Decimal(25,6)" />
		<col name="FinPtdSales" type="Decimal(19,4)" />
		<col name="FinPtdCreditMemos" type="Decimal(19,4)" />
		<col name="FinPtdDropShipSales" type="Decimal(19,4)" />
		<col name="TranPtdCostReceived" type="Decimal(19,4)" />
		<col name="TranPtdCostIssued" type="Decimal(19,4)" />
		<col name="TranPtdQtyReceived" type="Decimal(25,6)" />
		<col name="TranPtdQtyIssued" type="Decimal(25,6)" />
		<col name="TranPtdCOGS" type="Decimal(19,4)" />
		<col name="TranPtdCOGSCredits" type="Decimal(19,4)" />
		<col name="TranPtdCOGSDropShips" type="Decimal(19,4)" />
		<col name="TranPtdCostTransferIn" type="Decimal(19,4)" />
		<col name="TranPtdCostTransferOut" type="Decimal(19,4)" />
		<col name="TranPtdCostAssemblyIn" type="Decimal(19,4)" default="Zero" />
		<col name="TranPtdCostAssemblyOut" type="Decimal(19,4)" default="Zero" />
		<col name="TranPtdCostAdjusted" type="Decimal(19,4)" />
		<col name="TranPtdQtySales" type="Decimal(25,6)" />
		<col name="TranPtdQtyCreditMemos" type="Decimal(25,6)" />
		<col name="TranPtdQtyDropShipSales" type="Decimal(25,6)" />
		<col name="TranPtdQtyTransferIn" type="Decimal(25,6)" />
		<col name="TranPtdQtyTransferOut" type="Decimal(25,6)" />
		<col name="TranPtdQtyAssemblyIn" type="Decimal(25,6)" default="Zero" />
		<col name="TranPtdQtyAssemblyOut" type="Decimal(25,6)" default="Zero" />
		<col name="TranPtdQtyAdjusted" type="Decimal(25,6)" />
		<col name="TranPtdSales" type="Decimal(19,4)" />
		<col name="TranPtdCreditMemos" type="Decimal(19,4)" />
		<col name="TranPtdDropShipSales" type="Decimal(19,4)" />
		<col name="TranBegCost" type="Decimal(19,4)" />
		<col name="TranYtdCost" type="Decimal(19,4)" />
		<col name="TranBegQty" type="Decimal(25,6)" />
		<col name="TranYtdQty" type="Decimal(25,6)" />
	</table>
	<rows>
		<row InventoryID="2608" CostSubItemID="9" CostSiteID="17" AccountID="2720" SubID="1" SiteID="17" FinPeriodID="201912" FinPtdCostIssued="0.0000" FinPtdCostReceived="16000.0000" FinBegCost="0.0000" FinYtdCost="16000.0000" FinPtdQtyIssued="0.000000" FinPtdQtyReceived="200.000000" FinBegQty="0.000000" FinYtdQty="200.000000" FinPtdCOGS="0.0000" FinPtdCOGSCredits="0.0000" FinPtdCOGSDropShips="0.0000" FinPtdCostTransferIn="0.0000" FinPtdCostTransferOut="0.0000" FinPtdCostAssemblyIn="0.0000" FinPtdCostAssemblyOut="0.0000" FinPtdCostAdjusted="0.0000" FinPtdQtySales="0.000000" FinPtdQtyCreditMemos="0.000000" FinPtdQtyDropShipSales="0.000000" FinPtdQtyTransferIn="0.000000" FinPtdQtyTransferOut="0.000000" FinPtdQtyAssemblyIn="0.000000" FinPtdQtyAssemblyOut="0.000000" FinPtdQtyAdjusted="0.000000" FinPtdSales="0.0000" FinPtdCreditMemos="0.0000" FinPtdDropShipSales="0.0000" TranPtdCostReceived="16000.0000" TranPtdCostIssued="0.0000" TranPtdQtyReceived="200.000000" TranPtdQtyIssued="0.000000" TranPtdCOGS="0.0000" TranPtdCOGSCredits="0.0000" TranPtdCOGSDropShips="0.0000" TranPtdCostTransferIn="0.0000" TranPtdCostTransferOut="0.0000" TranPtdCostAssemblyIn="0.0000" TranPtdCostAssemblyOut="0.0000" TranPtdCostAdjusted="0.0000" TranPtdQtySales="0.000000" TranPtdQtyCreditMemos="0.000000" TranPtdQtyDropShipSales="0.000000" TranPtdQtyTransferIn="0.000000" TranPtdQtyTransferOut="0.000000" TranPtdQtyAssemblyIn="0.000000" TranPtdQtyAssemblyOut="0.000000" TranPtdQtyAdjusted="0.000000" TranPtdSales="0.0000" TranPtdCreditMemos="0.0000" TranPtdDropShipSales="0.0000" TranBegCost="0.0000" TranYtdCost="16000.0000" TranBegQty="0.000000" TranYtdQty="200.000000" />
	</rows>
</data>