﻿<?xml version="1.0" encoding="utf-8"?>
<data>
	<table name="INItemPlan">
		<col name="CompanyID" type="Int" default="Zero" />
		<col name="InventoryID" type="Int" />
		<col name="SiteID" type="Int" />
		<col name="PlanDate" type="SmallDateTime" />
		<col name="PlanID" type="BigInt" identity="true" />
		<col name="PlanType" type="Char(2)" />
		<col name="ExcludePlanLevel" type="Int" nullable="true" />
		<col name="OrigPlanID" type="BigInt" nullable="true" />
		<col name="OrigPlanType" type="Char(2)" nullable="true" />
		<col name="OrigNoteID" type="UniqueIdentifier" nullable="true" />
		<col name="OrigPlanLevel" type="Int" nullable="true" />
		<col name="IgnoreOrigPlan" type="Bit" default="Zero" />
		<col name="SubItemID" type="Int" nullable="true" />
		<col name="LocationID" type="Int" nullable="true" />
		<col name="LotSerialNbr" type="NVarChar(100)" nullable="true" />
		<col name="VendorID" type="Int" nullable="true" />
		<col name="VendorLocationID" type="Int" nullable="true" />
		<col name="SourceSiteID" type="Int" nullable="true" />
		<col name="SupplyPlanID" type="BigInt" nullable="true" />
		<col name="DemandPlanID" type="BigInt" nullable="true" />
		<col name="PlanQty" type="Decimal(25,6)" />
		<col name="tstamp" type="Timestamp" />
		<col name="FixedSource" type="Char(1)" nullable="true" />
		<col name="Reverse" type="Bit" />
		<col name="BAccountID" type="Int" nullable="true" />
		<col name="Hold" type="Bit" />
		<col name="RefNoteID" type="UniqueIdentifier" />
	</table>
	<rows>
		<row InventoryID="2608" SiteID="17" PlanDate="2020-01-14 00:00:00" PlanID="7" PlanType="62" OrigPlanID="6" OrigNoteID="3f20eb83-1137-ea11-a6f2-9cb6d0c82c0c" OrigPlanLevel="0" IgnoreOrigPlan="0" SubItemID="9" LocationID="18" LotSerialNbr="" PlanQty="3.000000" FixedSource="P" Reverse="0" BAccountID="30" Hold="0" RefNoteID="5e2c2712-1237-ea11-a6f2-9cb6d0c82c0c" />
	</rows>
</data>