﻿<?xml version="1.0" encoding="utf-8"?>
<data>
	<table name="INItemClass">
		<col name="CompanyID" type="Int" default="Zero" />
		<col name="ItemClassID" type="Int" identity="true" />
		<col name="ItemClassCD" type="NVarChar(30)" />
		<col name="Descr" type="NVarChar(256)" nullable="true" />
		<col name="CreatedByID" type="UniqueIdentifier" />
		<col name="CreatedByScreenID" type="Char(8)" />
		<col name="CreatedDateTime" type="DateTime" />
		<col name="LastModifiedByID" type="UniqueIdentifier" />
		<col name="LastModifiedByScreenID" type="Char(8)" />
		<col name="LastModifiedDateTime" type="DateTime" />
		<col name="tstamp" type="Timestamp" />
		<col name="StockClassID" type="NVarChar(10)" nullable="true" />
		<col name="PostClassID" type="NVarChar(10)" nullable="true" />
		<col name="LotSerClassID" type="NVarChar(10)" nullable="true" />
		<col name="TaxCategoryID" type="NVarChar(10)" nullable="true" />
		<col name="ItemType" type="Char(1)" nullable="true" />
		<col name="StkItem" type="Bit" />
		<col name="NegQty" type="Bit" />
		<col name="AvailabilitySchemeID" type="NVarChar(10)" nullable="true" />
		<col name="ValMethod" type="Char(1)" />
		<col name="BaseUnit" type="NVarChar(6)" />
		<col name="SalesUnit" type="NVarChar(6)" />
		<col name="PurchaseUnit" type="NVarChar(6)" />
		<col name="DeferredCode" type="NVarChar(10)" nullable="true" />
		<col name="GroupMask" type="VarBinary(32)" default="BinaryMaskZero" />
		<col name="MinGrossProfitPct" type="Decimal(19,6)" />
		<col name="PriceWorkGroupID" type="Int" nullable="true" />
		<col name="PriceManagerID" type="UniqueIdentifier" nullable="true" />
		<col name="MarkupPct" type="Decimal(19,6)" nullable="true" />
		<col name="PriceClassID" type="NVarChar(10)" nullable="true" />
		<col name="DfltSiteID" type="Int" nullable="true" />
		<col name="DeletedDatabaseRecord" type="Bit" default="Zero" />
		<col name="NoteID" type="UniqueIdentifier" />
		<col name="DemandCalculation" type="Char(1)" />
		<col name="HSTariffCode" type="NVarChar(30)" nullable="true" />
		<col name="CountryOfOrigin" type="NVarChar(2)" nullable="true" />
		<col name="UndershipThreshold" type="Decimal(9,6)" />
		<col name="OvershipThreshold" type="Decimal(9,6)" />
		<col name="TaxCalcMode" type="Char(1)" />
	</table>
	<rows>
		<row ItemClassID="1" ItemClassCD="DEFAULT   " Descr="Default Item Classes" CreatedByID="b5344897-037e-4d58-b5c3-1bdfd0f47bf9" CreatedByScreenID="IN201000" CreatedDateTime="2019-12-02 19:43:54.63" LastModifiedByID="b5344897-037e-4d58-b5c3-1bdfd0f47bf9" LastModifiedByScreenID="IN201000" LastModifiedDateTime="2019-12-02 19:43:54.63" PostClassID="DEFAULT" LotSerClassID="DEFAULT" StkItem="1" NegQty="0" AvailabilitySchemeID="DEFAULT" ValMethod="A" BaseUnit="PIECE" SalesUnit="PIECE" PurchaseUnit="PIECE" GroupMask="0x" MinGrossProfitPct="0.000000" MarkupPct="0.000000" DfltSiteID="17" DeletedDatabaseRecord="0" NoteID="219c7020-6e15-ea11-a6ec-9cb6d0c82c0c" DemandCalculation="I" UndershipThreshold="100.000000" OvershipThreshold="100.000000" TaxCalcMode="T" />
	</rows>
</data>