﻿<?xml version="1.0" encoding="utf-8"?>
<data>
	<table name="INLocationStatus">
		<col name="CompanyID" type="Int" default="Zero" />
		<col name="InventoryID" type="Int" />
		<col name="SubItemID" type="Int" />
		<col name="SiteID" type="Int" />
		<col name="LocationID" type="Int" />
		<col name="QtyOnHand" type="Decimal(25,6)" />
		<col name="QtyAvail" type="Decimal(25,6)" />
		<col name="QtyHardAvail" type="Decimal(25,6)" />
		<col name="QtyActual" type="Decimal(25,6)" default="Zero" />
		<col name="QtyFSSrvOrdBooked" type="Decimal(25,6)" default="Zero" />
		<col name="QtyFSSrvOrdAllocated" type="Decimal(25,6)" default="Zero" />
		<col name="QtyFSSrvOrdPrepared" type="Decimal(25,6)" default="Zero" />
		<col name="QtySOBackOrdered" type="Decimal(25,6)" default="Zero" />
		<col name="QtySOPrepared" type="Decimal(25,6)" default="Zero" />
		<col name="QtySOBooked" type="Decimal(25,6)" />
		<col name="QtySOShipped" type="Decimal(25,6)" />
		<col name="QtySOShipping" type="Decimal(25,6)" />
		<col name="tstamp" type="Timestamp" />
		<col name="QtyINIssues" type="Decimal(25,6)" />
		<col name="QtyINReceipts" type="Decimal(25,6)" />
		<col name="QtyInTransit" type="Decimal(25,6)" />
		<col name="QtyInTransitToSO" type="Decimal(25,6)" />
		<col name="QtyPOReceipts" type="Decimal(25,6)" />
		<col name="QtyPOPrepared" type="Decimal(25,6)" />
		<col name="QtyPOOrders" type="Decimal(25,6)" />
		<col name="QtyFixedFSSrvOrd" type="Decimal(25,6)" default="Zero" />
		<col name="QtyPOFixedFSSrvOrd" type="Decimal(25,6)" default="Zero" />
		<col name="QtyPOFixedFSSrvOrdPrepared" type="Decimal(25,6)" default="Zero" />
		<col name="QtyPOFixedFSSrvOrdReceipts" type="Decimal(25,6)" default="Zero" />
		<col name="QtySOFixed" type="Decimal(25,6)" default="Zero" />
		<col name="QtyPOFixedOrders" type="Decimal(25,6)" default="Zero" />
		<col name="QtyPOFixedPrepared" type="Decimal(25,6)" default="Zero" />
		<col name="QtyPOFixedReceipts" type="Decimal(25,6)" default="Zero" />
		<col name="QtySODropShip" type="Decimal(25,6)" default="Zero" />
		<col name="QtyPODropShipOrders" type="Decimal(25,6)" default="Zero" />
		<col name="QtyPODropShipPrepared" type="Decimal(25,6)" default="Zero" />
		<col name="QtyPODropShipReceipts" type="Decimal(25,6)" default="Zero" />
		<col name="QtyINAssemblySupply" type="Decimal(25,6)" default="Zero" />
		<col name="QtyINAssemblyDemand" type="Decimal(25,6)" default="Zero" />
		<col name="QtyInTransitToProduction" type="Decimal(25,6)" default="Zero" />
		<col name="QtyProductionSupplyPrepared" type="Decimal(25,6)" default="Zero" />
		<col name="QtyProductionSupply" type="Decimal(25,6)" default="Zero" />
		<col name="QtyPOFixedProductionPrepared" type="Decimal(25,6)" default="Zero" />
		<col name="QtyPOFixedProductionOrders" type="Decimal(25,6)" default="Zero" />
		<col name="QtyProductionDemandPrepared" type="Decimal(25,6)" default="Zero" />
		<col name="QtyProductionDemand" type="Decimal(25,6)" default="Zero" />
		<col name="QtyProductionAllocated" type="Decimal(25,6)" default="Zero" />
		<col name="QtySOFixedProduction" type="Decimal(25,6)" default="Zero" />
		<col name="QtyProdFixedPurchase" type="Decimal(25,6)" default="Zero" />
		<col name="QtyProdFixedProduction" type="Decimal(25,6)" default="Zero" />
		<col name="QtyProdFixedProdOrdersPrepared" type="Decimal(25,6)" default="Zero" />
		<col name="QtyProdFixedProdOrders" type="Decimal(25,6)" default="Zero" />
		<col name="QtyProdFixedSalesOrdersPrepared" type="Decimal(25,6)" default="Zero" />
		<col name="QtyProdFixedSalesOrders" type="Decimal(25,6)" default="Zero" />
		<col name="LastModifiedDateTime" type="DateTime" />
	</table>
	<rows>
		<row InventoryID="2608" SubItemID="9" SiteID="17" LocationID="18" QtyOnHand="200.000000" QtyAvail="197.000000" QtyHardAvail="197.000000" QtyActual="197.000000" QtyFSSrvOrdBooked="0.000000" QtyFSSrvOrdAllocated="0.000000" QtyFSSrvOrdPrepared="0.000000" QtySOBackOrdered="0.000000" QtySOPrepared="0.000000" QtySOBooked="0.000000" QtySOShipped="3.000000" QtySOShipping="0.000000" QtyINIssues="0.000000" QtyINReceipts="0.000000" QtyInTransit="0.000000" QtyInTransitToSO="0.000000" QtyPOReceipts="0.000000" QtyPOPrepared="0.000000" QtyPOOrders="0.000000" QtyFixedFSSrvOrd="0.000000" QtyPOFixedFSSrvOrd="0.000000" QtyPOFixedFSSrvOrdPrepared="0.000000" QtyPOFixedFSSrvOrdReceipts="0.000000" QtySOFixed="0.000000" QtyPOFixedOrders="0.000000" QtyPOFixedPrepared="0.000000" QtyPOFixedReceipts="0.000000" QtySODropShip="0.000000" QtyPODropShipOrders="0.000000" QtyPODropShipPrepared="0.000000" QtyPODropShipReceipts="0.000000" QtyINAssemblySupply="0.000000" QtyINAssemblyDemand="0.000000" QtyInTransitToProduction="0.000000" QtyProductionSupplyPrepared="0.000000" QtyProductionSupply="0.000000" QtyPOFixedProductionPrepared="0.000000" QtyPOFixedProductionOrders="0.000000" QtyProductionDemandPrepared="0.000000" QtyProductionDemand="0.000000" QtyProductionAllocated="0.000000" QtySOFixedProduction="0.000000" QtyProdFixedPurchase="0.000000" QtyProdFixedProduction="0.000000" QtyProdFixedProdOrdersPrepared="0.000000" QtyProdFixedProdOrders="0.000000" QtyProdFixedSalesOrdersPrepared="0.000000" QtyProdFixedSalesOrders="0.000000" LastModifiedDateTime="2020-01-14 15:08:38.337" />
	</rows>
</data>