﻿<?xml version="1.0" encoding="utf-8"?>
<data>
	<table name="INPostClass">
		<col name="CompanyID" type="Int" default="Zero" />
		<col name="PostClassID" type="NVarChar(10)" />
		<col name="Descr" type="NVarChar(256)" nullable="true" />
		<col name="InvtAcctID" type="Int" nullable="true" />
		<col name="InvtSubID" type="Int" nullable="true" />
		<col name="COGSAcctID" type="Int" nullable="true" />
		<col name="COGSSubID" type="Int" nullable="true" />
		<col name="SalesAcctID" type="Int" nullable="true" />
		<col name="SalesSubID" type="Int" nullable="true" />
		<col name="DiscAcctID" type="Int" nullable="true" />
		<col name="DiscSubID" type="Int" nullable="true" />
		<col name="StdCstRevAcctID" type="Int" nullable="true" />
		<col name="StdCstRevSubID" type="Int" nullable="true" />
		<col name="PPVAcctID" type="Int" nullable="true" />
		<col name="PPVSubID" type="Int" nullable="true" />
		<col name="StdCstVarAcctID" type="Int" nullable="true" />
		<col name="StdCstVarSubID" type="Int" nullable="true" />
		<col name="POAccrualAcctID" type="Int" nullable="true" />
		<col name="POAccrualSubID" type="Int" nullable="true" />
		<col name="InvtAcctDefault" type="Char(1)" />
		<col name="COGSAcctDefault" type="Char(1)" />
		<col name="SalesAcctDefault" type="Char(1)" />
		<col name="DiscAcctDefault" type="Char(1)" />
		<col name="StdCstRevAcctDefault" type="Char(1)" />
		<col name="PPVAcctDefault" type="Char(1)" />
		<col name="StdCstVarAcctDefault" type="Char(1)" />
		<col name="POAccrualAcctDefault" type="Char(1)" />
		<col name="CreatedByID" type="UniqueIdentifier" />
		<col name="CreatedByScreenID" type="Char(8)" />
		<col name="CreatedDateTime" type="DateTime" />
		<col name="LastModifiedByID" type="UniqueIdentifier" />
		<col name="LastModifiedByScreenID" type="Char(8)" />
		<col name="LastModifiedDateTime" type="DateTime" />
		<col name="tstamp" type="Timestamp" />
		<col name="InvtSubMask" type="VarChar(30)" nullable="true" />
		<col name="SalesSubMask" type="VarChar(30)" nullable="true" />
		<col name="COGSSubMask" type="VarChar(30)" nullable="true" />
		<col name="StdCstVarSubMask" type="VarChar(30)" nullable="true" />
		<col name="StdCstRevSubMask" type="VarChar(30)" nullable="true" />
		<col name="PPVSubMask" type="VarChar(30)" nullable="true" />
		<col name="DiscSubMask" type="VarChar(30)" nullable="true" />
		<col name="POAccrualSubMask" type="VarChar(30)" nullable="true" />
		<col name="ReasonCodeSubID" type="Int" nullable="true" />
		<col name="COGSSubFromSales" type="Bit" />
		<col name="LCVarianceAcctID" type="Int" nullable="true" />
		<col name="LCVarianceSubID" type="Int" nullable="true" />
		<col name="LCVarianceSubMask" type="VarChar(30)" nullable="true" />
		<col name="LCVarianceAcctDefault" type="Char(1)" />
		<col name="DeferralAcctID" type="Int" nullable="true" />
		<col name="DeferralSubID" type="Int" nullable="true" />
		<col name="PIReasonCode" type="NVarChar(20)" nullable="true" />
		<col name="NoteID" type="UniqueIdentifier" nullable="true" />
	</table>
	<rows>
		<row PostClassID="DEFAULT" Descr="Default Posting Class" InvtAcctID="2720" InvtSubID="1" COGSAcctID="2730" COGSSubID="1" SalesAcctID="2724" SalesSubID="1" DiscSubID="1" StdCstRevSubID="1" PPVSubID="1" StdCstVarSubID="1" POAccrualAcctID="2722" POAccrualSubID="1" InvtAcctDefault="P" COGSAcctDefault="P" SalesAcctDefault="P" DiscAcctDefault="I" StdCstRevAcctDefault="I" PPVAcctDefault="I" StdCstVarAcctDefault="I" POAccrualAcctDefault="P" CreatedByID="b5344897-037e-4d58-b5c3-1bdfd0f47bf9" CreatedByScreenID="IN206000" CreatedDateTime="2019-12-02 19:28:30.547" LastModifiedByID="b5344897-037e-4d58-b5c3-1bdfd0f47bf9" LastModifiedByScreenID="IN206000" LastModifiedDateTime="2019-12-02 19:28:30.547" InvtSubMask="IIIIIIIIII" SalesSubMask="IIIIIIIIII" COGSSubMask="IIIIIIIIII" StdCstVarSubMask="IIIIIIIIII" StdCstRevSubMask="IIIIIIIIII" PPVSubMask="IIIIIIIIII" DiscSubMask="IIIIIIIIII" POAccrualSubMask="IIIIIIIIII" ReasonCodeSubID="1" COGSSubFromSales="0" LCVarianceSubID="1" LCVarianceSubMask="IIIIIIIIII" LCVarianceAcctDefault="I" DeferralSubID="1" NoteID="c726390d-6c15-ea11-a6ec-9cb6d0c82c0c" />
	</rows>
</data>