﻿<?xml version="1.0" encoding="utf-8"?>
<data>
	<table name="INRegister">
		<col name="CompanyID" type="Int" default="Zero" />
		<col name="BranchID" type="Int" />
		<col name="DocType" type="Char(1)" />
		<col name="RefNbr" type="NVarChar(15)" />
		<col name="TranDesc" type="NVarChar(256)" nullable="true" />
		<col name="Released" type="Bit" default="Zero" />
		<col name="Hold" type="Bit" />
		<col name="Status" type="Char(1)" />
		<col name="TranDate" type="SmallDateTime" />
		<col name="FinPeriodID" type="Char(6)" />
		<col name="TranPeriodID" type="Char(6)" />
		<col name="LineCntr" type="Int" />
		<col name="tstamp" type="Timestamp" />
		<col name="CreatedByID" type="UniqueIdentifier" />
		<col name="CreatedByScreenID" type="Char(8)" />
		<col name="CreatedDateTime" type="DateTime" />
		<col name="LastModifiedByID" type="UniqueIdentifier" />
		<col name="LastModifiedByScreenID" type="Char(8)" />
		<col name="LastModifiedDateTime" type="DateTime" />
		<col name="TotalQty" type="Decimal(25,6)" />
		<col name="TotalAmount" type="Decimal(19,4)" />
		<col name="ControlQty" type="Decimal(25,6)" />
		<col name="ControlAmount" type="Decimal(19,4)" />
		<col name="SiteID" type="Int" nullable="true" />
		<col name="ToSiteID" type="Int" nullable="true" />
		<col name="BatchNbr" type="NVarChar(15)" nullable="true" />
		<col name="TransferType" type="Char(1)" nullable="true" />
		<col name="TotalCost" type="Decimal(19,4)" />
		<col name="ControlCost" type="Decimal(19,4)" />
		<col name="ExtRefNbr" type="NVarChar(40)" nullable="true" />
		<col name="OrigModule" type="Char(2)" nullable="true" />
		<col name="OrigRefNbr" type="NVarChar(15)" nullable="true" />
		<col name="KitInventoryID" type="Int" nullable="true" />
		<col name="KitRevisionID" type="NVarChar(10)" nullable="true" />
		<col name="KitLineNbr" type="Int" nullable="true" />
		<col name="SOShipmentNbr" type="NVarChar(15)" nullable="true" />
		<col name="SOShipmentType" type="Char(1)" nullable="true" />
		<col name="SOOrderType" type="Char(2)" nullable="true" />
		<col name="SOOrderNbr" type="NVarChar(15)" nullable="true" />
		<col name="POReceiptType" type="Char(2)" nullable="true" />
		<col name="POReceiptNbr" type="NVarChar(15)" nullable="true" />
		<col name="IsPPVTran" type="Bit" default="Zero" />
		<col name="NoteID" type="UniqueIdentifier" nullable="true" />
		<col name="PIID" type="NVarChar(15)" nullable="true" />
	</table>
	<rows>
		<row BranchID="1" DocType="I" RefNbr="000001" Released="0" Hold="0" Status="B" TranDate="2020-01-14 00:00:00" FinPeriodID="202001" TranPeriodID="202001" LineCntr="2" CreatedByID="b5344897-037e-4d58-b5c3-1bdfd0f47bf9" CreatedByScreenID="SO303000" CreatedDateTime="2020-01-14 15:08:57.063" LastModifiedByID="b5344897-037e-4d58-b5c3-1bdfd0f47bf9" LastModifiedByScreenID="SO303000" LastModifiedDateTime="2020-01-14 15:08:57.063" TotalQty="3.000000" TotalAmount="353.8500" ControlQty="3.000000" ControlAmount="353.8500" SiteID="17" TransferType="1" TotalCost="240.0000" ControlCost="0.0000" OrigModule="SO" KitLineNbr="0" SOShipmentNbr="000001" SOShipmentType="I" SOOrderType="SO" SOOrderNbr="000006" IsPPVTran="0" NoteID="5e2c2712-1237-ea11-a6f2-9cb6d0c82c0c" />
		<row BranchID="1" DocType="R" RefNbr="000001" Released="1" Hold="0" Status="R" TranDate="2019-12-04 00:00:00" FinPeriodID="201912" TranPeriodID="201912" LineCntr="2" CreatedByID="b5344897-037e-4d58-b5c3-1bdfd0f47bf9" CreatedByScreenID="IN301000" CreatedDateTime="2019-12-04 17:58:44.423" LastModifiedByID="b5344897-037e-4d58-b5c3-1bdfd0f47bf9" LastModifiedByScreenID="IN301000" LastModifiedDateTime="2019-12-04 17:59:02.837" TotalQty="200.000000" TotalAmount="0.0000" ControlQty="200.000000" ControlAmount="0.0000" BatchNbr="000017" TransferType="1" TotalCost="16000.0000" ControlCost="16000.0000" OrigModule="IN" KitLineNbr="0" IsPPVTran="0" NoteID="a1e9d5f1-f116-ea11-a6ed-9cb6d0c82c0c" />
	</rows>
</data>