﻿<?xml version="1.0" encoding="utf-8"?>
<data>
	<table name="INReceiptStatus">
		<col name="CompanyID" type="Int" default="Zero" />
		<col name="ReceiptID" type="BigInt" identity="true" />
		<col name="InventoryID" type="Int" />
		<col name="CostSubItemID" type="Int" />
		<col name="CostSiteID" type="Int" />
		<col name="AccountID" type="Int" default="Zero" />
		<col name="SubID" type="Int" default="Zero" />
		<col name="ReceiptNbr" type="NVarChar(15)" />
		<col name="LotSerialNbr" type="NVarChar(100)" />
		<col name="ReceiptDate" type="SmallDateTime" nullable="true" />
		<col name="OrigQty" type="Decimal(25,6)" default="Zero" />
		<col name="QtyOnHand" type="Decimal(25,6)" />
		<col name="tstamp" type="Timestamp" />
		<col name="ValMethod" type="Char(1)" />
		<col name="LayerType" type="Char(1)" />
	</table>
	<rows>
		<row ReceiptID="1" InventoryID="2608" CostSubItemID="9" CostSiteID="17" AccountID="2720" SubID="1" ReceiptNbr="000001" LotSerialNbr="" ReceiptDate="2019-12-04 00:00:00" OrigQty="200.000000" QtyOnHand="200.000000" ValMethod="A" LayerType="N" />
	</rows>
</data>