﻿<?xml version="1.0" encoding="utf-8"?>
<data>
	<table name="INSetup">
		<col name="CompanyID" type="Int" default="Zero" />
		<col name="DfltStkItemClassID" type="Int" nullable="true" />
		<col name="DfltNonStkItemClassID" type="Int" nullable="true" />
		<col name="tstamp" type="Timestamp" />
		<col name="CreatedByID" type="UniqueIdentifier" />
		<col name="CreatedByScreenID" type="Char(8)" />
		<col name="CreatedDateTime" type="DateTime" />
		<col name="LastModifiedByID" type="UniqueIdentifier" />
		<col name="LastModifiedByScreenID" type="Char(8)" />
		<col name="LastModifiedDateTime" type="DateTime" />
		<col name="HoldEntry" type="Bit" />
		<col name="RequireControlTotal" type="Bit" />
		<col name="BatchNumberingID" type="NVarChar(10)" />
		<col name="ReceiptNumberingID" type="NVarChar(10)" />
		<col name="IssueNumberingID" type="NVarChar(10)" />
		<col name="AdjustmentNumberingID" type="NVarChar(10)" />
		<col name="ReplenishmentNumberingID" type="NVarChar(10)" />
		<col name="ServiceItemNumberingID" type="NVarChar(10)" />
		<col name="ARClearingAcctID" type="Int" nullable="true" />
		<col name="ARClearingSubID" type="Int" nullable="true" />
		<col name="INTransitAcctID" type="Int" nullable="true" />
		<col name="INTransitSubID" type="Int" nullable="true" />
		<col name="INProgressAcctID" type="Int" nullable="true" />
		<col name="INProgressSubID" type="Int" nullable="true" />
		<col name="DfltPostClassID" type="NVarChar(10)" nullable="true" />
		<col name="DfltLotSerClassID" type="NVarChar(10)" nullable="true" />
		<col name="UpdateGL" type="Bit" />
		<col name="SummPost" type="Bit" />
		<col name="AutoPost" type="Bit" />
		<col name="PerRetainTran" type="SmallInt" nullable="true" />
		<col name="PerRetainHist" type="SmallInt" nullable="true" />
		<col name="NegQty" type="Bit" />
		<col name="ReceiptReasonCode" type="NVarChar(20)" />
		<col name="IssuesReasonCode" type="NVarChar(20)" />
		<col name="AdjustmentReasonCode" type="NVarChar(20)" />
		<col name="PINumberingID" type="NVarChar(10)" />
		<col name="PIUseTags" type="Bit" />
		<col name="PILastTagNumber" type="Int" />
		<col name="AutoAddLineBarcode" type="Bit" />
		<col name="AddByOneBarcode" type="Bit" />
		<col name="PIReasonCode" type="NVarChar(20)" />
		<col name="LCVarianceAcctID" type="Int" nullable="true" />
		<col name="LCVarianceSubID" type="Int" nullable="true" />
		<col name="KitAssemblyNumberingID" type="NVarChar(10)" />
		<col name="WeightUOM" type="NVarChar(6)" nullable="true" />
		<col name="VolumeUOM" type="NVarChar(6)" nullable="true" />
		<col name="TurnoverPeriodsPerYear" type="SmallInt" />
		<col name="ModelAttribute" type="NVarChar(10)" nullable="true" />
		<col name="ManufactureAttribute" type="NVarChar(10)" nullable="true" />
		<col name="ReplanBackOrders" type="Bit" />
		<col name="TransitSiteID" type="Int" nullable="true" />
		<col name="TransitBranchID" type="Int" nullable="true" />
		<col name="AutoReleasePIAdjustment" type="Bit" />
		<col name="DefaultSiteID" type="Int" nullable="true" />
	</table>
	<rows>
		<row CreatedByID="b5344897-037e-4d58-b5c3-1bdfd0f47bf9" CreatedByScreenID="IN101000" CreatedDateTime="2019-12-02 19:19:09.81" LastModifiedByID="b5344897-037e-4d58-b5c3-1bdfd0f47bf9" LastModifiedByScreenID="IN101000" LastModifiedDateTime="2019-12-02 19:19:09.81" HoldEntry="1" RequireControlTotal="1" BatchNumberingID="BATCH" ReceiptNumberingID="INRECEIPT" IssueNumberingID="INISSUE" AdjustmentNumberingID="INADJUST" ReplenishmentNumberingID="INREPL" ServiceItemNumberingID="EQPNBR" ARClearingAcctID="2721" ARClearingSubID="1" INTransitAcctID="29" INTransitSubID="1" INProgressSubID="1" UpdateGL="1" SummPost="1" AutoPost="1" PerRetainTran="99" PerRetainHist="0" NegQty="0" ReceiptReasonCode="INRECEIPT" IssuesReasonCode="INLOSS" AdjustmentReasonCode="INADJ" PINumberingID="PIID" PIUseTags="0" PILastTagNumber="0" AutoAddLineBarcode="0" AddByOneBarcode="0" PIReasonCode="INADJ" KitAssemblyNumberingID="INKITASSY" TurnoverPeriodsPerYear="12" ReplanBackOrders="0" TransitSiteID="21" TransitBranchID="1" AutoReleasePIAdjustment="0" />
	</rows>
</data>