﻿<?xml version="1.0" encoding="utf-8"?>
<data>
	<table name="INTran">
		<col name="CompanyID" type="Int" default="Zero" />
		<col name="BranchID" type="Int" />
		<col name="DocType" type="Char(1)" />
		<col name="TranType" type="Char(3)" />
		<col name="RefNbr" type="NVarChar(15)" />
		<col name="LineNbr" type="Int" />
		<col name="TranDate" type="SmallDateTime" />
		<col name="InventoryID" type="Int" />
		<col name="SubItemID" type="Int" nullable="true" />
		<col name="SiteID" type="Int" />
		<col name="LocationID" type="Int" nullable="true" />
		<col name="BAccountID" type="Int" nullable="true" />
		<col name="LotSerialNbr" type="NVarChar(100)" nullable="true" />
		<col name="ExpireDate" type="SmallDateTime" nullable="true" />
		<col name="InvtMult" type="SmallInt" />
		<col name="Qty" type="Decimal(25,6)" />
		<col name="MaxTransferBaseQty" type="Decimal(25,6)" nullable="true" />
		<col name="Released" type="Bit" />
		<col name="FinPeriodID" type="Char(6)" />
		<col name="TranPeriodID" type="Char(6)" />
		<col name="UnitPrice" type="Decimal(19,6)" />
		<col name="TranAmt" type="Decimal(19,4)" />
		<col name="UnitCost" type="Decimal(19,6)" />
		<col name="TranCost" type="Decimal(19,6)" />
		<col name="TranDesc" type="NVarChar(256)" nullable="true" />
		<col name="tstamp" type="Timestamp" />
		<col name="UOM" type="NVarChar(6)" />
		<col name="CreatedByID" type="UniqueIdentifier" />
		<col name="CreatedByScreenID" type="Char(8)" />
		<col name="CreatedDateTime" type="DateTime" />
		<col name="LastModifiedByID" type="UniqueIdentifier" />
		<col name="LastModifiedByScreenID" type="Char(8)" />
		<col name="LastModifiedDateTime" type="DateTime" />
		<col name="SubID" type="Int" nullable="true" />
		<col name="ReasonCode" type="NVarChar(20)" nullable="true" />
		<col name="ToSiteID" type="Int" nullable="true" />
		<col name="ToLocationID" type="Int" nullable="true" />
		<col name="BaseQty" type="Decimal(25,6)" />
		<col name="UnassignedQty" type="Decimal(25,6)" default="Zero" />
		<col name="ARDocType" type="Char(3)" nullable="true" />
		<col name="ARRefNbr" type="NVarChar(15)" nullable="true" />
		<col name="ARLineNbr" type="Int" nullable="true" />
		<col name="AcctID" type="Int" nullable="true" />
		<col name="COGSAcctID" type="Int" nullable="true" />
		<col name="COGSSubID" type="Int" nullable="true" />
		<col name="InvtAcctID" type="Int" nullable="true" />
		<col name="InvtSubID" type="Int" nullable="true" />
		<col name="OrigBranchID" type="Int" nullable="true" />
		<col name="OrigDocType" type="Char(1)" nullable="true" />
		<col name="OrigTranType" type="Char(3)" nullable="true" />
		<col name="OrigRefNbr" type="NVarChar(15)" nullable="true" />
		<col name="OrigLineNbr" type="Int" nullable="true" />
		<col name="OrigToLocationID" type="Int" nullable="true" />
		<col name="OrigIsLotSerial" type="Bit" nullable="true" />
		<col name="OrigNoteID" type="UniqueIdentifier" nullable="true" />
		<col name="SOShipmentNbr" type="NVarChar(15)" nullable="true" />
		<col name="SOShipmentType" type="Char(1)" nullable="true" />
		<col name="SOShipmentLineNbr" type="Int" nullable="true" />
		<col name="SOOrderType" type="Char(2)" nullable="true" />
		<col name="SOOrderNbr" type="NVarChar(15)" nullable="true" />
		<col name="SOOrderLineNbr" type="Int" nullable="true" />
		<col name="SOLineType" type="Char(2)" nullable="true" />
		<col name="POReceiptType" type="Char(2)" nullable="true" />
		<col name="POReceiptNbr" type="NVarChar(15)" nullable="true" />
		<col name="POReceiptLineNbr" type="Int" nullable="true" />
		<col name="POLineType" type="Char(2)" nullable="true" />
		<col name="OrigPlanType" type="Char(2)" nullable="true" />
		<col name="ProjectID" type="Int" nullable="true" />
		<col name="TaskID" type="Int" nullable="true" />
		<col name="CostCodeID" type="Int" nullable="true" />
		<col name="AssyType" type="Char(1)" nullable="true" />
		<col name="UpdateShippedNotInvoiced" type="Bit" nullable="true" />
		<col name="NoteID" type="UniqueIdentifier" nullable="true" />
		<col name="ReclassificationProhibited" type="Bit" default="Zero" />
		<col name="IsComponentItem" type="Bit" default="Zero" />
		<col name="IsCostUnmanaged" type="Bit" nullable="true" />
		<col name="PIID" type="NVarChar(15)" nullable="true" />
		<col name="PILineNbr" type="Int" nullable="true" />
		<col name="ManualCost" type="Bit" default="Zero" />
		<col name="ExactCost" type="Bit" default="Zero" />
	</table>
	<rows>
		<row BranchID="1" DocType="I" TranType="INV" RefNbr="000001" LineNbr="1" TranDate="2020-01-14 00:00:00" InventoryID="2608" SubItemID="9" SiteID="17" LocationID="18" BAccountID="30" LotSerialNbr="" InvtMult="-1" Qty="3.000000" Released="0" FinPeriodID="202001" TranPeriodID="202001" UnitPrice="117.950000" TranAmt="353.8500" UnitCost="80.000000" TranCost="240.000000" TranDesc="Tax Rounding Beast from the Depths - ROUNDING-DOOM" UOM="PIECE" CreatedByID="b5344897-037e-4d58-b5c3-1bdfd0f47bf9" CreatedByScreenID="SO303000" CreatedDateTime="2020-01-14 15:08:57.083" LastModifiedByID="b5344897-037e-4d58-b5c3-1bdfd0f47bf9" LastModifiedByScreenID="SO303000" LastModifiedDateTime="2020-01-14 15:08:57.083" SubID="1" BaseQty="3.000000" UnassignedQty="0.000000" ARDocType="INV" ARRefNbr="000013" ARLineNbr="1" AcctID="2724" COGSSubID="1" InvtSubID="1" SOShipmentNbr="000001" SOShipmentType="I" SOShipmentLineNbr="1" SOOrderType="SO" SOOrderNbr="000006" SOOrderLineNbr="1" SOLineType="GI" ProjectID="0" UpdateShippedNotInvoiced="0" NoteID="602c2712-1237-ea11-a6f2-9cb6d0c82c0c" ReclassificationProhibited="0" IsComponentItem="0" ManualCost="0" ExactCost="0" />
		<row BranchID="1" DocType="R" TranType="RCP" RefNbr="000001" LineNbr="1" TranDate="2019-12-04 00:00:00" InventoryID="2608" SubItemID="9" SiteID="17" LocationID="18" LotSerialNbr="" InvtMult="1" Qty="200.000000" Released="1" FinPeriodID="201912" TranPeriodID="201912" UnitPrice="0.000000" TranAmt="0.0000" UnitCost="80.000000" TranCost="16000.000000" TranDesc="Tax Rounding Beast from the Depths - ROUNDING-DOOM" UOM="PIECE" CreatedByID="b5344897-037e-4d58-b5c3-1bdfd0f47bf9" CreatedByScreenID="IN301000" CreatedDateTime="2019-12-04 17:58:44.48" LastModifiedByID="b5344897-037e-4d58-b5c3-1bdfd0f47bf9" LastModifiedByScreenID="IN301000" LastModifiedDateTime="2019-12-04 17:59:02.847" SubID="1" ReasonCode="INRECEIPT" BaseQty="200.000000" UnassignedQty="0.000000" AcctID="2723" COGSSubID="1" InvtAcctID="2720" InvtSubID="1" ProjectID="0" UpdateShippedNotInvoiced="0" NoteID="e1c4dcf7-f116-ea11-a6ed-9cb6d0c82c0c" ReclassificationProhibited="0" IsComponentItem="0" ManualCost="0" ExactCost="0" />
	</rows>
</data>