﻿<?xml version="1.0" encoding="utf-8"?>
<data>
	<table name="INTranSplit">
		<col name="CompanyID" type="Int" default="Zero" />
		<col name="DocType" type="Char(1)" />
		<col name="TranType" type="Char(3)" />
		<col name="RefNbr" type="NVarChar(15)" />
		<col name="LineNbr" type="Int" />
		<col name="SplitLineNbr" type="Int" />
		<col name="TranDate" type="SmallDateTime" />
		<col name="InventoryID" type="Int" />
		<col name="SubItemID" type="Int" />
		<col name="SiteID" type="Int" />
		<col name="LocationID" type="Int" nullable="true" />
		<col name="LotSerialNbr" type="NVarChar(100)" nullable="true" />
		<col name="ExpireDate" type="SmallDateTime" nullable="true" />
		<col name="InvtMult" type="SmallInt" />
		<col name="Qty" type="Decimal(25,6)" />
		<col name="Released" type="Bit" />
		<col name="tstamp" type="Timestamp" />
		<col name="UOM" type="NVarChar(6)" />
		<col name="POLineType" type="Char(2)" nullable="true" />
		<col name="SOLineType" type="Char(2)" nullable="true" />
		<col name="TransferType" type="Char(1)" nullable="true" />
		<col name="ToSiteID" type="Int" nullable="true" />
		<col name="ToLocationID" type="Int" nullable="true" />
		<col name="CostSubItemID" type="Int" nullable="true" />
		<col name="CostSiteID" type="Int" nullable="true" />
		<col name="TotalQty" type="Decimal(25,6)" default="Zero" />
		<col name="TotalCost" type="Decimal(19,6)" default="Zero" />
		<col name="AdditionalCost" type="Decimal(19,6)" default="Zero" />
		<col name="CreatedByID" type="UniqueIdentifier" />
		<col name="CreatedByScreenID" type="Char(8)" />
		<col name="CreatedDateTime" type="DateTime" />
		<col name="LastModifiedByID" type="UniqueIdentifier" />
		<col name="LastModifiedByScreenID" type="Char(8)" />
		<col name="LastModifiedDateTime" type="DateTime" />
		<col name="BaseQty" type="Decimal(25,6)" />
		<col name="MaxTransferBaseQty" type="Decimal(25,6)" nullable="true" />
		<col name="OrigPlanType" type="Char(2)" nullable="true" />
		<col name="IsFixedInTransit" type="Bit" default="Zero" />
		<col name="PlanID" type="BigInt" nullable="true" />
	</table>
	<rows>
		<row DocType="I" TranType="INV" RefNbr="000001" LineNbr="1" SplitLineNbr="2" TranDate="2020-01-14 00:00:00" InventoryID="2608" SubItemID="9" SiteID="17" LocationID="18" LotSerialNbr="" InvtMult="-1" Qty="3.000000" Released="0" UOM="PIECE" SOLineType="GI" TransferType="1" TotalQty="0.000000" TotalCost="0.000000" AdditionalCost="0.000000" CreatedByID="b5344897-037e-4d58-b5c3-1bdfd0f47bf9" CreatedByScreenID="SO303000" CreatedDateTime="2020-01-14 15:08:57.093" LastModifiedByID="b5344897-037e-4d58-b5c3-1bdfd0f47bf9" LastModifiedByScreenID="SO303000" LastModifiedDateTime="2020-01-14 15:08:57.093" BaseQty="3.000000" IsFixedInTransit="0" PlanID="7" />
		<row DocType="R" TranType="RCP" RefNbr="000001" LineNbr="1" SplitLineNbr="2" TranDate="2019-12-04 00:00:00" InventoryID="2608" SubItemID="9" SiteID="17" LocationID="18" LotSerialNbr="" InvtMult="1" Qty="200.000000" Released="1" UOM="PIECE" TransferType="1" CostSubItemID="9" CostSiteID="17" TotalQty="200.000000" TotalCost="16000.000000" AdditionalCost="0.000000" CreatedByID="b5344897-037e-4d58-b5c3-1bdfd0f47bf9" CreatedByScreenID="IN301000" CreatedDateTime="2019-12-04 17:58:44.513" LastModifiedByID="b5344897-037e-4d58-b5c3-1bdfd0f47bf9" LastModifiedByScreenID="IN301000" LastModifiedDateTime="2019-12-04 17:59:02.853" BaseQty="200.000000" IsFixedInTransit="0" />
	</rows>
</data>