﻿<?xml version="1.0" encoding="utf-8"?>
<data>
	<table name="INTranCost">
		<col name="CompanyID" type="Int" default="Zero" />
		<col name="DocType" type="Char(1)" />
		<col name="TranType" type="Char(3)" />
		<col name="RefNbr" type="NVarChar(15)" />
		<col name="LineNbr" type="Int" />
		<col name="CostID" type="BigInt" />
		<col name="CostDocType" type="Char(1)" />
		<col name="CostRefNbr" type="NVarChar(15)" />
		<col name="IsOversold" type="Bit" default="Zero" />
		<col name="IsVirtual" type="Bit" default="Zero" />
		<col name="InvtMult" type="SmallInt" />
		<col name="Qty" type="Decimal(25,6)" />
		<col name="OversoldQty" type="Decimal(25,6)" nullable="true" />
		<col name="OversoldTranCost" type="Decimal(25,6)" nullable="true" />
		<col name="TranCost" type="Decimal(19,4)" />
		<col name="tstamp" type="Timestamp" />
		<col name="TranDate" type="SmallDateTime" />
		<col name="FinPeriodID" type="Char(6)" />
		<col name="TranPeriodID" type="Char(6)" />
		<col name="InventoryID" type="Int" />
		<col name="CostSubItemID" type="Int" />
		<col name="CostSiteID" type="Int" />
		<col name="LotSerialNbr" type="NVarChar(100)" nullable="true" />
		<col name="CreatedByID" type="UniqueIdentifier" />
		<col name="CreatedByScreenID" type="Char(8)" />
		<col name="CreatedDateTime" type="DateTime" />
		<col name="LastModifiedByID" type="UniqueIdentifier" />
		<col name="LastModifiedByScreenID" type="Char(8)" />
		<col name="LastModifiedDateTime" type="DateTime" />
		<col name="COGSAcctID" type="Int" nullable="true" />
		<col name="COGSSubID" type="Int" nullable="true" />
		<col name="InvtAcctID" type="Int" nullable="true" />
		<col name="InvtSubID" type="Int" nullable="true" />
		<col name="VarCost" type="Decimal(19,4)" />
	</table>
	<rows>
		<row DocType="R" TranType="RCP" RefNbr="000001" LineNbr="1" CostID="1" CostDocType="R" CostRefNbr="000001" IsOversold="0" IsVirtual="0" InvtMult="1" Qty="200.000000" OversoldQty="0.000000" OversoldTranCost="0.000000" TranCost="16000.0000" TranDate="2019-12-04 00:00:00" FinPeriodID="201912" TranPeriodID="201912" InventoryID="2608" CostSubItemID="9" CostSiteID="17" CreatedByID="b5344897-037e-4d58-b5c3-1bdfd0f47bf9" CreatedByScreenID="IN301000" CreatedDateTime="2019-12-04 17:59:02.823" LastModifiedByID="b5344897-037e-4d58-b5c3-1bdfd0f47bf9" LastModifiedByScreenID="IN301000" LastModifiedDateTime="2019-12-04 17:59:02.823" COGSSubID="1" InvtAcctID="2720" InvtSubID="1" VarCost="0.0000" />
	</rows>
</data>