﻿<?xml version="1.0" encoding="utf-8"?>
<data>
	<table name="INUnit">
		<col name="CompanyID" type="Int" default="Zero" />
		<col name="UnitType" type="SmallInt" />
		<col name="ItemClassID" type="Int" />
		<col name="InventoryID" type="Int" />
		<col name="FromUnit" type="NVarChar(6)" />
		<col name="ToUnit" type="NVarChar(6)" />
		<col name="UnitMultDiv" type="Char(1)" />
		<col name="UnitRate" type="Decimal(15,6)" />
		<col name="PriceAdjustmentMultiplier" type="Decimal(15,6)" />
		<col name="RecordID" type="BigInt" identity="true" />
		<col name="CreatedByID" type="UniqueIdentifier" />
		<col name="CreatedByScreenID" type="Char(8)" />
		<col name="CreatedDateTime" type="DateTime" />
		<col name="LastModifiedByID" type="UniqueIdentifier" />
		<col name="LastModifiedByScreenID" type="Char(8)" />
		<col name="LastModifiedDateTime" type="DateTime" />
		<col name="tstamp" type="Timestamp" />
		<col name="CompanyMask" type="VarBinary(32)" default="CompanyMaskReadOnly" />
	</table>
	<rows>
		<row UnitType="1" ItemClassID="0" InventoryID="22" FromUnit="ITEM" ToUnit="ITEM" UnitMultDiv="M" UnitRate="1.000000" PriceAdjustmentMultiplier="1.000000" RecordID="280" CreatedByID="b5344897-037e-4d58-b5c3-1bdfd0f47bf9" CreatedByScreenID="IN202000" CreatedDateTime="2014-10-22 14:53:06.287" LastModifiedByID="b5344897-037e-4d58-b5c3-1bdfd0f47bf9" LastModifiedByScreenID="IN202000" LastModifiedDateTime="2014-10-22 14:53:06.287" />
		<row UnitType="1" ItemClassID="0" InventoryID="23" FromUnit="ITEM" ToUnit="ITEM" UnitMultDiv="M" UnitRate="1.000000" PriceAdjustmentMultiplier="1.000000" RecordID="281" CreatedByID="b5344897-037e-4d58-b5c3-1bdfd0f47bf9" CreatedByScreenID="IN202000" CreatedDateTime="2014-10-22 14:53:39.87" LastModifiedByID="b5344897-037e-4d58-b5c3-1bdfd0f47bf9" LastModifiedByScreenID="IN202000" LastModifiedDateTime="2014-10-22 14:53:39.87" />
		<row UnitType="1" ItemClassID="0" InventoryID="24" FromUnit="HOUR" ToUnit="HOUR" UnitMultDiv="M" UnitRate="1.000000" PriceAdjustmentMultiplier="1.000000" RecordID="282" CreatedByID="b5344897-037e-4d58-b5c3-1bdfd0f47bf9" CreatedByScreenID="IN202000" CreatedDateTime="2014-10-22 14:54:08.11" LastModifiedByID="b5344897-037e-4d58-b5c3-1bdfd0f47bf9" LastModifiedByScreenID="IN202000" LastModifiedDateTime="2014-10-22 14:54:08.11" />
		<row UnitType="1" ItemClassID="0" InventoryID="25" FromUnit="HOUR" ToUnit="HOUR" UnitMultDiv="M" UnitRate="1.000000" PriceAdjustmentMultiplier="1.000000" RecordID="283" CreatedByID="b5344897-037e-4d58-b5c3-1bdfd0f47bf9" CreatedByScreenID="IN202000" CreatedDateTime="2014-10-22 14:54:55.53" LastModifiedByID="b5344897-037e-4d58-b5c3-1bdfd0f47bf9" LastModifiedByScreenID="IN202000" LastModifiedDateTime="2014-10-22 14:54:55.53" />
		<row UnitType="3" ItemClassID="0" InventoryID="0" FromUnit="ITEM" ToUnit="ITEM" UnitMultDiv="M" UnitRate="1.000000" PriceAdjustmentMultiplier="1.000000" RecordID="284" CreatedByID="b5344897-037e-4d58-b5c3-1bdfd0f47bf9" CreatedByScreenID="CS203100" CreatedDateTime="2014-10-22 14:52:12.213" LastModifiedByID="b5344897-037e-4d58-b5c3-1bdfd0f47bf9" LastModifiedByScreenID="CS203100" LastModifiedDateTime="2014-10-22 14:52:12.213" />
		<row UnitType="3" ItemClassID="0" InventoryID="0" FromUnit="PCS" ToUnit="PCS" UnitMultDiv="M" UnitRate="1.000000" PriceAdjustmentMultiplier="1.000000" RecordID="1687" CreatedByID="b5344897-037e-4d58-b5c3-1bdfd0f47bf9" CreatedByScreenID="CS203100" CreatedDateTime="2019-12-02 19:32:38.12" LastModifiedByID="b5344897-037e-4d58-b5c3-1bdfd0f47bf9" LastModifiedByScreenID="CS203100" LastModifiedDateTime="2019-12-02 19:32:38.12" />
		<row UnitType="3" ItemClassID="0" InventoryID="0" FromUnit="OZ" ToUnit="OZ" UnitMultDiv="M" UnitRate="1.000000" PriceAdjustmentMultiplier="1.000000" RecordID="1688" CreatedByID="b5344897-037e-4d58-b5c3-1bdfd0f47bf9" CreatedByScreenID="CS203100" CreatedDateTime="2019-12-02 19:32:38.13" LastModifiedByID="b5344897-037e-4d58-b5c3-1bdfd0f47bf9" LastModifiedByScreenID="CS203100" LastModifiedDateTime="2019-12-02 19:32:38.13" />
		<row UnitType="3" ItemClassID="0" InventoryID="0" FromUnit="LBS" ToUnit="LBS" UnitMultDiv="M" UnitRate="1.000000" PriceAdjustmentMultiplier="1.000000" RecordID="1689" CreatedByID="b5344897-037e-4d58-b5c3-1bdfd0f47bf9" CreatedByScreenID="CS203100" CreatedDateTime="2019-12-02 19:32:38.133" LastModifiedByID="b5344897-037e-4d58-b5c3-1bdfd0f47bf9" LastModifiedByScreenID="CS203100" LastModifiedDateTime="2019-12-02 19:32:38.133" />
		<row UnitType="3" ItemClassID="0" InventoryID="0" FromUnit="LBS" ToUnit="OZ" UnitMultDiv="M" UnitRate="16.000000" PriceAdjustmentMultiplier="1.000000" RecordID="1690" CreatedByID="b5344897-037e-4d58-b5c3-1bdfd0f47bf9" CreatedByScreenID="CS203100" CreatedDateTime="2019-12-02 19:32:38.133" LastModifiedByID="b5344897-037e-4d58-b5c3-1bdfd0f47bf9" LastModifiedByScreenID="CS203100" LastModifiedDateTime="2019-12-02 19:32:38.133" />
		<row UnitType="2" ItemClassID="1" InventoryID="0" FromUnit="PIECE" ToUnit="PIECE" UnitMultDiv="M" UnitRate="1.000000" PriceAdjustmentMultiplier="1.000000" RecordID="1691" CreatedByID="b5344897-037e-4d58-b5c3-1bdfd0f47bf9" CreatedByScreenID="IN201000" CreatedDateTime="2019-12-02 19:43:54.637" LastModifiedByID="b5344897-037e-4d58-b5c3-1bdfd0f47bf9" LastModifiedByScreenID="IN201000" LastModifiedDateTime="2019-12-02 19:43:54.637" />
		<row UnitType="1" ItemClassID="0" InventoryID="2608" FromUnit="PIECE" ToUnit="PIECE" UnitMultDiv="M" UnitRate="1.000000" PriceAdjustmentMultiplier="1.000000" RecordID="1692" CreatedByID="b5344897-037e-4d58-b5c3-1bdfd0f47bf9" CreatedByScreenID="IN202500" CreatedDateTime="2019-12-04 17:47:16.907" LastModifiedByID="b5344897-037e-4d58-b5c3-1bdfd0f47bf9" LastModifiedByScreenID="IN202500" LastModifiedDateTime="2019-12-04 17:47:16.907" />
	</rows>
</data>