﻿<?xml version="1.0" encoding="utf-8"?>
<data>
	<table name="Ledger">
		<col name="CompanyID" type="Int" default="Zero" />
		<col name="LedgerID" type="Int" identity="true" />
		<col name="LedgerCD" type="NVarChar(10)" />
		<col name="BalanceType" type="Char(1)" />
		<col name="OrganizationID" type="Int" nullable="true" />
		<col name="DefBranchID" type="Int" nullable="true" />
		<col name="PostInterCompany" type="Bit" default="Zero" />
		<col name="BaseCuryID" type="NVarChar(5)" />
		<col name="Descr" type="NVarChar(60)" nullable="true" />
		<col name="tstamp" type="Timestamp" />
		<col name="CreatedByID" type="UniqueIdentifier" />
		<col name="CreatedByScreenID" type="Char(8)" />
		<col name="CreatedDateTime" type="DateTime" />
		<col name="LastModifiedByID" type="UniqueIdentifier" />
		<col name="LastModifiedByScreenID" type="Char(8)" />
		<col name="LastModifiedDateTime" type="DateTime" />
		<col name="ConsolAllowed" type="Bit" />
		<col name="DeletedDatabaseRecord" type="Bit" default="Zero" />
		<col name="NoteID" type="UniqueIdentifier" />
	</table>
	<rows>
		<row LedgerID="1" LedgerCD="ACTUAL" BalanceType="A" PostInterCompany="1" BaseCuryID="USD" Descr="Actual" CreatedByID="b5344897-037e-4d58-b5c3-1bdfd0f47bf9" CreatedByScreenID="GL201500" CreatedDateTime="2014-10-02 11:35:44.257" LastModifiedByID="b5344897-037e-4d58-b5c3-1bdfd0f47bf9" LastModifiedByScreenID="GL201500" LastModifiedDateTime="2014-10-02 11:35:44.257" ConsolAllowed="0" DeletedDatabaseRecord="0" NoteID="d2493024-33b2-4621-974f-7c68d64ff94e" />
	</rows>
</data>