﻿<?xml version="1.0" encoding="utf-8"?>
<data>
	<table name="LocaleFormat">
		<col name="CompanyID" type="Int" default="Zero" />
		<col name="FormatID" type="Int" identity="true" />
		<col name="TemplateLocale" type="NVarChar(10)" nullable="true" />
		<col name="NumberDecimalSeporator" type="NVarChar(8)" nullable="true" />
		<col name="NumberGroupSeparator" type="NVarChar(8)" nullable="true" />
		<col name="DateTimePattern" type="NVarChar(64)" nullable="true" />
		<col name="TimeShortPattern" type="NVarChar(64)" nullable="true" />
		<col name="TimeLongPattern" type="NVarChar(64)" nullable="true" />
		<col name="DateShortPattern" type="NVarChar(64)" nullable="true" />
		<col name="DateLongPattern" type="NVarChar(64)" nullable="true" />
		<col name="AMDesignator" type="NVarChar(64)" nullable="true" />
		<col name="PMDesignator" type="NVarChar(64)" nullable="true" />
	</table>
	<rows>
		<row FormatID="1" />
	</rows>
</data>