﻿<?xml version="1.0" encoding="utf-8"?>
<data>
	<table name="Location">
		<col name="CompanyID" type="Int" default="Zero" />
		<col name="BAccountID" type="Int" />
		<col name="LocationID" type="Int" identity="true" />
		<col name="LocationCD" type="NVarChar(30)" />
		<col name="Descr" type="NVarChar(60)" nullable="true" />
		<col name="DefAddressID" type="Int" nullable="true" />
		<col name="DefContactID" type="Int" nullable="true" />
		<col name="TaxRegistrationID" type="NVarChar(50)" nullable="true" />
		<col name="IsActive" type="Bit" />
		<col name="tstamp" type="Timestamp" />
		<col name="CreatedByID" type="UniqueIdentifier" />
		<col name="CreatedByScreenID" type="Char(8)" />
		<col name="CreatedDateTime" type="DateTime" />
		<col name="LastModifiedByID" type="UniqueIdentifier" />
		<col name="LastModifiedByScreenID" type="Char(8)" />
		<col name="LastModifiedDateTime" type="DateTime" />
		<col name="VTaxZoneID" type="NVarChar(10)" nullable="true" />
		<col name="VTaxCalcMode" type="Char(1)" />
		<col name="VCarrierID" type="NVarChar(15)" nullable="true" />
		<col name="VShipTermsID" type="NVarChar(10)" nullable="true" />
		<col name="VFOBPointID" type="NVarChar(15)" nullable="true" />
		<col name="VLeadTime" type="SmallInt" nullable="true" />
		<col name="VWarehouseLocationID" type="Int" nullable="true" />
		<col name="VBranchID" type="Int" nullable="true" />
		<col name="VExpenseAcctID" type="Int" nullable="true" />
		<col name="VExpenseSubID" type="Int" nullable="true" />
		<col name="VFreightAcctID" type="Int" nullable="true" />
		<col name="VFreightSubID" type="Int" nullable="true" />
		<col name="VDiscountAcctID" type="Int" nullable="true" />
		<col name="VDiscountSubID" type="Int" nullable="true" />
		<col name="VPaymentInfoLocationID" type="Int" nullable="true" />
		<col name="VCashAccountID" type="Int" nullable="true" />
		<col name="VPaymentMethodID" type="NVarChar(10)" nullable="true" />
		<col name="VPaymentLeadTime" type="SmallInt" nullable="true" />
		<col name="VSeparateCheck" type="Bit" nullable="true" />
		<col name="VPaymentByType" type="Int" />
		<col name="VRemitAddressID" type="Int" nullable="true" />
		<col name="VRemitContactID" type="Int" nullable="true" />
		<col name="VAPAccountLocationID" type="Int" nullable="true" />
		<col name="VAPAccountID" type="Int" nullable="true" />
		<col name="VAPSubID" type="Int" nullable="true" />
		<col name="CARAccountLocationID" type="Int" nullable="true" />
		<col name="CARAccountID" type="Int" nullable="true" />
		<col name="CARSubID" type="Int" nullable="true" />
		<col name="EmpLocationID" type="Int" nullable="true" />
		<col name="LocType" type="Char(2)" nullable="true" />
		<col name="CTaxZoneID" type="NVarChar(10)" nullable="true" />
		<col name="CAvalaraExemptionNumber" type="NVarChar(30)" nullable="true" />
		<col name="CAvalaraCustomerUsageType" type="Char(1)" nullable="true" />
		<col name="CCarrierID" type="NVarChar(15)" nullable="true" />
		<col name="CShipTermsID" type="NVarChar(10)" nullable="true" />
		<col name="CShipZoneID" type="NVarChar(15)" nullable="true" />
		<col name="CFOBPointID" type="NVarChar(15)" nullable="true" />
		<col name="CResedential" type="Bit" default="Zero" />
		<col name="CSaturdayDelivery" type="Bit" default="Zero" />
		<col name="CInsurance" type="Bit" default="Zero" />
		<col name="CGroundCollect" type="Bit" default="Zero" />
		<col name="CLeadTime" type="SmallInt" nullable="true" />
		<col name="CWarehouseLocationID" type="Int" nullable="true" />
		<col name="CBranchID" type="Int" nullable="true" />
		<col name="CSalesAcctID" type="Int" nullable="true" />
		<col name="CSalesSubID" type="Int" nullable="true" />
		<col name="CDiscountAcctID" type="Int" nullable="true" />
		<col name="CDiscountSubID" type="Int" nullable="true" />
		<col name="VRetainageAcctID" type="Int" nullable="true" />
		<col name="VRetainageSubID" type="Int" nullable="true" />
		<col name="CFreightAcctID" type="Int" nullable="true" />
		<col name="CFreightSubID" type="Int" nullable="true" />
		<col name="CMPSalesSubID" type="Int" nullable="true" />
		<col name="CMPExpenseSubID" type="Int" nullable="true" />
		<col name="CPriceClassID" type="NVarChar(10)" nullable="true" />
		<col name="CSiteID" type="Int" nullable="true" />
		<col name="CShipComplete" type="Char(1)" nullable="true" />
		<col name="COrderPriority" type="SmallInt" nullable="true" default="Zero" />
		<col name="CDefProjectID" type="Int" nullable="true" />
		<col name="VDefProjectID" type="Int" nullable="true" />
		<col name="VRcptQtyMin" type="Decimal(9,6)" default="Zero" />
		<col name="VRcptQtyMax" type="Decimal(9,6)" />
		<col name="VRcptQtyAction" type="Char(1)" />
		<col name="VRcptQtyThreshold" type="Decimal(9,6)" />
		<col name="VSiteID" type="Int" nullable="true" />
		<col name="VPrintOrder" type="Bit" />
		<col name="VEmailOrder" type="Bit" />
		<col name="VAllowAPBillBeforeReceipt" type="Bit" default="Zero" />
		<col name="CMPDiscountSubID" type="Int" nullable="true" />
		<col name="CMPFreightSubID" type="Int" nullable="true" />
		<col name="CMPGainLossSubID" type="Int" nullable="true" />
		<col name="CMPSiteID" type="Int" nullable="true" />
		<col name="CCalendarID" type="NVarChar(10)" nullable="true" />
		<col name="CRetainageAcctID" type="Int" nullable="true" />
		<col name="CRetainageSubID" type="Int" nullable="true" />
		<col name="PseudonymizationStatus" type="Int" nullable="true" default="Zero" />
		<col name="NoteID" type="UniqueIdentifier" nullable="true" />
	</table>
	<rows>
		<row BAccountID="1" LocationID="1" LocationCD="MAIN      " Descr="Primary Location" DefAddressID="1" DefContactID="1" IsActive="1" CreatedByID="b5344897-037e-4d58-b5c3-1bdfd0f47bf9" CreatedByScreenID="CS102000" CreatedDateTime="2014-10-02 11:35:07.427" LastModifiedByID="b5344897-037e-4d58-b5c3-1bdfd0f47bf9" LastModifiedByScreenID="CS102000" LastModifiedDateTime="2014-10-02 11:35:07.427" VTaxCalcMode="T" VExpenseSubID="1" VFreightSubID="1" VDiscountSubID="1" VPaymentInfoLocationID="1" VPaymentLeadTime="0" VSeparateCheck="0" VPaymentByType="0" VAPAccountLocationID="1" VAPSubID="1" CARAccountLocationID="1" CARSubID="1" LocType="CP" CResedential="0" CSaturdayDelivery="0" CInsurance="1" CGroundCollect="0" CSalesSubID="1" CDiscountSubID="1" CFreightSubID="1" CMPSalesSubID="1" CMPExpenseSubID="1" CShipComplete="L" COrderPriority="0" VRcptQtyMin="0.000000" VRcptQtyMax="100.000000" VRcptQtyAction="W" VRcptQtyThreshold="100.000000" VPrintOrder="0" VEmailOrder="0" VAllowAPBillBeforeReceipt="0" CMPDiscountSubID="1" CMPFreightSubID="1" CMPGainLossSubID="1" PseudonymizationStatus="0" NoteID="854f7a6a-cb7f-4028-aa8c-d7d836b7e239" />
		<row BAccountID="14" LocationID="14" LocationCD="MAIN      " Descr="Primary Location" DefAddressID="14" DefContactID="14" IsActive="1" CreatedByID="b5344897-037e-4d58-b5c3-1bdfd0f47bf9" CreatedByScreenID="AP303000" CreatedDateTime="2014-10-22 14:49:44.173" LastModifiedByID="b5344897-037e-4d58-b5c3-1bdfd0f47bf9" LastModifiedByScreenID="AP303000" LastModifiedDateTime="2014-10-22 14:49:44.173" VTaxCalcMode="T" VExpenseAcctID="9" VExpenseSubID="1" VFreightSubID="1" VDiscountSubID="1" VPaymentInfoLocationID="14" VCashAccountID="9" VPaymentMethodID="CHECK" VPaymentLeadTime="3" VSeparateCheck="0" VPaymentByType="0" VRemitAddressID="14" VRemitContactID="14" VAPAccountLocationID="14" VAPAccountID="34" VAPSubID="1" CARAccountLocationID="14" CARSubID="1" LocType="VE" CResedential="0" CSaturdayDelivery="0" CInsurance="1" CGroundCollect="0" CSalesSubID="1" CDiscountSubID="1" CFreightSubID="1" CMPSalesSubID="1" CMPExpenseSubID="1" CShipComplete="L" COrderPriority="0" VRcptQtyMin="0.000000" VRcptQtyMax="100.000000" VRcptQtyAction="W" VRcptQtyThreshold="100.000000" VPrintOrder="1" VEmailOrder="1" VAllowAPBillBeforeReceipt="0" CMPDiscountSubID="1" CMPFreightSubID="1" CMPGainLossSubID="1" PseudonymizationStatus="0" NoteID="792b431a-c32d-45ba-a981-b5ba04daf5d2" />
		<row BAccountID="15" LocationID="15" LocationCD="MAIN      " Descr="Primary Location" DefAddressID="15" DefContactID="15" IsActive="1" CreatedByID="b5344897-037e-4d58-b5c3-1bdfd0f47bf9" CreatedByScreenID="AP303000" CreatedDateTime="2014-10-22 14:49:58.957" LastModifiedByID="b5344897-037e-4d58-b5c3-1bdfd0f47bf9" LastModifiedByScreenID="AP303000" LastModifiedDateTime="2016-09-21 00:37:21.85" VTaxCalcMode="T" VExpenseAcctID="10" VExpenseSubID="1" VFreightSubID="1" VDiscountSubID="1" VPaymentInfoLocationID="15" VCashAccountID="9" VPaymentMethodID="CHECK" VPaymentLeadTime="0" VSeparateCheck="0" VPaymentByType="0" VRemitAddressID="15" VRemitContactID="15" VAPAccountLocationID="15" VAPAccountID="34" VAPSubID="1" CARAccountLocationID="15" CARSubID="1" LocType="VE" CResedential="0" CSaturdayDelivery="0" CInsurance="1" CGroundCollect="0" CSalesSubID="1" CDiscountSubID="1" CFreightSubID="1" CMPSalesSubID="1" CMPExpenseSubID="1" CShipComplete="L" COrderPriority="0" VRcptQtyMin="0.000000" VRcptQtyMax="100.000000" VRcptQtyAction="W" VRcptQtyThreshold="100.000000" VPrintOrder="1" VEmailOrder="1" VAllowAPBillBeforeReceipt="0" CMPDiscountSubID="1" CMPFreightSubID="1" CMPGainLossSubID="1" PseudonymizationStatus="0" NoteID="613dd04c-cad1-4f65-8e4f-0241c94e8a39" />
		<row BAccountID="16" LocationID="16" LocationCD="MAIN      " Descr="Primary Location" DefAddressID="16" DefContactID="16" IsActive="1" CreatedByID="b5344897-037e-4d58-b5c3-1bdfd0f47bf9" CreatedByScreenID="AP303000" CreatedDateTime="2014-10-22 14:50:27.697" LastModifiedByID="b5344897-037e-4d58-b5c3-1bdfd0f47bf9" LastModifiedByScreenID="AP303000" LastModifiedDateTime="2016-09-21 00:37:32.123" VTaxCalcMode="T" VExpenseAcctID="37" VExpenseSubID="1" VFreightSubID="1" VDiscountSubID="1" VPaymentInfoLocationID="16" VCashAccountID="7" VPaymentMethodID="CASH" VPaymentLeadTime="0" VSeparateCheck="0" VPaymentByType="0" VRemitAddressID="16" VRemitContactID="16" VAPAccountLocationID="16" VAPAccountID="34" VAPSubID="1" CARAccountLocationID="16" CARSubID="1" LocType="VE" CResedential="0" CSaturdayDelivery="0" CInsurance="1" CGroundCollect="0" CSalesSubID="1" CDiscountSubID="1" CFreightSubID="1" CMPSalesSubID="1" CMPExpenseSubID="1" CShipComplete="L" COrderPriority="0" VRcptQtyMin="0.000000" VRcptQtyMax="100.000000" VRcptQtyAction="W" VRcptQtyThreshold="100.000000" VPrintOrder="1" VEmailOrder="1" VAllowAPBillBeforeReceipt="0" CMPDiscountSubID="1" CMPFreightSubID="1" CMPGainLossSubID="1" PseudonymizationStatus="0" NoteID="5b3b6a52-fccc-4fc5-beb1-8da4c5a4b4dc" />
		<row BAccountID="17" LocationID="17" LocationCD="MAIN      " Descr="Primary Location" DefAddressID="17" DefContactID="17" IsActive="1" CreatedByID="b5344897-037e-4d58-b5c3-1bdfd0f47bf9" CreatedByScreenID="AP303000" CreatedDateTime="2014-10-22 14:50:59.587" LastModifiedByID="b5344897-037e-4d58-b5c3-1bdfd0f47bf9" LastModifiedByScreenID="AP303000" LastModifiedDateTime="2016-09-21 00:37:42.81" VTaxCalcMode="T" VExpenseAcctID="38" VExpenseSubID="1" VFreightSubID="1" VDiscountSubID="1" VPaymentInfoLocationID="17" VCashAccountID="7" VPaymentMethodID="CASH" VPaymentLeadTime="0" VSeparateCheck="0" VPaymentByType="1" VRemitAddressID="17" VRemitContactID="17" VAPAccountLocationID="17" VAPAccountID="34" VAPSubID="1" CARAccountLocationID="17" CARSubID="1" LocType="VE" CResedential="0" CSaturdayDelivery="0" CInsurance="1" CGroundCollect="0" CSalesSubID="1" CDiscountSubID="1" CFreightSubID="1" CMPSalesSubID="1" CMPExpenseSubID="1" CShipComplete="L" COrderPriority="0" VRcptQtyMin="0.000000" VRcptQtyMax="100.000000" VRcptQtyAction="W" VRcptQtyThreshold="100.000000" VPrintOrder="1" VEmailOrder="1" VAllowAPBillBeforeReceipt="0" CMPDiscountSubID="1" CMPFreightSubID="1" CMPGainLossSubID="1" PseudonymizationStatus="0" NoteID="fc553159-215a-4ee4-868a-ad673ba47855" />
		<row BAccountID="18" LocationID="18" LocationCD="MAIN      " Descr="Primary Location" DefAddressID="18" DefContactID="18" IsActive="1" CreatedByID="b5344897-037e-4d58-b5c3-1bdfd0f47bf9" CreatedByScreenID="AR303000" CreatedDateTime="2014-11-05 14:31:31.513" LastModifiedByID="b5344897-037e-4d58-b5c3-1bdfd0f47bf9" LastModifiedByScreenID="AR303000" LastModifiedDateTime="2014-11-05 14:31:31.513" VTaxCalcMode="T" VExpenseSubID="1" VFreightSubID="1" VDiscountSubID="1" VPaymentInfoLocationID="18" VPaymentLeadTime="0" VSeparateCheck="0" VPaymentByType="0" VAPAccountLocationID="18" VAPSubID="1" CARAccountLocationID="18" CARAccountID="40" CARSubID="1" LocType="CU" CResedential="0" CSaturdayDelivery="0" CInsurance="1" CGroundCollect="0" CSalesAcctID="5" CSalesSubID="1" CDiscountSubID="1" CFreightSubID="1" CMPSalesSubID="1" CMPExpenseSubID="1" CShipComplete="L" COrderPriority="0" VRcptQtyMin="0.000000" VRcptQtyMax="100.000000" VRcptQtyAction="W" VRcptQtyThreshold="100.000000" VPrintOrder="0" VEmailOrder="0" VAllowAPBillBeforeReceipt="0" CMPDiscountSubID="1" CMPFreightSubID="1" CMPGainLossSubID="1" PseudonymizationStatus="0" NoteID="9fe8048f-c85c-4eca-b553-0febaae8f372" />
		<row BAccountID="19" LocationID="19" LocationCD="MAIN      " Descr="Primary Location" DefAddressID="19" DefContactID="19" IsActive="1" CreatedByID="b5344897-037e-4d58-b5c3-1bdfd0f47bf9" CreatedByScreenID="AR303000" CreatedDateTime="2014-11-05 14:31:57.213" LastModifiedByID="b5344897-037e-4d58-b5c3-1bdfd0f47bf9" LastModifiedByScreenID="AR303000" LastModifiedDateTime="2014-11-05 14:31:57.213" VTaxCalcMode="T" VExpenseSubID="1" VFreightSubID="1" VDiscountSubID="1" VPaymentInfoLocationID="19" VPaymentLeadTime="0" VSeparateCheck="0" VPaymentByType="0" VAPAccountLocationID="19" VAPSubID="1" CARAccountLocationID="19" CARAccountID="40" CARSubID="1" LocType="CU" CResedential="0" CSaturdayDelivery="0" CInsurance="1" CGroundCollect="0" CSalesAcctID="5" CSalesSubID="1" CDiscountSubID="1" CFreightSubID="1" CMPSalesSubID="1" CMPExpenseSubID="1" CShipComplete="L" COrderPriority="0" VRcptQtyMin="0.000000" VRcptQtyMax="100.000000" VRcptQtyAction="W" VRcptQtyThreshold="100.000000" VPrintOrder="0" VEmailOrder="0" VAllowAPBillBeforeReceipt="0" CMPDiscountSubID="1" CMPFreightSubID="1" CMPGainLossSubID="1" PseudonymizationStatus="0" NoteID="b7bca99d-54f5-49d8-bb53-82b52b51e2b8" />
		<row BAccountID="20" LocationID="20" LocationCD="MAIN      " Descr="Primary Location" DefAddressID="20" DefContactID="20" IsActive="1" CreatedByID="b5344897-037e-4d58-b5c3-1bdfd0f47bf9" CreatedByScreenID="AR303000" CreatedDateTime="2014-11-05 14:32:15.007" LastModifiedByID="b5344897-037e-4d58-b5c3-1bdfd0f47bf9" LastModifiedByScreenID="AR303000" LastModifiedDateTime="2014-11-05 14:32:15.007" VTaxCalcMode="T" VExpenseSubID="1" VFreightSubID="1" VDiscountSubID="1" VPaymentInfoLocationID="20" VPaymentLeadTime="0" VSeparateCheck="0" VPaymentByType="0" VAPAccountLocationID="20" VAPSubID="1" CARAccountLocationID="20" CARAccountID="40" CARSubID="1" LocType="CU" CResedential="0" CSaturdayDelivery="0" CInsurance="1" CGroundCollect="0" CSalesAcctID="5" CSalesSubID="1" CDiscountSubID="1" CFreightSubID="1" CMPSalesSubID="1" CMPExpenseSubID="1" CShipComplete="L" COrderPriority="0" VRcptQtyMin="0.000000" VRcptQtyMax="100.000000" VRcptQtyAction="W" VRcptQtyThreshold="100.000000" VPrintOrder="0" VEmailOrder="0" VAllowAPBillBeforeReceipt="0" CMPDiscountSubID="1" CMPFreightSubID="1" CMPGainLossSubID="1" PseudonymizationStatus="0" NoteID="b47d6879-3e03-4729-9d4b-a135ab53a1c6" />
		<row BAccountID="21" LocationID="21" LocationCD="MAIN      " Descr="Primary Location" DefAddressID="21" DefContactID="21" IsActive="1" CreatedByID="b5344897-037e-4d58-b5c3-1bdfd0f47bf9" CreatedByScreenID="AR303000" CreatedDateTime="2014-11-05 14:32:46.217" LastModifiedByID="b5344897-037e-4d58-b5c3-1bdfd0f47bf9" LastModifiedByScreenID="AR303000" LastModifiedDateTime="2014-11-05 14:32:46.217" VTaxCalcMode="T" VExpenseSubID="1" VFreightSubID="1" VDiscountSubID="1" VPaymentInfoLocationID="21" VPaymentLeadTime="0" VSeparateCheck="0" VPaymentByType="0" VAPAccountLocationID="21" VAPSubID="1" CARAccountLocationID="21" CARAccountID="40" CARSubID="1" LocType="CU" CResedential="0" CSaturdayDelivery="0" CInsurance="1" CGroundCollect="0" CSalesAcctID="5" CSalesSubID="1" CDiscountSubID="1" CFreightSubID="1" CMPSalesSubID="1" CMPExpenseSubID="1" CShipComplete="L" COrderPriority="0" VRcptQtyMin="0.000000" VRcptQtyMax="100.000000" VRcptQtyAction="W" VRcptQtyThreshold="100.000000" VPrintOrder="0" VEmailOrder="0" VAllowAPBillBeforeReceipt="0" CMPDiscountSubID="1" CMPFreightSubID="1" CMPGainLossSubID="1" PseudonymizationStatus="0" NoteID="48da7e96-8209-4a37-8a64-0a1ae6ba64a9" />
		<row BAccountID="23" LocationID="24" LocationCD="MAIN      " Descr="Primary Location" DefAddressID="24" DefContactID="24" IsActive="1" CreatedByID="b5344897-037e-4d58-b5c3-1bdfd0f47bf9" CreatedByScreenID="EP203000" CreatedDateTime="2015-06-10 09:16:47.61" LastModifiedByID="b5344897-037e-4d58-b5c3-1bdfd0f47bf9" LastModifiedByScreenID="EP203000" LastModifiedDateTime="2015-06-10 09:16:47.61" VTaxCalcMode="T" VBranchID="1" VExpenseSubID="1" VFreightSubID="1" VPaymentInfoLocationID="24" VPaymentLeadTime="0" VSeparateCheck="0" VPaymentByType="0" VRemitAddressID="24" VRemitContactID="24" VAPAccountLocationID="24" VAPSubID="1" CARAccountLocationID="24" CARSubID="1" LocType="EP" CResedential="0" CSaturdayDelivery="0" CInsurance="1" CGroundCollect="0" CSalesSubID="1" CDiscountSubID="1" CFreightSubID="1" CMPSalesSubID="1" CMPExpenseSubID="1" CShipComplete="L" COrderPriority="0" VRcptQtyMin="0.000000" VRcptQtyMax="100.000000" VRcptQtyAction="W" VRcptQtyThreshold="100.000000" VPrintOrder="0" VEmailOrder="0" VAllowAPBillBeforeReceipt="0" CMPDiscountSubID="1" CMPFreightSubID="1" CMPGainLossSubID="1" PseudonymizationStatus="0" NoteID="5d65e02f-380f-e511-8877-60a44caf73d6" />
		<row BAccountID="25" LocationID="25" LocationCD="MAIN      " Descr="Primary Location" DefAddressID="25" DefContactID="25" IsActive="1" CreatedByID="b5344897-037e-4d58-b5c3-1bdfd0f47bf9" CreatedByScreenID="EP203000" CreatedDateTime="2015-06-10 09:19:07.157" LastModifiedByID="b5344897-037e-4d58-b5c3-1bdfd0f47bf9" LastModifiedByScreenID="EP203000" LastModifiedDateTime="2015-06-10 09:19:07.157" VTaxCalcMode="T" VBranchID="1" VExpenseSubID="1" VFreightSubID="1" VPaymentInfoLocationID="25" VPaymentLeadTime="0" VSeparateCheck="0" VPaymentByType="0" VRemitAddressID="25" VRemitContactID="25" VAPAccountLocationID="25" VAPSubID="1" CARAccountLocationID="25" CARSubID="1" LocType="EP" CResedential="0" CSaturdayDelivery="0" CInsurance="1" CGroundCollect="0" CSalesSubID="1" CDiscountSubID="1" CFreightSubID="1" CMPSalesSubID="1" CMPExpenseSubID="1" CShipComplete="L" COrderPriority="0" VRcptQtyMin="0.000000" VRcptQtyMax="100.000000" VRcptQtyAction="W" VRcptQtyThreshold="100.000000" VPrintOrder="0" VEmailOrder="0" VAllowAPBillBeforeReceipt="0" CMPDiscountSubID="1" CMPFreightSubID="1" CMPGainLossSubID="1" PseudonymizationStatus="0" NoteID="e2602853-380f-e511-8877-60a44caf73d6" />
		<row BAccountID="26" LocationID="26" LocationCD="MAIN      " Descr="Primary Location" DefAddressID="26" DefContactID="26" IsActive="1" CreatedByID="b5344897-037e-4d58-b5c3-1bdfd0f47bf9" CreatedByScreenID="EP203000" CreatedDateTime="2015-06-10 09:20:00.833" LastModifiedByID="b5344897-037e-4d58-b5c3-1bdfd0f47bf9" LastModifiedByScreenID="EP203000" LastModifiedDateTime="2015-06-10 09:20:00.833" VTaxCalcMode="T" VBranchID="1" VExpenseSubID="1" VFreightSubID="1" VPaymentInfoLocationID="26" VPaymentLeadTime="0" VSeparateCheck="0" VPaymentByType="0" VRemitAddressID="26" VRemitContactID="26" VAPAccountLocationID="26" VAPSubID="1" CARAccountLocationID="26" CARSubID="1" LocType="EP" CResedential="0" CSaturdayDelivery="0" CInsurance="1" CGroundCollect="0" CSalesSubID="1" CDiscountSubID="1" CFreightSubID="1" CMPSalesSubID="1" CMPExpenseSubID="1" CShipComplete="L" COrderPriority="0" VRcptQtyMin="0.000000" VRcptQtyMax="100.000000" VRcptQtyAction="W" VRcptQtyThreshold="100.000000" VPrintOrder="0" VEmailOrder="0" VAllowAPBillBeforeReceipt="0" CMPDiscountSubID="1" CMPFreightSubID="1" CMPGainLossSubID="1" PseudonymizationStatus="0" NoteID="dd3044a3-380f-e511-8877-60a44caf73d6" />
		<row BAccountID="27" LocationID="27" LocationCD="MAIN      " Descr="Primary Location" DefAddressID="36" DefContactID="27" IsActive="1" CreatedByID="b5344897-037e-4d58-b5c3-1bdfd0f47bf9" CreatedByScreenID="AR303000" CreatedDateTime="2019-12-02 20:06:39.69" LastModifiedByID="b5344897-037e-4d58-b5c3-1bdfd0f47bf9" LastModifiedByScreenID="AR303000" LastModifiedDateTime="2019-12-02 20:06:39.69" VTaxCalcMode="T" VExpenseSubID="1" VFreightSubID="1" VDiscountSubID="1" VPaymentInfoLocationID="27" VPaymentLeadTime="0" VSeparateCheck="0" VPaymentByType="0" VAPAccountLocationID="27" VAPSubID="1" CARAccountLocationID="27" CARAccountID="40" CARSubID="1" LocType="CU" CResedential="0" CSaturdayDelivery="0" CInsurance="0" CGroundCollect="0" CSalesAcctID="5" CSalesSubID="1" CDiscountSubID="1" VRetainageSubID="1" CFreightSubID="1" CMPSalesSubID="1" CMPExpenseSubID="1" CShipComplete="L" COrderPriority="0" VRcptQtyMin="0.000000" VRcptQtyMax="100.000000" VRcptQtyAction="W" VRcptQtyThreshold="100.000000" VPrintOrder="0" VEmailOrder="0" VAllowAPBillBeforeReceipt="0" CMPDiscountSubID="1" CMPFreightSubID="1" CMPGainLossSubID="1" CRetainageSubID="1" PseudonymizationStatus="0" NoteID="3ff2778a-7115-ea11-a6ec-9cb6d0c82c0c" />
		<row BAccountID="29" LocationID="28" LocationCD="MAIN      " Descr="Primary Location" DefAddressID="38" DefContactID="29" IsActive="1" CreatedByID="b5344897-037e-4d58-b5c3-1bdfd0f47bf9" CreatedByScreenID="AP303000" CreatedDateTime="2019-12-04 09:43:17.5" LastModifiedByID="b5344897-037e-4d58-b5c3-1bdfd0f47bf9" LastModifiedByScreenID="AP303000" LastModifiedDateTime="2019-12-04 09:43:17.5" VTaxCalcMode="T" VExpenseAcctID="2736" VExpenseSubID="1" VFreightSubID="1" VDiscountSubID="1" VPaymentInfoLocationID="28" VCashAccountID="9" VPaymentMethodID="CHECK" VPaymentLeadTime="0" VSeparateCheck="0" VPaymentByType="0" VRemitAddressID="38" VRemitContactID="29" VAPAccountLocationID="28" VAPAccountID="34" VAPSubID="1" CARAccountLocationID="28" CARSubID="1" LocType="VE" CResedential="0" CSaturdayDelivery="0" CInsurance="0" CGroundCollect="0" CSalesSubID="1" CDiscountSubID="1" VRetainageSubID="1" CFreightSubID="1" CMPSalesSubID="1" CMPExpenseSubID="1" CShipComplete="L" COrderPriority="0" VRcptQtyMin="0.000000" VRcptQtyMax="100.000000" VRcptQtyAction="W" VRcptQtyThreshold="100.000000" VPrintOrder="1" VEmailOrder="1" VAllowAPBillBeforeReceipt="0" CMPDiscountSubID="1" CMPFreightSubID="1" CMPGainLossSubID="1" CRetainageSubID="1" PseudonymizationStatus="0" NoteID="d767d9c9-ac16-ea11-a6ed-9cb6d0c82c0c" />
		<row BAccountID="30" LocationID="29" LocationCD="MAIN      " Descr="Primary Location" DefAddressID="39" DefContactID="30" IsActive="1" CreatedByID="b5344897-037e-4d58-b5c3-1bdfd0f47bf9" CreatedByScreenID="AR303000" CreatedDateTime="2019-12-04 18:55:00.847" LastModifiedByID="b5344897-037e-4d58-b5c3-1bdfd0f47bf9" LastModifiedByScreenID="AR303000" LastModifiedDateTime="2019-12-04 18:55:00.847" VTaxCalcMode="T" VExpenseSubID="1" VFreightSubID="1" VDiscountSubID="1" VPaymentInfoLocationID="29" VPaymentLeadTime="0" VSeparateCheck="0" VPaymentByType="0" VAPAccountLocationID="29" VAPSubID="1" CARAccountLocationID="29" CARAccountID="40" CARSubID="1" LocType="CU" CTaxZoneID="EXTERNAL" CResedential="0" CSaturdayDelivery="0" CInsurance="0" CGroundCollect="0" CSalesAcctID="5" CSalesSubID="1" CDiscountSubID="1" VRetainageSubID="1" CFreightSubID="1" CMPSalesSubID="1" CMPExpenseSubID="1" CShipComplete="L" COrderPriority="0" VRcptQtyMin="0.000000" VRcptQtyMax="100.000000" VRcptQtyAction="W" VRcptQtyThreshold="100.000000" VPrintOrder="0" VEmailOrder="0" VAllowAPBillBeforeReceipt="0" CMPDiscountSubID="1" CMPFreightSubID="1" CMPGainLossSubID="1" CRetainageSubID="1" PseudonymizationStatus="0" NoteID="3bb490dc-f916-ea11-a6ed-9cb6d0c82c0c" />
		<row BAccountID="31" LocationID="30" LocationCD="MAIN      " Descr="Primary Location" DefAddressID="40" DefContactID="31" IsActive="1" CreatedByID="b5344897-037e-4d58-b5c3-1bdfd0f47bf9" CreatedByScreenID="AR303000" CreatedDateTime="2020-01-16 09:17:45.22" LastModifiedByID="b5344897-037e-4d58-b5c3-1bdfd0f47bf9" LastModifiedByScreenID="AR303000" LastModifiedDateTime="2020-01-16 09:17:45.22" VTaxCalcMode="T" VExpenseSubID="1" VFreightSubID="1" VDiscountSubID="1" VPaymentInfoLocationID="30" VPaymentLeadTime="0" VSeparateCheck="0" VPaymentByType="0" VAPAccountLocationID="30" VAPSubID="1" CARAccountLocationID="30" CARAccountID="40" CARSubID="1" LocType="CU" CTaxZoneID="EXTERNAL" CResedential="0" CSaturdayDelivery="0" CInsurance="0" CGroundCollect="0" CSalesAcctID="5" CSalesSubID="1" CDiscountSubID="1" VRetainageSubID="1" CFreightSubID="1" CMPSalesSubID="1" CMPExpenseSubID="1" CShipComplete="L" COrderPriority="0" VRcptQtyMin="0.000000" VRcptQtyMax="100.000000" VRcptQtyAction="W" VRcptQtyThreshold="100.000000" VPrintOrder="0" VEmailOrder="0" VAllowAPBillBeforeReceipt="0" CMPDiscountSubID="1" CMPFreightSubID="1" CMPGainLossSubID="1" CRetainageSubID="1" PseudonymizationStatus="0" NoteID="1152f357-7338-ea11-a6f3-9cb6d0c82c0c" />
		<row BAccountID="32" LocationID="31" LocationCD="MAIN      " Descr="Primary Location" DefAddressID="41" DefContactID="32" IsActive="1" CreatedByID="b5344897-037e-4d58-b5c3-1bdfd0f47bf9" CreatedByScreenID="AR303000" CreatedDateTime="2020-01-16 09:17:45.797" LastModifiedByID="b5344897-037e-4d58-b5c3-1bdfd0f47bf9" LastModifiedByScreenID="AR303000" LastModifiedDateTime="2020-01-16 09:17:45.797" VTaxCalcMode="T" VExpenseSubID="1" VFreightSubID="1" VDiscountSubID="1" VPaymentInfoLocationID="31" VPaymentLeadTime="0" VSeparateCheck="0" VPaymentByType="0" VAPAccountLocationID="31" VAPSubID="1" CARAccountLocationID="31" CARAccountID="40" CARSubID="1" LocType="CU" CTaxZoneID="EXTERNAL" CResedential="0" CSaturdayDelivery="0" CInsurance="0" CGroundCollect="0" CSalesAcctID="5" CSalesSubID="1" CDiscountSubID="1" VRetainageSubID="1" CFreightSubID="1" CMPSalesSubID="1" CMPExpenseSubID="1" CShipComplete="L" COrderPriority="0" VRcptQtyMin="0.000000" VRcptQtyMax="100.000000" VRcptQtyAction="W" VRcptQtyThreshold="100.000000" VPrintOrder="0" VEmailOrder="0" VAllowAPBillBeforeReceipt="0" CMPDiscountSubID="1" CMPFreightSubID="1" CMPGainLossSubID="1" CRetainageSubID="1" PseudonymizationStatus="0" NoteID="2652f357-7338-ea11-a6f3-9cb6d0c82c0c" />
	</rows>
</data>