﻿<?xml version="1.0" encoding="utf-8"?>
<data>
	<table name="MUIFavoriteWorkspace">
		<col name="CompanyID" type="Int" default="Zero" />
		<col name="IsPortal" type="Bit" default="Zero" />
		<col name="Username" type="NVarChar(64)" />
		<col name="WorkspaceID" type="UniqueIdentifier" />
		<col name="IsFavorite" type="Bit" default="Zero" />
		<col name="CompanyMask" type="VarBinary(32)" default="CompanyMaskReadOnly" />
	</table>
	<rows>
		<row IsPortal="0" Username="" WorkspaceID="bbbbbbbb-bbbb-bbbb-bbbb-bbbbbbbbbbbb" IsFavorite="1" />
	</rows>
</data>