﻿<?xml version="1.0" encoding="utf-8"?>
<data>
	<table name="MUIUserScreenRelevance">
		<col name="CompanyID" type="Int" default="Zero" />
		<col name="UserID" type="UniqueIdentifier" />
		<col name="NodeID" type="UniqueIdentifier" />
		<col name="Relevance" type="Decimal(19,6)" />
	</table>
	<rows>
		<row UserID="b5344897-037e-4d58-b5c3-1bdfd0f47bf9" NodeID="624a711d-fe5a-4a54-926e-0b70488dab3b" Relevance="1.000000" />
		<row UserID="b5344897-037e-4d58-b5c3-1bdfd0f47bf9" NodeID="c2d40287-a598-430f-9aeb-1566e161ec26" Relevance="1.000000" />
		<row UserID="b5344897-037e-4d58-b5c3-1bdfd0f47bf9" NodeID="5c5c5935-502e-4f90-acd1-1c2d22e3a17a" Relevance="2.000000" />
		<row UserID="b5344897-037e-4d58-b5c3-1bdfd0f47bf9" NodeID="95a624d0-1577-4112-b0b4-2347ea0c8738" Relevance="2.000000" />
		<row UserID="b5344897-037e-4d58-b5c3-1bdfd0f47bf9" NodeID="c60fb7a6-0d16-4791-bf0a-2c047daa2ffe" Relevance="2.000000" />
		<row UserID="b5344897-037e-4d58-b5c3-1bdfd0f47bf9" NodeID="f5565f67-a643-4ca1-8677-2cd823f411e1" Relevance="1.000000" />
		<row UserID="b5344897-037e-4d58-b5c3-1bdfd0f47bf9" NodeID="23166c75-5235-4e00-a85b-2d075caeea84" Relevance="2.000000" />
		<row UserID="b5344897-037e-4d58-b5c3-1bdfd0f47bf9" NodeID="60d88077-ead6-4abe-87a5-332a93709bc6" Relevance="2.000000" />
		<row UserID="b5344897-037e-4d58-b5c3-1bdfd0f47bf9" NodeID="9a8a9ceb-cbbb-4f7e-89af-36bfadd5a94c" Relevance="3.000000" />
		<row UserID="b5344897-037e-4d58-b5c3-1bdfd0f47bf9" NodeID="c5048f34-26e5-4362-ae9c-38894a35ac44" Relevance="7.000000" />
		<row UserID="b5344897-037e-4d58-b5c3-1bdfd0f47bf9" NodeID="0e8003da-a501-4954-b6ce-416345f06f40" Relevance="3.000000" />
		<row UserID="b5344897-037e-4d58-b5c3-1bdfd0f47bf9" NodeID="96318717-295a-4cdb-ab31-443ea6108eee" Relevance="2.000000" />
		<row UserID="b5344897-037e-4d58-b5c3-1bdfd0f47bf9" NodeID="7470878c-5b9d-4cec-9d4d-569793e6815f" Relevance="1.000000" />
		<row UserID="b5344897-037e-4d58-b5c3-1bdfd0f47bf9" NodeID="ad3e97ba-f9ea-467a-b682-5815265a3e3c" Relevance="1.000000" />
		<row UserID="b5344897-037e-4d58-b5c3-1bdfd0f47bf9" NodeID="047e4dca-ffbb-4eeb-8e4a-681be8dcc7ba" Relevance="5.000000" />
		<row UserID="b5344897-037e-4d58-b5c3-1bdfd0f47bf9" NodeID="4c56e730-8ada-4c73-b24d-689083f7fa92" Relevance="1.000000" />
		<row UserID="b5344897-037e-4d58-b5c3-1bdfd0f47bf9" NodeID="bd62c755-567f-494a-aa7d-6c2fb198137f" Relevance="1.000000" />
		<row UserID="b5344897-037e-4d58-b5c3-1bdfd0f47bf9" NodeID="b37da2a4-da80-4cca-85fd-7b475e0bacfb" Relevance="1.000000" />
		<row UserID="b5344897-037e-4d58-b5c3-1bdfd0f47bf9" NodeID="bba8d90f-442d-4a53-87ce-873bcd3858fb" Relevance="1.000000" />
		<row UserID="b5344897-037e-4d58-b5c3-1bdfd0f47bf9" NodeID="ce252ae2-0395-4c1c-a66d-a5f76e1da9f1" Relevance="1.000000" />
		<row UserID="b5344897-037e-4d58-b5c3-1bdfd0f47bf9" NodeID="475e8bcf-fd11-4966-ba02-a9c13deab9de" Relevance="1.000000" />
		<row UserID="b5344897-037e-4d58-b5c3-1bdfd0f47bf9" NodeID="5ab0b927-75bd-429c-953f-b44af109a067" Relevance="1.000000" />
		<row UserID="b5344897-037e-4d58-b5c3-1bdfd0f47bf9" NodeID="9ef67001-c942-473e-94df-c78b35b26763" Relevance="3.000000" />
		<row UserID="b5344897-037e-4d58-b5c3-1bdfd0f47bf9" NodeID="a6506201-2ab7-4ac6-9d98-dac6365dfdd8" Relevance="2.000000" />
		<row UserID="b5344897-037e-4d58-b5c3-1bdfd0f47bf9" NodeID="32d79269-8cad-429e-801d-e004abc8f19e" Relevance="2.000000" />
		<row UserID="b5344897-037e-4d58-b5c3-1bdfd0f47bf9" NodeID="8fcefadf-fe61-4f05-a30d-f4669ae4a560" Relevance="1.000000" />
		<row UserID="b5344897-037e-4d58-b5c3-1bdfd0f47bf9" NodeID="f21272b4-6f90-4504-96fd-f825b085710b" Relevance="1.000000" />
		<row UserID="b5344897-037e-4d58-b5c3-1bdfd0f47bf9" NodeID="a76bd333-cb42-46c1-b4ad-f91d32432e02" Relevance="2.000000" />
	</rows>
</data>