﻿<?xml version="1.0" encoding="utf-8"?>
<data>
	<table name="MUIWorkspace">
		<col name="CompanyID" type="Int" default="Zero" />
		<col name="IsPortal" type="Bit" default="Zero" />
		<col name="WorkspaceID" type="UniqueIdentifier" />
		<col name="Order" type="Real" />
		<col name="Title" type="NVarChar(255)" />
		<col name="Icon" type="NVarChar(255)" nullable="true" />
		<col name="AreaID" type="UniqueIdentifier" nullable="true" />
		<col name="ScreenID" type="VarChar(8)" nullable="true" />
		<col name="IsSystem" type="Bit" default="Zero" />
		<col name="tstamp" type="Timestamp" />
		<col name="CompanyMask" type="VarBinary(32)" default="CompanyMaskReadOnly" />
	</table>
	<rows>
		<row IsPortal="0" WorkspaceID="bbbbbbbb-bbbb-bbbb-bbbb-bbbbbbbbbbbb" Order="32" Title="Data Views" Icon="poll" IsSystem="1" />
		<row IsPortal="1" WorkspaceID="bbbbbbbb-bbbb-bbbb-bbbb-bbbbbbbbbbbb" Order="5" Title="Data Views" Icon="poll" IsSystem="1" />
	</rows>
</data>