﻿<?xml version="1.0" encoding="utf-8"?>
<data>
	<table name="Note">
		<col name="CompanyID" type="Int" default="Zero" />
		<col name="oldNoteID" type="BigInt" nullable="true" />
		<col name="ExternalKey" type="NVarChar(255)" nullable="true" />
		<col name="NoteText" type="NVarChar(MAX)" />
		<col name="NotePopupText" type="NVarChar(MAX)" nullable="true" />
		<col name="GraphType" type="VarChar(255)" nullable="true" />
		<col name="EntityType" type="VarChar(255)" nullable="true" />
		<col name="CompanyMask" type="VarBinary(32)" default="CompanyMaskReadOnly" />
		<col name="NoteID" type="UniqueIdentifier" default="SequentialId" />
	</table>
	<rows>
		<row NoteText="" GraphType="PX.Api.SYProviderMaint" EntityType="PX.Api.SYProvider" NoteID="8883cf87-e502-e611-80c4-00155d012302" />
		<row NoteText="" GraphType="PX.Api.SYProviderMaint" EntityType="PX.Api.SYProvider" NoteID="563057d4-e502-e611-80c4-00155d012302" />
		<row NoteText="" GraphType="PX.Api.SYProviderMaint" EntityType="PX.Api.SYProvider" NoteID="99f25e6d-e602-e611-80c4-00155d012302" />
		<row NoteText="" GraphType="PX.SM.AccessUsers" EntityType="PX.SM.Users" NoteID="65669236-8a16-e511-aff2-00155d017e09" />
		<row NoteText="" GraphType="PX.Api.SYProviderMaint" EntityType="PX.Api.SYProvider" NoteID="e56ef190-6855-e911-b81b-00155d408001" />
		<row NoteText="" GraphType="PX.Api.SYProviderMaint" EntityType="PX.Api.SYProvider" NoteID="b1ebbb9f-6855-e911-b81b-00155d408001" />
		<row NoteText="" GraphType="PX.Api.SYProviderMaint" EntityType="PX.Api.SYProvider" NoteID="b9a86be2-6855-e911-b81b-00155d408001" />
		<row NoteText="" GraphType="PX.Api.SYProviderMaint" EntityType="PX.Api.SYProvider" NoteID="a1db6e2e-6955-e911-b81b-00155d408001" />
		<row NoteText="" GraphType="PX.Api.SYProviderMaint" EntityType="PX.Api.SYProvider" NoteID="c098ab6b-6955-e911-b81b-00155d408001" />
		<row NoteText="" GraphType="PX.Api.SYProviderMaint" EntityType="PX.Api.SYProvider" NoteID="875172f4-6955-e911-b81b-00155d408001" />
		<row NoteText="" GraphType="PX.Api.SYProviderMaint" EntityType="PX.Api.SYProvider" NoteID="527e2d11-6a55-e911-b81b-00155d408001" />
		<row NoteText="" GraphType="PX.Api.SYProviderMaint" EntityType="PX.Api.SYProvider" NoteID="3763422e-6a55-e911-b81b-00155d408001" />
		<row NoteText="" GraphType="PX.Api.SYProviderMaint" EntityType="PX.Api.SYProvider" NoteID="b55c2f7a-6a55-e911-b81b-00155d408001" />
		<row NoteText="" GraphType="PX.Api.SYProviderMaint" EntityType="PX.Api.SYProvider" NoteID="944fdd9b-6a55-e911-b81b-00155d408001" />
		<row NoteText="" GraphType="PX.Api.SYProviderMaint" EntityType="PX.Api.SYProvider" NoteID="6e954756-6b55-e911-b81b-00155d408001" />
		<row NoteText="" GraphType="PX.Api.SYProviderMaint" EntityType="PX.Api.SYProvider" NoteID="c1c27171-6b55-e911-b81b-00155d408001" />
		<row NoteText="" GraphType="PX.Api.SYProviderMaint" EntityType="PX.Api.SYProvider" NoteID="3180ba87-6b55-e911-b81b-00155d408001" />
		<row NoteText="" GraphType="PX.Objects.AR.ARInvoiceEntry" EntityType="PX.Objects.AR.ARInvoice" NoteID="135b7271-346e-e411-8043-74d435e7799b" />
		<row NoteText="" GraphType="PX.Objects.AR.ARInvoiceEntry" EntityType="PX.Objects.AR.ARInvoice" NoteID="7383eb99-346e-e411-8043-74d435e7799b" />
		<row NoteText="" GraphType="PX.Objects.AR.ARInvoiceEntry" EntityType="PX.Objects.AR.ARInvoice" NoteID="d5519bc5-346e-e411-8043-74d435e7799b" />
		<row NoteText="" GraphType="PX.Objects.AR.ARInvoiceEntry" EntityType="PX.Objects.AR.ARInvoice" NoteID="35e24ef0-346e-e411-8043-74d435e7799b" />
		<row NoteText="" GraphType="PX.Objects.AR.ARInvoiceEntry" EntityType="PX.Objects.AR.ARInvoice" NoteID="ef062a7f-f96e-e411-8157-74d435e7799b" />
		<row NoteText="" GraphType="PX.Objects.AR.ARInvoiceEntry" EntityType="PX.Objects.AR.ARInvoice" NoteID="aa9e3b20-006f-e411-8157-74d435e7799b" />
		<row NoteText="" GraphType="PX.Objects.AR.ARInvoiceEntry" EntityType="PX.Objects.AR.ARInvoice" NoteID="8ab6116a-026f-e411-8157-74d435e7799b" />
		<row NoteText="" GraphType="PX.Objects.AR.ARInvoiceEntry" EntityType="PX.Objects.AR.ARInvoice" NoteID="c6802ba1-236f-e411-8157-74d435e7799b" />
		<row NoteText="" GraphType="PX.Objects.AR.ARInvoiceEntry" EntityType="PX.Objects.AR.ARInvoice" NoteID="c58873fb-276f-e411-8157-74d435e7799b" />
		<row NoteText="" GraphType="PX.Objects.AR.ARInvoiceEntry" EntityType="PX.Objects.AR.ARInvoice" NoteID="8e07cd9d-296f-e411-8157-74d435e7799b" />
		<row NoteText="" GraphType="PX.Objects.AP.VendorMaint" EntityType="PX.Objects.AP.Vendor" NoteID="45086c13-d959-e411-8568-74d435e7799b" />
		<row NoteText="" GraphType="PX.Objects.AP.VendorMaint" EntityType="PX.Objects.AP.Vendor" NoteID="4fd0e622-d959-e411-8568-74d435e7799b" />
		<row NoteText="" GraphType="PX.Objects.AP.VendorMaint" EntityType="PX.Objects.AP.Vendor" NoteID="ce9d1f31-d959-e411-8568-74d435e7799b" />
		<row NoteText="" GraphType="PX.Objects.AP.VendorMaint" EntityType="PX.Objects.AP.Vendor" NoteID="d367553d-d959-e411-8568-74d435e7799b" />
		<row NoteText="" GraphType="PX.Objects.CA.CATranEntry" EntityType="PX.Objects.CA.CAAdj" NoteID="9f1ce8f8-1e59-e411-8712-74d435e7799b" />
		<row NoteText="" GraphType="PX.Objects.CA.CATranEntry" EntityType="PX.Objects.CA.CAAdj" NoteID="8fb00db2-1f59-e411-8712-74d435e7799b" />
		<row NoteText="" GraphType="PX.Objects.AR.CustomerMaint" EntityType="PX.Objects.AR.Customer" NoteID="7053913b-df64-e411-8774-74d435e7799b" />
		<row NoteText="" GraphType="PX.Objects.AR.CustomerMaint" EntityType="PX.Objects.AR.Customer" NoteID="84b92c4d-df64-e411-8774-74d435e7799b" />
		<row NoteText="" GraphType="PX.Objects.AR.CustomerMaint" EntityType="PX.Objects.AR.Customer" NoteID="e803385d-df64-e411-8774-74d435e7799b" />
		<row NoteText="" GraphType="PX.Objects.AR.CustomerMaint" EntityType="PX.Objects.AR.Customer" NoteID="8550a766-df64-e411-8774-74d435e7799b" />
		<row NoteText="" GraphType="PX.Objects.AR.CustomerMaint" EntityType="PX.Objects.AR.Customer" NoteID="f54e9582-7115-ea11-a6ec-9cb6d0c82c0c" />
		<row NoteText="" GraphType="PX.Objects.AP.VendorMaint" EntityType="PX.Objects.AP.Vendor" NoteID="3e93f6b1-ac16-ea11-a6ed-9cb6d0c82c0c" />
		<row NoteText="" GraphType="PX.Objects.IN.INReceiptEntry" EntityType="PX.Objects.IN.INRegister" NoteID="a1e9d5f1-f116-ea11-a6ed-9cb6d0c82c0c" />
		<row NoteText="" GraphType="PX.Objects.AR.CustomerMaint" EntityType="PX.Objects.AR.Customer" NoteID="33b490dc-f916-ea11-a6ed-9cb6d0c82c0c" />
		<row NoteText="" GraphType="PX.Objects.AR.ARPaymentEntry" EntityType="PX.Objects.AR.ARPayment" NoteID="b4550c7b-8a17-ea11-a6ed-9cb6d0c82c0c" />
		<row NoteText="" GraphType="PX.Objects.AR.ARPaymentEntry" EntityType="PX.Objects.AR.ARPayment" NoteID="bd550c7b-8a17-ea11-a6ed-9cb6d0c82c0c" />
		<row NoteText="" GraphType="PX.Objects.AR.ARPaymentEntry" EntityType="PX.Objects.AR.ARPayment" NoteID="48560c7b-8a17-ea11-a6ed-9cb6d0c82c0c" />
		<row NoteText="" GraphType="PX.Objects.AR.ARPaymentEntry" EntityType="PX.Objects.AR.ARPayment" NoteID="c30507ab-8a17-ea11-a6ed-9cb6d0c82c0c" />
		<row NoteText="" GraphType="PX.Objects.SO.SOOrderEntry" EntityType="PX.Objects.SO.SOOrder" NoteID="3f20eb83-1137-ea11-a6f2-9cb6d0c82c0c" />
		<row NoteText="" GraphType="PX.Objects.AR.ARPaymentEntry" EntityType="PX.Objects.AR.ARPayment" NoteID="4e20eb83-1137-ea11-a6f2-9cb6d0c82c0c" />
		<row NoteText="" GraphType="PX.Objects.SO.SOShipmentEntry" EntityType="PX.Objects.SO.SOShipment" NoteID="7ba2b3fd-1137-ea11-a6f2-9cb6d0c82c0c" />
		<row NoteText="" GraphType="PX.Objects.SO.SOInvoiceEntry" EntityType="PX.Objects.AR.ARInvoice" NoteID="36f7af0b-1237-ea11-a6f2-9cb6d0c82c0c" />
		<row NoteText="" GraphType="PX.Objects.IN.INIssueEntry" EntityType="PX.Objects.IN.INRegister" NoteID="5e2c2712-1237-ea11-a6f2-9cb6d0c82c0c" />
		<row NoteText="" GraphType="PX.Objects.AR.CustomerMaint" EntityType="PX.Objects.AR.Customer" NoteID="0952f357-7338-ea11-a6f3-9cb6d0c82c0c" />
		<row NoteText="" GraphType="PX.Objects.AR.CustomerMaint" EntityType="PX.Objects.AR.Customer" NoteID="1e52f357-7338-ea11-a6f3-9cb6d0c82c0c" />
		<row NoteText="" GraphType="PX.Objects.AR.ARPaymentEntry" EntityType="PX.Objects.AR.ARPayment" NoteID="fc762b5e-7338-ea11-a6f3-9cb6d0c82c0c" />
		<row NoteText="" GraphType="PX.Objects.AR.ARPaymentEntry" EntityType="PX.Objects.AR.ARPayment" NoteID="78fec4f9-b338-ea11-a6f3-9cb6d0c82c0c" />
		<row NoteText="" GraphType="PX.Objects.AR.ARPaymentEntry" EntityType="PX.Objects.AR.ARPayment" NoteID="a7cef338-b738-ea11-a6f3-9cb6d0c82c0c" />
		<row NoteText="" GraphType="PX.Objects.AR.ARInvoiceEntry" EntityType="PX.Objects.AR.ARInvoice" NoteID="b631c4fc-b938-ea11-a6f3-9cb6d0c82c0c" />
		<row NoteText="" GraphType="PX.Objects.AR.ARInvoiceEntry" EntityType="PX.Objects.AR.ARInvoice" NoteID="1d84b08e-ba38-ea11-a6f3-9cb6d0c82c0c" />
		<row NoteText="" GraphType="PX.Objects.AR.ARInvoiceEntry" EntityType="PX.Objects.AR.ARInvoice" NoteID="8fc961d8-bd38-ea11-a6f3-9cb6d0c82c0c" />
		<row NoteText="" GraphType="PX.Objects.AR.ARInvoiceEntry" EntityType="PX.Objects.AR.ARInvoice" NoteID="3aac36d8-e338-ea11-a6f3-9cb6d0c82c0c" />
		<row NoteText="" GraphType="PX.Objects.AR.ARInvoiceEntry" EntityType="PX.Objects.AR.ARInvoice" NoteID="8d65f4e3-e938-ea11-a6f3-9cb6d0c82c0c" />
		<row NoteText="" GraphType="PX.SM.MyAccess" EntityType="PX.SM.Users" NoteID="39bb94ae-bb9f-e311-8ca2-c86000ce5058" />
	</rows>
</data>