﻿<?xml version="1.0" encoding="utf-8"?>
<data>
	<table name="NotificationRecipient">
		<col name="CompanyID" type="Int" default="Zero" />
		<col name="SetupID" type="UniqueIdentifier" />
		<col name="SourceID" type="Int" />
		<col name="ClassID" type="VarChar(10)" nullable="true" />
		<col name="NotificationID" type="Int" identity="true" />
		<col name="ContactType" type="Char(1)" />
		<col name="EmployeeID" type="Int" nullable="true" />
		<col name="ContactID" type="Int" nullable="true" />
		<col name="Format" type="Char(1)" />
		<col name="Hidden" type="Bit" />
		<col name="Active" type="Bit" />
		<col name="tstamp" type="Timestamp" />
		<col name="CreatedByID" type="UniqueIdentifier" />
		<col name="CreatedDateTime" type="DateTime" />
		<col name="LastModifiedByID" type="UniqueIdentifier" />
		<col name="LastModifiedByScreenID" type="Char(8)" />
		<col name="LastModifiedDateTime" type="DateTime" />
		<col name="CreatedByScreenID" type="Char(8)" />
		<col name="RefNoteID" type="UniqueIdentifier" nullable="true" />
	</table>
	<rows>
		<row SetupID="74c658bd-1463-4f1b-a7ec-25d472ab34ee" SourceID="9" ClassID="DEFAULT" NotificationID="1" ContactType="B" Format="T" Hidden="0" Active="1" CreatedByID="b5344897-037e-4d58-b5c3-1bdfd0f47bf9" CreatedDateTime="2014-11-05 14:24:30.73" LastModifiedByID="b5344897-037e-4d58-b5c3-1bdfd0f47bf9" LastModifiedByScreenID="AR201000" LastModifiedDateTime="2014-11-05 14:24:30.73" CreatedByScreenID="AR201000" />
	</rows>
</data>