﻿<?xml version="1.0" encoding="utf-8"?>
<data>
	<table name="NotificationSource">
		<col name="CompanyID" type="Int" default="Zero" />
		<col name="SetupID" type="UniqueIdentifier" />
		<col name="SourceID" type="Int" identity="true" />
		<col name="NBranchID" type="Int" nullable="true" />
		<col name="ClassID" type="VarChar(10)" nullable="true" />
		<col name="EMailAccountID" type="Int" nullable="true" />
		<col name="NotificationID" type="Int" nullable="true" />
		<col name="ReportID" type="VarChar(20)" nullable="true" />
		<col name="Format" type="Char(1)" />
		<col name="Active" type="Bit" />
		<col name="tstamp" type="Timestamp" />
		<col name="CreatedByID" type="UniqueIdentifier" />
		<col name="CreatedDateTime" type="DateTime" />
		<col name="LastModifiedByID" type="UniqueIdentifier" />
		<col name="LastModifiedByScreenID" type="Char(8)" />
		<col name="LastModifiedDateTime" type="DateTime" />
		<col name="CreatedByScreenID" type="Char(8)" />
		<col name="RefNoteID" type="UniqueIdentifier" nullable="true" />
	</table>
	<rows>
		<row SetupID="0cc21d8c-9593-4da7-8bba-840718953aa9" SourceID="7" ClassID="DEFAULT" ReportID="PO641000" Format="P" Active="1" CreatedByID="b5344897-037e-4d58-b5c3-1bdfd0f47bf9" CreatedDateTime="2014-10-22 11:47:28.613" LastModifiedByID="b5344897-037e-4d58-b5c3-1bdfd0f47bf9" LastModifiedByScreenID="AP201000" LastModifiedDateTime="2014-10-22 11:47:28.613" CreatedByScreenID="AP201000" />
		<row SetupID="0d023785-c595-44b3-9dc6-a3790b35086b" SourceID="8" ClassID="DEFAULT" ReportID="RQ611000" Format="P" Active="1" CreatedByID="b5344897-037e-4d58-b5c3-1bdfd0f47bf9" CreatedDateTime="2014-10-22 11:47:28.613" LastModifiedByID="b5344897-037e-4d58-b5c3-1bdfd0f47bf9" LastModifiedByScreenID="AP201000" LastModifiedDateTime="2014-10-22 11:47:28.613" CreatedByScreenID="AP201000" />
		<row SetupID="74c658bd-1463-4f1b-a7ec-25d472ab34ee" SourceID="9" ClassID="DEFAULT" NotificationID="16" Format="T" Active="1" CreatedByID="b5344897-037e-4d58-b5c3-1bdfd0f47bf9" CreatedDateTime="2014-11-05 14:24:30.72" LastModifiedByID="b5344897-037e-4d58-b5c3-1bdfd0f47bf9" LastModifiedByScreenID="AR201000" LastModifiedDateTime="2014-11-05 14:24:30.72" CreatedByScreenID="AR201000" />
		<row SetupID="c3ac68d8-ce54-48ea-8617-431dc2b6f140" SourceID="10" ClassID="DEFAULT" ReportID="AR661000" Format="P" Active="1" CreatedByID="b5344897-037e-4d58-b5c3-1bdfd0f47bf9" CreatedDateTime="2014-11-05 14:24:30.723" LastModifiedByID="b5344897-037e-4d58-b5c3-1bdfd0f47bf9" LastModifiedByScreenID="AR201000" LastModifiedDateTime="2014-11-05 14:24:30.723" CreatedByScreenID="AR201000" />
		<row SetupID="a70caa8e-2691-46c9-beb7-bb7626f51b4b" SourceID="11" ClassID="DEFAULT" ReportID="AR641000" Format="P" Active="1" CreatedByID="b5344897-037e-4d58-b5c3-1bdfd0f47bf9" CreatedDateTime="2014-11-05 14:24:30.723" LastModifiedByID="b5344897-037e-4d58-b5c3-1bdfd0f47bf9" LastModifiedByScreenID="AR201000" LastModifiedDateTime="2014-11-05 14:24:30.723" CreatedByScreenID="AR201000" />
		<row SetupID="e29233e3-7706-4aef-9c5a-1d455067aa91" SourceID="12" ClassID="DEFAULT" ReportID="AR641500" Format="P" Active="1" CreatedByID="b5344897-037e-4d58-b5c3-1bdfd0f47bf9" CreatedDateTime="2014-11-05 14:24:30.727" LastModifiedByID="b5344897-037e-4d58-b5c3-1bdfd0f47bf9" LastModifiedByScreenID="AR201000" LastModifiedDateTime="2014-11-05 14:24:30.727" CreatedByScreenID="AR201000" />
		<row SetupID="fe084b21-588a-43ef-99b3-bbc1b0d3e841" SourceID="13" ClassID="DEFAULT" ReportID="AR642000" Format="P" Active="1" CreatedByID="b5344897-037e-4d58-b5c3-1bdfd0f47bf9" CreatedDateTime="2014-11-05 14:24:30.727" LastModifiedByID="b5344897-037e-4d58-b5c3-1bdfd0f47bf9" LastModifiedByScreenID="AR201000" LastModifiedDateTime="2014-11-05 14:24:30.727" CreatedByScreenID="AR201000" />
		<row SetupID="f3d621f9-58ba-4113-8b96-f2cc4c671ec7" SourceID="14" ClassID="DEFAULT" ReportID="SO644000" Format="P" Active="1" CreatedByID="b5344897-037e-4d58-b5c3-1bdfd0f47bf9" CreatedDateTime="2014-11-05 14:24:30.727" LastModifiedByID="b5344897-037e-4d58-b5c3-1bdfd0f47bf9" LastModifiedByScreenID="AR201000" LastModifiedDateTime="2014-11-05 14:24:30.727" CreatedByScreenID="AR201000" />
		<row SetupID="b1e10ebf-27d9-437c-849d-c43ead8b530d" SourceID="15" ClassID="DEFAULT" ReportID="SO641000" Format="H" Active="1" CreatedByID="b5344897-037e-4d58-b5c3-1bdfd0f47bf9" CreatedDateTime="2014-11-05 14:24:30.727" LastModifiedByID="b5344897-037e-4d58-b5c3-1bdfd0f47bf9" LastModifiedByScreenID="AR201000" LastModifiedDateTime="2014-11-05 14:24:30.727" CreatedByScreenID="AR201000" />
		<row SetupID="d7badf9e-0886-4227-9840-56bfd6ef2ba0" SourceID="16" ClassID="DEFAULT" ReportID="SO641010" Format="P" Active="1" CreatedByID="b5344897-037e-4d58-b5c3-1bdfd0f47bf9" CreatedDateTime="2014-11-05 14:24:30.73" LastModifiedByID="b5344897-037e-4d58-b5c3-1bdfd0f47bf9" LastModifiedByScreenID="AR201000" LastModifiedDateTime="2014-11-05 14:24:30.73" CreatedByScreenID="AR201000" />
		<row SetupID="3df47dde-d312-47a8-a582-b0f3f27fa9b5" SourceID="17" ClassID="DEFAULT" ReportID="SO642000" Format="P" Active="1" CreatedByID="b5344897-037e-4d58-b5c3-1bdfd0f47bf9" CreatedDateTime="2014-11-05 14:24:30.73" LastModifiedByID="b5344897-037e-4d58-b5c3-1bdfd0f47bf9" LastModifiedByScreenID="AR201000" LastModifiedDateTime="2014-11-05 14:24:30.73" CreatedByScreenID="AR201000" />
		<row SetupID="d2b82e05-d14d-47ac-8e24-6452626b087f" SourceID="18" ClassID="DEFAULT" ReportID="SO643000" Format="P" Active="1" CreatedByID="b5344897-037e-4d58-b5c3-1bdfd0f47bf9" CreatedDateTime="2014-11-05 14:24:30.73" LastModifiedByID="b5344897-037e-4d58-b5c3-1bdfd0f47bf9" LastModifiedByScreenID="AR201000" LastModifiedDateTime="2014-11-05 14:24:30.73" CreatedByScreenID="AR201000" />
	</rows>
</data>