﻿<?xml version="1.0" encoding="utf-8"?>
<data>
	<table name="PaymentMethodAccount">
		<col name="CompanyID" type="Int" default="Zero" />
		<col name="PaymentMethodID" type="NVarChar(10)" />
		<col name="CashAccountID" type="Int" />
		<col name="UseForAP" type="Bit" />
		<col name="APIsDefault" type="Bit" />
		<col name="APAutoNextNbr" type="Bit" />
		<col name="APLastRefNbr" type="NVarChar(40)" nullable="true" />
		<col name="APBatchLastRefNbr" type="NVarChar(15)" nullable="true" />
		<col name="UseForAR" type="Bit" />
		<col name="ARIsDefault" type="Bit" />
		<col name="ARIsDefaultForRefund" type="Bit" />
		<col name="ARAutoNextNbr" type="Bit" />
		<col name="ARLastRefNbr" type="NVarChar(40)" nullable="true" />
	</table>
	<rows>
		<row PaymentMethodID="CASH" CashAccountID="7" UseForAP="1" APIsDefault="1" APAutoNextNbr="0" APLastRefNbr="03062014Prep" UseForAR="1" ARIsDefault="1" ARIsDefaultForRefund="0" ARAutoNextNbr="0" />
		<row PaymentMethodID="CHECK" CashAccountID="9" UseForAP="1" APIsDefault="1" APAutoNextNbr="1" APLastRefNbr="000005" UseForAR="1" ARIsDefault="1" ARIsDefaultForRefund="0" ARAutoNextNbr="0" />
		<row PaymentMethodID="SHOPIFY" CashAccountID="10" UseForAP="0" APIsDefault="0" APAutoNextNbr="0" UseForAR="1" ARIsDefault="0" ARIsDefaultForRefund="0" ARAutoNextNbr="0" />
		<row PaymentMethodID="WIRE" CashAccountID="9" UseForAP="1" APIsDefault="0" APAutoNextNbr="0" UseForAR="1" ARIsDefault="0" ARIsDefaultForRefund="0" ARAutoNextNbr="1" ARLastRefNbr="000000" />
	</rows>
</data>