﻿<?xml version="1.0" encoding="utf-8"?>
<data>
	<table name="POVendorInventory">
		<col name="CompanyID" type="Int" default="Zero" />
		<col name="RecordID" type="Int" identity="true" />
		<col name="VendorID" type="Int" />
		<col name="VendorLocationID" type="Int" nullable="true" />
		<col name="InventoryID" type="Int" />
		<col name="SubItemID" type="Int" nullable="true" />
		<col name="PurchaseUnit" type="NVarChar(6)" />
		<col name="VendorInventoryID" type="NVarChar(50)" nullable="true" />
		<col name="AddLeadTimeDays" type="SmallInt" default="Zero" />
		<col name="Active" type="Bit" />
		<col name="MinOrdFreq" type="Int" nullable="true" />
		<col name="MinOrdQty" type="Decimal(19,6)" nullable="true" />
		<col name="MaxOrdQty" type="Decimal(19,6)" nullable="true" />
		<col name="LotSize" type="Decimal(19,6)" nullable="true" />
		<col name="ERQ" type="Decimal(19,6)" nullable="true" />
		<col name="CuryID" type="NVarChar(5)" />
		<col name="PendingPrice" type="Decimal(19,6)" nullable="true" />
		<col name="PendingDate" type="SmallDateTime" nullable="true" />
		<col name="EffPrice" type="Decimal(19,6)" nullable="true" />
		<col name="EffDate" type="SmallDateTime" nullable="true" />
		<col name="LastPrice" type="Decimal(19,6)" nullable="true" />
		<col name="OverrideSettings" type="Bit" default="Zero" />
		<col name="tstamp" type="Timestamp" />
		<col name="CreatedByID" type="UniqueIdentifier" />
		<col name="CreatedByScreenID" type="Char(8)" />
		<col name="CreatedDateTime" type="DateTime" />
		<col name="LastModifiedByID" type="UniqueIdentifier" />
		<col name="LastModifiedByScreenID" type="Char(8)" />
		<col name="LastModifiedDateTime" type="DateTime" />
	</table>
	<rows>
		<row RecordID="2" VendorID="16" VendorLocationID="16" InventoryID="24" PurchaseUnit="HOUR" AddLeadTimeDays="0" Active="1" MinOrdFreq="0" MinOrdQty="0.000000" MaxOrdQty="0.000000" LotSize="0.000000" ERQ="0.000000" CuryID="USD" LastPrice="20.000000" OverrideSettings="0" CreatedByID="b5344897-037e-4d58-b5c3-1bdfd0f47bf9" CreatedByScreenID="AP301000" CreatedDateTime="2014-10-23 22:35:09.753" LastModifiedByID="b5344897-037e-4d58-b5c3-1bdfd0f47bf9" LastModifiedByScreenID="AP301000" LastModifiedDateTime="2014-10-23 22:35:09.753" />
		<row RecordID="4" VendorID="17" VendorLocationID="17" InventoryID="25" PurchaseUnit="HOUR" AddLeadTimeDays="0" Active="1" MinOrdFreq="0" MinOrdQty="0.000000" MaxOrdQty="0.000000" LotSize="0.000000" ERQ="0.000000" CuryID="USD" LastPrice="40.000000" OverrideSettings="0" CreatedByID="b5344897-037e-4d58-b5c3-1bdfd0f47bf9" CreatedByScreenID="AP501000" CreatedDateTime="2014-10-28 10:36:05.737" LastModifiedByID="b5344897-037e-4d58-b5c3-1bdfd0f47bf9" LastModifiedByScreenID="AP501000" LastModifiedDateTime="2014-10-28 10:36:05.737" />
	</rows>
</data>