﻿<?xml version="1.0" encoding="utf-8"?>
<data>
	<table name="PreferencesSecurity">
		<col name="CompanyID" type="Int" default="Zero" />
		<col name="DBCertificateName" type="VarChar(50)" nullable="true" />
		<col name="DBPrevCertificateName" type="VarChar(50)" nullable="true" />
		<col name="PdfCertificateName" type="VarChar(50)" nullable="true" />
		<col name="TraceMonthsKeep" type="Int" />
		<col name="TraceOperationMask" type="Int" default="Zero" />
		<col name="PasswordDayAge" type="Int" default="Zero" />
		<col name="PasswordMinLength" type="Int" />
		<col name="PasswordComplexity" type="Bit" default="Zero" />
		<col name="PasswordRegexCheck" type="VarChar(250)" nullable="true" />
		<col name="PasswordRegexCheckMessage" type="VarChar(500)" nullable="true" />
		<col name="AccountLockoutThreshold" type="Int" />
		<col name="AccountLockoutDuration" type="Int" />
		<col name="AccountLockoutReset" type="Int" />
		<col name="PasswordSecurityType" type="SmallInt" default="Zero" />
		<col name="MultiFactorAuthLevel" type="Int" default="Zero" />
		<col name="MultiFactorAllowedTypes" type="Int" />
		<col name="CreatedByID" type="UniqueIdentifier" />
		<col name="CreatedByScreenID" type="Char(8)" />
		<col name="CreatedDateTime" type="DateTime" />
		<col name="LastModifiedByID" type="UniqueIdentifier" />
		<col name="LastModifiedByScreenID" type="Char(8)" />
		<col name="LastModifiedDateTime" type="DateTime" />
		<col name="CompanyMask" type="VarBinary(32)" default="CompanyMaskReadOnly" />
		<col name="tstamp" type="Timestamp" />
	</table>
	<rows>
		<row TraceMonthsKeep="999" TraceOperationMask="383" PasswordDayAge="0" PasswordMinLength="3" PasswordComplexity="0" AccountLockoutThreshold="3" AccountLockoutDuration="15" AccountLockoutReset="10" PasswordSecurityType="0" MultiFactorAuthLevel="0" MultiFactorAllowedTypes="3" CreatedByID="b5344897-037e-4d58-b5c3-1bdfd0f47bf9" CreatedByScreenID="CS209000" CreatedDateTime="2008-01-31 00:00:00" LastModifiedByID="b5344897-037e-4d58-b5c3-1bdfd0f47bf9" LastModifiedByScreenID="SM201060" LastModifiedDateTime="2015-06-19 04:52:01.9" />
	</rows>
</data>