﻿<?xml version="1.0" encoding="utf-8"?>
<data>
	<table name="PreferencesGeneral">
		<col name="CompanyID" type="Int" default="Zero" />
		<col name="MaxUploadSize" type="Int" />
		<col name="MapViewer" type="Int" nullable="true" />
		<col name="TimeZone" type="VarChar(32)" nullable="true" />
		<col name="GridActionsText" type="Bit" />
		<col name="GetLinkTemplate" type="UniqueIdentifier" nullable="true" />
		<col name="HeaderFont" type="VarChar(30)" nullable="true" />
		<col name="HeaderFontSize" type="SmallInt" nullable="true" />
		<col name="HeaderFontColor" type="VarChar(30)" nullable="true" />
		<col name="HeaderFillColor" type="VarChar(30)" nullable="true" />
		<col name="HeaderFontType" type="Char(1)" nullable="true" />
		<col name="BodyFont" type="VarChar(30)" nullable="true" />
		<col name="BodyFontSize" type="SmallInt" nullable="true" />
		<col name="BodyFontColor" type="VarChar(30)" nullable="true" />
		<col name="BodyFillColor" type="VarChar(30)" nullable="true" />
		<col name="BodyFontType" type="Char(1)" nullable="true" />
		<col name="Border" type="Bit" nullable="true" />
		<col name="BorderColor" type="VarChar(30)" nullable="true" />
		<col name="HiddenSkip" type="Bit" nullable="true" />
		<col name="EditorFontName" type="VarChar(50)" nullable="true" />
		<col name="EditorFontSize" type="Int" nullable="true" />
		<col name="SpellCheck" type="Bit" nullable="true" />
		<col name="Theme" type="NVarChar(255)" />
		<col name="HomePage" type="UniqueIdentifier" nullable="true" />
		<col name="HelpPage" type="UniqueIdentifier" nullable="true" />
		<col name="UseMLSearch" type="Bit" />
		<col name="DeletingMLEventsMode" type="Int" default="Zero" />
		<col name="MLEventsRetentionAge" type="Int" />
		<col name="PortalHomePage" type="UniqueIdentifier" nullable="true" />
		<col name="DashboardPortalHomePage" type="UniqueIdentifier" nullable="true" />
		<col name="PageCacheVersion" type="Int" nullable="true" />
		<col name="PortalExternalAccessLink" type="NVarChar(255)" nullable="true" />
		<col name="PersonNameFormat" type="VarChar(20)" nullable="true" />
		<col name="CreatedByID" type="UniqueIdentifier" />
		<col name="CreatedByScreenID" type="Char(8)" />
		<col name="CreatedDateTime" type="DateTime" />
		<col name="LastModifiedByID" type="UniqueIdentifier" />
		<col name="LastModifiedByScreenID" type="Char(8)" />
		<col name="LastModifiedDateTime" type="DateTime" />
		<col name="CompanyMask" type="VarBinary(32)" default="CompanyMaskReadOnly" />
		<col name="tstamp" type="Timestamp" />
		<col name="NoteID" type="UniqueIdentifier" nullable="true" />
		<col name="ApplyToEmptyCells" type="Bit" default="Zero" />
	</table>
	<rows>
		<row MaxUploadSize="25000" MapViewer="0" GridActionsText="1" HeaderFont="Calibri" HeaderFontSize="11" HeaderFontColor="White" HeaderFillColor="Navy" HeaderFontType="1" BodyFont="Calibri" BodyFontSize="11" BodyFontColor="Black" BodyFillColor="Transparent" BodyFontType="1" Border="0" BorderColor="Transparent" HiddenSkip="1" EditorFontName="Arial" EditorFontSize="2" Theme="Default" HelpPage="e66a3027-ff57-46a4-bf51-5cdf7c0723ac" UseMLSearch="1" DeletingMLEventsMode="0" MLEventsRetentionAge="90" PageCacheVersion="8" PersonNameFormat="LEGACY" CreatedByID="b5344897-037e-4d58-b5c3-1bdfd0f47bf9" CreatedByScreenID="CS209000" CreatedDateTime="2008-01-31 00:00:00" LastModifiedByID="b5344897-037e-4d58-b5c3-1bdfd0f47bf9" LastModifiedByScreenID="SM202550" LastModifiedDateTime="2014-09-08 02:58:17.603" NoteID="3abb94ae-bb9f-e311-8ca2-c86000ce5058" ApplyToEmptyCells="0" />
	</rows>
</data>