﻿<?xml version="1.0" encoding="utf-8"?>
<data>
	<table name="ReasonCode">
		<col name="CompanyID" type="Int" default="Zero" />
		<col name="ReasonCodeID" type="NVarChar(20)" />
		<col name="Usage" type="Char(1)" />
		<col name="Descr" type="NVarChar(60)" nullable="true" />
		<col name="AccountID" type="Int" nullable="true" />
		<col name="SubID" type="Int" nullable="true" />
		<col name="SubMask" type="VarChar(30)" nullable="true" />
		<col name="SalesAcctID" type="Int" nullable="true" />
		<col name="SalesSubID" type="Int" nullable="true" />
		<col name="CreatedByID" type="UniqueIdentifier" />
		<col name="CreatedByScreenID" type="Char(8)" />
		<col name="CreatedDateTime" type="DateTime" />
		<col name="LastModifiedByID" type="UniqueIdentifier" />
		<col name="LastModifiedByScreenID" type="Char(8)" />
		<col name="LastModifiedDateTime" type="DateTime" />
		<col name="tstamp" type="Timestamp" />
		<col name="NoteID" type="UniqueIdentifier" />
	</table>
	<rows>
		<row ReasonCodeID="BALANCEWO" Usage="B" Descr="Balance write-off" AccountID="44" SubID="1" SubMask="RRRRRRRRRR" SalesSubID="1" CreatedByID="b5344897-037e-4d58-b5c3-1bdfd0f47bf9" CreatedByScreenID="CS211000" CreatedDateTime="2014-11-19 16:01:18.08" LastModifiedByID="b5344897-037e-4d58-b5c3-1bdfd0f47bf9" LastModifiedByScreenID="CS211000" LastModifiedDateTime="2014-11-19 16:01:18.08" NoteID="90598d6c-21cf-4657-acdd-4ad06394eeb0" />
		<row ReasonCodeID="CREDITWO" Usage="C" Descr="Credit write-off" AccountID="44" SubID="1" SubMask="RRRRRRRRRR" SalesSubID="1" CreatedByID="b5344897-037e-4d58-b5c3-1bdfd0f47bf9" CreatedByScreenID="CS211000" CreatedDateTime="2014-11-19 16:00:51.78" LastModifiedByID="b5344897-037e-4d58-b5c3-1bdfd0f47bf9" LastModifiedByScreenID="CS211000" LastModifiedDateTime="2014-11-19 16:00:51.78" NoteID="36f292f8-5252-4866-83a6-6af39433b94d" />
		<row ReasonCodeID="INADJ" Usage="A" Descr="Inventory Adjustment" AccountID="2729" SubID="1" SubMask="RRRRRRRRRR" SalesSubID="1" CreatedByID="b5344897-037e-4d58-b5c3-1bdfd0f47bf9" CreatedByScreenID="CS211000" CreatedDateTime="2019-12-02 19:15:53.85" LastModifiedByID="b5344897-037e-4d58-b5c3-1bdfd0f47bf9" LastModifiedByScreenID="CS211000" LastModifiedDateTime="2019-12-02 19:15:53.85" NoteID="95579a68-6a15-ea11-a6ec-9cb6d0c82c0c" />
		<row ReasonCodeID="INLOSS" Usage="I" Descr="Inventory damage/loss" AccountID="2729" SubID="1" SubMask="RRRRRRRRRR" SalesSubID="1" CreatedByID="b5344897-037e-4d58-b5c3-1bdfd0f47bf9" CreatedByScreenID="CS211000" CreatedDateTime="2019-12-02 19:17:20.837" LastModifiedByID="b5344897-037e-4d58-b5c3-1bdfd0f47bf9" LastModifiedByScreenID="CS211000" LastModifiedDateTime="2019-12-02 19:17:20.837" NoteID="ce528992-6a15-ea11-a6ec-9cb6d0c82c0c" />
		<row ReasonCodeID="INRECEIPT" Usage="R" Descr="Inventory Receipt" AccountID="2723" SubID="1" SubMask="RRRRRRRRRR" SalesSubID="1" CreatedByID="b5344897-037e-4d58-b5c3-1bdfd0f47bf9" CreatedByScreenID="CS211000" CreatedDateTime="2019-12-02 19:14:27.707" LastModifiedByID="b5344897-037e-4d58-b5c3-1bdfd0f47bf9" LastModifiedByScreenID="CS211000" LastModifiedDateTime="2019-12-02 19:14:27.707" NoteID="ad8e0a30-6a15-ea11-a6ec-9cb6d0c82c0c" />
		<row ReasonCodeID="RETURN" Usage="N" Descr="Return/Issue" SubID="1" SubMask="RRRRRRRRRR" SalesSubID="1" CreatedByID="b5344897-037e-4d58-b5c3-1bdfd0f47bf9" CreatedByScreenID="CS211000" CreatedDateTime="2019-12-02 19:16:38.74" LastModifiedByID="b5344897-037e-4d58-b5c3-1bdfd0f47bf9" LastModifiedByScreenID="CS211000" LastModifiedDateTime="2019-12-02 19:16:38.74" NoteID="c4ba3879-6a15-ea11-a6ec-9cb6d0c82c0c" />
	</rows>
</data>