﻿<?xml version="1.0" encoding="utf-8"?>
<data>
	<table name="Schedule">
		<col name="CompanyID" type="Int" default="Zero" />
		<col name="ScheduleID" type="NVarChar(10)" />
		<col name="ScheduleName" type="NVarChar(60)" nullable="true" />
		<col name="ScheduleType" type="Char(1)" />
		<col name="Active" type="Bit" nullable="true" />
		<col name="DailyFrequency" type="SmallInt" nullable="true" />
		<col name="WeeklyFrequency" type="SmallInt" nullable="true" />
		<col name="WeeklyOnDay1" type="Bit" nullable="true" />
		<col name="WeeklyOnDay2" type="Bit" nullable="true" />
		<col name="WeeklyOnDay3" type="Bit" nullable="true" />
		<col name="WeeklyOnDay4" type="Bit" nullable="true" />
		<col name="WeeklyOnDay5" type="Bit" nullable="true" />
		<col name="WeeklyOnDay6" type="Bit" nullable="true" />
		<col name="WeeklyOnDay7" type="Bit" nullable="true" />
		<col name="MonthlyFrequency" type="SmallInt" nullable="true" />
		<col name="MonthlyDaySel" type="Char(1)" nullable="true" />
		<col name="MonthlyOnDay" type="SmallInt" nullable="true" />
		<col name="MonthlyOnWeek" type="SmallInt" nullable="true" />
		<col name="MonthlyOnDayOfWeek" type="SmallInt" nullable="true" />
		<col name="PeriodFrequency" type="SmallInt" nullable="true" />
		<col name="PeriodDateSel" type="Char(1)" nullable="true" />
		<col name="PeriodFixedDay" type="SmallInt" nullable="true" />
		<col name="StartDate" type="SmallDateTime" nullable="true" />
		<col name="EndDate" type="SmallDateTime" nullable="true" />
		<col name="NoEndDate" type="Bit" nullable="true" />
		<col name="NoRunLimit" type="Bit" nullable="true" />
		<col name="RunLimit" type="SmallInt" nullable="true" />
		<col name="RunCntr" type="SmallInt" nullable="true" />
		<col name="NextRunDate" type="SmallDateTime" nullable="true" />
		<col name="LastRunDate" type="SmallDateTime" nullable="true" />
		<col name="tstamp" type="Timestamp" />
		<col name="CreatedByID" type="UniqueIdentifier" />
		<col name="CreatedByScreenID" type="Char(8)" />
		<col name="CreatedDateTime" type="DateTime" />
		<col name="LastModifiedByID" type="UniqueIdentifier" />
		<col name="LastModifiedByScreenID" type="Char(8)" />
		<col name="LastModifiedDateTime" type="DateTime" />
		<col name="Module" type="Char(2)" />
		<col name="NoteID" type="UniqueIdentifier" nullable="true" />
	</table>
	<rows>
		<row ScheduleID="000001" ScheduleName="Interest payment for the bank loan" ScheduleType="M" Active="1" DailyFrequency="1" WeeklyFrequency="1" WeeklyOnDay1="1" WeeklyOnDay2="0" WeeklyOnDay3="0" WeeklyOnDay4="0" WeeklyOnDay5="0" WeeklyOnDay6="0" WeeklyOnDay7="0" MonthlyFrequency="1" MonthlyDaySel="D" MonthlyOnDay="25" MonthlyOnWeek="1" MonthlyOnDayOfWeek="1" PeriodFrequency="1" PeriodDateSel="S" PeriodFixedDay="1" StartDate="2013-12-01 00:00:00" NoEndDate="1" NoRunLimit="0" RunLimit="12" RunCntr="1" NextRunDate="2014-01-25 00:00:00" LastRunDate="2013-12-25 00:00:00" CreatedByID="b5344897-037e-4d58-b5c3-1bdfd0f47bf9" CreatedByScreenID="GL301000" CreatedDateTime="2014-10-21 10:08:33.85" LastModifiedByID="b5344897-037e-4d58-b5c3-1bdfd0f47bf9" LastModifiedByScreenID="GL504000" LastModifiedDateTime="2014-10-21 10:15:02.89" Module="GL" NoteID="e7681985-e858-e411-8712-74d435e7799b" />
	</rows>
</data>