﻿<?xml version="1.0" encoding="utf-8"?>
<data>
	<table name="SMCalendarSettings">
		<col name="CompanyID" type="Int" default="Zero" />
		<col name="pkID" type="Int" identity="true" />
		<col name="UserID" type="UniqueIdentifier" />
		<col name="IsPublic" type="Bit" default="Zero" />
		<col name="UrlGuid" type="UniqueIdentifier" />
		<col name="CreatedByID" type="UniqueIdentifier" />
		<col name="CreatedByScreenID" type="Char(8)" />
		<col name="CreatedDateTime" type="DateTime" />
		<col name="LastModifiedByID" type="UniqueIdentifier" />
		<col name="LastModifiedByScreenID" type="Char(8)" />
		<col name="LastModifiedDateTime" type="DateTime" />
		<col name="tstamp" type="Timestamp" />
	</table>
	<rows>
		<row pkID="7" UserID="b5344897-037e-4d58-b5c3-1bdfd0f47bf9" IsPublic="0" UrlGuid="8abe363b-7924-4c6a-ad32-e8893f7c9dbe" CreatedByID="b5344897-037e-4d58-b5c3-1bdfd0f47bf9" CreatedByScreenID="00000000" CreatedDateTime="2019-04-02 08:09:34.743" LastModifiedByID="b5344897-037e-4d58-b5c3-1bdfd0f47bf9" LastModifiedByScreenID="00000000" LastModifiedDateTime="2019-04-02 08:09:34.743" />
	</rows>
</data>