﻿<?xml version="1.0" encoding="utf-8"?>
<data>
	<table name="SOAdjust">
		<col name="CompanyID" type="Int" default="Zero" />
		<col name="AdjdOrderType" type="Char(2)" />
		<col name="AdjdOrderNbr" type="NVarChar(15)" />
		<col name="AdjgDocType" type="Char(3)" />
		<col name="AdjgRefNbr" type="NVarChar(15)" />
		<col name="Hold" type="Bit" default="Zero" />
		<col name="CustomerID" type="Int" />
		<col name="CuryAdjgAmt" type="Decimal(19,4)" default="Zero" />
		<col name="CuryAdjdAmt" type="Decimal(19,4)" default="Zero" />
		<col name="AdjAmt" type="Decimal(19,4)" default="Zero" />
		<col name="CuryAdjgBilledAmt" type="Decimal(19,4)" default="Zero" />
		<col name="CuryAdjdBilledAmt" type="Decimal(19,4)" default="Zero" />
		<col name="AdjBilledAmt" type="Decimal(19,4)" default="Zero" />
		<col name="AdjdCuryInfoID" type="BigInt" />
		<col name="AdjgDocDate" type="SmallDateTime" />
		<col name="AdjdOrderDate" type="SmallDateTime" />
		<col name="AdjgCuryInfoID" type="BigInt" />
		<col name="AdjdOrigCuryInfoID" type="BigInt" />
		<col name="Voided" type="Bit" />
		<col name="tstamp" type="Timestamp" />
		<col name="CreatedByID" type="UniqueIdentifier" />
		<col name="CreatedByScreenID" type="Char(8)" />
		<col name="CreatedDateTime" type="DateTime" />
		<col name="LastModifiedByID" type="UniqueIdentifier" />
		<col name="LastModifiedByScreenID" type="Char(8)" />
		<col name="LastModifiedDateTime" type="DateTime" />
		<col name="NoteID" type="UniqueIdentifier" nullable="true" />
	</table>
	<rows>
		<row AdjdOrderType="SO" AdjdOrderNbr="000006" AdjgDocType="PMT" AdjgRefNbr="000013" Hold="0" CustomerID="30" CuryAdjgAmt="0.0000" CuryAdjdAmt="0.0000" AdjAmt="0.0000" CuryAdjgBilledAmt="422.2400" CuryAdjdBilledAmt="422.2400" AdjBilledAmt="422.2400" AdjdCuryInfoID="663978" AdjgDocDate="2020-01-14 00:00:00" AdjdOrderDate="2020-01-14 00:00:00" AdjgCuryInfoID="663977" AdjdOrigCuryInfoID="663976" Voided="0" CreatedByID="b5344897-037e-4d58-b5c3-1bdfd0f47bf9" CreatedByScreenID="AR302000" CreatedDateTime="2020-01-14 15:05:05.003" LastModifiedByID="b5344897-037e-4d58-b5c3-1bdfd0f47bf9" LastModifiedByScreenID="SO303000" LastModifiedDateTime="2020-01-14 15:08:56.327" NoteID="5120eb83-1137-ea11-a6f2-9cb6d0c82c0c" />
	</rows>
</data>