﻿<?xml version="1.0" encoding="utf-8"?>
<data>
	<table name="SOAddress">
		<col name="CompanyID" type="Int" default="Zero" />
		<col name="AddressID" type="Int" identity="true" />
		<col name="CustomerID" type="Int" />
		<col name="CustomerAddressID" type="Int" nullable="true" />
		<col name="RevisionID" type="Int" />
		<col name="IsDefaultAddress" type="Bit" />
		<col name="AddressLine1" type="NVarChar(50)" nullable="true" />
		<col name="AddressLine2" type="NVarChar(50)" nullable="true" />
		<col name="AddressLine3" type="NVarChar(50)" nullable="true" />
		<col name="City" type="NVarChar(50)" nullable="true" />
		<col name="CountryID" type="NVarChar(2)" nullable="true" />
		<col name="State" type="NVarChar(50)" nullable="true" />
		<col name="PostalCode" type="VarChar(20)" nullable="true" />
		<col name="IsValidated" type="Bit" />
		<col name="PseudonymizationStatus" type="Int" nullable="true" default="Zero" />
		<col name="NoteID" type="UniqueIdentifier" />
		<col name="CreatedByID" type="UniqueIdentifier" />
		<col name="CreatedByScreenID" type="Char(8)" />
		<col name="CreatedDateTime" type="DateTime" />
		<col name="LastModifiedByID" type="UniqueIdentifier" />
		<col name="LastModifiedByScreenID" type="Char(8)" />
		<col name="LastModifiedDateTime" type="DateTime" />
		<col name="tstamp" type="Timestamp" />
	</table>
	<rows>
		<row AddressID="1" CustomerID="27" CustomerAddressID="36" RevisionID="1" IsDefaultAddress="1" CountryID="US" IsValidated="0" PseudonymizationStatus="0" NoteID="e3b50c59-7b15-ea11-a6ec-9cb6d0c82c0c" CreatedByID="b5344897-037e-4d58-b5c3-1bdfd0f47bf9" CreatedByScreenID="SO301000" CreatedDateTime="2019-12-02 21:17:03.77" LastModifiedByID="b5344897-037e-4d58-b5c3-1bdfd0f47bf9" LastModifiedByScreenID="SO301000" LastModifiedDateTime="2019-12-02 21:17:03.77" />
		<row AddressID="2" CustomerID="30" CustomerAddressID="39" RevisionID="2" IsDefaultAddress="0" AddressLine1="1727 Bonita Avenue" AddressLine2="Suite 900" City="Mount Prospect" CountryID="US" State="ILLINOIS" PostalCode="60056" IsValidated="0" PseudonymizationStatus="0" NoteID="ec387e74-8a17-ea11-a6ed-9cb6d0c82c0c" CreatedByID="b5344897-037e-4d58-b5c3-1bdfd0f47bf9" CreatedByScreenID="SO301000" CreatedDateTime="2019-12-05 12:10:12.107" LastModifiedByID="b5344897-037e-4d58-b5c3-1bdfd0f47bf9" LastModifiedByScreenID="SO301000" LastModifiedDateTime="2019-12-05 12:11:35.33" />
		<row AddressID="3" CustomerID="30" CustomerAddressID="39" RevisionID="2" IsDefaultAddress="0" AddressLine1="1727 Bonita Avenue" AddressLine2="Suite 900" City="Mount Prospect" CountryID="US" State="ILLINOIS" PostalCode="60056" IsValidated="0" PseudonymizationStatus="0" NoteID="ed387e74-8a17-ea11-a6ed-9cb6d0c82c0c" CreatedByID="b5344897-037e-4d58-b5c3-1bdfd0f47bf9" CreatedByScreenID="SO301000" CreatedDateTime="2019-12-05 12:10:12.11" LastModifiedByID="b5344897-037e-4d58-b5c3-1bdfd0f47bf9" LastModifiedByScreenID="SO301000" LastModifiedDateTime="2019-12-05 12:11:35.33" />
		<row AddressID="4" CustomerID="30" CustomerAddressID="39" RevisionID="2" IsDefaultAddress="0" AddressLine1="1727 Bonita Avenue" AddressLine2="Suite 900" City="Mount Prospect" CountryID="US" State="ILLINOIS" PostalCode="60056" IsValidated="0" PseudonymizationStatus="0" NoteID="fa387e74-8a17-ea11-a6ed-9cb6d0c82c0c" CreatedByID="b5344897-037e-4d58-b5c3-1bdfd0f47bf9" CreatedByScreenID="SO301000" CreatedDateTime="2019-12-05 12:10:12.18" LastModifiedByID="b5344897-037e-4d58-b5c3-1bdfd0f47bf9" LastModifiedByScreenID="SO301000" LastModifiedDateTime="2019-12-05 12:10:12.18" />
		<row AddressID="5" CustomerID="30" CustomerAddressID="39" RevisionID="2" IsDefaultAddress="0" AddressLine1="1727 Bonita Avenue" AddressLine2="Suite 900" City="Mount Prospect" CountryID="US" State="ILLINOIS" PostalCode="60056" IsValidated="0" PseudonymizationStatus="0" NoteID="fb387e74-8a17-ea11-a6ed-9cb6d0c82c0c" CreatedByID="b5344897-037e-4d58-b5c3-1bdfd0f47bf9" CreatedByScreenID="SO301000" CreatedDateTime="2019-12-05 12:10:12.18" LastModifiedByID="b5344897-037e-4d58-b5c3-1bdfd0f47bf9" LastModifiedByScreenID="SO301000" LastModifiedDateTime="2019-12-05 12:10:12.18" />
		<row AddressID="6" CustomerID="30" CustomerAddressID="39" RevisionID="2" IsDefaultAddress="0" AddressLine1="1727 Bonita Avenue" AddressLine2="Suite 900" City="Mount Prospect" CountryID="US" State="ILLINOIS" PostalCode="60056" IsValidated="0" PseudonymizationStatus="0" NoteID="a6550c7b-8a17-ea11-a6ed-9cb6d0c82c0c" CreatedByID="b5344897-037e-4d58-b5c3-1bdfd0f47bf9" CreatedByScreenID="SO301000" CreatedDateTime="2019-12-05 12:10:14.1" LastModifiedByID="b5344897-037e-4d58-b5c3-1bdfd0f47bf9" LastModifiedByScreenID="SO301000" LastModifiedDateTime="2019-12-05 12:10:14.1" />
		<row AddressID="7" CustomerID="30" CustomerAddressID="39" RevisionID="2" IsDefaultAddress="0" AddressLine1="1727 Bonita Avenue" AddressLine2="Suite 900" City="Mount Prospect" CountryID="US" State="ILLINOIS" PostalCode="60056" IsValidated="0" PseudonymizationStatus="0" NoteID="a7550c7b-8a17-ea11-a6ed-9cb6d0c82c0c" CreatedByID="b5344897-037e-4d58-b5c3-1bdfd0f47bf9" CreatedByScreenID="SO301000" CreatedDateTime="2019-12-05 12:10:14.1" LastModifiedByID="b5344897-037e-4d58-b5c3-1bdfd0f47bf9" LastModifiedByScreenID="SO301000" LastModifiedDateTime="2019-12-05 12:10:14.1" />
		<row AddressID="8" CustomerID="30" CustomerAddressID="39" RevisionID="2" IsDefaultAddress="0" AddressLine1="1727 Bonita Avenue" AddressLine2="Suite 900" City="Mount Prospect" CountryID="US" State="ILLINOIS" PostalCode="60056" IsValidated="0" PseudonymizationStatus="0" NoteID="37560c7b-8a17-ea11-a6ed-9cb6d0c82c0c" CreatedByID="b5344897-037e-4d58-b5c3-1bdfd0f47bf9" CreatedByScreenID="SO301000" CreatedDateTime="2019-12-05 12:10:19.023" LastModifiedByID="b5344897-037e-4d58-b5c3-1bdfd0f47bf9" LastModifiedByScreenID="SO301000" LastModifiedDateTime="2019-12-05 12:10:19.023" />
		<row AddressID="9" CustomerID="30" CustomerAddressID="39" RevisionID="2" IsDefaultAddress="0" AddressLine1="1727 Bonita Avenue" AddressLine2="Suite 900" City="Mount Prospect" CountryID="US" State="ILLINOIS" PostalCode="60056" IsValidated="0" PseudonymizationStatus="0" NoteID="38560c7b-8a17-ea11-a6ed-9cb6d0c82c0c" CreatedByID="b5344897-037e-4d58-b5c3-1bdfd0f47bf9" CreatedByScreenID="SO301000" CreatedDateTime="2019-12-05 12:10:19.027" LastModifiedByID="b5344897-037e-4d58-b5c3-1bdfd0f47bf9" LastModifiedByScreenID="SO301000" LastModifiedDateTime="2019-12-05 12:10:19.027" />
		<row AddressID="10" CustomerID="30" CustomerAddressID="39" RevisionID="3" IsDefaultAddress="0" AddressLine1="123 Test Street" City="Equestria" CountryID="US" State="ILLINOIS" PostalCode="60202" IsValidated="0" PseudonymizationStatus="0" NoteID="4120eb83-1137-ea11-a6f2-9cb6d0c82c0c" CreatedByID="b5344897-037e-4d58-b5c3-1bdfd0f47bf9" CreatedByScreenID="SO301000" CreatedDateTime="2020-01-14 15:04:59.7" LastModifiedByID="b5344897-037e-4d58-b5c3-1bdfd0f47bf9" LastModifiedByScreenID="SO301000" LastModifiedDateTime="2020-01-14 15:04:59.7" />
		<row AddressID="11" CustomerID="30" CustomerAddressID="39" RevisionID="3" IsDefaultAddress="0" AddressLine1="123 Test Street" City="Equestria" CountryID="US" State="ILLINOIS" PostalCode="60202" IsValidated="0" PseudonymizationStatus="0" NoteID="4220eb83-1137-ea11-a6f2-9cb6d0c82c0c" CreatedByID="b5344897-037e-4d58-b5c3-1bdfd0f47bf9" CreatedByScreenID="SO301000" CreatedDateTime="2020-01-14 15:04:59.707" LastModifiedByID="b5344897-037e-4d58-b5c3-1bdfd0f47bf9" LastModifiedByScreenID="SO301000" LastModifiedDateTime="2020-01-14 15:04:59.707" />
		<row AddressID="12" CustomerID="31" CustomerAddressID="40" RevisionID="1" IsDefaultAddress="0" CountryID="US" IsValidated="0" PseudonymizationStatus="0" NoteID="3052f357-7338-ea11-a6f3-9cb6d0c82c0c" CreatedByID="b5344897-037e-4d58-b5c3-1bdfd0f47bf9" CreatedByScreenID="SO301000" CreatedDateTime="2020-01-16 09:17:49.253" LastModifiedByID="b5344897-037e-4d58-b5c3-1bdfd0f47bf9" LastModifiedByScreenID="SO301000" LastModifiedDateTime="2020-01-16 09:17:49.253" />
		<row AddressID="13" CustomerID="31" CustomerAddressID="40" RevisionID="1" IsDefaultAddress="0" CountryID="US" IsValidated="0" PseudonymizationStatus="0" NoteID="3152f357-7338-ea11-a6f3-9cb6d0c82c0c" CreatedByID="b5344897-037e-4d58-b5c3-1bdfd0f47bf9" CreatedByScreenID="SO301000" CreatedDateTime="2020-01-16 09:17:49.257" LastModifiedByID="b5344897-037e-4d58-b5c3-1bdfd0f47bf9" LastModifiedByScreenID="SO301000" LastModifiedDateTime="2020-01-16 09:17:49.257" />
		<row AddressID="14" CustomerID="30" CustomerAddressID="39" RevisionID="4" IsDefaultAddress="0" AddressLine1="123 Test Street" City="Equestria" CountryID="US" State="ILLINOIS" PostalCode="60202" IsValidated="0" PseudonymizationStatus="0" NoteID="6bfec4f9-b338-ea11-a6f3-9cb6d0c82c0c" CreatedByID="b5344897-037e-4d58-b5c3-1bdfd0f47bf9" CreatedByScreenID="SO301000" CreatedDateTime="2020-01-16 17:00:26.03" LastModifiedByID="b5344897-037e-4d58-b5c3-1bdfd0f47bf9" LastModifiedByScreenID="SO301000" LastModifiedDateTime="2020-01-16 17:23:44.96" />
		<row AddressID="15" CustomerID="30" CustomerAddressID="39" RevisionID="4" IsDefaultAddress="0" AddressLine1="123 Test Street" City="Equestria" CountryID="US" State="ILLINOIS" PostalCode="60202" IsValidated="0" PseudonymizationStatus="0" NoteID="6cfec4f9-b338-ea11-a6f3-9cb6d0c82c0c" CreatedByID="b5344897-037e-4d58-b5c3-1bdfd0f47bf9" CreatedByScreenID="SO301000" CreatedDateTime="2020-01-16 17:00:26.033" LastModifiedByID="b5344897-037e-4d58-b5c3-1bdfd0f47bf9" LastModifiedByScreenID="SO301000" LastModifiedDateTime="2020-01-16 17:23:44.96" />
		<row AddressID="16" CustomerID="30" CustomerAddressID="39" RevisionID="4" IsDefaultAddress="1" AddressLine1="123 Test Street" AddressLine2="" City="Equestria" CountryID="US" State="ILLINOIS" PostalCode="60202" IsValidated="0" PseudonymizationStatus="0" NoteID="c232ddcc-b938-ea11-a6f3-9cb6d0c82c0c" CreatedByID="b5344897-037e-4d58-b5c3-1bdfd0f47bf9" CreatedByScreenID="SO301000" CreatedDateTime="2020-01-16 17:42:19.223" LastModifiedByID="b5344897-037e-4d58-b5c3-1bdfd0f47bf9" LastModifiedByScreenID="SO301000" LastModifiedDateTime="2020-01-16 17:42:19.223" />
	</rows>
</data>