﻿<?xml version="1.0" encoding="utf-8"?>
<data>
	<table name="SOContact">
		<col name="CompanyID" type="Int" default="Zero" />
		<col name="ContactID" type="Int" identity="true" />
		<col name="CustomerID" type="Int" />
		<col name="CustomerContactID" type="Int" nullable="true" />
		<col name="RevisionID" type="Int" />
		<col name="IsDefaultContact" type="Bit" />
		<col name="Title" type="NVarChar(50)" nullable="true" />
		<col name="Salutation" type="NVarChar(255)" nullable="true" />
		<col name="Attention" type="NVarChar(255)" nullable="true" />
		<col name="FullName" type="NVarChar(255)" nullable="true" />
		<col name="Email" type="VarChar(255)" nullable="true" />
		<col name="Phone1" type="VarChar(50)" nullable="true" />
		<col name="Phone1Type" type="VarChar(3)" nullable="true" />
		<col name="Phone2" type="VarChar(50)" nullable="true" />
		<col name="Phone2Type" type="VarChar(3)" nullable="true" />
		<col name="Phone3" type="VarChar(50)" nullable="true" />
		<col name="Phone3Type" type="VarChar(3)" nullable="true" />
		<col name="Fax" type="VarChar(50)" nullable="true" />
		<col name="FaxType" type="VarChar(3)" nullable="true" />
		<col name="PseudonymizationStatus" type="Int" nullable="true" default="Zero" />
		<col name="NoteID" type="UniqueIdentifier" />
		<col name="CreatedByID" type="UniqueIdentifier" />
		<col name="CreatedByScreenID" type="Char(8)" />
		<col name="CreatedDateTime" type="DateTime" />
		<col name="LastModifiedByID" type="UniqueIdentifier" />
		<col name="LastModifiedByScreenID" type="Char(8)" />
		<col name="LastModifiedDateTime" type="DateTime" />
		<col name="tstamp" type="Timestamp" />
	</table>
	<rows>
		<row ContactID="1" CustomerID="27" CustomerContactID="27" RevisionID="1" IsDefaultContact="1" FullName="Jones Test" Phone1Type="B1" Phone2Type="C" Phone3Type="H1" FaxType="BF" PseudonymizationStatus="0" NoteID="e5b50c59-7b15-ea11-a6ec-9cb6d0c82c0c" CreatedByID="b5344897-037e-4d58-b5c3-1bdfd0f47bf9" CreatedByScreenID="SO301000" CreatedDateTime="2019-12-02 21:17:03.793" LastModifiedByID="b5344897-037e-4d58-b5c3-1bdfd0f47bf9" LastModifiedByScreenID="SO301000" LastModifiedDateTime="2019-12-02 21:17:03.793" />
		<row ContactID="2" CustomerID="30" CustomerContactID="30" RevisionID="2" IsDefaultContact="0" FullName="Aleks Jones" Email="aleks@logicautomated.com" Phone1="+15107175555" Phone1Type="B1" Phone2Type="C" Phone3Type="H1" FaxType="BF" PseudonymizationStatus="0" NoteID="ee387e74-8a17-ea11-a6ed-9cb6d0c82c0c" CreatedByID="b5344897-037e-4d58-b5c3-1bdfd0f47bf9" CreatedByScreenID="SO301000" CreatedDateTime="2019-12-05 12:10:12.11" LastModifiedByID="b5344897-037e-4d58-b5c3-1bdfd0f47bf9" LastModifiedByScreenID="SO301000" LastModifiedDateTime="2019-12-05 12:11:35.333" />
		<row ContactID="3" CustomerID="30" CustomerContactID="30" RevisionID="2" IsDefaultContact="0" FullName="Aleks Jones" Email="aleks@logicautomated.com" Phone1="+15107175555" Phone1Type="B1" Phone2Type="C" Phone3Type="H1" FaxType="BF" PseudonymizationStatus="0" NoteID="ef387e74-8a17-ea11-a6ed-9cb6d0c82c0c" CreatedByID="b5344897-037e-4d58-b5c3-1bdfd0f47bf9" CreatedByScreenID="SO301000" CreatedDateTime="2019-12-05 12:10:12.113" LastModifiedByID="b5344897-037e-4d58-b5c3-1bdfd0f47bf9" LastModifiedByScreenID="SO301000" LastModifiedDateTime="2019-12-05 12:11:35.333" />
		<row ContactID="4" CustomerID="30" CustomerContactID="30" RevisionID="2" IsDefaultContact="0" Attention="Aleksandr Jones" FullName="Jones Co" Email="aleks@logicautomated.com" Phone1="847-434-6014" Phone1Type="B1" Phone2Type="C" Phone3Type="H1" FaxType="BF" PseudonymizationStatus="0" NoteID="fc387e74-8a17-ea11-a6ed-9cb6d0c82c0c" CreatedByID="b5344897-037e-4d58-b5c3-1bdfd0f47bf9" CreatedByScreenID="SO301000" CreatedDateTime="2019-12-05 12:10:12.183" LastModifiedByID="b5344897-037e-4d58-b5c3-1bdfd0f47bf9" LastModifiedByScreenID="SO301000" LastModifiedDateTime="2019-12-05 12:10:12.183" />
		<row ContactID="5" CustomerID="30" CustomerContactID="30" RevisionID="2" IsDefaultContact="0" FullName="Aleks Jones" Email="aleks@logicautomated.com" Phone1="+15107175555" Phone1Type="B1" Phone2Type="C" Phone3Type="H1" FaxType="BF" PseudonymizationStatus="0" NoteID="fd387e74-8a17-ea11-a6ed-9cb6d0c82c0c" CreatedByID="b5344897-037e-4d58-b5c3-1bdfd0f47bf9" CreatedByScreenID="SO301000" CreatedDateTime="2019-12-05 12:10:12.183" LastModifiedByID="b5344897-037e-4d58-b5c3-1bdfd0f47bf9" LastModifiedByScreenID="SO301000" LastModifiedDateTime="2019-12-05 12:10:12.183" />
		<row ContactID="6" CustomerID="30" CustomerContactID="30" RevisionID="2" IsDefaultContact="0" Attention="Aleksandr Jones" FullName="Jones Co" Email="aleks@logicautomated.com" Phone1="847-434-6014" Phone1Type="B1" Phone2Type="C" Phone3Type="H1" FaxType="BF" PseudonymizationStatus="0" NoteID="a8550c7b-8a17-ea11-a6ed-9cb6d0c82c0c" CreatedByID="b5344897-037e-4d58-b5c3-1bdfd0f47bf9" CreatedByScreenID="SO301000" CreatedDateTime="2019-12-05 12:10:14.1" LastModifiedByID="b5344897-037e-4d58-b5c3-1bdfd0f47bf9" LastModifiedByScreenID="SO301000" LastModifiedDateTime="2019-12-05 12:10:14.1" />
		<row ContactID="7" CustomerID="30" CustomerContactID="30" RevisionID="2" IsDefaultContact="0" FullName="Aleks Jones" Email="aleks@logicautomated.com" Phone1="+15107175555" Phone1Type="B1" Phone2Type="C" Phone3Type="H1" FaxType="BF" PseudonymizationStatus="0" NoteID="a9550c7b-8a17-ea11-a6ed-9cb6d0c82c0c" CreatedByID="b5344897-037e-4d58-b5c3-1bdfd0f47bf9" CreatedByScreenID="SO301000" CreatedDateTime="2019-12-05 12:10:14.103" LastModifiedByID="b5344897-037e-4d58-b5c3-1bdfd0f47bf9" LastModifiedByScreenID="SO301000" LastModifiedDateTime="2019-12-05 12:10:14.103" />
		<row ContactID="8" CustomerID="30" CustomerContactID="30" RevisionID="2" IsDefaultContact="0" Attention="Aleksandr Jones" FullName="Jones Co" Email="aleks@logicautomated.com" Phone1="847-434-6014" Phone1Type="B1" Phone2Type="C" Phone3Type="H1" FaxType="BF" PseudonymizationStatus="0" NoteID="3a560c7b-8a17-ea11-a6ed-9cb6d0c82c0c" CreatedByID="b5344897-037e-4d58-b5c3-1bdfd0f47bf9" CreatedByScreenID="SO301000" CreatedDateTime="2019-12-05 12:10:19.027" LastModifiedByID="b5344897-037e-4d58-b5c3-1bdfd0f47bf9" LastModifiedByScreenID="SO301000" LastModifiedDateTime="2019-12-05 12:10:19.027" />
		<row ContactID="9" CustomerID="30" CustomerContactID="30" RevisionID="2" IsDefaultContact="0" FullName="Aleks Jones" Email="aleks@logicautomated.com" Phone1="+15107175555" Phone1Type="B1" Phone2Type="C" Phone3Type="H1" FaxType="BF" PseudonymizationStatus="0" NoteID="3b560c7b-8a17-ea11-a6ed-9cb6d0c82c0c" CreatedByID="b5344897-037e-4d58-b5c3-1bdfd0f47bf9" CreatedByScreenID="SO301000" CreatedDateTime="2019-12-05 12:10:19.027" LastModifiedByID="b5344897-037e-4d58-b5c3-1bdfd0f47bf9" LastModifiedByScreenID="SO301000" LastModifiedDateTime="2019-12-05 12:10:19.027" />
		<row ContactID="10" CustomerID="30" CustomerContactID="30" RevisionID="3" IsDefaultContact="0" Attention="Aleksandr Jones" Email="aleks@logicautomated.com" Phone1Type="B1" Phone2Type="C" Phone3Type="H1" FaxType="BF" PseudonymizationStatus="0" NoteID="4320eb83-1137-ea11-a6f2-9cb6d0c82c0c" CreatedByID="b5344897-037e-4d58-b5c3-1bdfd0f47bf9" CreatedByScreenID="SO301000" CreatedDateTime="2020-01-14 15:04:59.71" LastModifiedByID="b5344897-037e-4d58-b5c3-1bdfd0f47bf9" LastModifiedByScreenID="SO301000" LastModifiedDateTime="2020-01-14 15:04:59.71" />
		<row ContactID="11" CustomerID="30" CustomerContactID="30" RevisionID="3" IsDefaultContact="0" Attention="Aleksandr Jones" Email="aleks@logicautomated.com" Phone1Type="B1" Phone2Type="C" Phone3Type="H1" FaxType="BF" PseudonymizationStatus="0" NoteID="4420eb83-1137-ea11-a6f2-9cb6d0c82c0c" CreatedByID="b5344897-037e-4d58-b5c3-1bdfd0f47bf9" CreatedByScreenID="SO301000" CreatedDateTime="2020-01-14 15:04:59.713" LastModifiedByID="b5344897-037e-4d58-b5c3-1bdfd0f47bf9" LastModifiedByScreenID="SO301000" LastModifiedDateTime="2020-01-14 15:04:59.713" />
		<row ContactID="12" CustomerID="31" CustomerContactID="31" RevisionID="1" IsDefaultContact="0" FullName="Carlotta King" Email="Dayna.Christiansen@logicautomated.com" Phone1Type="B1" Phone2Type="C" Phone3Type="H1" FaxType="BF" PseudonymizationStatus="0" NoteID="3252f357-7338-ea11-a6f3-9cb6d0c82c0c" CreatedByID="b5344897-037e-4d58-b5c3-1bdfd0f47bf9" CreatedByScreenID="SO301000" CreatedDateTime="2020-01-16 09:17:49.26" LastModifiedByID="b5344897-037e-4d58-b5c3-1bdfd0f47bf9" LastModifiedByScreenID="SO301000" LastModifiedDateTime="2020-01-16 09:17:49.26" />
		<row ContactID="13" CustomerID="31" CustomerContactID="31" RevisionID="1" IsDefaultContact="0" FullName="Carlotta King" Email="Dayna.Christiansen@logicautomated.com" Phone1Type="B1" Phone2Type="C" Phone3Type="H1" FaxType="BF" PseudonymizationStatus="0" NoteID="3352f357-7338-ea11-a6f3-9cb6d0c82c0c" CreatedByID="b5344897-037e-4d58-b5c3-1bdfd0f47bf9" CreatedByScreenID="SO301000" CreatedDateTime="2020-01-16 09:17:49.263" LastModifiedByID="b5344897-037e-4d58-b5c3-1bdfd0f47bf9" LastModifiedByScreenID="SO301000" LastModifiedDateTime="2020-01-16 09:17:49.263" />
		<row ContactID="14" CustomerID="30" CustomerContactID="30" RevisionID="4" IsDefaultContact="0" Attention="Aleksandr Jones" Email="aleks@logicautomated.com" Phone1Type="B1" Phone2Type="C" Phone3Type="H1" FaxType="BF" PseudonymizationStatus="0" NoteID="6dfec4f9-b338-ea11-a6f3-9cb6d0c82c0c" CreatedByID="b5344897-037e-4d58-b5c3-1bdfd0f47bf9" CreatedByScreenID="SO301000" CreatedDateTime="2020-01-16 17:00:26.033" LastModifiedByID="b5344897-037e-4d58-b5c3-1bdfd0f47bf9" LastModifiedByScreenID="SO301000" LastModifiedDateTime="2020-01-16 17:23:44.963" />
		<row ContactID="15" CustomerID="30" CustomerContactID="30" RevisionID="4" IsDefaultContact="0" Attention="Aleksandr Jones" Email="aleks@logicautomated.com" Phone1Type="B1" Phone2Type="C" Phone3Type="H1" FaxType="BF" PseudonymizationStatus="0" NoteID="6efec4f9-b338-ea11-a6f3-9cb6d0c82c0c" CreatedByID="b5344897-037e-4d58-b5c3-1bdfd0f47bf9" CreatedByScreenID="SO301000" CreatedDateTime="2020-01-16 17:00:26.037" LastModifiedByID="b5344897-037e-4d58-b5c3-1bdfd0f47bf9" LastModifiedByScreenID="SO301000" LastModifiedDateTime="2020-01-16 17:23:44.967" />
		<row ContactID="16" CustomerID="30" CustomerContactID="30" RevisionID="4" IsDefaultContact="1" FullName="Aleks Jones" Email="aleks@logicautomated.com" Phone1Type="B1" Phone2Type="C" Phone3Type="H1" FaxType="BF" PseudonymizationStatus="0" NoteID="c432ddcc-b938-ea11-a6f3-9cb6d0c82c0c" CreatedByID="b5344897-037e-4d58-b5c3-1bdfd0f47bf9" CreatedByScreenID="SO301000" CreatedDateTime="2020-01-16 17:42:19.24" LastModifiedByID="b5344897-037e-4d58-b5c3-1bdfd0f47bf9" LastModifiedByScreenID="SO301000" LastModifiedDateTime="2020-01-16 17:42:19.24" />
	</rows>
</data>