﻿<?xml version="1.0" encoding="utf-8"?>
<data>
	<table name="SOFreightDetail">
		<col name="CompanyID" type="Int" default="Zero" />
		<col name="DocType" type="Char(3)" />
		<col name="RefNbr" type="NVarChar(15)" />
		<col name="ShipmentNbr" type="NVarChar(15)" />
		<col name="ShipmentType" type="Char(1)" />
		<col name="OrderType" type="Char(2)" />
		<col name="OrderNbr" type="NVarChar(15)" />
		<col name="ShipTermsID" type="NVarChar(10)" nullable="true" />
		<col name="ShipZoneID" type="NVarChar(15)" nullable="true" />
		<col name="ShipVia" type="NVarChar(15)" nullable="true" />
		<col name="Weight" type="Decimal(19,6)" nullable="true" />
		<col name="Volume" type="Decimal(19,6)" nullable="true" />
		<col name="CuryInfoID" type="BigInt" />
		<col name="CuryLineTotal" type="Decimal(19,6)" nullable="true" />
		<col name="LineTotal" type="Decimal(19,6)" nullable="true" />
		<col name="CuryFreightCost" type="Decimal(19,4)" default="Zero" />
		<col name="FreightCost" type="Decimal(19,4)" default="Zero" />
		<col name="CuryFreightAmt" type="Decimal(19,6)" nullable="true" />
		<col name="FreightAmt" type="Decimal(19,6)" nullable="true" />
		<col name="CuryPremiumFreightAmt" type="Decimal(19,6)" nullable="true" />
		<col name="PremiumFreightAmt" type="Decimal(19,6)" nullable="true" />
		<col name="CuryTotalFreightAmt" type="Decimal(19,6)" nullable="true" />
		<col name="TotalFreightAmt" type="Decimal(19,6)" nullable="true" />
		<col name="TaxCategoryID" type="NVarChar(10)" nullable="true" />
		<col name="AccountID" type="Int" />
		<col name="SubID" type="Int" />
		<col name="ProjectID" type="Int" nullable="true" />
		<col name="TaskID" type="Int" nullable="true" />
		<col name="CreatedByID" type="UniqueIdentifier" />
		<col name="CreatedByScreenID" type="Char(8)" />
		<col name="CreatedDateTime" type="DateTime" />
		<col name="LastModifiedByID" type="UniqueIdentifier" />
		<col name="LastModifiedByScreenID" type="Char(8)" />
		<col name="LastModifiedDateTime" type="DateTime" />
		<col name="tstamp" type="Timestamp" />
		<col name="NoteID" type="UniqueIdentifier" nullable="true" />
	</table>
	<rows>
		<row DocType="INV" RefNbr="000013" ShipmentNbr="000001" ShipmentType="I" OrderType="SO" OrderNbr="000006" Weight="48.000000" Volume="0.000000" CuryInfoID="663981" CuryLineTotal="353.850000" LineTotal="353.850000" CuryFreightCost="0.0000" FreightCost="0.0000" CuryFreightAmt="30.000000" FreightAmt="30.000000" CuryPremiumFreightAmt="0.000000" PremiumFreightAmt="0.000000" CuryTotalFreightAmt="30.000000" TotalFreightAmt="30.000000" TaxCategoryID="TAXABLE" AccountID="2727" SubID="1" ProjectID="0" CreatedByID="b5344897-037e-4d58-b5c3-1bdfd0f47bf9" CreatedByScreenID="SO302000" CreatedDateTime="2020-01-14 15:08:46.37" LastModifiedByID="b5344897-037e-4d58-b5c3-1bdfd0f47bf9" LastModifiedByScreenID="SO302000" LastModifiedDateTime="2020-01-14 15:08:46.37" NoteID="3ef7af0b-1237-ea11-a6f2-9cb6d0c82c0c" />
	</rows>
</data>