﻿<?xml version="1.0" encoding="utf-8"?>
<data>
	<table name="SOInvoice">
		<col name="CompanyID" type="Int" default="Zero" />
		<col name="DocType" type="Char(3)" />
		<col name="RefNbr" type="NVarChar(15)" />
		<col name="CuryInfoID" type="BigInt" />
		<col name="BillAddressID" type="Int" nullable="true" />
		<col name="BillContactID" type="Int" nullable="true" />
		<col name="ShipAddressID" type="Int" nullable="true" />
		<col name="ShipContactID" type="Int" nullable="true" />
		<col name="tstamp" type="Timestamp" />
		<col name="ManDisc" type="Decimal(19,4)" nullable="true" />
		<col name="CuryManDisc" type="Decimal(19,4)" nullable="true" />
		<col name="CustomerID" type="Int" />
		<col name="PMInstanceID" type="Int" nullable="true" />
		<col name="PaymentMethodID" type="NVarChar(10)" nullable="true" />
		<col name="CashAccountID" type="Int" nullable="true" />
		<col name="CashSubID" type="Int" nullable="true" />
		<col name="ExtRefNbr" type="NVarChar(40)" nullable="true" />
		<col name="Cleared" type="Bit" default="Zero" />
		<col name="ClearDate" type="SmallDateTime" nullable="true" />
		<col name="CATranID" type="BigInt" nullable="true" />
		<col name="CuryID" type="NVarChar(5)" nullable="true" />
		<col name="CuryPaymentAmt" type="Decimal(19,4)" default="Zero" />
		<col name="PaymentAmt" type="Decimal(19,4)" default="Zero" />
		<col name="IsCCCaptured" type="Bit" default="Zero" />
		<col name="CuryCCCapturedAmt" type="Decimal(19,4)" default="Zero" />
		<col name="CCCapturedAmt" type="Decimal(19,4)" default="Zero" />
		<col name="IsCCCaptureFailed" type="Bit" default="Zero" />
		<col name="RefTranExtNbr" type="NVarChar(50)" nullable="true" />
		<col name="CreateINDoc" type="Bit" default="Zero" />
	</table>
	<rows>
		<row DocType="INV" RefNbr="000013" CuryInfoID="663981" BillAddressID="10" BillContactID="10" ShipAddressID="11" ShipContactID="11" ManDisc="0.0000" CuryManDisc="0.0000" CustomerID="30" PaymentMethodID="SHOPIFY" CashAccountID="10" Cleared="0" CuryID="USD" CuryPaymentAmt="0.0000" PaymentAmt="0.0000" IsCCCaptured="0" CuryCCCapturedAmt="0.0000" CCCapturedAmt="0.0000" IsCCCaptureFailed="0" CreateINDoc="1" />
	</rows>
</data>