﻿<?xml version="1.0" encoding="utf-8"?>
<data>
	<table name="SOLineSplit">
		<col name="CompanyID" type="Int" default="Zero" />
		<col name="OrderType" type="Char(2)" />
		<col name="OrderNbr" type="NVarChar(15)" />
		<col name="LineNbr" type="Int" />
		<col name="SplitLineNbr" type="Int" />
		<col name="ParentSplitLineNbr" type="Int" nullable="true" />
		<col name="Operation" type="Char(1)" />
		<col name="InventoryID" type="Int" />
		<col name="IsStockItem" type="Bit" />
		<col name="SiteID" type="Int" />
		<col name="LocationID" type="Int" nullable="true" />
		<col name="SubItemID" type="Int" nullable="true" />
		<col name="ShipDate" type="SmallDateTime" nullable="true" />
		<col name="ShipComplete" type="Char(1)" nullable="true" />
		<col name="Completed" type="Bit" nullable="true" />
		<col name="IsAllocated" type="Bit" default="Zero" />
		<col name="ShipmentNbr" type="NVarChar(15)" nullable="true" />
		<col name="LotSerialNbr" type="NVarChar(100)" nullable="true" />
		<col name="ExpireDate" type="SmallDateTime" nullable="true" />
		<col name="UOM" type="NVarChar(6)" nullable="true" />
		<col name="Qty" type="Decimal(25,6)" />
		<col name="BaseQty" type="Decimal(25,6)" />
		<col name="ShippedQty" type="Decimal(25,6)" default="Zero" />
		<col name="BaseShippedQty" type="Decimal(25,6)" default="Zero" />
		<col name="PlanID" type="BigInt" nullable="true" />
		<col name="CreatedDateTime" type="DateTime" />
		<col name="CreatedByID" type="UniqueIdentifier" />
		<col name="CreatedByScreenID" type="Char(8)" />
		<col name="LastModifiedDateTime" type="DateTime" />
		<col name="LastModifiedByID" type="UniqueIdentifier" />
		<col name="LastModifiedByScreenID" type="Char(8)" />
		<col name="tstamp" type="Timestamp" />
		<col name="InvtMult" type="SmallInt" nullable="true" />
		<col name="POType" type="Char(2)" nullable="true" />
		<col name="PONbr" type="NVarChar(15)" nullable="true" />
		<col name="POLineNbr" type="Int" nullable="true" />
		<col name="POCreate" type="Bit" nullable="true" />
		<col name="POSource" type="Char(1)" nullable="true" />
		<col name="POSiteID" type="Int" nullable="true" />
		<col name="VendorID" type="Int" nullable="true" />
		<col name="ReceivedQty" type="Decimal(25,6)" nullable="true" />
		<col name="BaseReceivedQty" type="Decimal(25,6)" nullable="true" />
		<col name="POReceiptType" type="Char(2)" nullable="true" />
		<col name="POReceiptNbr" type="NVarChar(15)" nullable="true" />
		<col name="POCompleted" type="Bit" nullable="true" />
		<col name="POCancelled" type="Bit" nullable="true" />
		<col name="LineType" type="Char(2)" nullable="true" />
		<col name="ToSiteID" type="Int" nullable="true" />
		<col name="OrigPlanType" type="Char(2)" nullable="true" />
		<col name="RefNoteID" type="UniqueIdentifier" nullable="true" />
		<col name="SOOrderType" type="Char(2)" nullable="true" />
		<col name="SOOrderNbr" type="NVarChar(15)" nullable="true" />
		<col name="SOLineNbr" type="Int" nullable="true" />
		<col name="SOSplitLineNbr" type="Int" nullable="true" />
		<col name="OrderDate" type="SmallDateTime" nullable="true" />
	</table>
	<rows>
		<row OrderType="SO" OrderNbr="000006" LineNbr="1" SplitLineNbr="2" Operation="I" InventoryID="2608" IsStockItem="1" SiteID="17" SubItemID="9" ShipDate="2020-01-14 00:00:00" ShipComplete="B" Completed="1" IsAllocated="0" ShipmentNbr="000001" UOM="PIECE" Qty="3.000000" BaseQty="3.000000" ShippedQty="3.000000" BaseShippedQty="3.000000" CreatedDateTime="2020-01-14 15:04:59.9" CreatedByID="b5344897-037e-4d58-b5c3-1bdfd0f47bf9" CreatedByScreenID="SO301000" LastModifiedDateTime="2020-01-14 15:08:37.93" LastModifiedByID="b5344897-037e-4d58-b5c3-1bdfd0f47bf9" LastModifiedByScreenID="SO302000" InvtMult="-1" POCreate="0" POSource="O" POSiteID="17" ReceivedQty="0.000000" BaseReceivedQty="0.000000" POCompleted="0" POCancelled="0" LineType="GI" ToSiteID="17" OrderDate="2020-01-14 00:00:00" />
	</rows>
</data>