﻿<?xml version="1.0" encoding="utf-8"?>
<data>
	<table name="SOLine">
		<col name="CompanyID" type="Int" default="Zero" />
		<col name="OrderType" type="Char(2)" />
		<col name="OrderNbr" type="NVarChar(15)" />
		<col name="LineNbr" type="Int" />
		<col name="SortOrder" type="Int" nullable="true" />
		<col name="BranchID" type="Int" />
		<col name="Behavior" type="Char(2)" />
		<col name="LineType" type="Char(2)" />
		<col name="CustomerID" type="Int" nullable="true" />
		<col name="OrderDate" type="SmallDateTime" nullable="true" />
		<col name="Operation" type="Char(1)" />
		<col name="InventoryID" type="Int" nullable="true" />
		<col name="SubItemID" type="Int" nullable="true" />
		<col name="SiteID" type="Int" nullable="true" />
		<col name="LocationID" type="Int" nullable="true" />
		<col name="LotSerialNbr" type="NVarChar(100)" nullable="true" />
		<col name="ExpireDate" type="SmallDateTime" nullable="true" />
		<col name="OrigOrderType" type="Char(2)" nullable="true" />
		<col name="OrigOrderNbr" type="NVarChar(15)" nullable="true" />
		<col name="OrigLineNbr" type="Int" nullable="true" />
		<col name="UOM" type="NVarChar(6)" nullable="true" />
		<col name="OrderQty" type="Decimal(25,6)" nullable="true" />
		<col name="BaseOrderQty" type="Decimal(25,6)" nullable="true" />
		<col name="UnassignedQty" type="Decimal(25,6)" nullable="true" default="Zero" />
		<col name="ShippedQty" type="Decimal(25,6)" nullable="true" />
		<col name="BaseShippedQty" type="Decimal(25,6)" nullable="true" />
		<col name="CuryInfoID" type="BigInt" />
		<col name="PriceType" type="Char(1)" nullable="true" />
		<col name="IsPromotionalPrice" type="Bit" default="Zero" />
		<col name="CuryUnitPrice" type="Decimal(19,6)" nullable="true" />
		<col name="UnitPrice" type="Decimal(19,6)" nullable="true" />
		<col name="CuryUnitCost" type="Decimal(19,6)" nullable="true" />
		<col name="UnitCost" type="Decimal(19,6)" nullable="true" />
		<col name="CuryExtPrice" type="Decimal(19,6)" nullable="true" />
		<col name="ExtPrice" type="Decimal(19,6)" nullable="true" />
		<col name="CuryExtCost" type="Decimal(19,6)" nullable="true" />
		<col name="ExtCost" type="Decimal(19,6)" nullable="true" />
		<col name="DiscountsAppliedToLine" type="VarBinary(MAX)" nullable="true" />
		<col name="GroupDiscountRate" type="Decimal(21,18)" nullable="true" />
		<col name="DocumentDiscountRate" type="Decimal(21,18)" />
		<col name="TaxCategoryID" type="NVarChar(10)" nullable="true" />
		<col name="SalesAcctID" type="Int" nullable="true" />
		<col name="SalesSubID" type="Int" nullable="true" />
		<col name="AlternateID" type="NVarChar(50)" nullable="true" />
		<col name="CommnPct" type="Decimal(9,6)" nullable="true" />
		<col name="CuryCommnAmt" type="Decimal(19,4)" nullable="true" />
		<col name="CommnAmt" type="Decimal(19,4)" nullable="true" />
		<col name="TranDesc" type="NVarChar(256)" nullable="true" />
		<col name="UnitWeigth" type="Decimal(19,6)" nullable="true" />
		<col name="UnitVolume" type="Decimal(19,6)" nullable="true" />
		<col name="ExtWeight" type="Decimal(25,6)" nullable="true" />
		<col name="ExtVolume" type="Decimal(25,6)" nullable="true" />
		<col name="ManualDisc" type="Bit" nullable="true" />
		<col name="ManualPrice" type="Bit" nullable="true" default="Zero" />
		<col name="PromoDiscID" type="NVarChar(10)" nullable="true" />
		<col name="DiscPct" type="Decimal(9,6)" nullable="true" />
		<col name="CuryDiscAmt" type="Decimal(19,4)" nullable="true" />
		<col name="DiscAmt" type="Decimal(19,4)" nullable="true" />
		<col name="ProjectID" type="Int" nullable="true" />
		<col name="TaskID" type="Int" nullable="true" />
		<col name="CommitmentID" type="UniqueIdentifier" nullable="true" />
		<col name="CostCodeID" type="Int" nullable="true" />
		<col name="ReasonCode" type="NVarChar(20)" nullable="true" />
		<col name="SalesPersonID" type="Int" nullable="true" />
		<col name="Commissionable" type="Bit" />
		<col name="CreatedDateTime" type="DateTime" />
		<col name="CreatedByID" type="UniqueIdentifier" />
		<col name="CreatedByScreenID" type="Char(8)" />
		<col name="LastModifiedDateTime" type="DateTime" />
		<col name="LastModifiedByID" type="UniqueIdentifier" />
		<col name="LastModifiedByScreenID" type="Char(8)" />
		<col name="tstamp" type="Timestamp" />
		<col name="InvtMult" type="SmallInt" nullable="true" />
		<col name="ShipComplete" type="Char(1)" nullable="true" />
		<col name="CompleteQtyMin" type="Decimal(9,6)" />
		<col name="CompleteQtyMax" type="Decimal(9,6)" />
		<col name="OpenQty" type="Decimal(25,6)" nullable="true" />
		<col name="CuryOpenAmt" type="Decimal(19,4)" nullable="true" />
		<col name="OpenAmt" type="Decimal(19,4)" nullable="true" />
		<col name="CuryLineAmt" type="Decimal(19,4)" nullable="true" />
		<col name="LineAmt" type="Decimal(19,4)" nullable="true" />
		<col name="BaseOpenQty" type="Decimal(25,6)" nullable="true" />
		<col name="Completed" type="Bit" nullable="true" />
		<col name="OpenLine" type="Bit" nullable="true" />
		<col name="BilledQty" type="Decimal(25,6)" nullable="true" />
		<col name="BaseBilledQty" type="Decimal(25,6)" nullable="true" />
		<col name="UnbilledQty" type="Decimal(25,6)" nullable="true" />
		<col name="BaseUnbilledQty" type="Decimal(25,6)" nullable="true" />
		<col name="CuryUnbilledAmt" type="Decimal(19,4)" nullable="true" />
		<col name="UnbilledAmt" type="Decimal(19,4)" nullable="true" />
		<col name="ShipDate" type="SmallDateTime" nullable="true" />
		<col name="RequestDate" type="SmallDateTime" nullable="true" />
		<col name="CancelDate" type="SmallDateTime" nullable="true" />
		<col name="CuryBilledAmt" type="Decimal(19,4)" />
		<col name="BilledAmt" type="Decimal(19,4)" />
		<col name="DiscountID" type="NVarChar(10)" nullable="true" />
		<col name="DiscountSequenceID" type="NVarChar(10)" nullable="true" />
		<col name="InvoiceType" type="Char(3)" nullable="true" />
		<col name="InvoiceNbr" type="NVarChar(15)" nullable="true" />
		<col name="InvoiceLineNbr" type="Int" nullable="true" />
		<col name="InvoiceDate" type="SmallDateTime" nullable="true" />
		<col name="IsFree" type="Bit" nullable="true" default="Zero" />
		<col name="AutoCreateIssueLine" type="Bit" default="Zero" />
		<col name="VendorID" type="Int" nullable="true" />
		<col name="POCreate" type="Bit" default="Zero" />
		<col name="POCreated" type="Bit" default="Zero" />
		<col name="POSource" type="Char(1)" nullable="true" />
		<col name="POSiteID" type="Int" nullable="true" />
		<col name="OrigPlanType" type="Char(2)" nullable="true" />
		<col name="DRTermStartDate" type="SmallDateTime" nullable="true" />
		<col name="DRTermEndDate" type="SmallDateTime" nullable="true" />
		<col name="CuryUnitPriceDR" type="Decimal(19,6)" nullable="true" />
		<col name="DiscPctDR" type="Decimal(9,6)" nullable="true" />
		<col name="DefScheduleID" type="Int" nullable="true" />
		<col name="IsRUTROTDeductible" type="Bit" default="Zero" />
		<col name="RUTROTWorkType" type="Char(1)" nullable="true" />
		<col name="RUTROTWorkTypeID" type="Int" nullable="true" />
		<col name="RUTROTItemType" type="Char(1)" nullable="true" />
		<col name="CuryRUTROTAvailableAmt" type="Decimal(19,4)" default="Zero" />
		<col name="CuryRUTROTTaxAmountDeductible" type="Decimal(19,4)" default="Zero" />
		<col name="RUTROTAvailableAmt" type="Decimal(19,4)" default="Zero" />
		<col name="RUTROTTaxAmountDeductible" type="Decimal(19,4)" default="Zero" />
		<col name="NoteID" type="UniqueIdentifier" nullable="true" />
	</table>
	<rows>
		<row OrderType="SO" OrderNbr="000006" LineNbr="1" SortOrder="1" BranchID="1" Behavior="SO" LineType="GI" CustomerID="30" OrderDate="2020-01-14 00:00:00" Operation="I" InventoryID="2608" SubItemID="9" SiteID="17" UOM="PIECE" OrderQty="3.000000" BaseOrderQty="3.000000" UnassignedQty="0.000000" ShippedQty="3.000000" BaseShippedQty="3.000000" CuryInfoID="663976" IsPromotionalPrice="0" CuryUnitPrice="117.950000" UnitPrice="117.950000" CuryUnitCost="80.000000" UnitCost="80.000000" CuryExtPrice="353.850000" ExtPrice="353.850000" CuryExtCost="240.000000" ExtCost="240.000000" DiscountsAppliedToLine="0x00" GroupDiscountRate="1.000000000000000000" DocumentDiscountRate="1.000000000000000000" TaxCategoryID="TAXABLE" SalesAcctID="2724" SalesSubID="1" TranDesc="Tax Rounding Beast from the Depths - ROUNDING-DOOM" UnitWeigth="16.000000" UnitVolume="0.000000" ExtWeight="48.000000" ExtVolume="0.000000" ManualDisc="1" ManualPrice="0" DiscPct="0.000000" CuryDiscAmt="0.0000" DiscAmt="0.0000" ProjectID="0" Commissionable="0" CreatedDateTime="2020-01-14 15:04:59.8" CreatedByID="b5344897-037e-4d58-b5c3-1bdfd0f47bf9" CreatedByScreenID="SO301000" LastModifiedDateTime="2020-01-14 15:08:46.387" LastModifiedByID="b5344897-037e-4d58-b5c3-1bdfd0f47bf9" LastModifiedByScreenID="SO302000" InvtMult="-1" ShipComplete="B" CompleteQtyMin="100.000000" CompleteQtyMax="100.000000" OpenQty="0.000000" CuryOpenAmt="0.0000" OpenAmt="0.0000" CuryLineAmt="353.8500" LineAmt="353.8500" BaseOpenQty="0.000000" Completed="1" OpenLine="0" BilledQty="3.000000" BaseBilledQty="3.000000" UnbilledQty="0.000000" BaseUnbilledQty="0.000000" CuryUnbilledAmt="0.0000" UnbilledAmt="0.0000" ShipDate="2020-01-14 00:00:00" RequestDate="2020-01-14 00:00:00" CancelDate="2020-01-14 00:00:00" CuryBilledAmt="0.0000" BilledAmt="0.0000" IsFree="0" AutoCreateIssueLine="0" POCreate="0" POCreated="0" POSiteID="17" CuryUnitPriceDR="117.950000" IsRUTROTDeductible="0" CuryRUTROTAvailableAmt="0.0000" CuryRUTROTTaxAmountDeductible="0.0000" RUTROTAvailableAmt="0.0000" RUTROTTaxAmountDeductible="0.0000" NoteID="4620eb83-1137-ea11-a6f2-9cb6d0c82c0c" />
	</rows>
</data>