﻿<?xml version="1.0" encoding="utf-8"?>
<data>
	<table name="SOOrder">
		<col name="CompanyID" type="Int" default="Zero" />
		<col name="OrderType" type="Char(2)" />
		<col name="OrderNbr" type="NVarChar(15)" />
		<col name="BranchID" type="Int" />
		<col name="Behavior" type="Char(2)" />
		<col name="CustomerID" type="Int" />
		<col name="CustomerLocationID" type="Int" />
		<col name="OrderDate" type="SmallDateTime" />
		<col name="Hold" type="Bit" />
		<col name="OpenDoc" type="Bit" default="Zero" />
		<col name="LineCntr" type="Int" />
		<col name="BilledCntr" type="Int" nullable="true" />
		<col name="ReleasedCntr" type="Int" nullable="true" />
		<col name="PaymentCntr" type="Int" default="Zero" />
		<col name="BillAddressID" type="Int" nullable="true" />
		<col name="ShipAddressID" type="Int" nullable="true" />
		<col name="CuryID" type="NVarChar(5)" />
		<col name="CuryInfoID" type="BigInt" />
		<col name="CuryOrderTotal" type="Decimal(19,4)" />
		<col name="OrderTotal" type="Decimal(19,4)" />
		<col name="OrderQty" type="Decimal(25,6)" />
		<col name="CuryLineTotal" type="Decimal(19,4)" />
		<col name="LineTotal" type="Decimal(19,4)" />
		<col name="CuryTaxTotal" type="Decimal(19,4)" />
		<col name="TaxTotal" type="Decimal(19,4)" />
		<col name="OwnerID" type="UniqueIdentifier" nullable="true" />
		<col name="WorkGroupID" type="Int" nullable="true" />
		<col name="CuryControlTotal" type="Decimal(19,4)" />
		<col name="ControlTotal" type="Decimal(19,4)" />
		<col name="TaxZoneID" type="NVarChar(10)" nullable="true" />
		<col name="OverrideTaxZone" type="Bit" default="Zero" />
		<col name="AvalaraCustomerUsageType" type="Char(1)" nullable="true" />
		<col name="ProjectID" type="Int" nullable="true" />
		<col name="ShipComplete" type="Char(1)" />
		<col name="SalesPersonID" type="Int" nullable="true" />
		<col name="CommnPct" type="Decimal(9,6)" />
		<col name="TermsID" type="NVarChar(10)" nullable="true" />
		<col name="DueDate" type="SmallDateTime" nullable="true" />
		<col name="DiscDate" type="SmallDateTime" nullable="true" />
		<col name="CreatedByID" type="UniqueIdentifier" />
		<col name="CreatedByScreenID" type="Char(8)" />
		<col name="CreatedDateTime" type="DateTime" />
		<col name="LastModifiedByID" type="UniqueIdentifier" />
		<col name="LastModifiedByScreenID" type="Char(8)" />
		<col name="LastModifiedDateTime" type="DateTime" />
		<col name="tstamp" type="Timestamp" />
		<col name="OrigOrderType" type="Char(2)" nullable="true" />
		<col name="OrigOrderNbr" type="NVarChar(15)" nullable="true" />
		<col name="InvoiceNbr" type="NVarChar(15)" nullable="true" />
		<col name="InvoiceDate" type="SmallDateTime" nullable="true" />
		<col name="CuryOpenOrderTotal" type="Decimal(19,4)" nullable="true" />
		<col name="OpenOrderTotal" type="Decimal(19,4)" nullable="true" />
		<col name="CuryOpenLineTotal" type="Decimal(19,4)" nullable="true" />
		<col name="OpenLineTotal" type="Decimal(19,4)" nullable="true" />
		<col name="CuryOpenTaxTotal" type="Decimal(19,4)" nullable="true" />
		<col name="OpenTaxTotal" type="Decimal(19,4)" nullable="true" />
		<col name="OpenOrderQty" type="Decimal(25,6)" nullable="true" />
		<col name="CuryUnbilledOrderTotal" type="Decimal(19,4)" nullable="true" />
		<col name="UnbilledOrderTotal" type="Decimal(19,4)" nullable="true" />
		<col name="CuryUnbilledLineTotal" type="Decimal(19,4)" nullable="true" />
		<col name="UnbilledLineTotal" type="Decimal(19,4)" nullable="true" />
		<col name="CuryUnbilledTaxTotal" type="Decimal(19,4)" nullable="true" />
		<col name="UnbilledTaxTotal" type="Decimal(19,4)" nullable="true" />
		<col name="UnbilledOrderQty" type="Decimal(25,6)" nullable="true" />
		<col name="CancelDate" type="SmallDateTime" nullable="true" />
		<col name="RequestDate" type="SmallDateTime" nullable="true" />
		<col name="ShipDate" type="SmallDateTime" nullable="true" />
		<col name="Cancelled" type="Bit" nullable="true" />
		<col name="BillContactID" type="Int" nullable="true" />
		<col name="ShipContactID" type="Int" nullable="true" />
		<col name="BillSeparately" type="Bit" />
		<col name="ShipSeparately" type="Bit" />
		<col name="CustomerOrderNbr" type="NVarChar(40)" nullable="true" />
		<col name="CustomerRefNbr" type="NVarChar(40)" nullable="true" />
		<col name="ShipVia" type="NVarChar(15)" nullable="true" />
		<col name="PackageLineCntr" type="Int" default="Zero" />
		<col name="UseCustomerAccount" type="Bit" default="Zero" />
		<col name="Resedential" type="Bit" default="Zero" />
		<col name="SaturdayDelivery" type="Bit" default="Zero" />
		<col name="Insurance" type="Bit" default="Zero" />
		<col name="GroundCollect" type="Bit" />
		<col name="FOBPoint" type="NVarChar(15)" nullable="true" />
		<col name="Priority" type="SmallInt" />
		<col name="FinPeriodID" type="Char(6)" nullable="true" />
		<col name="Status" type="Char(1)" nullable="true" />
		<col name="CuryFreightCost" type="Decimal(19,4)" default="Zero" />
		<col name="FreightCost" type="Decimal(19,4)" default="Zero" />
		<col name="FreightCostIsValid" type="Bit" default="Zero" />
		<col name="IsPackageValid" type="Bit" default="Zero" />
		<col name="OverrideFreightAmount" type="Bit" default="Zero" />
		<col name="FreightAmountSource" type="Char(1)" nullable="true" />
		<col name="CuryFreightAmt" type="Decimal(19,4)" />
		<col name="FreightAmt" type="Decimal(19,4)" />
		<col name="OrderWeight" type="Decimal(25,6)" />
		<col name="OrderVolume" type="Decimal(25,6)" />
		<col name="PackageWeight" type="Decimal(25,6)" />
		<col name="CuryPremiumFreightAmt" type="Decimal(19,4)" />
		<col name="PremiumFreightAmt" type="Decimal(19,4)" />
		<col name="FreightTaxCategoryID" type="NVarChar(10)" nullable="true" />
		<col name="ShipTermsID" type="NVarChar(10)" nullable="true" />
		<col name="ShipZoneID" type="NVarChar(15)" nullable="true" />
		<col name="CuryFreightTot" type="Decimal(19,4)" />
		<col name="FreightTot" type="Decimal(19,4)" />
		<col name="CuryMiscTot" type="Decimal(19,4)" />
		<col name="MiscTot" type="Decimal(19,4)" />
		<col name="CuryUnbilledMiscTot" type="Decimal(19,4)" />
		<col name="UnbilledMiscTot" type="Decimal(19,4)" />
		<col name="DiscTot" type="Decimal(19,4)" nullable="true" />
		<col name="CuryDiscTot" type="Decimal(19,4)" nullable="true" />
		<col name="ManDisc" type="Decimal(19,4)" nullable="true" />
		<col name="CuryManDisc" type="Decimal(19,4)" nullable="true" />
		<col name="OpenShipmentCntr" type="Int" />
		<col name="DefaultSiteID" type="Int" nullable="true" />
		<col name="DestinationSiteID" type="Int" nullable="true" />
		<col name="InclCustOpenOrders" type="Bit" />
		<col name="OpenLineCntr" type="Int" />
		<col name="ShipmentCntr" type="Int" />
		<col name="LastSiteID" type="Int" nullable="true" />
		<col name="LastShipDate" type="SmallDateTime" nullable="true" />
		<col name="CreditHold" type="Bit" />
		<col name="OrderDesc" type="NVarChar(256)" nullable="true" />
		<col name="Completed" type="Bit" />
		<col name="ApprovedCredit" type="Bit" />
		<col name="ApprovedCreditAmt" type="Decimal(19,4)" />
		<col name="PMInstanceID" type="Int" nullable="true" />
		<col name="PaymentMethodID" type="NVarChar(10)" nullable="true" />
		<col name="CashAccountID" type="Int" nullable="true" />
		<col name="ExtRefNbr" type="NVarChar(40)" nullable="true" />
		<col name="IsCCAuthorized" type="Bit" />
		<col name="IsCCCaptured" type="Bit" />
		<col name="IsManualPackage" type="Bit" />
		<col name="IsTaxValid" type="Bit" default="Zero" />
		<col name="IsOpenTaxValid" type="Bit" default="Zero" />
		<col name="IsUnbilledTaxValid" type="Bit" default="Zero" />
		<col name="IsFreightTaxValid" type="Bit" default="Zero" />
		<col name="CCAuthExpirationDate" type="SmallDateTime" nullable="true" />
		<col name="CuryCCPreAuthAmount" type="Decimal(19,4)" />
		<col name="CuryCCCapturedAmt" type="Decimal(19,4)" default="Zero" />
		<col name="CCCapturedAmt" type="Decimal(19,4)" default="Zero" />
		<col name="IsCCCaptureFailed" type="Bit" default="Zero" />
		<col name="VatTaxableTotal" type="Decimal(19,4)" default="Zero" />
		<col name="CuryVatTaxableTotal" type="Decimal(19,4)" default="Zero" />
		<col name="VatExemptTotal" type="Decimal(19,4)" default="Zero" />
		<col name="CuryVatExemptTotal" type="Decimal(19,4)" default="Zero" />
		<col name="RefTranExtNbr" type="NVarChar(50)" nullable="true" />
		<col name="Approved" type="Bit" />
		<col name="IsRUTROTDeductible" type="Bit" default="Zero" />
		<col name="DisableAutomaticDiscountCalculation" type="Bit" default="Zero" />
		<col name="NoteID" type="UniqueIdentifier" nullable="true" />
		<col name="Emailed" type="Bit" default="Zero" />
		<col name="FreightClass" type="NVarChar(15)" nullable="true" />
		<col name="CampaignID" type="NVarChar(10)" nullable="true" />
		<col name="UsrTaxSnapshot" type="VarChar(1000)" nullable="true" />
	</table>
	<rows>
		<row OrderType="SO" OrderNbr="000006" BranchID="1" Behavior="SO" CustomerID="30" CustomerLocationID="29" OrderDate="2020-01-14 00:00:00" Hold="0" OpenDoc="1" LineCntr="2" BilledCntr="0" ReleasedCntr="1" PaymentCntr="1" BillAddressID="10" ShipAddressID="11" CuryID="USD" CuryInfoID="663976" CuryOrderTotal="422.2400" OrderTotal="422.2400" OrderQty="3.000000" CuryLineTotal="353.8500" LineTotal="353.8500" CuryTaxTotal="38.3900" TaxTotal="38.3900" OwnerID="b5344897-037e-4d58-b5c3-1bdfd0f47bf9" CuryControlTotal="422.2400" ControlTotal="422.2400" TaxZoneID="EXTERNAL" OverrideTaxZone="1" ProjectID="0" ShipComplete="B" CommnPct="0.000000" TermsID="30D" CreatedByID="b5344897-037e-4d58-b5c3-1bdfd0f47bf9" CreatedByScreenID="SO301000" CreatedDateTime="2020-01-14 15:04:59.737" LastModifiedByID="b5344897-037e-4d58-b5c3-1bdfd0f47bf9" LastModifiedByScreenID="SO303000" LastModifiedDateTime="2020-01-14 15:08:57.197" CuryOpenOrderTotal="38.3900" OpenOrderTotal="38.3900" CuryOpenLineTotal="0.0000" OpenLineTotal="0.0000" CuryOpenTaxTotal="38.3900" OpenTaxTotal="38.3900" OpenOrderQty="0.000000" CuryUnbilledOrderTotal="38.3900" UnbilledOrderTotal="38.3900" CuryUnbilledLineTotal="0.0000" UnbilledLineTotal="0.0000" CuryUnbilledTaxTotal="38.3900" UnbilledTaxTotal="38.3900" UnbilledOrderQty="0.000000" CancelDate="2020-01-14 00:00:00" RequestDate="2020-01-14 00:00:00" ShipDate="2020-01-14 00:00:00" Cancelled="0" BillContactID="10" ShipContactID="11" BillSeparately="1" ShipSeparately="1" CustomerOrderNbr="LOGIC-1204" CustomerRefNbr="1907278676012" PackageLineCntr="0" UseCustomerAccount="0" Resedential="0" SaturdayDelivery="0" Insurance="0" GroundCollect="0" Priority="0" Status="C" CuryFreightCost="0.0000" FreightCost="0.0000" FreightCostIsValid="1" IsPackageValid="0" OverrideFreightAmount="1" FreightAmountSource="O" CuryFreightAmt="30.0000" FreightAmt="30.0000" OrderWeight="48.000000" OrderVolume="0.000000" PackageWeight="0.000000" CuryPremiumFreightAmt="0.0000" PremiumFreightAmt="0.0000" FreightTaxCategoryID="TAXABLE" CuryFreightTot="30.0000" FreightTot="30.0000" CuryMiscTot="0.0000" MiscTot="0.0000" CuryUnbilledMiscTot="0.0000" UnbilledMiscTot="0.0000" DiscTot="0.0000" CuryDiscTot="0.0000" ManDisc="0.0000" CuryManDisc="0.0000" OpenShipmentCntr="0" InclCustOpenOrders="1" OpenLineCntr="0" ShipmentCntr="1" LastSiteID="17" LastShipDate="2020-01-14 00:00:00" CreditHold="0" OrderDesc="Shopify Order #1204" Completed="1" ApprovedCredit="0" ApprovedCreditAmt="0.0000" PaymentMethodID="SHOPIFY" CashAccountID="10" IsCCAuthorized="0" IsCCCaptured="0" IsManualPackage="1" IsTaxValid="1" IsOpenTaxValid="1" IsUnbilledTaxValid="1" IsFreightTaxValid="1" CuryCCPreAuthAmount="0.0000" CuryCCCapturedAmt="0.0000" CCCapturedAmt="0.0000" IsCCCaptureFailed="0" VatTaxableTotal="0.0000" CuryVatTaxableTotal="0.0000" VatExemptTotal="0.0000" CuryVatExemptTotal="0.0000" Approved="1" IsRUTROTDeductible="0" DisableAutomaticDiscountCalculation="0" NoteID="3f20eb83-1137-ea11-a6f2-9cb6d0c82c0c" Emailed="0" />
	</rows>
</data>