﻿<?xml version="1.0" encoding="utf-8"?>
<data>
	<table name="SOOrderType">
		<col name="CompanyID" type="Int" default="Zero" />
		<col name="OrderType" type="Char(2)" />
		<col name="Active" type="Bit" />
		<col name="DaysToKeep" type="SmallInt" />
		<col name="Descr" type="NVarChar(60)" nullable="true" />
		<col name="Template" type="Char(2)" />
		<col name="IsSystem" type="Bit" />
		<col name="Behavior" type="Char(2)" />
		<col name="DefaultOperation" type="Char(1)" />
		<col name="ARDocType" type="Char(3)" />
		<col name="INDocType" type="Char(3)" />
		<col name="OrderNumberingID" type="NVarChar(10)" />
		<col name="InvoiceNumberingID" type="NVarChar(10)" />
		<col name="CreditHoldEntry" type="Bit" />
		<col name="HoldEntry" type="Bit" />
		<col name="InvoiceHoldEntry" type="Bit" default="Zero" />
		<col name="RequireLocation" type="Bit" />
		<col name="RequireLotSerial" type="Bit" default="Zero" />
		<col name="RequireAllocation" type="Bit" default="Zero" />
		<col name="RequireControlTotal" type="Bit" />
		<col name="RequireShipping" type="Bit" />
		<col name="AllowQuickProcess" type="Bit" default="Zero" />
		<col name="CopyLotSerialFromShipment" type="Bit" default="Zero" />
		<col name="CreatedByID" type="UniqueIdentifier" />
		<col name="CreatedByScreenID" type="Char(8)" />
		<col name="CreatedDateTime" type="DateTime" />
		<col name="LastModifiedByID" type="UniqueIdentifier" />
		<col name="LastModifiedByScreenID" type="Char(8)" />
		<col name="LastModifiedDateTime" type="DateTime" />
		<col name="tstamp" type="Timestamp" />
		<col name="CompanyMask" type="VarBinary(32)" default="CompanyMaskReadOnly" />
		<col name="OrderPlanType" type="Char(2)" nullable="true" />
		<col name="ShipmentPlanType" type="Char(2)" nullable="true" />
		<col name="BillSeparately" type="Bit" />
		<col name="ShipSeparately" type="Bit" />
		<col name="SalesAcctDefault" type="Char(1)" nullable="true" />
		<col name="SalesSubMask" type="VarChar(30)" nullable="true" />
		<col name="COGSAcctDefault" type="Char(1)" nullable="true" />
		<col name="COGSSubMask" type="VarChar(30)" nullable="true" />
		<col name="MiscAcctDefault" type="Char(1)" nullable="true" />
		<col name="MiscSubMask" type="VarChar(30)" nullable="true" />
		<col name="FreightAcctDefault" type="Char(1)" nullable="true" />
		<col name="FreightSubMask" type="VarChar(30)" nullable="true" />
		<col name="DiscAcctDefault" type="Char(1)" nullable="true" />
		<col name="DiscSubMask" type="VarChar(30)" nullable="true" />
		<col name="FreightAcctID" type="Int" nullable="true" />
		<col name="FreightSubID" type="Int" nullable="true" />
		<col name="DiscountAcctID" type="Int" nullable="true" />
		<col name="DiscountSubID" type="Int" nullable="true" />
		<col name="DisableAutomaticDiscountCalculation" type="Bit" default="Zero" />
		<col name="RecalculateDiscOnPartialShipment" type="Bit" default="Zero" />
		<col name="CalculateFreight" type="Bit" />
		<col name="OrderPriority" type="SmallInt" nullable="true" default="Zero" />
		<col name="MarkInvoicePrinted" type="Bit" default="Zero" />
		<col name="MarkInvoiceEmailed" type="Bit" default="Zero" />
		<col name="CopyNotes" type="Bit" default="Zero" />
		<col name="CopyFiles" type="Bit" default="Zero" />
		<col name="CopyLineNotesToShipment" type="Bit" default="Zero" />
		<col name="CopyLineFilesToShipment" type="Bit" default="Zero" />
		<col name="CopyLineNotesToInvoice" type="Bit" default="Zero" />
		<col name="CopyLineNotesToInvoiceOnlyNS" type="Bit" default="Zero" />
		<col name="CopyLineFilesToInvoice" type="Bit" default="Zero" />
		<col name="CopyLineFilesToInvoiceOnlyNS" type="Bit" default="Zero" />
		<col name="PostLineDiscSeparately" type="Bit" default="Zero" />
		<col name="UseDiscountSubFromSalesSub" type="Bit" default="Zero" />
		<col name="CommitmentTracking" type="Bit" default="Zero" />
		<col name="AutoWriteOff" type="Bit" default="Zero" />
		<col name="ShipFullIfNegQtyAllowed" type="Bit" default="Zero" />
		<col name="NoteID" type="UniqueIdentifier" nullable="true" />
	</table>
	<rows>
		<row OrderType="CM" Active="1" DaysToKeep="30" Descr="Credit Memo" Template="CM" IsSystem="1" Behavior="CM" DefaultOperation="R" ARDocType="CRM" INDocType="CRM" OrderNumberingID="ARINVOICE" InvoiceNumberingID="ARINVOICE" CreditHoldEntry="0" HoldEntry="0" InvoiceHoldEntry="0" RequireLocation="1" RequireLotSerial="0" RequireAllocation="0" RequireControlTotal="0" RequireShipping="0" AllowQuickProcess="0" CopyLotSerialFromShipment="0" CreatedByID="b5344897-037e-4d58-b5c3-1bdfd0f47bf9" CreatedByScreenID="SO201000" CreatedDateTime="2019-12-02 19:47:02.07" LastModifiedByID="b5344897-037e-4d58-b5c3-1bdfd0f47bf9" LastModifiedByScreenID="SO201000" LastModifiedDateTime="2019-12-02 19:47:02.07" OrderPlanType="62" BillSeparately="1" ShipSeparately="0" SalesAcctDefault="P" SalesSubMask="IIIIIIIIII" MiscAcctDefault="I" MiscSubMask="IIIIIIIIII" FreightAcctDefault="V" FreightSubMask="LLLLLLLLLL" DiscAcctDefault="L" DiscSubMask="LLLLLLLLLL" FreightAcctID="2727" FreightSubID="1" DiscountSubID="1" DisableAutomaticDiscountCalculation="0" RecalculateDiscOnPartialShipment="0" CalculateFreight="1" OrderPriority="0" MarkInvoicePrinted="0" MarkInvoiceEmailed="0" CopyNotes="0" CopyFiles="0" CopyLineNotesToShipment="0" CopyLineFilesToShipment="0" CopyLineNotesToInvoice="0" CopyLineNotesToInvoiceOnlyNS="0" CopyLineFilesToInvoice="0" CopyLineFilesToInvoiceOnlyNS="0" PostLineDiscSeparately="0" UseDiscountSubFromSalesSub="0" CommitmentTracking="0" AutoWriteOff="0" ShipFullIfNegQtyAllowed="0" NoteID="029c7629-7b73-4dd8-ab45-07009d16aa1d" />
		<row OrderType="SO" Active="1" DaysToKeep="0" Descr="Sales Order" Template="SO" IsSystem="1" Behavior="SO" DefaultOperation="I" ARDocType="INV" INDocType="INV" OrderNumberingID="SOORDER" InvoiceNumberingID="ARINVOICE" CreditHoldEntry="1" HoldEntry="1" InvoiceHoldEntry="0" RequireLocation="0" RequireLotSerial="0" RequireAllocation="0" RequireControlTotal="0" RequireShipping="1" AllowQuickProcess="0" CopyLotSerialFromShipment="0" CreatedByID="b5344897-037e-4d58-b5c3-1bdfd0f47bf9" CreatedByScreenID="SO101000" CreatedDateTime="2019-12-02 19:45:23.79" LastModifiedByID="b5344897-037e-4d58-b5c3-1bdfd0f47bf9" LastModifiedByScreenID="SO201000" LastModifiedDateTime="2019-12-02 19:47:22.687" OrderPlanType="60" ShipmentPlanType="61" BillSeparately="0" ShipSeparately="1" SalesAcctDefault="P" SalesSubMask="IIIIIIIIII" MiscAcctDefault="I" MiscSubMask="IIIIIIIIII" FreightAcctDefault="V" FreightSubMask="LLLLLLLLLL" DiscAcctDefault="L" DiscSubMask="LLLLLLLLLL" FreightAcctID="2727" FreightSubID="1" DiscountSubID="1" DisableAutomaticDiscountCalculation="0" RecalculateDiscOnPartialShipment="0" CalculateFreight="1" OrderPriority="0" MarkInvoicePrinted="0" MarkInvoiceEmailed="0" CopyNotes="0" CopyFiles="0" CopyLineNotesToShipment="0" CopyLineFilesToShipment="0" CopyLineNotesToInvoice="0" CopyLineNotesToInvoiceOnlyNS="0" CopyLineFilesToInvoice="0" CopyLineFilesToInvoiceOnlyNS="0" PostLineDiscSeparately="0" UseDiscountSubFromSalesSub="0" CommitmentTracking="0" AutoWriteOff="0" ShipFullIfNegQtyAllowed="0" NoteID="20500468-0ac5-4da2-a4ca-5d904630c275" />
	</rows>
</data>