﻿<?xml version="1.0" encoding="utf-8"?>
<data>
	<table name="SOOrderSite">
		<col name="CompanyID" type="Int" default="Zero" />
		<col name="OrderType" type="Char(2)" />
		<col name="OrderNbr" type="NVarChar(15)" />
		<col name="SiteID" type="Int" />
		<col name="LineCntr" type="Int" />
		<col name="OpenLineCntr" type="Int" />
		<col name="OpenShipmentCntr" type="Int" />
		<col name="ShipmentCntr" type="Int" />
		<col name="CreatedByID" type="UniqueIdentifier" />
		<col name="CreatedByScreenID" type="VarChar(10)" />
		<col name="CreatedDateTime" type="DateTime" />
		<col name="LastModifiedByID" type="UniqueIdentifier" />
		<col name="LastModifiedByScreenID" type="VarChar(10)" />
		<col name="LastModifiedDateTime" type="DateTime" />
		<col name="tstamp" type="Timestamp" />
	</table>
	<rows>
		<row OrderType="SO" OrderNbr="000006" SiteID="17" LineCntr="1" OpenLineCntr="0" OpenShipmentCntr="0" ShipmentCntr="0" CreatedByID="b5344897-037e-4d58-b5c3-1bdfd0f47bf9" CreatedByScreenID="SO301000" CreatedDateTime="2020-01-14 15:04:59.92" LastModifiedByID="b5344897-037e-4d58-b5c3-1bdfd0f47bf9" LastModifiedByScreenID="SO302000" LastModifiedDateTime="2020-01-14 15:08:37.933" />
	</rows>
</data>