﻿<?xml version="1.0" encoding="utf-8"?>
<data>
	<table name="SOOrderShipment">
		<col name="CompanyID" type="Int" default="Zero" />
		<col name="OrderType" type="Char(2)" />
		<col name="OrderNbr" type="NVarChar(15)" />
		<col name="ShippingRefNoteID" type="UniqueIdentifier" />
		<col name="ShipmentType" type="Char(1)" />
		<col name="ShipmentNbr" type="NVarChar(15)" nullable="true" />
		<col name="CustomerID" type="Int" />
		<col name="CustomerLocationID" type="Int" />
		<col name="ShipAddressID" type="Int" nullable="true" />
		<col name="LineCntr" type="Int" />
		<col name="ShipDate" type="SmallDateTime" />
		<col name="ProjectID" type="Int" nullable="true" />
		<col name="Hold" type="Bit" />
		<col name="ShipComplete" type="Char(1)" />
		<col name="ShipmentQty" type="Decimal(25,6)" />
		<col name="CreatedByID" type="UniqueIdentifier" />
		<col name="CreatedByScreenID" type="Char(8)" />
		<col name="CreatedDateTime" type="DateTime" />
		<col name="LastModifiedByID" type="UniqueIdentifier" />
		<col name="LastModifiedByScreenID" type="Char(8)" />
		<col name="LastModifiedDateTime" type="DateTime" />
		<col name="tstamp" type="Timestamp" />
		<col name="SiteID" type="Int" nullable="true" />
		<col name="Confirmed" type="Bit" nullable="true" />
		<col name="Operation" type="Char(1)" />
		<col name="ShipContactID" type="Int" nullable="true" />
		<col name="ShipmentWeight" type="Decimal(25,6)" />
		<col name="ShipmentVolume" type="Decimal(25,6)" />
		<col name="LineTotal" type="Decimal(19,4)" default="Zero" />
		<col name="InvoiceType" type="Char(3)" nullable="true" />
		<col name="InvoiceNbr" type="NVarChar(15)" nullable="true" />
		<col name="InvoiceReleased" type="Bit" default="Zero" />
		<col name="InvtDocType" type="Char(1)" nullable="true" />
		<col name="CreateINDoc" type="Bit" default="Zero" />
		<col name="InvtRefNbr" type="NVarChar(15)" nullable="true" />
		<col name="OrderFreightAllocated" type="Bit" default="Zero" />
		<col name="NoteID" type="UniqueIdentifier" nullable="true" />
		<col name="ShipmentNoteID" type="UniqueIdentifier" nullable="true" />
		<col name="InvtNoteID" type="UniqueIdentifier" nullable="true" />
	</table>
	<rows>
		<row OrderType="SO" OrderNbr="000006" ShippingRefNoteID="7ba2b3fd-1137-ea11-a6f2-9cb6d0c82c0c" ShipmentType="I" ShipmentNbr="000001" CustomerID="30" CustomerLocationID="29" ShipAddressID="11" LineCntr="1" ShipDate="2020-01-14 00:00:00" Hold="0" ShipComplete="B" ShipmentQty="3.000000" CreatedByID="b5344897-037e-4d58-b5c3-1bdfd0f47bf9" CreatedByScreenID="SO301000" CreatedDateTime="2020-01-14 15:08:22.337" LastModifiedByID="b5344897-037e-4d58-b5c3-1bdfd0f47bf9" LastModifiedByScreenID="SO303000" LastModifiedDateTime="2020-01-14 15:08:57.193" SiteID="17" Confirmed="1" Operation="I" ShipContactID="11" ShipmentWeight="48.000000" ShipmentVolume="0.000000" LineTotal="353.8500" InvoiceType="INV" InvoiceNbr="000013" InvoiceReleased="1" InvtDocType="I" CreateINDoc="1" InvtRefNbr="000001" OrderFreightAllocated="1" NoteID="3f20eb83-1137-ea11-a6f2-9cb6d0c82c0c" ShipmentNoteID="7ba2b3fd-1137-ea11-a6f2-9cb6d0c82c0c" InvtNoteID="5e2c2712-1237-ea11-a6f2-9cb6d0c82c0c" />
	</rows>
</data>