﻿<?xml version="1.0" encoding="utf-8"?>
<data>
	<table name="SOShipment">
		<col name="CompanyID" type="Int" default="Zero" />
		<col name="ShipmentNbr" type="NVarChar(15)" />
		<col name="CustomerID" type="Int" nullable="true" />
		<col name="CustomerLocationID" type="Int" nullable="true" />
		<col name="ShipAddressID" type="Int" nullable="true" />
		<col name="Hold" type="Bit" />
		<col name="ControlQty" type="Decimal(25,6)" />
		<col name="ShipmentQty" type="Decimal(25,6)" />
		<col name="CreatedByID" type="UniqueIdentifier" />
		<col name="CreatedByScreenID" type="Char(8)" />
		<col name="CreatedDateTime" type="DateTime" />
		<col name="LastModifiedByID" type="UniqueIdentifier" />
		<col name="LastModifiedByScreenID" type="Char(8)" />
		<col name="LastModifiedDateTime" type="DateTime" />
		<col name="tstamp" type="Timestamp" />
		<col name="SiteID" type="Int" nullable="true" />
		<col name="DestinationSiteID" type="Int" nullable="true" />
		<col name="ShipDate" type="SmallDateTime" nullable="true" />
		<col name="LineCntr" type="Int" nullable="true" />
		<col name="OrderCntr" type="Int" nullable="true" default="Zero" />
		<col name="BilledOrderCntr" type="Int" nullable="true" />
		<col name="UnbilledOrderCntr" type="Int" nullable="true" />
		<col name="ReleasedOrderCntr" type="Int" nullable="true" />
		<col name="Confirmed" type="Bit" nullable="true" />
		<col name="ShipmentType" type="Char(1)" nullable="true" />
		<col name="Operation" type="Char(1)" nullable="true" />
		<col name="Released" type="Bit" nullable="true" />
		<col name="ShipContactID" type="Int" nullable="true" />
		<col name="ShipVia" type="NVarChar(15)" nullable="true" />
		<col name="UseCustomerAccount" type="Bit" default="Zero" />
		<col name="Resedential" type="Bit" default="Zero" />
		<col name="SaturdayDelivery" type="Bit" default="Zero" />
		<col name="Insurance" type="Bit" default="Zero" />
		<col name="GroundCollect" type="Bit" default="Zero" />
		<col name="LabelsPrinted" type="Bit" default="Zero" />
		<col name="PickListPrinted" type="Bit" default="Zero" />
		<col name="ShippedViaCarrier" type="Bit" default="Zero" />
		<col name="FOBPoint" type="NVarChar(15)" nullable="true" />
		<col name="ShipTermsID" type="NVarChar(10)" nullable="true" />
		<col name="ShipZoneID" type="NVarChar(15)" nullable="true" />
		<col name="CuryInfoID" type="BigInt" nullable="true" />
		<col name="CuryID" type="NVarChar(5)" nullable="true" />
		<col name="LineTotal" type="Decimal(19,4)" default="Zero" />
		<col name="PackageLineCntr" type="Int" default="Zero" />
		<col name="PackageWeight" type="Decimal(25,6)" />
		<col name="IsPackageValid" type="Bit" default="Zero" />
		<col name="FreightCost" type="Decimal(19,4)" default="Zero" />
		<col name="CuryFreightCost" type="Decimal(19,4)" default="Zero" />
		<col name="OverrideFreightAmount" type="Bit" default="Zero" />
		<col name="FreightAmountSource" type="Char(1)" nullable="true" />
		<col name="CuryFreightAmt" type="Decimal(19,4)" default="Zero" />
		<col name="FreightAmt" type="Decimal(19,4)" default="Zero" />
		<col name="CuryPremiumFreightAmt" type="Decimal(19,4)" default="Zero" />
		<col name="PremiumFreightAmt" type="Decimal(19,4)" default="Zero" />
		<col name="CuryTotalFreightAmt" type="Decimal(19,4)" default="Zero" />
		<col name="TotalFreightAmt" type="Decimal(19,4)" default="Zero" />
		<col name="TaxCategoryID" type="NVarChar(10)" nullable="true" />
		<col name="OwnerID" type="UniqueIdentifier" nullable="true" />
		<col name="WorkGroupID" type="Int" nullable="true" />
		<col name="Status" type="Char(1)" nullable="true" />
		<col name="ShipmentWeight" type="Decimal(25,6)" />
		<col name="ShipmentVolume" type="Decimal(25,6)" />
		<col name="FreeItemQtyTot" type="Decimal(25,6)" nullable="true" />
		<col name="FreightClass" type="NVarChar(15)" nullable="true" />
		<col name="SkipAddressVerification" type="Bit" default="Zero" />
		<col name="NoteID" type="UniqueIdentifier" nullable="true" />
		<col name="ConfirmedByID" type="UniqueIdentifier" nullable="true" />
		<col name="ConfirmedDateTime" type="DateTime" nullable="true" />
	</table>
	<rows>
		<row ShipmentNbr="000001" CustomerID="30" CustomerLocationID="29" ShipAddressID="11" Hold="0" ControlQty="3.000000" ShipmentQty="3.000000" CreatedByID="b5344897-037e-4d58-b5c3-1bdfd0f47bf9" CreatedByScreenID="SO301000" CreatedDateTime="2020-01-14 15:08:22.23" LastModifiedByID="b5344897-037e-4d58-b5c3-1bdfd0f47bf9" LastModifiedByScreenID="SO303000" LastModifiedDateTime="2020-01-14 15:08:57.177" SiteID="17" ShipDate="2020-01-14 00:00:00" LineCntr="2" OrderCntr="1" BilledOrderCntr="0" UnbilledOrderCntr="0" ReleasedOrderCntr="1" Confirmed="1" ShipmentType="I" Operation="I" Released="0" ShipContactID="11" UseCustomerAccount="0" Resedential="0" SaturdayDelivery="0" Insurance="0" GroundCollect="0" LabelsPrinted="0" PickListPrinted="0" ShippedViaCarrier="0" CuryInfoID="663980" CuryID="USD" LineTotal="353.8500" PackageLineCntr="0" PackageWeight="0.000000" IsPackageValid="1" FreightCost="0.0000" CuryFreightCost="0.0000" OverrideFreightAmount="0" FreightAmountSource="O" CuryFreightAmt="0.0000" FreightAmt="0.0000" CuryPremiumFreightAmt="0.0000" PremiumFreightAmt="0.0000" CuryTotalFreightAmt="0.0000" TotalFreightAmt="0.0000" TaxCategoryID="TAXABLE" Status="C" ShipmentWeight="48.000000" ShipmentVolume="0.000000" SkipAddressVerification="0" NoteID="7ba2b3fd-1137-ea11-a6f2-9cb6d0c82c0c" ConfirmedByID="b5344897-037e-4d58-b5c3-1bdfd0f47bf9" ConfirmedDateTime="2020-01-14 15:08:38.36" />
	</rows>
</data>