﻿<?xml version="1.0" encoding="utf-8"?>
<data>
	<table name="SOShipLine">
		<col name="CompanyID" type="Int" default="Zero" />
		<col name="ShipmentNbr" type="NVarChar(15)" />
		<col name="ShipmentType" type="Char(1)" />
		<col name="LineNbr" type="Int" />
		<col name="SortOrder" type="Int" nullable="true" />
		<col name="CustomerID" type="Int" nullable="true" />
		<col name="ShipDate" type="SmallDateTime" nullable="true" />
		<col name="LineType" type="Char(2)" />
		<col name="InventoryID" type="Int" nullable="true" />
		<col name="SubItemID" type="Int" nullable="true" />
		<col name="SiteID" type="Int" />
		<col name="LocationID" type="Int" nullable="true" />
		<col name="LotSerialNbr" type="NVarChar(100)" nullable="true" />
		<col name="InvtMult" type="SmallInt" nullable="true" />
		<col name="Operation" type="Char(1)" />
		<col name="ExpireDate" type="SmallDateTime" nullable="true" />
		<col name="OrigOrderType" type="Char(2)" nullable="true" />
		<col name="OrigOrderNbr" type="NVarChar(15)" nullable="true" />
		<col name="OrigLineNbr" type="Int" nullable="true" />
		<col name="OrigSplitLineNbr" type="Int" nullable="true" />
		<col name="OrderUOM" type="NVarChar(6)" nullable="true" />
		<col name="UOM" type="NVarChar(6)" nullable="true" />
		<col name="CompleteQtyMin" type="Decimal(9,6)" nullable="true" />
		<col name="ShippedQty" type="Decimal(25,6)" />
		<col name="BaseShippedQty" type="Decimal(25,6)" />
		<col name="BaseOriginalShippedQty" type="Decimal(25,6)" />
		<col name="UnassignedQty" type="Decimal(25,6)" default="Zero" />
		<col name="OrigOrderQty" type="Decimal(25,6)" />
		<col name="BaseOrigOrderQty" type="Decimal(25,6)" />
		<col name="UnitCost" type="Decimal(19,6)" />
		<col name="ExtCost" type="Decimal(19,4)" />
		<col name="UnitPrice" type="Decimal(19,6)" />
		<col name="DiscPct" type="Decimal(19,6)" />
		<col name="AlternateID" type="NVarChar(50)" nullable="true" />
		<col name="TranDesc" type="NVarChar(256)" nullable="true" />
		<col name="UnitWeigth" type="Decimal(19,6)" />
		<col name="UnitVolume" type="Decimal(19,6)" />
		<col name="ExtWeight" type="Decimal(25,6)" />
		<col name="ExtVolume" type="Decimal(25,6)" />
		<col name="ProjectID" type="Int" nullable="true" />
		<col name="TaskID" type="Int" nullable="true" />
		<col name="CostCodeID" type="Int" nullable="true" />
		<col name="ReasonCode" type="NVarChar(20)" nullable="true" />
		<col name="IsFree" type="Bit" nullable="true" default="Zero" />
		<col name="ManualPrice" type="Bit" nullable="true" default="Zero" />
		<col name="ManualDisc" type="Bit" nullable="true" default="Zero" />
		<col name="DiscountsAppliedToLine" type="VarBinary(MAX)" nullable="true" />
		<col name="DiscountID" type="NVarChar(10)" nullable="true" />
		<col name="DiscountSequenceID" type="NVarChar(10)" nullable="true" />
		<col name="PackedQty" type="Decimal(25,6)" default="Zero" />
		<col name="BasePackedQty" type="Decimal(25,6)" default="Zero" />
		<col name="CreatedDateTime" type="DateTime" />
		<col name="CreatedByID" type="UniqueIdentifier" />
		<col name="CreatedByScreenID" type="Char(8)" />
		<col name="LastModifiedDateTime" type="DateTime" />
		<col name="LastModifiedByID" type="UniqueIdentifier" />
		<col name="LastModifiedByScreenID" type="Char(8)" />
		<col name="tstamp" type="Timestamp" />
		<col name="Confirmed" type="Bit" nullable="true" />
		<col name="Released" type="Bit" />
		<col name="IsUnassigned" type="Bit" />
		<col name="PlanType" type="Char(2)" nullable="true" />
		<col name="OrigPlanType" type="Char(2)" nullable="true" />
		<col name="ShipComplete" type="Char(1)" nullable="true" />
		<col name="RequireINUpdate" type="Bit" nullable="true" />
		<col name="NoteID" type="UniqueIdentifier" nullable="true" />
	</table>
	<rows>
		<row ShipmentNbr="000001" ShipmentType="I" LineNbr="1" SortOrder="1" CustomerID="30" ShipDate="2020-01-14 00:00:00" LineType="GI" InventoryID="2608" SubItemID="9" SiteID="17" LocationID="18" LotSerialNbr="" InvtMult="-1" Operation="I" OrigOrderType="SO" OrigOrderNbr="000006" OrigLineNbr="1" OrigSplitLineNbr="2" OrderUOM="PIECE" UOM="PIECE" CompleteQtyMin="100.000000" ShippedQty="3.000000" BaseShippedQty="3.000000" BaseOriginalShippedQty="3.000000" UnassignedQty="0.000000" OrigOrderQty="3.000000" BaseOrigOrderQty="3.000000" UnitCost="80.000000" ExtCost="240.0000" UnitPrice="117.950000" DiscPct="0.000000" TranDesc="Tax Rounding Beast from the Depths - ROUNDING-DOOM" UnitWeigth="16.000000" UnitVolume="0.000000" ExtWeight="48.000000" ExtVolume="0.000000" ProjectID="0" IsFree="0" ManualPrice="0" ManualDisc="1" DiscountsAppliedToLine="0x00" PackedQty="0.000000" BasePackedQty="0.000000" CreatedDateTime="2020-01-14 15:08:22.277" CreatedByID="b5344897-037e-4d58-b5c3-1bdfd0f47bf9" CreatedByScreenID="SO301000" LastModifiedDateTime="2020-01-14 15:08:57.187" LastModifiedByID="b5344897-037e-4d58-b5c3-1bdfd0f47bf9" LastModifiedByScreenID="SO303000" Confirmed="1" Released="1" IsUnassigned="0" PlanType="61" OrigPlanType="60" ShipComplete="B" RequireINUpdate="1" NoteID="80a2b3fd-1137-ea11-a6f2-9cb6d0c82c0c" />
	</rows>
</data>