﻿<?xml version="1.0" encoding="utf-8"?>
<data>
	<table name="SOShipLineSplit">
		<col name="CompanyID" type="Int" default="Zero" />
		<col name="ShipmentNbr" type="NVarChar(15)" />
		<col name="LineNbr" type="Int" />
		<col name="SortOrder" type="Int" nullable="true" />
		<col name="SplitLineNbr" type="Int" />
		<col name="InventoryID" type="Int" />
		<col name="IsStockItem" type="Bit" />
		<col name="IsComponentItem" type="Bit" default="Zero" />
		<col name="SiteID" type="Int" />
		<col name="LocationID" type="Int" nullable="true" />
		<col name="SubItemID" type="Int" nullable="true" />
		<col name="LotSerialNbr" type="NVarChar(100)" nullable="true" />
		<col name="ExpireDate" type="SmallDateTime" nullable="true" />
		<col name="UOM" type="NVarChar(6)" nullable="true" />
		<col name="Qty" type="Decimal(25,6)" />
		<col name="BaseQty" type="Decimal(25,6)" />
		<col name="PickedQty" type="Decimal(25,6)" />
		<col name="BasePickedQty" type="Decimal(25,6)" />
		<col name="PackedQty" type="Decimal(25,6)" />
		<col name="BasePackedQty" type="Decimal(25,6)" />
		<col name="InvtMult" type="SmallInt" nullable="true" />
		<col name="Operation" type="Char(1)" />
		<col name="ShipDate" type="SmallDateTime" nullable="true" />
		<col name="PlanID" type="BigInt" nullable="true" />
		<col name="CreatedDateTime" type="DateTime" />
		<col name="CreatedByID" type="UniqueIdentifier" />
		<col name="CreatedByScreenID" type="Char(8)" />
		<col name="LastModifiedDateTime" type="DateTime" />
		<col name="LastModifiedByID" type="UniqueIdentifier" />
		<col name="LastModifiedByScreenID" type="Char(8)" />
		<col name="tstamp" type="Timestamp" />
		<col name="Released" type="Bit" nullable="true" />
		<col name="IsUnassigned" type="Bit" />
		<col name="Confirmed" type="Bit" nullable="true" />
		<col name="LineType" type="Char(2)" nullable="true" />
		<col name="PlanType" type="Char(2)" nullable="true" />
		<col name="OrigPlanType" type="Char(2)" nullable="true" />
		<col name="OrigOrderNbr" type="NVarChar(15)" nullable="true" />
		<col name="OrigLineNbr" type="Int" nullable="true" />
		<col name="OrigSplitLineNbr" type="Int" nullable="true" />
		<col name="OrigOrderType" type="Char(2)" />
	</table>
	<rows>
		<row ShipmentNbr="000001" LineNbr="1" SplitLineNbr="2" InventoryID="2608" IsStockItem="1" IsComponentItem="0" SiteID="17" LocationID="18" SubItemID="9" LotSerialNbr="" UOM="PIECE" Qty="3.000000" BaseQty="3.000000" PickedQty="0.000000" BasePickedQty="0.000000" PackedQty="0.000000" BasePackedQty="0.000000" InvtMult="-1" Operation="I" ShipDate="2020-01-14 00:00:00" CreatedDateTime="2020-01-14 15:08:22.3" CreatedByID="b5344897-037e-4d58-b5c3-1bdfd0f47bf9" CreatedByScreenID="SO301000" LastModifiedDateTime="2020-01-14 15:08:57.19" LastModifiedByID="b5344897-037e-4d58-b5c3-1bdfd0f47bf9" LastModifiedByScreenID="SO303000" Released="1" IsUnassigned="0" Confirmed="1" LineType="GI" PlanType="61" OrigPlanType="60" OrigOrderNbr="000006" OrigLineNbr="1" OrigSplitLineNbr="2" OrigOrderType="SO" />
	</rows>
</data>