﻿<?xml version="1.0" encoding="utf-8"?>
<data>
	<table name="SOTaxTran">
		<col name="CompanyID" type="Int" default="Zero" />
		<col name="RecordID" type="Int" identity="true" />
		<col name="OrderType" type="Char(2)" />
		<col name="OrderNbr" type="NVarChar(15)" />
		<col name="LineNbr" type="Int" />
		<col name="TaxID" type="NVarChar(30)" />
		<col name="JurisType" type="NVarChar(9)" nullable="true" />
		<col name="JurisName" type="NVarChar(200)" nullable="true" />
		<col name="TaxRate" type="Decimal(15,6)" nullable="true" />
		<col name="CuryInfoID" type="BigInt" />
		<col name="CuryTaxableAmt" type="Decimal(19,4)" nullable="true" />
		<col name="CuryUnshippedTaxableAmt" type="Decimal(19,4)" nullable="true" />
		<col name="CuryUnbilledTaxableAmt" type="Decimal(19,4)" nullable="true" />
		<col name="TaxableAmt" type="Decimal(19,4)" nullable="true" />
		<col name="CuryExemptedAmt" type="Decimal(19,4)" default="Zero" />
		<col name="ExemptedAmt" type="Decimal(19,4)" default="Zero" />
		<col name="UnshippedTaxableAmt" type="Decimal(19,4)" nullable="true" />
		<col name="UnbilledTaxableAmt" type="Decimal(19,4)" nullable="true" />
		<col name="CuryTaxAmt" type="Decimal(19,4)" nullable="true" />
		<col name="CuryUnshippedTaxAmt" type="Decimal(19,4)" nullable="true" />
		<col name="CuryUnbilledTaxAmt" type="Decimal(19,4)" nullable="true" />
		<col name="TaxAmt" type="Decimal(19,4)" nullable="true" />
		<col name="UnshippedTaxAmt" type="Decimal(19,4)" nullable="true" />
		<col name="UnbilledTaxAmt" type="Decimal(19,4)" nullable="true" />
		<col name="NonDeductibleTaxRate" type="Decimal(9,6)" nullable="true" />
		<col name="ExpenseAmt" type="Decimal(19,4)" nullable="true" />
		<col name="CuryExpenseAmt" type="Decimal(19,4)" nullable="true" />
		<col name="TaxZoneID" type="NVarChar(10)" nullable="true" />
		<col name="tstamp" type="Timestamp" />
		<col name="CreatedByID" type="UniqueIdentifier" />
		<col name="CreatedByScreenID" type="Char(8)" />
		<col name="CreatedDateTime" type="DateTime" />
		<col name="LastModifiedByID" type="UniqueIdentifier" />
		<col name="LastModifiedByScreenID" type="Char(8)" />
		<col name="LastModifiedDateTime" type="DateTime" />
	</table>
	<rows>
		<row RecordID="6" OrderType="SO" OrderNbr="000006" LineNbr="2147483647" TaxID="EXTERNAL" TaxRate="0.000000" CuryInfoID="663976" CuryTaxableAmt="383.8500" CuryUnshippedTaxableAmt="383.8500" CuryUnbilledTaxableAmt="383.8500" TaxableAmt="383.8500" CuryExemptedAmt="0.0000" ExemptedAmt="0.0000" UnshippedTaxableAmt="383.8500" UnbilledTaxableAmt="383.8500" CuryTaxAmt="38.3900" CuryUnshippedTaxAmt="38.3900" CuryUnbilledTaxAmt="38.3900" TaxAmt="38.3900" UnshippedTaxAmt="38.3900" UnbilledTaxAmt="38.3900" NonDeductibleTaxRate="100.000000" ExpenseAmt="0.0000" CuryExpenseAmt="0.0000" TaxZoneID="EXTERNAL" CreatedByID="b5344897-037e-4d58-b5c3-1bdfd0f47bf9" CreatedByScreenID="SO301000" CreatedDateTime="2020-01-14 15:05:00.56" LastModifiedByID="b5344897-037e-4d58-b5c3-1bdfd0f47bf9" LastModifiedByScreenID="SO301000" LastModifiedDateTime="2020-01-14 15:05:00.56" />
	</rows>
</data>