﻿<?xml version="1.0" encoding="utf-8"?>
<data>
	<table name="Sub">
		<col name="CompanyID" type="Int" default="Zero" />
		<col name="SubID" type="Int" identity="true" />
		<col name="SubCD" type="NVarChar(30)" />
		<col name="Active" type="Bit" />
		<col name="Description" type="NVarChar(255)" nullable="true" />
		<col name="ConsoSubID" type="Int" nullable="true" />
		<col name="ConsoSubCode" type="NVarChar(30)" nullable="true" />
		<col name="GroupMask" type="VarBinary(32)" default="BinaryMaskZero" />
		<col name="tstamp" type="Timestamp" />
		<col name="CreatedByID" type="UniqueIdentifier" />
		<col name="CreatedByScreenID" type="Char(8)" />
		<col name="CreatedDateTime" type="DateTime" />
		<col name="LastModifiedByID" type="UniqueIdentifier" />
		<col name="LastModifiedByScreenID" type="Char(8)" />
		<col name="LastModifiedDateTime" type="DateTime" />
		<col name="DeletedDatabaseRecord" type="Bit" default="Zero" />
		<col name="NoteID" type="UniqueIdentifier" nullable="true" />
	</table>
	<rows>
		<row SubID="1" SubCD="0         " Active="1" GroupMask="0x" CreatedByID="b5344897-037e-4d58-b5c3-1bdfd0f47bf9" CreatedByScreenID="CS102000" CreatedDateTime="2014-10-02 11:35:07.42" LastModifiedByID="b5344897-037e-4d58-b5c3-1bdfd0f47bf9" LastModifiedByScreenID="CS102000" LastModifiedDateTime="2014-10-02 11:35:07.42" DeletedDatabaseRecord="0" NoteID="5d752988-064a-e411-b973-74d435e7799b" />
	</rows>
</data>