﻿<?xml version="1.0" encoding="utf-8"?>
<data>
	<table name="SYMapping">
		<col name="CompanyID" type="Int" default="Zero" />
		<col name="MappingID" type="UniqueIdentifier" />
		<col name="InverseMappingID" type="UniqueIdentifier" nullable="true" />
		<col name="Name" type="NVarChar(128)" />
		<col name="IsActive" type="Bit" />
		<col name="ScreenID" type="Char(8)" />
		<col name="MappingType" type="Char(1)" />
		<col name="GraphName" type="VarChar(128)" />
		<col name="ViewName" type="VarChar(128)" />
		<col name="GridViewName" type="VarChar(128)" nullable="true" />
		<col name="ProviderID" type="UniqueIdentifier" />
		<col name="ProviderObject" type="NVarChar(128)" />
		<col name="SyncType" type="Char(1)" />
		<col name="Status" type="Char(1)" />
		<col name="FieldCntr" type="SmallInt" />
		<col name="FieldOrderCntr" type="SmallInt" />
		<col name="ImportConditionCntr" type="SmallInt" />
		<col name="ConditionCntr" type="SmallInt" />
		<col name="DataCntr" type="Int" />
		<col name="NbrRecords" type="Int" />
		<col name="PreparedOn" type="DateTime" nullable="true" />
		<col name="CompletedOn" type="DateTime" nullable="true" />
		<col name="ImportTimeStamp" type="NVarChar(4000)" nullable="true" />
		<col name="ExportTimeStamp" type="DateTime" nullable="true" />
		<col name="ExportTimeStampUtc" type="DateTime" nullable="true" />
		<col name="FormatLocale" type="VarChar(6)" nullable="true" />
		<col name="CreatedByID" type="UniqueIdentifier" />
		<col name="CreatedByScreenID" type="Char(8)" />
		<col name="CreatedDateTime" type="DateTime" />
		<col name="LastModifiedByID" type="UniqueIdentifier" />
		<col name="LastModifiedByScreenID" type="Char(8)" />
		<col name="LastModifiedDateTime" type="DateTime" />
		<col name="tstamp" type="Timestamp" />
		<col name="CompanyMask" type="VarBinary(32)" default="CompanyMaskReadOnly" />
		<col name="SitemapID" type="UniqueIdentifier" nullable="true" />
		<col name="IsSimpleMapping" type="Bit" nullable="true" />
		<col name="DiscardResult" type="Bit" default="Zero" />
		<col name="NoteID" type="UniqueIdentifier" nullable="true" />
		<col name="IsExportOnlyMappingFields" type="Bit" default="Zero" />
	</table>
	<rows>
		<row MappingID="6168c0de-801f-4b4b-b01b-6707a4f4cd86" Name="DM Import Open AR Invoices" IsActive="1" ScreenID="AR301000" MappingType="I" GraphName="PX.Objects.AR.ARInvoiceEntry" ViewName="Document" GridViewName="Transactions" ProviderID="9437c8e7-90a0-434e-816a-9beee7e85fd1" ProviderObject="Open Invoices" SyncType="F" Status="N" FieldCntr="484" FieldOrderCntr="0" ImportConditionCntr="0" ConditionCntr="0" DataCntr="0" NbrRecords="0" CreatedByID="b5344897-037e-4d58-b5c3-1bdfd0f47bf9" CreatedByScreenID="SM206025" CreatedDateTime="2019-04-02 21:03:26.45" LastModifiedByID="b5344897-037e-4d58-b5c3-1bdfd0f47bf9" LastModifiedByScreenID="SM206025" LastModifiedDateTime="2019-04-02 21:03:26.45" DiscardResult="0" NoteID="3763422e-6a55-e911-b81b-00155d408001" IsExportOnlyMappingFields="0" />
		<row MappingID="ff4e1d4d-f020-41c3-9263-7b449a8e3261" Name="DM Import Customers" IsActive="1" ScreenID="AR303000" MappingType="I" GraphName="PX.Objects.AR.CustomerMaint" ViewName="BAccount" GridViewName="Locations" ProviderID="83d82462-cf4c-4922-a441-6687028529ce" ProviderObject="Customers" SyncType="F" Status="N" FieldCntr="65" FieldOrderCntr="0" ImportConditionCntr="0" ConditionCntr="0" DataCntr="0" NbrRecords="0" CreatedByID="b5344897-037e-4d58-b5c3-1bdfd0f47bf9" CreatedByScreenID="SM206025" CreatedDateTime="2019-04-02 20:27:22.79" LastModifiedByID="b5344897-037e-4d58-b5c3-1bdfd0f47bf9" LastModifiedByScreenID="SM206025" LastModifiedDateTime="2019-04-02 20:27:22.79" DiscardResult="0" NoteID="b1ebbb9f-6855-e911-b81b-00155d408001" IsExportOnlyMappingFields="0" />
		<row MappingID="33d601e6-26c1-4937-8046-7e449fda7696" Name="Import AR documents MC" IsActive="1" ScreenID="AR301000" MappingType="I" GraphName="PX.Objects.AR.ARInvoiceEntry" ViewName="Document" GridViewName="Transactions" ProviderID="f24c4e67-1515-4a47-8799-d05589cbe7e8" ProviderObject="AR Invoices Import" SyncType="F" Status="N" FieldCntr="548" FieldOrderCntr="0" ImportConditionCntr="0" ConditionCntr="0" DataCntr="0" NbrRecords="0" CreatedByID="b5344897-037e-4d58-b5c3-1bdfd0f47bf9" CreatedByScreenID="SM206025" CreatedDateTime="2016-04-14 23:42:17.4" LastModifiedByID="b5344897-037e-4d58-b5c3-1bdfd0f47bf9" LastModifiedByScreenID="SM206025" LastModifiedDateTime="2016-04-20 01:59:51.64" DiscardResult="0" NoteID="563057d4-e502-e611-80c4-00155d012302" IsExportOnlyMappingFields="0" />
		<row MappingID="fc8b2e6c-c83b-4d46-b4d7-823a8974a0ec" Name="Import AP documents MC" IsActive="1" ScreenID="AP301000" MappingType="I" GraphName="PX.Objects.AP.APInvoiceEntry" ViewName="Document" GridViewName="landedCostTrans" ProviderID="b722f48a-5af3-49a2-9b97-4d36ba0c68a0" ProviderObject="AP Bills Import" SyncType="F" Status="N" FieldCntr="548" FieldOrderCntr="0" ImportConditionCntr="0" ConditionCntr="0" DataCntr="0" NbrRecords="0" CreatedByID="b5344897-037e-4d58-b5c3-1bdfd0f47bf9" CreatedByScreenID="SM206025" CreatedDateTime="2016-04-14 23:40:41.567" LastModifiedByID="b5344897-037e-4d58-b5c3-1bdfd0f47bf9" LastModifiedByScreenID="SM206025" LastModifiedDateTime="2016-04-20 01:59:32.783" DiscardResult="0" NoteID="8883cf87-e502-e611-80c4-00155d012302" IsExportOnlyMappingFields="0" />
		<row MappingID="ede5772f-68a3-4db8-a159-904d5b0c6b37" Name="Import Journal Transactions MC" IsActive="1" ScreenID="GL301000" MappingType="I" GraphName="PX.Objects.GL.JournalEntry" ViewName="BatchModule" GridViewName="GLTranModuleBatNbr" ProviderID="a993eb91-8717-4ac2-999c-0a3c20c812f2" ProviderObject="GLTran" SyncType="F" Status="N" FieldCntr="516" FieldOrderCntr="0" ImportConditionCntr="0" ConditionCntr="0" DataCntr="0" NbrRecords="0" CreatedByID="b5344897-037e-4d58-b5c3-1bdfd0f47bf9" CreatedByScreenID="SM206025" CreatedDateTime="2016-04-14 23:46:21.157" LastModifiedByID="b5344897-037e-4d58-b5c3-1bdfd0f47bf9" LastModifiedByScreenID="SM206025" LastModifiedDateTime="2016-04-20 02:00:02.38" DiscardResult="0" NoteID="99f25e6d-e602-e611-80c4-00155d012302" IsExportOnlyMappingFields="0" />
		<row MappingID="afc03454-928c-40b2-b431-a41577517178" Name="DM Import Closed AP Bills" IsActive="1" ScreenID="AP301000" MappingType="I" GraphName="PX.Objects.AP.APInvoiceEntry" ViewName="Document" GridViewName="Transactions" ProviderID="ce3351c7-287e-418e-9594-82cd031db748" ProviderObject="AP Bills" SyncType="F" Status="N" FieldCntr="452" FieldOrderCntr="0" ImportConditionCntr="0" ConditionCntr="0" DataCntr="0" NbrRecords="0" CreatedByID="b5344897-037e-4d58-b5c3-1bdfd0f47bf9" CreatedByScreenID="SM206025" CreatedDateTime="2019-04-02 20:30:49.37" LastModifiedByID="b5344897-037e-4d58-b5c3-1bdfd0f47bf9" LastModifiedByScreenID="SM206025" LastModifiedDateTime="2019-04-05 13:18:02.247" DiscardResult="0" NoteID="a1db6e2e-6955-e911-b81b-00155d408001" IsExportOnlyMappingFields="0" />
		<row MappingID="6f1db1af-e380-4b99-a2f8-e74b636e0868" Name="DM Import Closed AR Invoices" IsActive="1" ScreenID="AR301000" MappingType="I" GraphName="PX.Objects.AR.ARInvoiceEntry" ViewName="Document" GridViewName="Transactions" ProviderID="e1d22b67-6e05-4396-8cd3-232628e9c14e" ProviderObject="Closed Invoices" SyncType="F" Status="N" FieldCntr="385" FieldOrderCntr="0" ImportConditionCntr="0" ConditionCntr="0" DataCntr="0" NbrRecords="0" CreatedByID="b5344897-037e-4d58-b5c3-1bdfd0f47bf9" CreatedByScreenID="SM206025" CreatedDateTime="2019-04-02 20:50:13.863" LastModifiedByID="b5344897-037e-4d58-b5c3-1bdfd0f47bf9" LastModifiedByScreenID="SM206025" LastModifiedDateTime="2019-04-02 20:50:13.863" DiscardResult="0" NoteID="c098ab6b-6955-e911-b81b-00155d408001" IsExportOnlyMappingFields="0" />
		<row MappingID="3ffe308a-283a-40c9-b2ca-f017b5230a59" Name="DM Import Open AR Payments" IsActive="1" ScreenID="AR302000" MappingType="I" GraphName="PX.Objects.AR.ARPaymentEntry" ViewName="Document" GridViewName="Adjustments" ProviderID="11768fb9-0dba-43ae-b83a-b35eac4914b3" ProviderObject="Open Payments" SyncType="F" Status="N" FieldCntr="196" FieldOrderCntr="0" ImportConditionCntr="0" ConditionCntr="0" DataCntr="0" NbrRecords="0" CreatedByID="b5344897-037e-4d58-b5c3-1bdfd0f47bf9" CreatedByScreenID="SM206025" CreatedDateTime="2019-04-02 21:04:31.103" LastModifiedByID="b5344897-037e-4d58-b5c3-1bdfd0f47bf9" LastModifiedByScreenID="SM206025" LastModifiedDateTime="2019-04-02 21:04:31.103" DiscardResult="0" NoteID="6e954756-6b55-e911-b81b-00155d408001" IsExportOnlyMappingFields="0" />
		<row MappingID="69200fd7-6843-4cc5-8b2c-fbb922b5feb3" Name="DM Import Open AP Bills" IsActive="1" ScreenID="AP301000" MappingType="I" GraphName="PX.Objects.AP.APInvoiceEntry" ViewName="Document" GridViewName="Transactions" ProviderID="93f016ef-4e6e-42c1-881a-707d8d8add3d" ProviderObject="Open Bills" SyncType="F" Status="N" FieldCntr="516" FieldOrderCntr="0" ImportConditionCntr="0" ConditionCntr="0" DataCntr="0" NbrRecords="0" CreatedByID="b5344897-037e-4d58-b5c3-1bdfd0f47bf9" CreatedByScreenID="SM206025" CreatedDateTime="2019-04-02 20:58:41.05" LastModifiedByID="b5344897-037e-4d58-b5c3-1bdfd0f47bf9" LastModifiedByScreenID="SM206025" LastModifiedDateTime="2019-04-02 20:58:41.05" DiscardResult="0" NoteID="875172f4-6955-e911-b81b-00155d408001" IsExportOnlyMappingFields="0" />
		<row MappingID="9b79295f-c1a7-4629-bcb8-fec8bde1cc11" Name="DM Import Open AP Prepayments" IsActive="1" ScreenID="AP302000" MappingType="I" GraphName="PX.Objects.AP.APPaymentEntry" ViewName="Document" GridViewName="Adjustments" ProviderID="9fa71f3c-67db-4ab3-b019-eb1ef112f846" ProviderObject="Open Prepayments" SyncType="F" Status="N" FieldCntr="196" FieldOrderCntr="0" ImportConditionCntr="0" ConditionCntr="0" DataCntr="0" NbrRecords="0" CreatedByID="b5344897-037e-4d58-b5c3-1bdfd0f47bf9" CreatedByScreenID="SM206025" CreatedDateTime="2019-04-02 21:00:53.377" LastModifiedByID="b5344897-037e-4d58-b5c3-1bdfd0f47bf9" LastModifiedByScreenID="SM206025" LastModifiedDateTime="2019-04-02 21:00:53.377" DiscardResult="0" NoteID="527e2d11-6a55-e911-b81b-00155d408001" IsExportOnlyMappingFields="0" />
		<row MappingID="c24426c1-4296-438f-ad60-ffaa1929e4cb" Name="DM Import Vendors" IsActive="1" ScreenID="AP303000" MappingType="I" GraphName="PX.Objects.AP.VendorMaint" ViewName="BAccount" GridViewName="Locations" ProviderID="01a74bf3-1f0d-4532-a2bb-694af79c409f" ProviderObject="Vendors" SyncType="F" Status="N" FieldCntr="65" FieldOrderCntr="0" ImportConditionCntr="0" ConditionCntr="0" DataCntr="0" NbrRecords="0" CreatedByID="b5344897-037e-4d58-b5c3-1bdfd0f47bf9" CreatedByScreenID="SM206025" CreatedDateTime="2019-04-02 20:25:20.297" LastModifiedByID="b5344897-037e-4d58-b5c3-1bdfd0f47bf9" LastModifiedByScreenID="SM206025" LastModifiedDateTime="2019-04-02 20:25:20.297" DiscardResult="0" NoteID="e56ef190-6855-e911-b81b-00155d408001" IsExportOnlyMappingFields="0" />
	</rows>
</data>