﻿<?xml version="1.0" encoding="utf-8"?>
<data>
	<table name="SYMappingField">
		<col name="CompanyID" type="Int" default="Zero" />
		<col name="MappingID" type="UniqueIdentifier" />
		<col name="LineNbr" type="SmallInt" />
		<col name="OrderNumber" type="Int" nullable="true" />
		<col name="IsActive" type="Bit" />
		<col name="IsVisible" type="Bit" />
		<col name="ParentLineNbr" type="SmallInt" nullable="true" />
		<col name="ObjectName" type="VarChar(128)" />
		<col name="FieldName" type="NVarChar(4000)" />
		<col name="Value" type="NVarChar(4000)" nullable="true" />
		<col name="NeedCommit" type="Bit" />
		<col name="IgnoreError" type="Bit" />
		<col name="CreatedByID" type="UniqueIdentifier" />
		<col name="CreatedByScreenID" type="Char(8)" />
		<col name="CreatedDateTime" type="DateTime" />
		<col name="LastModifiedByID" type="UniqueIdentifier" />
		<col name="LastModifiedByScreenID" type="Char(8)" />
		<col name="LastModifiedDateTime" type="DateTime" />
		<col name="tstamp" type="Timestamp" />
		<col name="CompanyMask" type="VarBinary(32)" default="CompanyMaskReadOnly" />
		<col name="NoteID" type="UniqueIdentifier" nullable="true" />
	</table>
	<rows>
		<row MappingID="6168c0de-801f-4b4b-b01b-6707a4f4cd86" LineNbr="4" OrderNumber="4" IsActive="1" IsVisible="1" ObjectName="Document" FieldName="DocType" Value="Doc Type" NeedCommit="1" IgnoreError="0" CreatedByID="b5344897-037e-4d58-b5c3-1bdfd0f47bf9" CreatedByScreenID="SM206025" CreatedDateTime="2019-04-02 21:03:26.467" LastModifiedByID="b5344897-037e-4d58-b5c3-1bdfd0f47bf9" LastModifiedByScreenID="SM206025" LastModifiedDateTime="2019-04-02 21:03:26.467" NoteID="249dc493-7155-e911-b81b-00155d408001" />
		<row MappingID="6168c0de-801f-4b4b-b01b-6707a4f4cd86" LineNbr="6" OrderNumber="6" IsActive="1" IsVisible="1" ObjectName="Document" FieldName="RefNbr" Value="Invoice Ref Nbr" NeedCommit="1" IgnoreError="0" CreatedByID="b5344897-037e-4d58-b5c3-1bdfd0f47bf9" CreatedByScreenID="SM206025" CreatedDateTime="2019-04-02 21:03:26.527" LastModifiedByID="b5344897-037e-4d58-b5c3-1bdfd0f47bf9" LastModifiedByScreenID="SM206025" LastModifiedDateTime="2019-04-02 21:03:26.527" NoteID="2b9dc493-7155-e911-b81b-00155d408001" />
		<row MappingID="6168c0de-801f-4b4b-b01b-6707a4f4cd86" LineNbr="7" OrderNumber="7" IsActive="1" IsVisible="1" ObjectName="Document" FieldName="CustomerID" Value="Customer ID" NeedCommit="1" IgnoreError="0" CreatedByID="b5344897-037e-4d58-b5c3-1bdfd0f47bf9" CreatedByScreenID="SM206025" CreatedDateTime="2019-04-02 21:03:26.56" LastModifiedByID="b5344897-037e-4d58-b5c3-1bdfd0f47bf9" LastModifiedByScreenID="SM206025" LastModifiedDateTime="2019-04-02 21:03:26.56" NoteID="2e9dc493-7155-e911-b81b-00155d408001" />
		<row MappingID="6168c0de-801f-4b4b-b01b-6707a4f4cd86" LineNbr="8" OrderNumber="8" IsActive="1" IsVisible="1" ObjectName="Document" FieldName="DocDate" Value="Date" NeedCommit="1" IgnoreError="0" CreatedByID="b5344897-037e-4d58-b5c3-1bdfd0f47bf9" CreatedByScreenID="SM206025" CreatedDateTime="2019-04-02 21:03:26.56" LastModifiedByID="b5344897-037e-4d58-b5c3-1bdfd0f47bf9" LastModifiedByScreenID="SM206025" LastModifiedDateTime="2019-04-02 21:03:26.56" NoteID="309dc493-7155-e911-b81b-00155d408001" />
		<row MappingID="6168c0de-801f-4b4b-b01b-6707a4f4cd86" LineNbr="9" OrderNumber="9" IsActive="1" IsVisible="1" ObjectName="Document" FieldName="FinPeriodID" Value="Post Period" NeedCommit="1" IgnoreError="0" CreatedByID="b5344897-037e-4d58-b5c3-1bdfd0f47bf9" CreatedByScreenID="SM206025" CreatedDateTime="2019-04-02 21:03:26.573" LastModifiedByID="b5344897-037e-4d58-b5c3-1bdfd0f47bf9" LastModifiedByScreenID="SM206025" LastModifiedDateTime="2019-04-02 21:03:26.573" NoteID="329dc493-7155-e911-b81b-00155d408001" />
		<row MappingID="6168c0de-801f-4b4b-b01b-6707a4f4cd86" LineNbr="10" OrderNumber="10" IsActive="1" IsVisible="1" ObjectName="Document" FieldName="InvoiceNbr" Value="Customer Ref Nbr" NeedCommit="0" IgnoreError="0" CreatedByID="b5344897-037e-4d58-b5c3-1bdfd0f47bf9" CreatedByScreenID="SM206025" CreatedDateTime="2019-04-02 21:03:26.573" LastModifiedByID="b5344897-037e-4d58-b5c3-1bdfd0f47bf9" LastModifiedByScreenID="SM206025" LastModifiedDateTime="2019-04-02 21:03:26.573" NoteID="349dc493-7155-e911-b81b-00155d408001" />
		<row MappingID="6168c0de-801f-4b4b-b01b-6707a4f4cd86" LineNbr="11" OrderNumber="11" IsActive="1" IsVisible="1" ObjectName="Document" FieldName="DocDesc" Value="Doc Description" NeedCommit="0" IgnoreError="0" CreatedByID="b5344897-037e-4d58-b5c3-1bdfd0f47bf9" CreatedByScreenID="SM206025" CreatedDateTime="2019-04-02 21:03:26.59" LastModifiedByID="b5344897-037e-4d58-b5c3-1bdfd0f47bf9" LastModifiedByScreenID="SM206025" LastModifiedDateTime="2019-04-02 21:03:26.59" NoteID="369dc493-7155-e911-b81b-00155d408001" />
		<row MappingID="6168c0de-801f-4b4b-b01b-6707a4f4cd86" LineNbr="12" OrderNumber="12" IsActive="1" IsVisible="1" ObjectName="Document" FieldName="CuryInitDocBal" Value="Balance" NeedCommit="1" IgnoreError="0" CreatedByID="b5344897-037e-4d58-b5c3-1bdfd0f47bf9" CreatedByScreenID="SM206025" CreatedDateTime="2019-04-02 21:03:26.59" LastModifiedByID="b5344897-037e-4d58-b5c3-1bdfd0f47bf9" LastModifiedByScreenID="SM206025" LastModifiedDateTime="2019-04-02 21:03:26.59" NoteID="389dc493-7155-e911-b81b-00155d408001" />
		<row MappingID="6168c0de-801f-4b4b-b01b-6707a4f4cd86" LineNbr="14" OrderNumber="14" IsActive="1" IsVisible="1" ObjectName="Transactions" FieldName="TranDesc" Value="Line Description" NeedCommit="0" IgnoreError="0" CreatedByID="b5344897-037e-4d58-b5c3-1bdfd0f47bf9" CreatedByScreenID="SM206025" CreatedDateTime="2019-04-02 21:03:26.607" LastModifiedByID="b5344897-037e-4d58-b5c3-1bdfd0f47bf9" LastModifiedByScreenID="SM206025" LastModifiedDateTime="2019-04-02 21:03:26.607" NoteID="3c9dc493-7155-e911-b81b-00155d408001" />
		<row MappingID="6168c0de-801f-4b4b-b01b-6707a4f4cd86" LineNbr="15" OrderNumber="15" IsActive="1" IsVisible="1" ObjectName="Transactions" FieldName="CuryExtPrice" Value="Ext Price" NeedCommit="1" IgnoreError="0" CreatedByID="b5344897-037e-4d58-b5c3-1bdfd0f47bf9" CreatedByScreenID="SM206025" CreatedDateTime="2019-04-02 21:03:26.62" LastModifiedByID="b5344897-037e-4d58-b5c3-1bdfd0f47bf9" LastModifiedByScreenID="SM206025" LastModifiedDateTime="2019-04-02 21:03:26.62" NoteID="3f9dc493-7155-e911-b81b-00155d408001" />
		<row MappingID="6168c0de-801f-4b4b-b01b-6707a4f4cd86" LineNbr="16" OrderNumber="16" IsActive="1" IsVisible="1" ObjectName="Document" FieldName="Hold" Value="='False'" NeedCommit="1" IgnoreError="0" CreatedByID="b5344897-037e-4d58-b5c3-1bdfd0f47bf9" CreatedByScreenID="SM206025" CreatedDateTime="2019-04-02 21:03:26.62" LastModifiedByID="b5344897-037e-4d58-b5c3-1bdfd0f47bf9" LastModifiedByScreenID="SM206025" LastModifiedDateTime="2019-04-02 21:03:26.62" NoteID="419dc493-7155-e911-b81b-00155d408001" />
		<row MappingID="6168c0de-801f-4b4b-b01b-6707a4f4cd86" LineNbr="17" OrderNumber="17" IsActive="1" IsVisible="1" ObjectName="Document" FieldName="&lt;Save&gt;" NeedCommit="0" IgnoreError="0" CreatedByID="b5344897-037e-4d58-b5c3-1bdfd0f47bf9" CreatedByScreenID="SM206025" CreatedDateTime="2019-04-02 21:03:26.637" LastModifiedByID="b5344897-037e-4d58-b5c3-1bdfd0f47bf9" LastModifiedByScreenID="SM206025" LastModifiedDateTime="2019-04-02 21:03:26.637" NoteID="439dc493-7155-e911-b81b-00155d408001" />
		<row MappingID="6168c0de-801f-4b4b-b01b-6707a4f4cd86" LineNbr="36" OrderNumber="1" IsActive="1" IsVisible="0" ParentLineNbr="4" ObjectName="Document" FieldName="@@DocType" Value="=[Document.DocType]" NeedCommit="0" IgnoreError="0" CreatedByID="b5344897-037e-4d58-b5c3-1bdfd0f47bf9" CreatedByScreenID="SM206025" CreatedDateTime="2019-04-02 21:03:26.48" LastModifiedByID="b5344897-037e-4d58-b5c3-1bdfd0f47bf9" LastModifiedByScreenID="SM206025" LastModifiedDateTime="2019-04-02 21:03:26.48" NoteID="269dc493-7155-e911-b81b-00155d408001" />
		<row MappingID="6168c0de-801f-4b4b-b01b-6707a4f4cd86" LineNbr="68" OrderNumber="2" IsActive="1" IsVisible="0" ParentLineNbr="4" ObjectName="Document" FieldName="@@RefNbr" Value="=[Document.RefNbr]" NeedCommit="0" IgnoreError="0" CreatedByID="b5344897-037e-4d58-b5c3-1bdfd0f47bf9" CreatedByScreenID="SM206025" CreatedDateTime="2019-04-02 21:03:26.497" LastModifiedByID="b5344897-037e-4d58-b5c3-1bdfd0f47bf9" LastModifiedByScreenID="SM206025" LastModifiedDateTime="2019-04-02 21:03:26.497" NoteID="279dc493-7155-e911-b81b-00155d408001" />
		<row MappingID="6168c0de-801f-4b4b-b01b-6707a4f4cd86" LineNbr="100" OrderNumber="3" IsActive="1" IsVisible="0" ParentLineNbr="4" ObjectName="Document" FieldName="&lt;Cancel&gt;" NeedCommit="0" IgnoreError="0" CreatedByID="b5344897-037e-4d58-b5c3-1bdfd0f47bf9" CreatedByScreenID="SM206025" CreatedDateTime="2019-04-02 21:03:26.51" LastModifiedByID="b5344897-037e-4d58-b5c3-1bdfd0f47bf9" LastModifiedByScreenID="SM206025" LastModifiedDateTime="2019-04-02 21:03:26.51" NoteID="289dc493-7155-e911-b81b-00155d408001" />
		<row MappingID="6168c0de-801f-4b4b-b01b-6707a4f4cd86" LineNbr="196" OrderNumber="5" IsActive="1" IsVisible="0" ParentLineNbr="6" ObjectName="Document" FieldName="&lt;Cancel&gt;" NeedCommit="0" IgnoreError="0" CreatedByID="b5344897-037e-4d58-b5c3-1bdfd0f47bf9" CreatedByScreenID="SM206025" CreatedDateTime="2019-04-02 21:03:26.543" LastModifiedByID="b5344897-037e-4d58-b5c3-1bdfd0f47bf9" LastModifiedByScreenID="SM206025" LastModifiedDateTime="2019-04-02 21:03:26.543" NoteID="2d9dc493-7155-e911-b81b-00155d408001" />
		<row MappingID="6168c0de-801f-4b4b-b01b-6707a4f4cd86" LineNbr="484" OrderNumber="13" IsActive="1" IsVisible="0" ParentLineNbr="14" ObjectName="Transactions" FieldName="##" Value="=-1" NeedCommit="0" IgnoreError="0" CreatedByID="b5344897-037e-4d58-b5c3-1bdfd0f47bf9" CreatedByScreenID="SM206025" CreatedDateTime="2019-04-02 21:03:26.607" LastModifiedByID="b5344897-037e-4d58-b5c3-1bdfd0f47bf9" LastModifiedByScreenID="SM206025" LastModifiedDateTime="2019-04-02 21:03:26.607" NoteID="3e9dc493-7155-e911-b81b-00155d408001" />
		<row MappingID="ff4e1d4d-f020-41c3-9263-7b449a8e3261" LineNbr="1" OrderNumber="3" IsActive="1" IsVisible="1" ObjectName="BAccount" FieldName="AcctCD" Value="Customer ID" NeedCommit="1" IgnoreError="0" CreatedByID="b5344897-037e-4d58-b5c3-1bdfd0f47bf9" CreatedByScreenID="SM206025" CreatedDateTime="2019-04-02 20:27:22.807" LastModifiedByID="b5344897-037e-4d58-b5c3-1bdfd0f47bf9" LastModifiedByScreenID="SM206025" LastModifiedDateTime="2019-04-02 20:27:22.807" NoteID="5161508e-6c55-e911-b81b-00155d408001" />
		<row MappingID="ff4e1d4d-f020-41c3-9263-7b449a8e3261" LineNbr="2" OrderNumber="4" IsActive="1" IsVisible="1" ObjectName="BAccount" FieldName="AcctName" Value="Customer Name" NeedCommit="1" IgnoreError="0" CreatedByID="b5344897-037e-4d58-b5c3-1bdfd0f47bf9" CreatedByScreenID="SM206025" CreatedDateTime="2019-04-02 20:27:22.837" LastModifiedByID="b5344897-037e-4d58-b5c3-1bdfd0f47bf9" LastModifiedByScreenID="SM206025" LastModifiedDateTime="2019-04-02 20:27:22.837" NoteID="5561508e-6c55-e911-b81b-00155d408001" />
		<row MappingID="ff4e1d4d-f020-41c3-9263-7b449a8e3261" LineNbr="3" OrderNumber="5" IsActive="1" IsVisible="1" ObjectName="CurrentCustomer: 1" FieldName="CustomerClassID" Value="Customer Class" NeedCommit="1" IgnoreError="0" CreatedByID="b5344897-037e-4d58-b5c3-1bdfd0f47bf9" CreatedByScreenID="SM206025" CreatedDateTime="2019-04-02 20:27:22.853" LastModifiedByID="b5344897-037e-4d58-b5c3-1bdfd0f47bf9" LastModifiedByScreenID="SM206025" LastModifiedDateTime="2019-04-02 20:27:22.853" NoteID="5761508e-6c55-e911-b81b-00155d408001" />
		<row MappingID="ff4e1d4d-f020-41c3-9263-7b449a8e3261" LineNbr="4" OrderNumber="6" IsActive="1" IsVisible="1" ObjectName="DefAddress" FieldName="City" Value="City" NeedCommit="1" IgnoreError="0" CreatedByID="b5344897-037e-4d58-b5c3-1bdfd0f47bf9" CreatedByScreenID="SM206025" CreatedDateTime="2019-04-02 20:27:22.87" LastModifiedByID="b5344897-037e-4d58-b5c3-1bdfd0f47bf9" LastModifiedByScreenID="SM206025" LastModifiedDateTime="2019-04-02 20:27:22.87" NoteID="5961508e-6c55-e911-b81b-00155d408001" />
		<row MappingID="ff4e1d4d-f020-41c3-9263-7b449a8e3261" LineNbr="5" OrderNumber="7" IsActive="1" IsVisible="1" ObjectName="DefAddress" FieldName="CountryID" Value="Country" NeedCommit="1" IgnoreError="0" CreatedByID="b5344897-037e-4d58-b5c3-1bdfd0f47bf9" CreatedByScreenID="SM206025" CreatedDateTime="2019-04-02 20:27:22.887" LastModifiedByID="b5344897-037e-4d58-b5c3-1bdfd0f47bf9" LastModifiedByScreenID="SM206025" LastModifiedDateTime="2019-04-02 20:27:22.887" NoteID="5b61508e-6c55-e911-b81b-00155d408001" />
		<row MappingID="ff4e1d4d-f020-41c3-9263-7b449a8e3261" LineNbr="6" OrderNumber="8" IsActive="1" IsVisible="1" ObjectName="DefAddress" FieldName="State" Value="State" NeedCommit="1" IgnoreError="0" CreatedByID="b5344897-037e-4d58-b5c3-1bdfd0f47bf9" CreatedByScreenID="SM206025" CreatedDateTime="2019-04-02 20:27:22.887" LastModifiedByID="b5344897-037e-4d58-b5c3-1bdfd0f47bf9" LastModifiedByScreenID="SM206025" LastModifiedDateTime="2019-04-02 20:27:22.887" NoteID="5d61508e-6c55-e911-b81b-00155d408001" />
		<row MappingID="ff4e1d4d-f020-41c3-9263-7b449a8e3261" LineNbr="7" OrderNumber="9" IsActive="1" IsVisible="1" ObjectName="DefAddress" FieldName="AddressLine1" Value="Address Line 1" NeedCommit="1" IgnoreError="0" CreatedByID="b5344897-037e-4d58-b5c3-1bdfd0f47bf9" CreatedByScreenID="SM206025" CreatedDateTime="2019-04-02 20:27:22.9" LastModifiedByID="b5344897-037e-4d58-b5c3-1bdfd0f47bf9" LastModifiedByScreenID="SM206025" LastModifiedDateTime="2019-04-02 20:27:22.9" NoteID="5f61508e-6c55-e911-b81b-00155d408001" />
		<row MappingID="ff4e1d4d-f020-41c3-9263-7b449a8e3261" LineNbr="8" OrderNumber="10" IsActive="1" IsVisible="1" ObjectName="DefContact" FieldName="Phone1" Value="Phone 1" NeedCommit="0" IgnoreError="0" CreatedByID="b5344897-037e-4d58-b5c3-1bdfd0f47bf9" CreatedByScreenID="SM206025" CreatedDateTime="2019-04-02 20:27:22.917" LastModifiedByID="b5344897-037e-4d58-b5c3-1bdfd0f47bf9" LastModifiedByScreenID="SM206025" LastModifiedDateTime="2019-04-02 20:27:22.917" NoteID="6161508e-6c55-e911-b81b-00155d408001" />
		<row MappingID="ff4e1d4d-f020-41c3-9263-7b449a8e3261" LineNbr="9" OrderNumber="11" IsActive="1" IsVisible="1" ObjectName="DefContact" FieldName="Attention" Value="Attention" NeedCommit="0" IgnoreError="0" CreatedByID="b5344897-037e-4d58-b5c3-1bdfd0f47bf9" CreatedByScreenID="SM206025" CreatedDateTime="2019-04-02 20:27:22.933" LastModifiedByID="b5344897-037e-4d58-b5c3-1bdfd0f47bf9" LastModifiedByScreenID="SM206025" LastModifiedDateTime="2019-04-02 20:27:22.933" NoteID="6361508e-6c55-e911-b81b-00155d408001" />
		<row MappingID="ff4e1d4d-f020-41c3-9263-7b449a8e3261" LineNbr="10" OrderNumber="12" IsActive="1" IsVisible="1" ObjectName="DefContact" FieldName="EMail" Value="Email" NeedCommit="1" IgnoreError="0" CreatedByID="b5344897-037e-4d58-b5c3-1bdfd0f47bf9" CreatedByScreenID="SM206025" CreatedDateTime="2019-04-02 20:27:22.933" LastModifiedByID="b5344897-037e-4d58-b5c3-1bdfd0f47bf9" LastModifiedByScreenID="SM206025" LastModifiedDateTime="2019-04-02 20:27:22.933" NoteID="6561508e-6c55-e911-b81b-00155d408001" />
		<row MappingID="ff4e1d4d-f020-41c3-9263-7b449a8e3261" LineNbr="11" OrderNumber="13" IsActive="1" IsVisible="1" ObjectName="BAccount" FieldName="&lt;Save&gt;" NeedCommit="0" IgnoreError="0" CreatedByID="b5344897-037e-4d58-b5c3-1bdfd0f47bf9" CreatedByScreenID="SM206025" CreatedDateTime="2019-04-02 20:27:22.95" LastModifiedByID="b5344897-037e-4d58-b5c3-1bdfd0f47bf9" LastModifiedByScreenID="SM206025" LastModifiedDateTime="2019-04-02 20:27:22.95" NoteID="6761508e-6c55-e911-b81b-00155d408001" />
		<row MappingID="ff4e1d4d-f020-41c3-9263-7b449a8e3261" LineNbr="33" OrderNumber="1" IsActive="1" IsVisible="0" ParentLineNbr="1" ObjectName="BAccount" FieldName="@@AcctCD" Value="=[BAccount.AcctCD]" NeedCommit="0" IgnoreError="0" CreatedByID="b5344897-037e-4d58-b5c3-1bdfd0f47bf9" CreatedByScreenID="SM206025" CreatedDateTime="2019-04-02 20:27:22.807" LastModifiedByID="b5344897-037e-4d58-b5c3-1bdfd0f47bf9" LastModifiedByScreenID="SM206025" LastModifiedDateTime="2019-04-02 20:27:22.807" NoteID="5361508e-6c55-e911-b81b-00155d408001" />
		<row MappingID="ff4e1d4d-f020-41c3-9263-7b449a8e3261" LineNbr="65" OrderNumber="2" IsActive="1" IsVisible="0" ParentLineNbr="1" ObjectName="BAccount" FieldName="&lt;Cancel&gt;" NeedCommit="0" IgnoreError="0" CreatedByID="b5344897-037e-4d58-b5c3-1bdfd0f47bf9" CreatedByScreenID="SM206025" CreatedDateTime="2019-04-02 20:27:22.82" LastModifiedByID="b5344897-037e-4d58-b5c3-1bdfd0f47bf9" LastModifiedByScreenID="SM206025" LastModifiedDateTime="2019-04-02 20:27:22.82" NoteID="5461508e-6c55-e911-b81b-00155d408001" />
		<row MappingID="33d601e6-26c1-4937-8046-7e449fda7696" LineNbr="4" OrderNumber="4" IsActive="1" IsVisible="1" ObjectName="Document" FieldName="DocType" Value="Type" NeedCommit="1" IgnoreError="0" CreatedByID="b5344897-037e-4d58-b5c3-1bdfd0f47bf9" CreatedByScreenID="SM206025" CreatedDateTime="2016-04-14 23:42:52.37" LastModifiedByID="b5344897-037e-4d58-b5c3-1bdfd0f47bf9" LastModifiedByScreenID="SM206025" LastModifiedDateTime="2016-04-20 01:59:51.653" NoteID="0ddfac04-e602-e611-80c4-00155d012302" />
		<row MappingID="33d601e6-26c1-4937-8046-7e449fda7696" LineNbr="6" OrderNumber="6" IsActive="1" IsVisible="1" ObjectName="Document" FieldName="RefNbr" Value="Reference Number" NeedCommit="1" IgnoreError="0" CreatedByID="b5344897-037e-4d58-b5c3-1bdfd0f47bf9" CreatedByScreenID="SM206025" CreatedDateTime="2016-04-14 23:42:52.387" LastModifiedByID="b5344897-037e-4d58-b5c3-1bdfd0f47bf9" LastModifiedByScreenID="SM206025" LastModifiedDateTime="2016-04-20 01:59:51.657" NoteID="14dfac04-e602-e611-80c4-00155d012302" />
		<row MappingID="33d601e6-26c1-4937-8046-7e449fda7696" LineNbr="7" OrderNumber="7" IsActive="1" IsVisible="1" ObjectName="Document" FieldName="CustomerID" Value="Customer ID" NeedCommit="1" IgnoreError="0" CreatedByID="b5344897-037e-4d58-b5c3-1bdfd0f47bf9" CreatedByScreenID="SM206025" CreatedDateTime="2016-04-14 23:42:52.393" LastModifiedByID="b5344897-037e-4d58-b5c3-1bdfd0f47bf9" LastModifiedByScreenID="SM206025" LastModifiedDateTime="2016-04-20 01:59:51.66" NoteID="17dfac04-e602-e611-80c4-00155d012302" />
		<row MappingID="33d601e6-26c1-4937-8046-7e449fda7696" LineNbr="8" OrderNumber="8" IsActive="1" IsVisible="1" ObjectName="Document" FieldName="DocDate" Value="Date" NeedCommit="1" IgnoreError="0" CreatedByID="b5344897-037e-4d58-b5c3-1bdfd0f47bf9" CreatedByScreenID="SM206025" CreatedDateTime="2016-04-14 23:42:52.4" LastModifiedByID="b5344897-037e-4d58-b5c3-1bdfd0f47bf9" LastModifiedByScreenID="SM206025" LastModifiedDateTime="2016-04-20 01:59:51.663" NoteID="19dfac04-e602-e611-80c4-00155d012302" />
		<row MappingID="33d601e6-26c1-4937-8046-7e449fda7696" LineNbr="9" OrderNumber="9" IsActive="1" IsVisible="1" ObjectName="Document" FieldName="FinPeriodID" Value="Post Period" NeedCommit="1" IgnoreError="0" CreatedByID="b5344897-037e-4d58-b5c3-1bdfd0f47bf9" CreatedByScreenID="SM206025" CreatedDateTime="2016-04-14 23:42:52.403" LastModifiedByID="b5344897-037e-4d58-b5c3-1bdfd0f47bf9" LastModifiedByScreenID="SM206025" LastModifiedDateTime="2016-04-20 01:59:51.667" NoteID="1bdfac04-e602-e611-80c4-00155d012302" />
		<row MappingID="33d601e6-26c1-4937-8046-7e449fda7696" LineNbr="10" OrderNumber="10" IsActive="1" IsVisible="1" ObjectName="Document" FieldName="DocDesc" Value="Description" NeedCommit="0" IgnoreError="0" CreatedByID="b5344897-037e-4d58-b5c3-1bdfd0f47bf9" CreatedByScreenID="SM206025" CreatedDateTime="2016-04-14 23:42:52.407" LastModifiedByID="b5344897-037e-4d58-b5c3-1bdfd0f47bf9" LastModifiedByScreenID="SM206025" LastModifiedDateTime="2016-04-20 01:59:51.667" NoteID="1ddfac04-e602-e611-80c4-00155d012302" />
		<row MappingID="33d601e6-26c1-4937-8046-7e449fda7696" LineNbr="11" OrderNumber="11" IsActive="1" IsVisible="1" ObjectName="Document" FieldName="CuryID" Value="Currency" NeedCommit="1" IgnoreError="0" CreatedByID="b5344897-037e-4d58-b5c3-1bdfd0f47bf9" CreatedByScreenID="SM206025" CreatedDateTime="2016-04-14 23:42:52.41" LastModifiedByID="b5344897-037e-4d58-b5c3-1bdfd0f47bf9" LastModifiedByScreenID="SM206025" LastModifiedDateTime="2016-04-20 01:59:51.67" NoteID="1fdfac04-e602-e611-80c4-00155d012302" />
		<row MappingID="33d601e6-26c1-4937-8046-7e449fda7696" LineNbr="12" OrderNumber="12" IsActive="1" IsVisible="1" ObjectName="_ARInvoice_CurrencyInfo_" FieldName="CuryRateTypeID" Value="Rate Type ID" NeedCommit="1" IgnoreError="0" CreatedByID="b5344897-037e-4d58-b5c3-1bdfd0f47bf9" CreatedByScreenID="SM206025" CreatedDateTime="2016-04-14 23:42:52.417" LastModifiedByID="b5344897-037e-4d58-b5c3-1bdfd0f47bf9" LastModifiedByScreenID="SM206025" LastModifiedDateTime="2016-04-20 01:59:51.673" NoteID="21dfac04-e602-e611-80c4-00155d012302" />
		<row MappingID="33d601e6-26c1-4937-8046-7e449fda7696" LineNbr="14" OrderNumber="13" IsActive="1" IsVisible="1" ObjectName="_ARInvoice_CurrencyInfo_: 1" FieldName="SampleCuryRate" Value="Rate" NeedCommit="0" IgnoreError="0" CreatedByID="b5344897-037e-4d58-b5c3-1bdfd0f47bf9" CreatedByScreenID="SM206025" CreatedDateTime="2016-04-14 23:42:52.423" LastModifiedByID="b5344897-037e-4d58-b5c3-1bdfd0f47bf9" LastModifiedByScreenID="SM206025" LastModifiedDateTime="2016-04-20 01:59:51.673" NoteID="25dfac04-e602-e611-80c4-00155d012302" />
		<row MappingID="33d601e6-26c1-4937-8046-7e449fda7696" LineNbr="16" OrderNumber="15" IsActive="1" IsVisible="1" ObjectName="Transactions" FieldName="TranDesc" Value="Line Description" NeedCommit="0" IgnoreError="0" CreatedByID="b5344897-037e-4d58-b5c3-1bdfd0f47bf9" CreatedByScreenID="SM206025" CreatedDateTime="2016-04-14 23:42:52.427" LastModifiedByID="b5344897-037e-4d58-b5c3-1bdfd0f47bf9" LastModifiedByScreenID="SM206025" LastModifiedDateTime="2016-04-20 01:59:51.68" NoteID="29dfac04-e602-e611-80c4-00155d012302" />
		<row MappingID="33d601e6-26c1-4937-8046-7e449fda7696" LineNbr="17" OrderNumber="16" IsActive="1" IsVisible="1" ObjectName="Transactions" FieldName="CuryExtPrice" Value="Ext. Price" NeedCommit="0" IgnoreError="0" CreatedByID="b5344897-037e-4d58-b5c3-1bdfd0f47bf9" CreatedByScreenID="SM206025" CreatedDateTime="2016-04-14 23:42:52.437" LastModifiedByID="b5344897-037e-4d58-b5c3-1bdfd0f47bf9" LastModifiedByScreenID="SM206025" LastModifiedDateTime="2016-04-20 01:59:51.683" NoteID="2cdfac04-e602-e611-80c4-00155d012302" />
		<row MappingID="33d601e6-26c1-4937-8046-7e449fda7696" LineNbr="18" OrderNumber="17" IsActive="1" IsVisible="1" ObjectName="Transactions" FieldName="AccountID" Value="Migration Clearing Account" NeedCommit="1" IgnoreError="0" CreatedByID="b5344897-037e-4d58-b5c3-1bdfd0f47bf9" CreatedByScreenID="SM206025" CreatedDateTime="2016-04-14 23:42:52.44" LastModifiedByID="b5344897-037e-4d58-b5c3-1bdfd0f47bf9" LastModifiedByScreenID="SM206025" LastModifiedDateTime="2016-04-20 01:59:51.687" NoteID="2edfac04-e602-e611-80c4-00155d012302" />
		<row MappingID="33d601e6-26c1-4937-8046-7e449fda7696" LineNbr="19" OrderNumber="18" IsActive="1" IsVisible="1" ObjectName="Document" FieldName="&lt;Save&gt;" NeedCommit="0" IgnoreError="0" CreatedByID="b5344897-037e-4d58-b5c3-1bdfd0f47bf9" CreatedByScreenID="SM206025" CreatedDateTime="2016-04-14 23:42:52.447" LastModifiedByID="b5344897-037e-4d58-b5c3-1bdfd0f47bf9" LastModifiedByScreenID="SM206025" LastModifiedDateTime="2016-04-20 01:59:51.64" NoteID="30dfac04-e602-e611-80c4-00155d012302" />
		<row MappingID="33d601e6-26c1-4937-8046-7e449fda7696" LineNbr="36" OrderNumber="1" IsActive="1" IsVisible="0" ParentLineNbr="4" ObjectName="Document" FieldName="@@DocType" Value="=[Document.DocType]" NeedCommit="0" IgnoreError="0" CreatedByID="b5344897-037e-4d58-b5c3-1bdfd0f47bf9" CreatedByScreenID="SM206025" CreatedDateTime="2016-04-14 23:42:52.373" LastModifiedByID="b5344897-037e-4d58-b5c3-1bdfd0f47bf9" LastModifiedByScreenID="SM206025" LastModifiedDateTime="2016-04-20 01:59:51.643" NoteID="0fdfac04-e602-e611-80c4-00155d012302" />
		<row MappingID="33d601e6-26c1-4937-8046-7e449fda7696" LineNbr="68" OrderNumber="2" IsActive="1" IsVisible="0" ParentLineNbr="4" ObjectName="Document" FieldName="@@RefNbr" Value="=[Document.RefNbr]" NeedCommit="0" IgnoreError="0" CreatedByID="b5344897-037e-4d58-b5c3-1bdfd0f47bf9" CreatedByScreenID="SM206025" CreatedDateTime="2016-04-14 23:42:52.38" LastModifiedByID="b5344897-037e-4d58-b5c3-1bdfd0f47bf9" LastModifiedByScreenID="SM206025" LastModifiedDateTime="2016-04-20 01:59:51.647" NoteID="10dfac04-e602-e611-80c4-00155d012302" />
		<row MappingID="33d601e6-26c1-4937-8046-7e449fda7696" LineNbr="100" OrderNumber="3" IsActive="1" IsVisible="0" ParentLineNbr="4" ObjectName="Document" FieldName="&lt;Cancel&gt;" NeedCommit="0" IgnoreError="0" CreatedByID="b5344897-037e-4d58-b5c3-1bdfd0f47bf9" CreatedByScreenID="SM206025" CreatedDateTime="2016-04-14 23:42:52.383" LastModifiedByID="b5344897-037e-4d58-b5c3-1bdfd0f47bf9" LastModifiedByScreenID="SM206025" LastModifiedDateTime="2016-04-20 01:59:51.65" NoteID="11dfac04-e602-e611-80c4-00155d012302" />
		<row MappingID="33d601e6-26c1-4937-8046-7e449fda7696" LineNbr="196" OrderNumber="5" IsActive="1" IsVisible="0" ParentLineNbr="6" ObjectName="Document" FieldName="&lt;Cancel&gt;" NeedCommit="0" IgnoreError="0" CreatedByID="b5344897-037e-4d58-b5c3-1bdfd0f47bf9" CreatedByScreenID="SM206025" CreatedDateTime="2016-04-14 23:42:52.39" LastModifiedByID="b5344897-037e-4d58-b5c3-1bdfd0f47bf9" LastModifiedByScreenID="SM206025" LastModifiedDateTime="2016-04-20 01:59:51.657" NoteID="16dfac04-e602-e611-80c4-00155d012302" />
		<row MappingID="33d601e6-26c1-4937-8046-7e449fda7696" LineNbr="548" OrderNumber="14" IsActive="1" IsVisible="0" ParentLineNbr="16" ObjectName="Transactions" FieldName="##" Value="=-1" NeedCommit="0" IgnoreError="0" CreatedByID="b5344897-037e-4d58-b5c3-1bdfd0f47bf9" CreatedByScreenID="SM206025" CreatedDateTime="2016-04-14 23:42:52.43" LastModifiedByID="b5344897-037e-4d58-b5c3-1bdfd0f47bf9" LastModifiedByScreenID="SM206025" LastModifiedDateTime="2016-04-20 01:59:51.677" NoteID="2bdfac04-e602-e611-80c4-00155d012302" />
		<row MappingID="fc8b2e6c-c83b-4d46-b4d7-823a8974a0ec" LineNbr="4" OrderNumber="4" IsActive="1" IsVisible="1" ObjectName="Document" FieldName="DocType" Value="Type" NeedCommit="1" IgnoreError="0" CreatedByID="b5344897-037e-4d58-b5c3-1bdfd0f47bf9" CreatedByScreenID="SM206025" CreatedDateTime="2016-04-14 23:41:12.593" LastModifiedByID="b5344897-037e-4d58-b5c3-1bdfd0f47bf9" LastModifiedByScreenID="SM206025" LastModifiedDateTime="2016-04-20 01:59:32.807" NoteID="94ebe9c8-e502-e611-80c4-00155d012302" />
		<row MappingID="fc8b2e6c-c83b-4d46-b4d7-823a8974a0ec" LineNbr="6" OrderNumber="6" IsActive="1" IsVisible="1" ObjectName="Document" FieldName="RefNbr" Value="Reference Number" NeedCommit="1" IgnoreError="0" CreatedByID="b5344897-037e-4d58-b5c3-1bdfd0f47bf9" CreatedByScreenID="SM206025" CreatedDateTime="2016-04-14 23:41:12.613" LastModifiedByID="b5344897-037e-4d58-b5c3-1bdfd0f47bf9" LastModifiedByScreenID="SM206025" LastModifiedDateTime="2016-04-20 01:59:32.813" NoteID="9bebe9c8-e502-e611-80c4-00155d012302" />
		<row MappingID="fc8b2e6c-c83b-4d46-b4d7-823a8974a0ec" LineNbr="7" OrderNumber="7" IsActive="1" IsVisible="1" ObjectName="Document" FieldName="VendorID" Value="Vendor ID" NeedCommit="1" IgnoreError="0" CreatedByID="b5344897-037e-4d58-b5c3-1bdfd0f47bf9" CreatedByScreenID="SM206025" CreatedDateTime="2016-04-14 23:41:12.623" LastModifiedByID="b5344897-037e-4d58-b5c3-1bdfd0f47bf9" LastModifiedByScreenID="SM206025" LastModifiedDateTime="2016-04-20 01:59:32.817" NoteID="9eebe9c8-e502-e611-80c4-00155d012302" />
		<row MappingID="fc8b2e6c-c83b-4d46-b4d7-823a8974a0ec" LineNbr="8" OrderNumber="8" IsActive="1" IsVisible="1" ObjectName="Document" FieldName="DocDate" Value="Date" NeedCommit="1" IgnoreError="0" CreatedByID="b5344897-037e-4d58-b5c3-1bdfd0f47bf9" CreatedByScreenID="SM206025" CreatedDateTime="2016-04-14 23:41:12.627" LastModifiedByID="b5344897-037e-4d58-b5c3-1bdfd0f47bf9" LastModifiedByScreenID="SM206025" LastModifiedDateTime="2016-04-20 01:59:32.82" NoteID="a0ebe9c8-e502-e611-80c4-00155d012302" />
		<row MappingID="fc8b2e6c-c83b-4d46-b4d7-823a8974a0ec" LineNbr="9" OrderNumber="9" IsActive="1" IsVisible="1" ObjectName="Document" FieldName="FinPeriodID" Value="Post Period" NeedCommit="1" IgnoreError="0" CreatedByID="b5344897-037e-4d58-b5c3-1bdfd0f47bf9" CreatedByScreenID="SM206025" CreatedDateTime="2016-04-14 23:41:12.63" LastModifiedByID="b5344897-037e-4d58-b5c3-1bdfd0f47bf9" LastModifiedByScreenID="SM206025" LastModifiedDateTime="2016-04-20 01:59:32.82" NoteID="a2ebe9c8-e502-e611-80c4-00155d012302" />
		<row MappingID="fc8b2e6c-c83b-4d46-b4d7-823a8974a0ec" LineNbr="10" OrderNumber="10" IsActive="1" IsVisible="1" ObjectName="Document" FieldName="DocDesc" Value="Description" NeedCommit="0" IgnoreError="0" CreatedByID="b5344897-037e-4d58-b5c3-1bdfd0f47bf9" CreatedByScreenID="SM206025" CreatedDateTime="2016-04-14 23:41:12.633" LastModifiedByID="b5344897-037e-4d58-b5c3-1bdfd0f47bf9" LastModifiedByScreenID="SM206025" LastModifiedDateTime="2016-04-20 01:59:32.823" NoteID="a4ebe9c8-e502-e611-80c4-00155d012302" />
		<row MappingID="fc8b2e6c-c83b-4d46-b4d7-823a8974a0ec" LineNbr="11" OrderNumber="11" IsActive="1" IsVisible="1" ObjectName="Document" FieldName="CuryID" Value="Currency" NeedCommit="1" IgnoreError="0" CreatedByID="b5344897-037e-4d58-b5c3-1bdfd0f47bf9" CreatedByScreenID="SM206025" CreatedDateTime="2016-04-14 23:41:12.64" LastModifiedByID="b5344897-037e-4d58-b5c3-1bdfd0f47bf9" LastModifiedByScreenID="SM206025" LastModifiedDateTime="2016-04-20 01:59:32.827" NoteID="a6ebe9c8-e502-e611-80c4-00155d012302" />
		<row MappingID="fc8b2e6c-c83b-4d46-b4d7-823a8974a0ec" LineNbr="12" OrderNumber="12" IsActive="1" IsVisible="1" ObjectName="_APInvoice_CurrencyInfo_" FieldName="CuryRateTypeID" Value="Rate Type ID" NeedCommit="1" IgnoreError="0" CreatedByID="b5344897-037e-4d58-b5c3-1bdfd0f47bf9" CreatedByScreenID="SM206025" CreatedDateTime="2016-04-14 23:41:12.643" LastModifiedByID="b5344897-037e-4d58-b5c3-1bdfd0f47bf9" LastModifiedByScreenID="SM206025" LastModifiedDateTime="2016-04-20 01:59:32.83" NoteID="a8ebe9c8-e502-e611-80c4-00155d012302" />
		<row MappingID="fc8b2e6c-c83b-4d46-b4d7-823a8974a0ec" LineNbr="14" OrderNumber="13" IsActive="1" IsVisible="1" ObjectName="_APInvoice_CurrencyInfo_: 1" FieldName="SampleCuryRate" Value="Rate" NeedCommit="0" IgnoreError="0" CreatedByID="b5344897-037e-4d58-b5c3-1bdfd0f47bf9" CreatedByScreenID="SM206025" CreatedDateTime="2016-04-14 23:41:12.653" LastModifiedByID="b5344897-037e-4d58-b5c3-1bdfd0f47bf9" LastModifiedByScreenID="SM206025" LastModifiedDateTime="2016-04-20 01:59:32.833" NoteID="acebe9c8-e502-e611-80c4-00155d012302" />
		<row MappingID="fc8b2e6c-c83b-4d46-b4d7-823a8974a0ec" LineNbr="16" OrderNumber="15" IsActive="1" IsVisible="1" ObjectName="Transactions" FieldName="TranDesc" Value="Line Description" NeedCommit="0" IgnoreError="0" CreatedByID="b5344897-037e-4d58-b5c3-1bdfd0f47bf9" CreatedByScreenID="SM206025" CreatedDateTime="2016-04-14 23:41:12.657" LastModifiedByID="b5344897-037e-4d58-b5c3-1bdfd0f47bf9" LastModifiedByScreenID="SM206025" LastModifiedDateTime="2016-04-20 01:59:32.84" NoteID="b0ebe9c8-e502-e611-80c4-00155d012302" />
		<row MappingID="fc8b2e6c-c83b-4d46-b4d7-823a8974a0ec" LineNbr="17" OrderNumber="16" IsActive="1" IsVisible="1" ObjectName="Transactions" FieldName="CuryLineAmt" Value="Ext. Cost" NeedCommit="0" IgnoreError="0" CreatedByID="b5344897-037e-4d58-b5c3-1bdfd0f47bf9" CreatedByScreenID="SM206025" CreatedDateTime="2016-04-14 23:41:12.667" LastModifiedByID="b5344897-037e-4d58-b5c3-1bdfd0f47bf9" LastModifiedByScreenID="SM206025" LastModifiedDateTime="2016-04-20 01:59:32.843" NoteID="b3ebe9c8-e502-e611-80c4-00155d012302" />
		<row MappingID="fc8b2e6c-c83b-4d46-b4d7-823a8974a0ec" LineNbr="18" OrderNumber="17" IsActive="1" IsVisible="1" ObjectName="Transactions" FieldName="AccountID" Value="Migration Clearing Account" NeedCommit="1" IgnoreError="0" CreatedByID="b5344897-037e-4d58-b5c3-1bdfd0f47bf9" CreatedByScreenID="SM206025" CreatedDateTime="2016-04-14 23:41:12.67" LastModifiedByID="b5344897-037e-4d58-b5c3-1bdfd0f47bf9" LastModifiedByScreenID="SM206025" LastModifiedDateTime="2016-04-20 01:59:32.85" NoteID="b5ebe9c8-e502-e611-80c4-00155d012302" />
		<row MappingID="fc8b2e6c-c83b-4d46-b4d7-823a8974a0ec" LineNbr="19" OrderNumber="18" IsActive="1" IsVisible="1" ObjectName="Document" FieldName="&lt;Save&gt;" NeedCommit="0" IgnoreError="0" CreatedByID="b5344897-037e-4d58-b5c3-1bdfd0f47bf9" CreatedByScreenID="SM206025" CreatedDateTime="2016-04-14 23:41:12.677" LastModifiedByID="b5344897-037e-4d58-b5c3-1bdfd0f47bf9" LastModifiedByScreenID="SM206025" LastModifiedDateTime="2016-04-20 01:59:32.793" NoteID="b7ebe9c8-e502-e611-80c4-00155d012302" />
		<row MappingID="fc8b2e6c-c83b-4d46-b4d7-823a8974a0ec" LineNbr="36" OrderNumber="1" IsActive="1" IsVisible="0" ParentLineNbr="4" ObjectName="Document" FieldName="@@DocType" Value="=[Document.DocType]" NeedCommit="0" IgnoreError="0" CreatedByID="b5344897-037e-4d58-b5c3-1bdfd0f47bf9" CreatedByScreenID="SM206025" CreatedDateTime="2016-04-14 23:41:12.6" LastModifiedByID="b5344897-037e-4d58-b5c3-1bdfd0f47bf9" LastModifiedByScreenID="SM206025" LastModifiedDateTime="2016-04-20 01:59:32.797" NoteID="96ebe9c8-e502-e611-80c4-00155d012302" />
		<row MappingID="fc8b2e6c-c83b-4d46-b4d7-823a8974a0ec" LineNbr="68" OrderNumber="2" IsActive="1" IsVisible="0" ParentLineNbr="4" ObjectName="Document" FieldName="@@RefNbr" Value="=[Document.RefNbr]" NeedCommit="0" IgnoreError="0" CreatedByID="b5344897-037e-4d58-b5c3-1bdfd0f47bf9" CreatedByScreenID="SM206025" CreatedDateTime="2016-04-14 23:41:12.607" LastModifiedByID="b5344897-037e-4d58-b5c3-1bdfd0f47bf9" LastModifiedByScreenID="SM206025" LastModifiedDateTime="2016-04-20 01:59:32.8" NoteID="97ebe9c8-e502-e611-80c4-00155d012302" />
		<row MappingID="fc8b2e6c-c83b-4d46-b4d7-823a8974a0ec" LineNbr="100" OrderNumber="3" IsActive="1" IsVisible="0" ParentLineNbr="4" ObjectName="Document" FieldName="&lt;Cancel&gt;" NeedCommit="0" IgnoreError="0" CreatedByID="b5344897-037e-4d58-b5c3-1bdfd0f47bf9" CreatedByScreenID="SM206025" CreatedDateTime="2016-04-14 23:41:12.61" LastModifiedByID="b5344897-037e-4d58-b5c3-1bdfd0f47bf9" LastModifiedByScreenID="SM206025" LastModifiedDateTime="2016-04-20 01:59:32.803" NoteID="98ebe9c8-e502-e611-80c4-00155d012302" />
		<row MappingID="fc8b2e6c-c83b-4d46-b4d7-823a8974a0ec" LineNbr="196" OrderNumber="5" IsActive="1" IsVisible="0" ParentLineNbr="6" ObjectName="Document" FieldName="&lt;Cancel&gt;" NeedCommit="0" IgnoreError="0" CreatedByID="b5344897-037e-4d58-b5c3-1bdfd0f47bf9" CreatedByScreenID="SM206025" CreatedDateTime="2016-04-14 23:41:12.62" LastModifiedByID="b5344897-037e-4d58-b5c3-1bdfd0f47bf9" LastModifiedByScreenID="SM206025" LastModifiedDateTime="2016-04-20 01:59:32.81" NoteID="9debe9c8-e502-e611-80c4-00155d012302" />
		<row MappingID="fc8b2e6c-c83b-4d46-b4d7-823a8974a0ec" LineNbr="548" OrderNumber="14" IsActive="1" IsVisible="0" ParentLineNbr="16" ObjectName="Transactions" FieldName="##" Value="=-1" NeedCommit="0" IgnoreError="0" CreatedByID="b5344897-037e-4d58-b5c3-1bdfd0f47bf9" CreatedByScreenID="SM206025" CreatedDateTime="2016-04-14 23:41:12.663" LastModifiedByID="b5344897-037e-4d58-b5c3-1bdfd0f47bf9" LastModifiedByScreenID="SM206025" LastModifiedDateTime="2016-04-20 01:59:32.837" NoteID="b2ebe9c8-e502-e611-80c4-00155d012302" />
		<row MappingID="ede5772f-68a3-4db8-a159-904d5b0c6b37" LineNbr="4" OrderNumber="4" IsActive="1" IsVisible="1" ObjectName="BatchModule" FieldName="Module" Value="Module" NeedCommit="1" IgnoreError="0" CreatedByID="b5344897-037e-4d58-b5c3-1bdfd0f47bf9" CreatedByScreenID="SM206025" CreatedDateTime="2016-04-14 23:46:45.13" LastModifiedByID="b5344897-037e-4d58-b5c3-1bdfd0f47bf9" LastModifiedByScreenID="SM206025" LastModifiedDateTime="2016-04-20 02:00:02.393" NoteID="9eeb4891-e602-e611-80c4-00155d012302" />
		<row MappingID="ede5772f-68a3-4db8-a159-904d5b0c6b37" LineNbr="6" OrderNumber="6" IsActive="1" IsVisible="1" ObjectName="BatchModule" FieldName="BatchNbr" Value="Batch Number" NeedCommit="1" IgnoreError="0" CreatedByID="b5344897-037e-4d58-b5c3-1bdfd0f47bf9" CreatedByScreenID="SM206025" CreatedDateTime="2016-04-14 23:46:45.147" LastModifiedByID="b5344897-037e-4d58-b5c3-1bdfd0f47bf9" LastModifiedByScreenID="SM206025" LastModifiedDateTime="2016-04-20 02:00:02.4" NoteID="a5eb4891-e602-e611-80c4-00155d012302" />
		<row MappingID="ede5772f-68a3-4db8-a159-904d5b0c6b37" LineNbr="7" OrderNumber="7" IsActive="1" IsVisible="1" ObjectName="BatchModule" FieldName="DateEntered" Value="Transaction/Currency Date" NeedCommit="1" IgnoreError="0" CreatedByID="b5344897-037e-4d58-b5c3-1bdfd0f47bf9" CreatedByScreenID="SM206025" CreatedDateTime="2016-04-14 23:46:45.153" LastModifiedByID="b5344897-037e-4d58-b5c3-1bdfd0f47bf9" LastModifiedByScreenID="SM206025" LastModifiedDateTime="2016-04-20 02:00:02.4" NoteID="a8eb4891-e602-e611-80c4-00155d012302" />
		<row MappingID="ede5772f-68a3-4db8-a159-904d5b0c6b37" LineNbr="8" OrderNumber="8" IsActive="1" IsVisible="1" ObjectName="BatchModule" FieldName="FinPeriodID" Value="Post Period" NeedCommit="1" IgnoreError="0" CreatedByID="b5344897-037e-4d58-b5c3-1bdfd0f47bf9" CreatedByScreenID="SM206025" CreatedDateTime="2016-04-14 23:46:45.157" LastModifiedByID="b5344897-037e-4d58-b5c3-1bdfd0f47bf9" LastModifiedByScreenID="SM206025" LastModifiedDateTime="2016-04-20 02:00:02.403" NoteID="aaeb4891-e602-e611-80c4-00155d012302" />
		<row MappingID="ede5772f-68a3-4db8-a159-904d5b0c6b37" LineNbr="9" OrderNumber="9" IsActive="1" IsVisible="1" ObjectName="BatchModule" FieldName="Description" Value="Description" NeedCommit="0" IgnoreError="0" CreatedByID="b5344897-037e-4d58-b5c3-1bdfd0f47bf9" CreatedByScreenID="SM206025" CreatedDateTime="2016-04-14 23:46:45.16" LastModifiedByID="b5344897-037e-4d58-b5c3-1bdfd0f47bf9" LastModifiedByScreenID="SM206025" LastModifiedDateTime="2016-04-20 02:00:02.407" NoteID="aceb4891-e602-e611-80c4-00155d012302" />
		<row MappingID="ede5772f-68a3-4db8-a159-904d5b0c6b37" LineNbr="10" OrderNumber="10" IsActive="1" IsVisible="1" ObjectName="BatchModule" FieldName="CuryID" Value="Currency" NeedCommit="1" IgnoreError="0" CreatedByID="b5344897-037e-4d58-b5c3-1bdfd0f47bf9" CreatedByScreenID="SM206025" CreatedDateTime="2016-04-14 23:46:45.163" LastModifiedByID="b5344897-037e-4d58-b5c3-1bdfd0f47bf9" LastModifiedByScreenID="SM206025" LastModifiedDateTime="2016-04-20 02:00:02.41" NoteID="aeeb4891-e602-e611-80c4-00155d012302" />
		<row MappingID="ede5772f-68a3-4db8-a159-904d5b0c6b37" LineNbr="11" OrderNumber="11" IsActive="1" IsVisible="1" ObjectName="_Batch_CurrencyInfo_" FieldName="CuryRateTypeID" Value="Rate Type ID" NeedCommit="1" IgnoreError="0" CreatedByID="b5344897-037e-4d58-b5c3-1bdfd0f47bf9" CreatedByScreenID="SM206025" CreatedDateTime="2016-04-14 23:46:45.17" LastModifiedByID="b5344897-037e-4d58-b5c3-1bdfd0f47bf9" LastModifiedByScreenID="SM206025" LastModifiedDateTime="2016-04-20 02:00:02.41" NoteID="b0eb4891-e602-e611-80c4-00155d012302" />
		<row MappingID="ede5772f-68a3-4db8-a159-904d5b0c6b37" LineNbr="13" OrderNumber="12" IsActive="1" IsVisible="1" ObjectName="_Batch_CurrencyInfo_: 1" FieldName="SampleCuryRate" Value="Rate" NeedCommit="0" IgnoreError="0" CreatedByID="b5344897-037e-4d58-b5c3-1bdfd0f47bf9" CreatedByScreenID="SM206025" CreatedDateTime="2016-04-14 23:46:45.177" LastModifiedByID="b5344897-037e-4d58-b5c3-1bdfd0f47bf9" LastModifiedByScreenID="SM206025" LastModifiedDateTime="2016-04-20 02:00:02.413" NoteID="b4eb4891-e602-e611-80c4-00155d012302" />
		<row MappingID="ede5772f-68a3-4db8-a159-904d5b0c6b37" LineNbr="15" OrderNumber="14" IsActive="1" IsVisible="1" ObjectName="GLTranModuleBatNbr" FieldName="AccountID" Value="Account" NeedCommit="1" IgnoreError="0" CreatedByID="b5344897-037e-4d58-b5c3-1bdfd0f47bf9" CreatedByScreenID="SM206025" CreatedDateTime="2016-04-14 23:46:45.18" LastModifiedByID="b5344897-037e-4d58-b5c3-1bdfd0f47bf9" LastModifiedByScreenID="SM206025" LastModifiedDateTime="2016-04-20 02:00:02.417" NoteID="b8eb4891-e602-e611-80c4-00155d012302" />
		<row MappingID="ede5772f-68a3-4db8-a159-904d5b0c6b37" LineNbr="16" OrderNumber="15" IsActive="1" IsVisible="1" ObjectName="GLTranModuleBatNbr" FieldName="CuryDebitAmt" Value="Debit Amount" NeedCommit="0" IgnoreError="0" CreatedByID="b5344897-037e-4d58-b5c3-1bdfd0f47bf9" CreatedByScreenID="SM206025" CreatedDateTime="2016-04-14 23:46:45.187" LastModifiedByID="b5344897-037e-4d58-b5c3-1bdfd0f47bf9" LastModifiedByScreenID="SM206025" LastModifiedDateTime="2016-04-20 02:00:02.42" NoteID="bbeb4891-e602-e611-80c4-00155d012302" />
		<row MappingID="ede5772f-68a3-4db8-a159-904d5b0c6b37" LineNbr="17" OrderNumber="16" IsActive="1" IsVisible="1" ObjectName="GLTranModuleBatNbr" FieldName="CuryCreditAmt" Value="Credit Amount" NeedCommit="0" IgnoreError="0" CreatedByID="b5344897-037e-4d58-b5c3-1bdfd0f47bf9" CreatedByScreenID="SM206025" CreatedDateTime="2016-04-14 23:46:45.19" LastModifiedByID="b5344897-037e-4d58-b5c3-1bdfd0f47bf9" LastModifiedByScreenID="SM206025" LastModifiedDateTime="2016-04-20 02:00:02.42" NoteID="bdeb4891-e602-e611-80c4-00155d012302" />
		<row MappingID="ede5772f-68a3-4db8-a159-904d5b0c6b37" LineNbr="18" OrderNumber="17" IsActive="1" IsVisible="1" ObjectName="BatchModule" FieldName="&lt;Save&gt;" NeedCommit="0" IgnoreError="0" CreatedByID="b5344897-037e-4d58-b5c3-1bdfd0f47bf9" CreatedByScreenID="SM206025" CreatedDateTime="2016-04-14 23:46:45.193" LastModifiedByID="b5344897-037e-4d58-b5c3-1bdfd0f47bf9" LastModifiedByScreenID="SM206025" LastModifiedDateTime="2016-04-20 02:00:02.387" NoteID="bfeb4891-e602-e611-80c4-00155d012302" />
		<row MappingID="ede5772f-68a3-4db8-a159-904d5b0c6b37" LineNbr="36" OrderNumber="1" IsActive="1" IsVisible="0" ParentLineNbr="4" ObjectName="BatchModule" FieldName="@@Module" Value="=[BatchModule.Module]" NeedCommit="0" IgnoreError="0" CreatedByID="b5344897-037e-4d58-b5c3-1bdfd0f47bf9" CreatedByScreenID="SM206025" CreatedDateTime="2016-04-14 23:46:45.133" LastModifiedByID="b5344897-037e-4d58-b5c3-1bdfd0f47bf9" LastModifiedByScreenID="SM206025" LastModifiedDateTime="2016-04-20 02:00:02.387" NoteID="a0eb4891-e602-e611-80c4-00155d012302" />
		<row MappingID="ede5772f-68a3-4db8-a159-904d5b0c6b37" LineNbr="68" OrderNumber="2" IsActive="1" IsVisible="0" ParentLineNbr="4" ObjectName="BatchModule" FieldName="@@BatchNbr" Value="=[BatchModule.BatchNbr]" NeedCommit="0" IgnoreError="0" CreatedByID="b5344897-037e-4d58-b5c3-1bdfd0f47bf9" CreatedByScreenID="SM206025" CreatedDateTime="2016-04-14 23:46:45.137" LastModifiedByID="b5344897-037e-4d58-b5c3-1bdfd0f47bf9" LastModifiedByScreenID="SM206025" LastModifiedDateTime="2016-04-20 02:00:02.39" NoteID="a1eb4891-e602-e611-80c4-00155d012302" />
		<row MappingID="ede5772f-68a3-4db8-a159-904d5b0c6b37" LineNbr="100" OrderNumber="3" IsActive="1" IsVisible="0" ParentLineNbr="4" ObjectName="BatchModule" FieldName="&lt;Cancel&gt;" NeedCommit="0" IgnoreError="0" CreatedByID="b5344897-037e-4d58-b5c3-1bdfd0f47bf9" CreatedByScreenID="SM206025" CreatedDateTime="2016-04-14 23:46:45.14" LastModifiedByID="b5344897-037e-4d58-b5c3-1bdfd0f47bf9" LastModifiedByScreenID="SM206025" LastModifiedDateTime="2016-04-20 02:00:02.393" NoteID="a2eb4891-e602-e611-80c4-00155d012302" />
		<row MappingID="ede5772f-68a3-4db8-a159-904d5b0c6b37" LineNbr="196" OrderNumber="5" IsActive="1" IsVisible="0" ParentLineNbr="6" ObjectName="BatchModule" FieldName="&lt;Cancel&gt;" NeedCommit="0" IgnoreError="0" CreatedByID="b5344897-037e-4d58-b5c3-1bdfd0f47bf9" CreatedByScreenID="SM206025" CreatedDateTime="2016-04-14 23:46:45.15" LastModifiedByID="b5344897-037e-4d58-b5c3-1bdfd0f47bf9" LastModifiedByScreenID="SM206025" LastModifiedDateTime="2016-04-20 02:00:02.397" NoteID="a7eb4891-e602-e611-80c4-00155d012302" />
		<row MappingID="ede5772f-68a3-4db8-a159-904d5b0c6b37" LineNbr="516" OrderNumber="13" IsActive="1" IsVisible="0" ParentLineNbr="15" ObjectName="GLTranModuleBatNbr" FieldName="##" Value="=-1" NeedCommit="0" IgnoreError="0" CreatedByID="b5344897-037e-4d58-b5c3-1bdfd0f47bf9" CreatedByScreenID="SM206025" CreatedDateTime="2016-04-14 23:46:45.183" LastModifiedByID="b5344897-037e-4d58-b5c3-1bdfd0f47bf9" LastModifiedByScreenID="SM206025" LastModifiedDateTime="2016-04-20 02:00:02.413" NoteID="baeb4891-e602-e611-80c4-00155d012302" />
		<row MappingID="afc03454-928c-40b2-b431-a41577517178" LineNbr="4" OrderNumber="4" IsActive="1" IsVisible="1" ObjectName="Document" FieldName="DocType" Value="Doc Type" NeedCommit="1" IgnoreError="0" CreatedByID="b5344897-037e-4d58-b5c3-1bdfd0f47bf9" CreatedByScreenID="SM206025" CreatedDateTime="2019-04-02 20:30:49.37" LastModifiedByID="b5344897-037e-4d58-b5c3-1bdfd0f47bf9" LastModifiedByScreenID="SM206025" LastModifiedDateTime="2019-04-05 13:18:02.277" NoteID="161ae200-6d55-e911-b81b-00155d408001" />
		<row MappingID="afc03454-928c-40b2-b431-a41577517178" LineNbr="6" OrderNumber="6" IsActive="1" IsVisible="1" ObjectName="Document" FieldName="RefNbr" Value="Vendor Ref" NeedCommit="1" IgnoreError="0" CreatedByID="b5344897-037e-4d58-b5c3-1bdfd0f47bf9" CreatedByScreenID="SM206025" CreatedDateTime="2019-04-02 20:30:49.37" LastModifiedByID="b5344897-037e-4d58-b5c3-1bdfd0f47bf9" LastModifiedByScreenID="SM206025" LastModifiedDateTime="2019-04-05 13:18:02.293" NoteID="1d1ae200-6d55-e911-b81b-00155d408001" />
		<row MappingID="afc03454-928c-40b2-b431-a41577517178" LineNbr="7" OrderNumber="7" IsActive="1" IsVisible="1" ObjectName="Document" FieldName="VendorID" Value="Vendor ID" NeedCommit="1" IgnoreError="0" CreatedByID="b5344897-037e-4d58-b5c3-1bdfd0f47bf9" CreatedByScreenID="SM206025" CreatedDateTime="2019-04-02 20:30:49.37" LastModifiedByID="b5344897-037e-4d58-b5c3-1bdfd0f47bf9" LastModifiedByScreenID="SM206025" LastModifiedDateTime="2019-04-05 13:18:02.293" NoteID="201ae200-6d55-e911-b81b-00155d408001" />
		<row MappingID="afc03454-928c-40b2-b431-a41577517178" LineNbr="8" OrderNumber="8" IsActive="1" IsVisible="1" ObjectName="Document" FieldName="DocDate" Value="Date" NeedCommit="1" IgnoreError="0" CreatedByID="b5344897-037e-4d58-b5c3-1bdfd0f47bf9" CreatedByScreenID="SM206025" CreatedDateTime="2019-04-02 20:30:49.37" LastModifiedByID="b5344897-037e-4d58-b5c3-1bdfd0f47bf9" LastModifiedByScreenID="SM206025" LastModifiedDateTime="2019-04-05 13:18:02.293" NoteID="221ae200-6d55-e911-b81b-00155d408001" />
		<row MappingID="afc03454-928c-40b2-b431-a41577517178" LineNbr="9" OrderNumber="9" IsActive="1" IsVisible="1" ObjectName="Document" FieldName="FinPeriodID" Value="Post Period" NeedCommit="1" IgnoreError="0" CreatedByID="b5344897-037e-4d58-b5c3-1bdfd0f47bf9" CreatedByScreenID="SM206025" CreatedDateTime="2019-04-02 20:30:49.37" LastModifiedByID="b5344897-037e-4d58-b5c3-1bdfd0f47bf9" LastModifiedByScreenID="SM206025" LastModifiedDateTime="2019-04-05 13:18:02.31" NoteID="241ae200-6d55-e911-b81b-00155d408001" />
		<row MappingID="afc03454-928c-40b2-b431-a41577517178" LineNbr="10" OrderNumber="10" IsActive="1" IsVisible="1" ObjectName="Document" FieldName="InvoiceNbr" Value="Vendor Ref" NeedCommit="1" IgnoreError="0" CreatedByID="b5344897-037e-4d58-b5c3-1bdfd0f47bf9" CreatedByScreenID="SM206025" CreatedDateTime="2019-04-02 20:30:49.37" LastModifiedByID="b5344897-037e-4d58-b5c3-1bdfd0f47bf9" LastModifiedByScreenID="SM206025" LastModifiedDateTime="2019-04-05 13:18:02.31" NoteID="261ae200-6d55-e911-b81b-00155d408001" />
		<row MappingID="afc03454-928c-40b2-b431-a41577517178" LineNbr="11" OrderNumber="11" IsActive="1" IsVisible="1" ObjectName="Document" FieldName="DocDesc" Value="Doc Description" NeedCommit="0" IgnoreError="0" CreatedByID="b5344897-037e-4d58-b5c3-1bdfd0f47bf9" CreatedByScreenID="SM206025" CreatedDateTime="2019-04-02 20:30:49.37" LastModifiedByID="b5344897-037e-4d58-b5c3-1bdfd0f47bf9" LastModifiedByScreenID="SM206025" LastModifiedDateTime="2019-04-05 13:18:02.31" NoteID="281ae200-6d55-e911-b81b-00155d408001" />
		<row MappingID="afc03454-928c-40b2-b431-a41577517178" LineNbr="12" OrderNumber="16" IsActive="1" IsVisible="1" ObjectName="Transactions" FieldName="TranDesc" Value="Line Description" NeedCommit="1" IgnoreError="0" CreatedByID="b5344897-037e-4d58-b5c3-1bdfd0f47bf9" CreatedByScreenID="SM206025" CreatedDateTime="2019-04-02 20:39:06.667" LastModifiedByID="b5344897-037e-4d58-b5c3-1bdfd0f47bf9" LastModifiedByScreenID="SM206025" LastModifiedDateTime="2019-04-05 13:18:02.34" NoteID="f6eb6e93-6d55-e911-b81b-00155d408001" />
		<row MappingID="afc03454-928c-40b2-b431-a41577517178" LineNbr="13" OrderNumber="13" IsActive="1" IsVisible="1" ObjectName="Transactions" FieldName="CuryLineAmt" Value="Ext Cost" NeedCommit="1" IgnoreError="0" CreatedByID="b5344897-037e-4d58-b5c3-1bdfd0f47bf9" CreatedByScreenID="SM206025" CreatedDateTime="2019-04-02 20:30:49.37" LastModifiedByID="b5344897-037e-4d58-b5c3-1bdfd0f47bf9" LastModifiedByScreenID="SM206025" LastModifiedDateTime="2019-04-05 13:18:02.323" NoteID="2c1ae200-6d55-e911-b81b-00155d408001" />
		<row MappingID="afc03454-928c-40b2-b431-a41577517178" LineNbr="14" OrderNumber="14" IsActive="1" IsVisible="1" ObjectName="Document" FieldName="Hold" Value="='False'" NeedCommit="1" IgnoreError="0" CreatedByID="b5344897-037e-4d58-b5c3-1bdfd0f47bf9" CreatedByScreenID="SM206025" CreatedDateTime="2019-04-02 20:30:49.37" LastModifiedByID="b5344897-037e-4d58-b5c3-1bdfd0f47bf9" LastModifiedByScreenID="SM206025" LastModifiedDateTime="2019-04-05 13:18:02.34" NoteID="2f1ae200-6d55-e911-b81b-00155d408001" />
		<row MappingID="afc03454-928c-40b2-b431-a41577517178" LineNbr="15" OrderNumber="15" IsActive="1" IsVisible="1" ObjectName="Document" FieldName="&lt;Save&gt;" NeedCommit="0" IgnoreError="0" CreatedByID="b5344897-037e-4d58-b5c3-1bdfd0f47bf9" CreatedByScreenID="SM206025" CreatedDateTime="2019-04-02 20:30:49.37" LastModifiedByID="b5344897-037e-4d58-b5c3-1bdfd0f47bf9" LastModifiedByScreenID="SM206025" LastModifiedDateTime="2019-04-05 13:18:02.34" NoteID="311ae200-6d55-e911-b81b-00155d408001" />
		<row MappingID="afc03454-928c-40b2-b431-a41577517178" LineNbr="36" OrderNumber="1" IsActive="1" IsVisible="0" ParentLineNbr="4" ObjectName="Document" FieldName="@@DocType" Value="=[Document.DocType]" NeedCommit="0" IgnoreError="0" CreatedByID="b5344897-037e-4d58-b5c3-1bdfd0f47bf9" CreatedByScreenID="SM206025" CreatedDateTime="2019-04-02 20:30:49.37" LastModifiedByID="b5344897-037e-4d58-b5c3-1bdfd0f47bf9" LastModifiedByScreenID="SM206025" LastModifiedDateTime="2019-04-05 13:18:02.26" NoteID="181ae200-6d55-e911-b81b-00155d408001" />
		<row MappingID="afc03454-928c-40b2-b431-a41577517178" LineNbr="68" OrderNumber="2" IsActive="1" IsVisible="0" ParentLineNbr="4" ObjectName="Document" FieldName="@@RefNbr" Value="=[Document.RefNbr]" NeedCommit="0" IgnoreError="0" CreatedByID="b5344897-037e-4d58-b5c3-1bdfd0f47bf9" CreatedByScreenID="SM206025" CreatedDateTime="2019-04-02 20:30:49.37" LastModifiedByID="b5344897-037e-4d58-b5c3-1bdfd0f47bf9" LastModifiedByScreenID="SM206025" LastModifiedDateTime="2019-04-05 13:18:02.26" NoteID="191ae200-6d55-e911-b81b-00155d408001" />
		<row MappingID="afc03454-928c-40b2-b431-a41577517178" LineNbr="100" OrderNumber="3" IsActive="1" IsVisible="0" ParentLineNbr="4" ObjectName="Document" FieldName="&lt;Cancel&gt;" NeedCommit="0" IgnoreError="0" CreatedByID="b5344897-037e-4d58-b5c3-1bdfd0f47bf9" CreatedByScreenID="SM206025" CreatedDateTime="2019-04-02 20:30:49.37" LastModifiedByID="b5344897-037e-4d58-b5c3-1bdfd0f47bf9" LastModifiedByScreenID="SM206025" LastModifiedDateTime="2019-04-05 13:18:02.277" NoteID="1a1ae200-6d55-e911-b81b-00155d408001" />
		<row MappingID="afc03454-928c-40b2-b431-a41577517178" LineNbr="196" OrderNumber="5" IsActive="1" IsVisible="0" ParentLineNbr="6" ObjectName="Document" FieldName="&lt;Cancel&gt;" NeedCommit="0" IgnoreError="0" CreatedByID="b5344897-037e-4d58-b5c3-1bdfd0f47bf9" CreatedByScreenID="SM206025" CreatedDateTime="2019-04-02 20:30:49.37" LastModifiedByID="b5344897-037e-4d58-b5c3-1bdfd0f47bf9" LastModifiedByScreenID="SM206025" LastModifiedDateTime="2019-04-05 13:18:02.277" NoteID="1f1ae200-6d55-e911-b81b-00155d408001" />
		<row MappingID="afc03454-928c-40b2-b431-a41577517178" LineNbr="452" OrderNumber="12" IsActive="1" IsVisible="0" ParentLineNbr="13" ObjectName="Transactions" FieldName="##" Value="=-1" NeedCommit="0" IgnoreError="0" CreatedByID="b5344897-037e-4d58-b5c3-1bdfd0f47bf9" CreatedByScreenID="SM206025" CreatedDateTime="2019-04-02 20:30:49.37" LastModifiedByID="b5344897-037e-4d58-b5c3-1bdfd0f47bf9" LastModifiedByScreenID="SM206025" LastModifiedDateTime="2019-04-05 13:18:02.323" NoteID="2e1ae200-6d55-e911-b81b-00155d408001" />
		<row MappingID="6f1db1af-e380-4b99-a2f8-e74b636e0868" LineNbr="1" OrderNumber="4" IsActive="1" IsVisible="1" ObjectName="Document" FieldName="DocType" Value="Doc Type" NeedCommit="1" IgnoreError="0" CreatedByID="b5344897-037e-4d58-b5c3-1bdfd0f47bf9" CreatedByScreenID="SM206025" CreatedDateTime="2019-04-02 20:50:13.88" LastModifiedByID="b5344897-037e-4d58-b5c3-1bdfd0f47bf9" LastModifiedByScreenID="SM206025" LastModifiedDateTime="2019-04-02 20:50:13.88" NoteID="dd3f0f76-6f55-e911-b81b-00155d408001" />
		<row MappingID="6f1db1af-e380-4b99-a2f8-e74b636e0868" LineNbr="2" OrderNumber="6" IsActive="1" IsVisible="1" ObjectName="Document" FieldName="RefNbr" Value="Invoice Ref Nbr" NeedCommit="1" IgnoreError="0" CreatedByID="b5344897-037e-4d58-b5c3-1bdfd0f47bf9" CreatedByScreenID="SM206025" CreatedDateTime="2019-04-02 20:50:13.973" LastModifiedByID="b5344897-037e-4d58-b5c3-1bdfd0f47bf9" LastModifiedByScreenID="SM206025" LastModifiedDateTime="2019-04-02 20:50:13.973" NoteID="e23f0f76-6f55-e911-b81b-00155d408001" />
		<row MappingID="6f1db1af-e380-4b99-a2f8-e74b636e0868" LineNbr="3" OrderNumber="7" IsActive="1" IsVisible="1" ObjectName="Document" FieldName="CustomerID" Value="Customer ID" NeedCommit="1" IgnoreError="0" CreatedByID="b5344897-037e-4d58-b5c3-1bdfd0f47bf9" CreatedByScreenID="SM206025" CreatedDateTime="2019-04-02 20:50:14.023" LastModifiedByID="b5344897-037e-4d58-b5c3-1bdfd0f47bf9" LastModifiedByScreenID="SM206025" LastModifiedDateTime="2019-04-02 20:50:14.023" NoteID="e53f0f76-6f55-e911-b81b-00155d408001" />
		<row MappingID="6f1db1af-e380-4b99-a2f8-e74b636e0868" LineNbr="4" OrderNumber="8" IsActive="1" IsVisible="1" ObjectName="Document" FieldName="DocDate" Value="Date" NeedCommit="1" IgnoreError="0" CreatedByID="b5344897-037e-4d58-b5c3-1bdfd0f47bf9" CreatedByScreenID="SM206025" CreatedDateTime="2019-04-02 20:50:14.043" LastModifiedByID="b5344897-037e-4d58-b5c3-1bdfd0f47bf9" LastModifiedByScreenID="SM206025" LastModifiedDateTime="2019-04-02 20:50:14.043" NoteID="e73f0f76-6f55-e911-b81b-00155d408001" />
		<row MappingID="6f1db1af-e380-4b99-a2f8-e74b636e0868" LineNbr="5" OrderNumber="9" IsActive="1" IsVisible="1" ObjectName="Document" FieldName="FinPeriodID" Value="Post Period" NeedCommit="1" IgnoreError="0" CreatedByID="b5344897-037e-4d58-b5c3-1bdfd0f47bf9" CreatedByScreenID="SM206025" CreatedDateTime="2019-04-02 20:50:14.06" LastModifiedByID="b5344897-037e-4d58-b5c3-1bdfd0f47bf9" LastModifiedByScreenID="SM206025" LastModifiedDateTime="2019-04-02 20:50:14.06" NoteID="e93f0f76-6f55-e911-b81b-00155d408001" />
		<row MappingID="6f1db1af-e380-4b99-a2f8-e74b636e0868" LineNbr="6" OrderNumber="10" IsActive="1" IsVisible="1" ObjectName="Document" FieldName="InvoiceNbr" Value="Customer Ref Nbr" NeedCommit="0" IgnoreError="0" CreatedByID="b5344897-037e-4d58-b5c3-1bdfd0f47bf9" CreatedByScreenID="SM206025" CreatedDateTime="2019-04-02 20:50:14.06" LastModifiedByID="b5344897-037e-4d58-b5c3-1bdfd0f47bf9" LastModifiedByScreenID="SM206025" LastModifiedDateTime="2019-04-02 20:50:14.06" NoteID="eb3f0f76-6f55-e911-b81b-00155d408001" />
		<row MappingID="6f1db1af-e380-4b99-a2f8-e74b636e0868" LineNbr="7" OrderNumber="11" IsActive="1" IsVisible="1" ObjectName="Document" FieldName="DocDesc" Value="Doc Description" NeedCommit="0" IgnoreError="0" CreatedByID="b5344897-037e-4d58-b5c3-1bdfd0f47bf9" CreatedByScreenID="SM206025" CreatedDateTime="2019-04-02 20:50:14.077" LastModifiedByID="b5344897-037e-4d58-b5c3-1bdfd0f47bf9" LastModifiedByScreenID="SM206025" LastModifiedDateTime="2019-04-02 20:50:14.077" NoteID="ed3f0f76-6f55-e911-b81b-00155d408001" />
		<row MappingID="6f1db1af-e380-4b99-a2f8-e74b636e0868" LineNbr="8" OrderNumber="13" IsActive="1" IsVisible="1" ObjectName="Transactions" FieldName="TranDesc" Value="Line Description" NeedCommit="0" IgnoreError="0" CreatedByID="b5344897-037e-4d58-b5c3-1bdfd0f47bf9" CreatedByScreenID="SM206025" CreatedDateTime="2019-04-02 20:50:14.077" LastModifiedByID="b5344897-037e-4d58-b5c3-1bdfd0f47bf9" LastModifiedByScreenID="SM206025" LastModifiedDateTime="2019-04-02 20:50:14.077" NoteID="ef3f0f76-6f55-e911-b81b-00155d408001" />
		<row MappingID="6f1db1af-e380-4b99-a2f8-e74b636e0868" LineNbr="9" OrderNumber="14" IsActive="1" IsVisible="1" ObjectName="Transactions" FieldName="CuryExtPrice" Value="Ext Price" NeedCommit="1" IgnoreError="0" CreatedByID="b5344897-037e-4d58-b5c3-1bdfd0f47bf9" CreatedByScreenID="SM206025" CreatedDateTime="2019-04-02 20:50:14.09" LastModifiedByID="b5344897-037e-4d58-b5c3-1bdfd0f47bf9" LastModifiedByScreenID="SM206025" LastModifiedDateTime="2019-04-02 20:50:14.09" NoteID="f23f0f76-6f55-e911-b81b-00155d408001" />
		<row MappingID="6f1db1af-e380-4b99-a2f8-e74b636e0868" LineNbr="10" OrderNumber="15" IsActive="1" IsVisible="1" ObjectName="Document" FieldName="Hold" Value="='False'" NeedCommit="1" IgnoreError="0" CreatedByID="b5344897-037e-4d58-b5c3-1bdfd0f47bf9" CreatedByScreenID="SM206025" CreatedDateTime="2019-04-02 20:50:14.107" LastModifiedByID="b5344897-037e-4d58-b5c3-1bdfd0f47bf9" LastModifiedByScreenID="SM206025" LastModifiedDateTime="2019-04-02 20:50:14.107" NoteID="f43f0f76-6f55-e911-b81b-00155d408001" />
		<row MappingID="6f1db1af-e380-4b99-a2f8-e74b636e0868" LineNbr="11" OrderNumber="16" IsActive="1" IsVisible="1" ObjectName="Document" FieldName="&lt;Save&gt;" NeedCommit="0" IgnoreError="0" CreatedByID="b5344897-037e-4d58-b5c3-1bdfd0f47bf9" CreatedByScreenID="SM206025" CreatedDateTime="2019-04-02 20:50:14.107" LastModifiedByID="b5344897-037e-4d58-b5c3-1bdfd0f47bf9" LastModifiedByScreenID="SM206025" LastModifiedDateTime="2019-04-02 20:50:14.107" NoteID="f63f0f76-6f55-e911-b81b-00155d408001" />
		<row MappingID="6f1db1af-e380-4b99-a2f8-e74b636e0868" LineNbr="33" OrderNumber="1" IsActive="1" IsVisible="0" ParentLineNbr="1" ObjectName="Document" FieldName="@@DocType" Value="=[Document.DocType]" NeedCommit="0" IgnoreError="0" CreatedByID="b5344897-037e-4d58-b5c3-1bdfd0f47bf9" CreatedByScreenID="SM206025" CreatedDateTime="2019-04-02 20:50:13.91" LastModifiedByID="b5344897-037e-4d58-b5c3-1bdfd0f47bf9" LastModifiedByScreenID="SM206025" LastModifiedDateTime="2019-04-02 20:50:13.91" NoteID="df3f0f76-6f55-e911-b81b-00155d408001" />
		<row MappingID="6f1db1af-e380-4b99-a2f8-e74b636e0868" LineNbr="65" OrderNumber="2" IsActive="1" IsVisible="0" ParentLineNbr="1" ObjectName="Document" FieldName="@@RefNbr" Value="=[Document.RefNbr]" NeedCommit="0" IgnoreError="0" CreatedByID="b5344897-037e-4d58-b5c3-1bdfd0f47bf9" CreatedByScreenID="SM206025" CreatedDateTime="2019-04-02 20:50:13.927" LastModifiedByID="b5344897-037e-4d58-b5c3-1bdfd0f47bf9" LastModifiedByScreenID="SM206025" LastModifiedDateTime="2019-04-02 20:50:13.927" NoteID="e03f0f76-6f55-e911-b81b-00155d408001" />
		<row MappingID="6f1db1af-e380-4b99-a2f8-e74b636e0868" LineNbr="97" OrderNumber="3" IsActive="1" IsVisible="0" ParentLineNbr="1" ObjectName="Document" FieldName="&lt;Cancel&gt;" NeedCommit="0" IgnoreError="0" CreatedByID="b5344897-037e-4d58-b5c3-1bdfd0f47bf9" CreatedByScreenID="SM206025" CreatedDateTime="2019-04-02 20:50:13.957" LastModifiedByID="b5344897-037e-4d58-b5c3-1bdfd0f47bf9" LastModifiedByScreenID="SM206025" LastModifiedDateTime="2019-04-02 20:50:13.957" NoteID="e13f0f76-6f55-e911-b81b-00155d408001" />
		<row MappingID="6f1db1af-e380-4b99-a2f8-e74b636e0868" LineNbr="161" OrderNumber="5" IsActive="1" IsVisible="0" ParentLineNbr="2" ObjectName="Document" FieldName="&lt;Cancel&gt;" NeedCommit="0" IgnoreError="0" CreatedByID="b5344897-037e-4d58-b5c3-1bdfd0f47bf9" CreatedByScreenID="SM206025" CreatedDateTime="2019-04-02 20:50:13.987" LastModifiedByID="b5344897-037e-4d58-b5c3-1bdfd0f47bf9" LastModifiedByScreenID="SM206025" LastModifiedDateTime="2019-04-02 20:50:13.987" NoteID="e43f0f76-6f55-e911-b81b-00155d408001" />
		<row MappingID="6f1db1af-e380-4b99-a2f8-e74b636e0868" LineNbr="385" OrderNumber="12" IsActive="1" IsVisible="0" ParentLineNbr="8" ObjectName="Transactions" FieldName="##" Value="=-1" NeedCommit="0" IgnoreError="0" CreatedByID="b5344897-037e-4d58-b5c3-1bdfd0f47bf9" CreatedByScreenID="SM206025" CreatedDateTime="2019-04-02 20:50:14.09" LastModifiedByID="b5344897-037e-4d58-b5c3-1bdfd0f47bf9" LastModifiedByScreenID="SM206025" LastModifiedDateTime="2019-04-02 20:50:14.09" NoteID="f13f0f76-6f55-e911-b81b-00155d408001" />
		<row MappingID="3ffe308a-283a-40c9-b2ca-f017b5230a59" LineNbr="4" OrderNumber="4" IsActive="1" IsVisible="1" ObjectName="Document" FieldName="DocType" Value="='Payment'" NeedCommit="1" IgnoreError="0" CreatedByID="b5344897-037e-4d58-b5c3-1bdfd0f47bf9" CreatedByScreenID="SM206025" CreatedDateTime="2019-04-02 21:04:31.12" LastModifiedByID="b5344897-037e-4d58-b5c3-1bdfd0f47bf9" LastModifiedByScreenID="SM206025" LastModifiedDateTime="2019-04-02 21:04:31.12" NoteID="ed2042be-7155-e911-b81b-00155d408001" />
		<row MappingID="3ffe308a-283a-40c9-b2ca-f017b5230a59" LineNbr="6" OrderNumber="6" IsActive="1" IsVisible="1" ObjectName="Document" FieldName="RefNbr" Value="Ref. Number" NeedCommit="1" IgnoreError="0" CreatedByID="b5344897-037e-4d58-b5c3-1bdfd0f47bf9" CreatedByScreenID="SM206025" CreatedDateTime="2019-04-02 21:04:31.137" LastModifiedByID="b5344897-037e-4d58-b5c3-1bdfd0f47bf9" LastModifiedByScreenID="SM206025" LastModifiedDateTime="2019-04-02 21:04:31.137" NoteID="f42042be-7155-e911-b81b-00155d408001" />
		<row MappingID="3ffe308a-283a-40c9-b2ca-f017b5230a59" LineNbr="7" OrderNumber="7" IsActive="1" IsVisible="1" ObjectName="Document" FieldName="CustomerID" Value="Customer" NeedCommit="1" IgnoreError="0" CreatedByID="b5344897-037e-4d58-b5c3-1bdfd0f47bf9" CreatedByScreenID="SM206025" CreatedDateTime="2019-04-02 21:04:31.15" LastModifiedByID="b5344897-037e-4d58-b5c3-1bdfd0f47bf9" LastModifiedByScreenID="SM206025" LastModifiedDateTime="2019-04-02 21:04:31.15" NoteID="f72042be-7155-e911-b81b-00155d408001" />
		<row MappingID="3ffe308a-283a-40c9-b2ca-f017b5230a59" LineNbr="8" OrderNumber="8" IsActive="1" IsVisible="1" ObjectName="Document" FieldName="ExtRefNbr" Value="Payment Ref." NeedCommit="1" IgnoreError="0" CreatedByID="b5344897-037e-4d58-b5c3-1bdfd0f47bf9" CreatedByScreenID="SM206025" CreatedDateTime="2019-04-02 21:04:31.167" LastModifiedByID="b5344897-037e-4d58-b5c3-1bdfd0f47bf9" LastModifiedByScreenID="SM206025" LastModifiedDateTime="2019-04-02 21:04:31.167" NoteID="f92042be-7155-e911-b81b-00155d408001" />
		<row MappingID="3ffe308a-283a-40c9-b2ca-f017b5230a59" LineNbr="9" OrderNumber="9" IsActive="1" IsVisible="1" ObjectName="Document" FieldName="PaymentMethodID" Value="Payment Method" NeedCommit="1" IgnoreError="0" CreatedByID="b5344897-037e-4d58-b5c3-1bdfd0f47bf9" CreatedByScreenID="SM206025" CreatedDateTime="2019-04-02 21:04:31.167" LastModifiedByID="b5344897-037e-4d58-b5c3-1bdfd0f47bf9" LastModifiedByScreenID="SM206025" LastModifiedDateTime="2019-04-02 21:04:31.167" NoteID="fb2042be-7155-e911-b81b-00155d408001" />
		<row MappingID="3ffe308a-283a-40c9-b2ca-f017b5230a59" LineNbr="10" OrderNumber="10" IsActive="1" IsVisible="1" ObjectName="Document" FieldName="CashAccountID" Value="Cash Account" NeedCommit="1" IgnoreError="0" CreatedByID="b5344897-037e-4d58-b5c3-1bdfd0f47bf9" CreatedByScreenID="SM206025" CreatedDateTime="2019-04-02 21:04:31.167" LastModifiedByID="b5344897-037e-4d58-b5c3-1bdfd0f47bf9" LastModifiedByScreenID="SM206025" LastModifiedDateTime="2019-04-02 21:04:31.167" NoteID="fd2042be-7155-e911-b81b-00155d408001" />
		<row MappingID="3ffe308a-283a-40c9-b2ca-f017b5230a59" LineNbr="11" OrderNumber="11" IsActive="1" IsVisible="1" ObjectName="Document" FieldName="AdjDate" Value="Application Date" NeedCommit="1" IgnoreError="0" CreatedByID="b5344897-037e-4d58-b5c3-1bdfd0f47bf9" CreatedByScreenID="SM206025" CreatedDateTime="2019-04-02 21:04:31.183" LastModifiedByID="b5344897-037e-4d58-b5c3-1bdfd0f47bf9" LastModifiedByScreenID="SM206025" LastModifiedDateTime="2019-04-02 21:04:31.183" NoteID="ff2042be-7155-e911-b81b-00155d408001" />
		<row MappingID="3ffe308a-283a-40c9-b2ca-f017b5230a59" LineNbr="12" OrderNumber="12" IsActive="1" IsVisible="1" ObjectName="Document" FieldName="AdjFinPeriodID" Value="Application Period" NeedCommit="1" IgnoreError="0" CreatedByID="b5344897-037e-4d58-b5c3-1bdfd0f47bf9" CreatedByScreenID="SM206025" CreatedDateTime="2019-04-02 21:04:31.183" LastModifiedByID="b5344897-037e-4d58-b5c3-1bdfd0f47bf9" LastModifiedByScreenID="SM206025" LastModifiedDateTime="2019-04-02 21:04:31.183" NoteID="012142be-7155-e911-b81b-00155d408001" />
		<row MappingID="3ffe308a-283a-40c9-b2ca-f017b5230a59" LineNbr="13" OrderNumber="13" IsActive="1" IsVisible="1" ObjectName="Document" FieldName="DocDesc" Value="Description" NeedCommit="0" IgnoreError="0" CreatedByID="b5344897-037e-4d58-b5c3-1bdfd0f47bf9" CreatedByScreenID="SM206025" CreatedDateTime="2019-04-02 21:04:31.197" LastModifiedByID="b5344897-037e-4d58-b5c3-1bdfd0f47bf9" LastModifiedByScreenID="SM206025" LastModifiedDateTime="2019-04-02 21:04:31.197" NoteID="032142be-7155-e911-b81b-00155d408001" />
		<row MappingID="3ffe308a-283a-40c9-b2ca-f017b5230a59" LineNbr="14" OrderNumber="14" IsActive="1" IsVisible="1" ObjectName="Document" FieldName="CuryOrigDocAmt" Value="Payment Amount" NeedCommit="1" IgnoreError="0" CreatedByID="b5344897-037e-4d58-b5c3-1bdfd0f47bf9" CreatedByScreenID="SM206025" CreatedDateTime="2019-04-02 21:04:31.197" LastModifiedByID="b5344897-037e-4d58-b5c3-1bdfd0f47bf9" LastModifiedByScreenID="SM206025" LastModifiedDateTime="2019-04-02 21:04:31.197" NoteID="052142be-7155-e911-b81b-00155d408001" />
		<row MappingID="3ffe308a-283a-40c9-b2ca-f017b5230a59" LineNbr="15" OrderNumber="15" IsActive="1" IsVisible="1" ObjectName="Document" FieldName="CuryInitDocBal" Value="Available Balance" NeedCommit="1" IgnoreError="0" CreatedByID="b5344897-037e-4d58-b5c3-1bdfd0f47bf9" CreatedByScreenID="SM206025" CreatedDateTime="2019-04-02 21:04:31.197" LastModifiedByID="b5344897-037e-4d58-b5c3-1bdfd0f47bf9" LastModifiedByScreenID="SM206025" LastModifiedDateTime="2019-04-02 21:04:31.197" NoteID="072142be-7155-e911-b81b-00155d408001" />
		<row MappingID="3ffe308a-283a-40c9-b2ca-f017b5230a59" LineNbr="16" OrderNumber="16" IsActive="1" IsVisible="1" ObjectName="Document" FieldName="Hold" Value="='False'" NeedCommit="1" IgnoreError="0" CreatedByID="b5344897-037e-4d58-b5c3-1bdfd0f47bf9" CreatedByScreenID="SM206025" CreatedDateTime="2019-04-02 21:04:31.213" LastModifiedByID="b5344897-037e-4d58-b5c3-1bdfd0f47bf9" LastModifiedByScreenID="SM206025" LastModifiedDateTime="2019-04-02 21:04:31.213" NoteID="092142be-7155-e911-b81b-00155d408001" />
		<row MappingID="3ffe308a-283a-40c9-b2ca-f017b5230a59" LineNbr="17" OrderNumber="17" IsActive="1" IsVisible="1" ObjectName="Document" FieldName="&lt;Save&gt;" NeedCommit="0" IgnoreError="0" CreatedByID="b5344897-037e-4d58-b5c3-1bdfd0f47bf9" CreatedByScreenID="SM206025" CreatedDateTime="2019-04-02 21:04:31.213" LastModifiedByID="b5344897-037e-4d58-b5c3-1bdfd0f47bf9" LastModifiedByScreenID="SM206025" LastModifiedDateTime="2019-04-02 21:04:31.213" NoteID="0b2142be-7155-e911-b81b-00155d408001" />
		<row MappingID="3ffe308a-283a-40c9-b2ca-f017b5230a59" LineNbr="36" OrderNumber="1" IsActive="1" IsVisible="0" ParentLineNbr="4" ObjectName="Document" FieldName="@@DocType" Value="=[Document.DocType]" NeedCommit="0" IgnoreError="0" CreatedByID="b5344897-037e-4d58-b5c3-1bdfd0f47bf9" CreatedByScreenID="SM206025" CreatedDateTime="2019-04-02 21:04:31.12" LastModifiedByID="b5344897-037e-4d58-b5c3-1bdfd0f47bf9" LastModifiedByScreenID="SM206025" LastModifiedDateTime="2019-04-02 21:04:31.12" NoteID="ef2042be-7155-e911-b81b-00155d408001" />
		<row MappingID="3ffe308a-283a-40c9-b2ca-f017b5230a59" LineNbr="68" OrderNumber="2" IsActive="1" IsVisible="0" ParentLineNbr="4" ObjectName="Document" FieldName="@@RefNbr" Value="=[Document.RefNbr]" NeedCommit="0" IgnoreError="0" CreatedByID="b5344897-037e-4d58-b5c3-1bdfd0f47bf9" CreatedByScreenID="SM206025" CreatedDateTime="2019-04-02 21:04:31.137" LastModifiedByID="b5344897-037e-4d58-b5c3-1bdfd0f47bf9" LastModifiedByScreenID="SM206025" LastModifiedDateTime="2019-04-02 21:04:31.137" NoteID="f02042be-7155-e911-b81b-00155d408001" />
		<row MappingID="3ffe308a-283a-40c9-b2ca-f017b5230a59" LineNbr="100" OrderNumber="3" IsActive="1" IsVisible="0" ParentLineNbr="4" ObjectName="Document" FieldName="&lt;Cancel&gt;" NeedCommit="0" IgnoreError="0" CreatedByID="b5344897-037e-4d58-b5c3-1bdfd0f47bf9" CreatedByScreenID="SM206025" CreatedDateTime="2019-04-02 21:04:31.137" LastModifiedByID="b5344897-037e-4d58-b5c3-1bdfd0f47bf9" LastModifiedByScreenID="SM206025" LastModifiedDateTime="2019-04-02 21:04:31.137" NoteID="f12042be-7155-e911-b81b-00155d408001" />
		<row MappingID="3ffe308a-283a-40c9-b2ca-f017b5230a59" LineNbr="196" OrderNumber="5" IsActive="1" IsVisible="0" ParentLineNbr="6" ObjectName="Document" FieldName="&lt;Cancel&gt;" NeedCommit="0" IgnoreError="0" CreatedByID="b5344897-037e-4d58-b5c3-1bdfd0f47bf9" CreatedByScreenID="SM206025" CreatedDateTime="2019-04-02 21:04:31.15" LastModifiedByID="b5344897-037e-4d58-b5c3-1bdfd0f47bf9" LastModifiedByScreenID="SM206025" LastModifiedDateTime="2019-04-02 21:04:31.15" NoteID="f62042be-7155-e911-b81b-00155d408001" />
		<row MappingID="69200fd7-6843-4cc5-8b2c-fbb922b5feb3" LineNbr="4" OrderNumber="4" IsActive="1" IsVisible="1" ObjectName="Document" FieldName="DocType" Value="Doc Type" NeedCommit="1" IgnoreError="0" CreatedByID="b5344897-037e-4d58-b5c3-1bdfd0f47bf9" CreatedByScreenID="SM206025" CreatedDateTime="2019-04-02 20:58:41.063" LastModifiedByID="b5344897-037e-4d58-b5c3-1bdfd0f47bf9" LastModifiedByScreenID="SM206025" LastModifiedDateTime="2019-04-02 20:58:41.063" NoteID="c992d2d6-7055-e911-b81b-00155d408001" />
		<row MappingID="69200fd7-6843-4cc5-8b2c-fbb922b5feb3" LineNbr="6" OrderNumber="6" IsActive="1" IsVisible="1" ObjectName="Document" FieldName="RefNbr" Value="Vendor Ref" NeedCommit="1" IgnoreError="0" CreatedByID="b5344897-037e-4d58-b5c3-1bdfd0f47bf9" CreatedByScreenID="SM206025" CreatedDateTime="2019-04-02 20:58:41.097" LastModifiedByID="b5344897-037e-4d58-b5c3-1bdfd0f47bf9" LastModifiedByScreenID="SM206025" LastModifiedDateTime="2019-04-02 20:58:41.097" NoteID="d092d2d6-7055-e911-b81b-00155d408001" />
		<row MappingID="69200fd7-6843-4cc5-8b2c-fbb922b5feb3" LineNbr="7" OrderNumber="7" IsActive="1" IsVisible="1" ObjectName="Document" FieldName="VendorID" Value="Vendor ID" NeedCommit="1" IgnoreError="0" CreatedByID="b5344897-037e-4d58-b5c3-1bdfd0f47bf9" CreatedByScreenID="SM206025" CreatedDateTime="2019-04-02 20:58:41.11" LastModifiedByID="b5344897-037e-4d58-b5c3-1bdfd0f47bf9" LastModifiedByScreenID="SM206025" LastModifiedDateTime="2019-04-02 20:58:41.11" NoteID="d392d2d6-7055-e911-b81b-00155d408001" />
		<row MappingID="69200fd7-6843-4cc5-8b2c-fbb922b5feb3" LineNbr="8" OrderNumber="8" IsActive="1" IsVisible="1" ObjectName="Document" FieldName="DocDate" Value="Date" NeedCommit="1" IgnoreError="0" CreatedByID="b5344897-037e-4d58-b5c3-1bdfd0f47bf9" CreatedByScreenID="SM206025" CreatedDateTime="2019-04-02 20:58:41.11" LastModifiedByID="b5344897-037e-4d58-b5c3-1bdfd0f47bf9" LastModifiedByScreenID="SM206025" LastModifiedDateTime="2019-04-02 20:58:41.11" NoteID="d592d2d6-7055-e911-b81b-00155d408001" />
		<row MappingID="69200fd7-6843-4cc5-8b2c-fbb922b5feb3" LineNbr="9" OrderNumber="9" IsActive="1" IsVisible="1" ObjectName="Document" FieldName="FinPeriodID" Value="Post Period" NeedCommit="1" IgnoreError="0" CreatedByID="b5344897-037e-4d58-b5c3-1bdfd0f47bf9" CreatedByScreenID="SM206025" CreatedDateTime="2019-04-02 20:58:41.127" LastModifiedByID="b5344897-037e-4d58-b5c3-1bdfd0f47bf9" LastModifiedByScreenID="SM206025" LastModifiedDateTime="2019-04-02 20:58:41.127" NoteID="d792d2d6-7055-e911-b81b-00155d408001" />
		<row MappingID="69200fd7-6843-4cc5-8b2c-fbb922b5feb3" LineNbr="10" OrderNumber="10" IsActive="1" IsVisible="1" ObjectName="Document" FieldName="InvoiceNbr" Value="Vendor Ref" NeedCommit="1" IgnoreError="0" CreatedByID="b5344897-037e-4d58-b5c3-1bdfd0f47bf9" CreatedByScreenID="SM206025" CreatedDateTime="2019-04-02 20:58:41.127" LastModifiedByID="b5344897-037e-4d58-b5c3-1bdfd0f47bf9" LastModifiedByScreenID="SM206025" LastModifiedDateTime="2019-04-02 20:58:41.127" NoteID="d992d2d6-7055-e911-b81b-00155d408001" />
		<row MappingID="69200fd7-6843-4cc5-8b2c-fbb922b5feb3" LineNbr="11" OrderNumber="11" IsActive="1" IsVisible="1" ObjectName="Document" FieldName="DocDesc" Value="Doc Description" NeedCommit="0" IgnoreError="0" CreatedByID="b5344897-037e-4d58-b5c3-1bdfd0f47bf9" CreatedByScreenID="SM206025" CreatedDateTime="2019-04-02 20:58:41.127" LastModifiedByID="b5344897-037e-4d58-b5c3-1bdfd0f47bf9" LastModifiedByScreenID="SM206025" LastModifiedDateTime="2019-04-02 20:58:41.127" NoteID="db92d2d6-7055-e911-b81b-00155d408001" />
		<row MappingID="69200fd7-6843-4cc5-8b2c-fbb922b5feb3" LineNbr="12" OrderNumber="12" IsActive="1" IsVisible="1" ObjectName="Document" FieldName="CuryInitDocBal" Value="Balance" NeedCommit="1" IgnoreError="0" CreatedByID="b5344897-037e-4d58-b5c3-1bdfd0f47bf9" CreatedByScreenID="SM206025" CreatedDateTime="2019-04-02 20:58:41.143" LastModifiedByID="b5344897-037e-4d58-b5c3-1bdfd0f47bf9" LastModifiedByScreenID="SM206025" LastModifiedDateTime="2019-04-02 20:58:41.143" NoteID="dd92d2d6-7055-e911-b81b-00155d408001" />
		<row MappingID="69200fd7-6843-4cc5-8b2c-fbb922b5feb3" LineNbr="15" OrderNumber="14" IsActive="1" IsVisible="1" ObjectName="Transactions" FieldName="TranDesc" Value="Line Description" NeedCommit="1" IgnoreError="0" CreatedByID="b5344897-037e-4d58-b5c3-1bdfd0f47bf9" CreatedByScreenID="SM206025" CreatedDateTime="2019-04-02 20:58:41.143" LastModifiedByID="b5344897-037e-4d58-b5c3-1bdfd0f47bf9" LastModifiedByScreenID="SM206025" LastModifiedDateTime="2019-04-02 20:58:41.143" NoteID="e392d2d6-7055-e911-b81b-00155d408001" />
		<row MappingID="69200fd7-6843-4cc5-8b2c-fbb922b5feb3" LineNbr="16" OrderNumber="15" IsActive="1" IsVisible="1" ObjectName="Transactions" FieldName="CuryLineAmt" Value="Ext Cost" NeedCommit="1" IgnoreError="0" CreatedByID="b5344897-037e-4d58-b5c3-1bdfd0f47bf9" CreatedByScreenID="SM206025" CreatedDateTime="2019-04-02 20:58:41.157" LastModifiedByID="b5344897-037e-4d58-b5c3-1bdfd0f47bf9" LastModifiedByScreenID="SM206025" LastModifiedDateTime="2019-04-02 20:58:41.157" NoteID="e692d2d6-7055-e911-b81b-00155d408001" />
		<row MappingID="69200fd7-6843-4cc5-8b2c-fbb922b5feb3" LineNbr="17" OrderNumber="16" IsActive="1" IsVisible="1" ObjectName="Document" FieldName="Hold" Value="='False'" NeedCommit="1" IgnoreError="0" CreatedByID="b5344897-037e-4d58-b5c3-1bdfd0f47bf9" CreatedByScreenID="SM206025" CreatedDateTime="2019-04-02 20:58:41.157" LastModifiedByID="b5344897-037e-4d58-b5c3-1bdfd0f47bf9" LastModifiedByScreenID="SM206025" LastModifiedDateTime="2019-04-02 20:58:41.157" NoteID="e892d2d6-7055-e911-b81b-00155d408001" />
		<row MappingID="69200fd7-6843-4cc5-8b2c-fbb922b5feb3" LineNbr="18" OrderNumber="17" IsActive="1" IsVisible="1" ObjectName="Document" FieldName="&lt;Save&gt;" NeedCommit="0" IgnoreError="0" CreatedByID="b5344897-037e-4d58-b5c3-1bdfd0f47bf9" CreatedByScreenID="SM206025" CreatedDateTime="2019-04-02 20:58:41.173" LastModifiedByID="b5344897-037e-4d58-b5c3-1bdfd0f47bf9" LastModifiedByScreenID="SM206025" LastModifiedDateTime="2019-04-02 20:58:41.173" NoteID="ea92d2d6-7055-e911-b81b-00155d408001" />
		<row MappingID="69200fd7-6843-4cc5-8b2c-fbb922b5feb3" LineNbr="36" OrderNumber="1" IsActive="1" IsVisible="0" ParentLineNbr="4" ObjectName="Document" FieldName="@@DocType" Value="=[Document.DocType]" NeedCommit="0" IgnoreError="0" CreatedByID="b5344897-037e-4d58-b5c3-1bdfd0f47bf9" CreatedByScreenID="SM206025" CreatedDateTime="2019-04-02 20:58:41.063" LastModifiedByID="b5344897-037e-4d58-b5c3-1bdfd0f47bf9" LastModifiedByScreenID="SM206025" LastModifiedDateTime="2019-04-02 20:58:41.063" NoteID="cb92d2d6-7055-e911-b81b-00155d408001" />
		<row MappingID="69200fd7-6843-4cc5-8b2c-fbb922b5feb3" LineNbr="68" OrderNumber="2" IsActive="1" IsVisible="0" ParentLineNbr="4" ObjectName="Document" FieldName="@@RefNbr" Value="=[Document.RefNbr]" NeedCommit="0" IgnoreError="0" CreatedByID="b5344897-037e-4d58-b5c3-1bdfd0f47bf9" CreatedByScreenID="SM206025" CreatedDateTime="2019-04-02 20:58:41.08" LastModifiedByID="b5344897-037e-4d58-b5c3-1bdfd0f47bf9" LastModifiedByScreenID="SM206025" LastModifiedDateTime="2019-04-02 20:58:41.08" NoteID="cc92d2d6-7055-e911-b81b-00155d408001" />
		<row MappingID="69200fd7-6843-4cc5-8b2c-fbb922b5feb3" LineNbr="100" OrderNumber="3" IsActive="1" IsVisible="0" ParentLineNbr="4" ObjectName="Document" FieldName="&lt;Cancel&gt;" NeedCommit="0" IgnoreError="0" CreatedByID="b5344897-037e-4d58-b5c3-1bdfd0f47bf9" CreatedByScreenID="SM206025" CreatedDateTime="2019-04-02 20:58:41.08" LastModifiedByID="b5344897-037e-4d58-b5c3-1bdfd0f47bf9" LastModifiedByScreenID="SM206025" LastModifiedDateTime="2019-04-02 20:58:41.08" NoteID="cd92d2d6-7055-e911-b81b-00155d408001" />
		<row MappingID="69200fd7-6843-4cc5-8b2c-fbb922b5feb3" LineNbr="196" OrderNumber="5" IsActive="1" IsVisible="0" ParentLineNbr="6" ObjectName="Document" FieldName="&lt;Cancel&gt;" NeedCommit="0" IgnoreError="0" CreatedByID="b5344897-037e-4d58-b5c3-1bdfd0f47bf9" CreatedByScreenID="SM206025" CreatedDateTime="2019-04-02 20:58:41.097" LastModifiedByID="b5344897-037e-4d58-b5c3-1bdfd0f47bf9" LastModifiedByScreenID="SM206025" LastModifiedDateTime="2019-04-02 20:58:41.097" NoteID="d292d2d6-7055-e911-b81b-00155d408001" />
		<row MappingID="69200fd7-6843-4cc5-8b2c-fbb922b5feb3" LineNbr="516" OrderNumber="13" IsActive="1" IsVisible="0" ParentLineNbr="15" ObjectName="Transactions" FieldName="##" Value="=-1" NeedCommit="0" IgnoreError="0" CreatedByID="b5344897-037e-4d58-b5c3-1bdfd0f47bf9" CreatedByScreenID="SM206025" CreatedDateTime="2019-04-02 20:58:41.157" LastModifiedByID="b5344897-037e-4d58-b5c3-1bdfd0f47bf9" LastModifiedByScreenID="SM206025" LastModifiedDateTime="2019-04-02 20:58:41.157" NoteID="e592d2d6-7055-e911-b81b-00155d408001" />
		<row MappingID="9b79295f-c1a7-4629-bcb8-fec8bde1cc11" LineNbr="4" OrderNumber="4" IsActive="1" IsVisible="1" ObjectName="Document" FieldName="DocType" Value="='Prepayment'" NeedCommit="1" IgnoreError="0" CreatedByID="b5344897-037e-4d58-b5c3-1bdfd0f47bf9" CreatedByScreenID="SM206025" CreatedDateTime="2019-04-02 21:00:53.393" LastModifiedByID="b5344897-037e-4d58-b5c3-1bdfd0f47bf9" LastModifiedByScreenID="SM206025" LastModifiedDateTime="2019-04-02 21:00:53.393" NoteID="0a78d23b-7155-e911-b81b-00155d408001" />
		<row MappingID="9b79295f-c1a7-4629-bcb8-fec8bde1cc11" LineNbr="6" OrderNumber="6" IsActive="1" IsVisible="1" ObjectName="Document" FieldName="RefNbr" Value="Ref. Number" NeedCommit="1" IgnoreError="0" CreatedByID="b5344897-037e-4d58-b5c3-1bdfd0f47bf9" CreatedByScreenID="SM206025" CreatedDateTime="2019-04-02 21:00:53.41" LastModifiedByID="b5344897-037e-4d58-b5c3-1bdfd0f47bf9" LastModifiedByScreenID="SM206025" LastModifiedDateTime="2019-04-02 21:00:53.41" NoteID="1178d23b-7155-e911-b81b-00155d408001" />
		<row MappingID="9b79295f-c1a7-4629-bcb8-fec8bde1cc11" LineNbr="7" OrderNumber="7" IsActive="1" IsVisible="1" ObjectName="Document" FieldName="ExtRefNbr" Value="Payment Ref." NeedCommit="1" IgnoreError="0" CreatedByID="b5344897-037e-4d58-b5c3-1bdfd0f47bf9" CreatedByScreenID="SM206025" CreatedDateTime="2019-04-02 21:00:53.423" LastModifiedByID="b5344897-037e-4d58-b5c3-1bdfd0f47bf9" LastModifiedByScreenID="SM206025" LastModifiedDateTime="2019-04-02 21:00:53.423" NoteID="1478d23b-7155-e911-b81b-00155d408001" />
		<row MappingID="9b79295f-c1a7-4629-bcb8-fec8bde1cc11" LineNbr="8" OrderNumber="8" IsActive="1" IsVisible="1" ObjectName="Document" FieldName="VendorID" Value="Vendor" NeedCommit="1" IgnoreError="0" CreatedByID="b5344897-037e-4d58-b5c3-1bdfd0f47bf9" CreatedByScreenID="SM206025" CreatedDateTime="2019-04-02 21:00:53.423" LastModifiedByID="b5344897-037e-4d58-b5c3-1bdfd0f47bf9" LastModifiedByScreenID="SM206025" LastModifiedDateTime="2019-04-02 21:00:53.423" NoteID="1678d23b-7155-e911-b81b-00155d408001" />
		<row MappingID="9b79295f-c1a7-4629-bcb8-fec8bde1cc11" LineNbr="9" OrderNumber="9" IsActive="1" IsVisible="1" ObjectName="Document" FieldName="PaymentMethodID" Value="Payment Method" NeedCommit="1" IgnoreError="0" CreatedByID="b5344897-037e-4d58-b5c3-1bdfd0f47bf9" CreatedByScreenID="SM206025" CreatedDateTime="2019-04-02 21:00:53.423" LastModifiedByID="b5344897-037e-4d58-b5c3-1bdfd0f47bf9" LastModifiedByScreenID="SM206025" LastModifiedDateTime="2019-04-02 21:00:53.423" NoteID="1878d23b-7155-e911-b81b-00155d408001" />
		<row MappingID="9b79295f-c1a7-4629-bcb8-fec8bde1cc11" LineNbr="10" OrderNumber="10" IsActive="1" IsVisible="1" ObjectName="Document" FieldName="CashAccountID" Value="Cash Account" NeedCommit="1" IgnoreError="0" CreatedByID="b5344897-037e-4d58-b5c3-1bdfd0f47bf9" CreatedByScreenID="SM206025" CreatedDateTime="2019-04-02 21:00:53.44" LastModifiedByID="b5344897-037e-4d58-b5c3-1bdfd0f47bf9" LastModifiedByScreenID="SM206025" LastModifiedDateTime="2019-04-02 21:00:53.44" NoteID="1a78d23b-7155-e911-b81b-00155d408001" />
		<row MappingID="9b79295f-c1a7-4629-bcb8-fec8bde1cc11" LineNbr="11" OrderNumber="11" IsActive="1" IsVisible="1" ObjectName="Document" FieldName="AdjDate" Value="Application Date" NeedCommit="1" IgnoreError="0" CreatedByID="b5344897-037e-4d58-b5c3-1bdfd0f47bf9" CreatedByScreenID="SM206025" CreatedDateTime="2019-04-02 21:00:53.44" LastModifiedByID="b5344897-037e-4d58-b5c3-1bdfd0f47bf9" LastModifiedByScreenID="SM206025" LastModifiedDateTime="2019-04-02 21:00:53.44" NoteID="1c78d23b-7155-e911-b81b-00155d408001" />
		<row MappingID="9b79295f-c1a7-4629-bcb8-fec8bde1cc11" LineNbr="12" OrderNumber="12" IsActive="1" IsVisible="1" ObjectName="Document" FieldName="AdjFinPeriodID" Value="Application Period" NeedCommit="1" IgnoreError="0" CreatedByID="b5344897-037e-4d58-b5c3-1bdfd0f47bf9" CreatedByScreenID="SM206025" CreatedDateTime="2019-04-02 21:00:53.44" LastModifiedByID="b5344897-037e-4d58-b5c3-1bdfd0f47bf9" LastModifiedByScreenID="SM206025" LastModifiedDateTime="2019-04-02 21:00:53.44" NoteID="1e78d23b-7155-e911-b81b-00155d408001" />
		<row MappingID="9b79295f-c1a7-4629-bcb8-fec8bde1cc11" LineNbr="13" OrderNumber="13" IsActive="1" IsVisible="1" ObjectName="Document" FieldName="DocDesc" Value="Description" NeedCommit="0" IgnoreError="0" CreatedByID="b5344897-037e-4d58-b5c3-1bdfd0f47bf9" CreatedByScreenID="SM206025" CreatedDateTime="2019-04-02 21:00:53.457" LastModifiedByID="b5344897-037e-4d58-b5c3-1bdfd0f47bf9" LastModifiedByScreenID="SM206025" LastModifiedDateTime="2019-04-02 21:00:53.457" NoteID="2078d23b-7155-e911-b81b-00155d408001" />
		<row MappingID="9b79295f-c1a7-4629-bcb8-fec8bde1cc11" LineNbr="14" OrderNumber="14" IsActive="1" IsVisible="1" ObjectName="Document" FieldName="CuryOrigDocAmt" Value="Payment Amount" NeedCommit="1" IgnoreError="0" CreatedByID="b5344897-037e-4d58-b5c3-1bdfd0f47bf9" CreatedByScreenID="SM206025" CreatedDateTime="2019-04-02 21:00:53.457" LastModifiedByID="b5344897-037e-4d58-b5c3-1bdfd0f47bf9" LastModifiedByScreenID="SM206025" LastModifiedDateTime="2019-04-02 21:00:53.457" NoteID="2278d23b-7155-e911-b81b-00155d408001" />
		<row MappingID="9b79295f-c1a7-4629-bcb8-fec8bde1cc11" LineNbr="15" OrderNumber="15" IsActive="1" IsVisible="1" ObjectName="Document" FieldName="CuryInitDocBal" Value="Unapplied Balance" NeedCommit="1" IgnoreError="0" CreatedByID="b5344897-037e-4d58-b5c3-1bdfd0f47bf9" CreatedByScreenID="SM206025" CreatedDateTime="2019-04-02 21:00:53.457" LastModifiedByID="b5344897-037e-4d58-b5c3-1bdfd0f47bf9" LastModifiedByScreenID="SM206025" LastModifiedDateTime="2019-04-02 21:00:53.457" NoteID="2478d23b-7155-e911-b81b-00155d408001" />
		<row MappingID="9b79295f-c1a7-4629-bcb8-fec8bde1cc11" LineNbr="16" OrderNumber="16" IsActive="1" IsVisible="1" ObjectName="Document" FieldName="Hold" Value="='False'" NeedCommit="1" IgnoreError="0" CreatedByID="b5344897-037e-4d58-b5c3-1bdfd0f47bf9" CreatedByScreenID="SM206025" CreatedDateTime="2019-04-02 21:00:53.457" LastModifiedByID="b5344897-037e-4d58-b5c3-1bdfd0f47bf9" LastModifiedByScreenID="SM206025" LastModifiedDateTime="2019-04-02 21:00:53.457" NoteID="2678d23b-7155-e911-b81b-00155d408001" />
		<row MappingID="9b79295f-c1a7-4629-bcb8-fec8bde1cc11" LineNbr="17" OrderNumber="17" IsActive="1" IsVisible="1" ObjectName="Document" FieldName="&lt;Save&gt;" NeedCommit="0" IgnoreError="0" CreatedByID="b5344897-037e-4d58-b5c3-1bdfd0f47bf9" CreatedByScreenID="SM206025" CreatedDateTime="2019-04-02 21:00:53.47" LastModifiedByID="b5344897-037e-4d58-b5c3-1bdfd0f47bf9" LastModifiedByScreenID="SM206025" LastModifiedDateTime="2019-04-02 21:00:53.47" NoteID="2878d23b-7155-e911-b81b-00155d408001" />
		<row MappingID="9b79295f-c1a7-4629-bcb8-fec8bde1cc11" LineNbr="36" OrderNumber="1" IsActive="1" IsVisible="0" ParentLineNbr="4" ObjectName="Document" FieldName="@@DocType" Value="=[Document.DocType]" NeedCommit="0" IgnoreError="0" CreatedByID="b5344897-037e-4d58-b5c3-1bdfd0f47bf9" CreatedByScreenID="SM206025" CreatedDateTime="2019-04-02 21:00:53.393" LastModifiedByID="b5344897-037e-4d58-b5c3-1bdfd0f47bf9" LastModifiedByScreenID="SM206025" LastModifiedDateTime="2019-04-02 21:00:53.393" NoteID="0c78d23b-7155-e911-b81b-00155d408001" />
		<row MappingID="9b79295f-c1a7-4629-bcb8-fec8bde1cc11" LineNbr="68" OrderNumber="2" IsActive="1" IsVisible="0" ParentLineNbr="4" ObjectName="Document" FieldName="@@RefNbr" Value="=[Document.RefNbr]" NeedCommit="0" IgnoreError="0" CreatedByID="b5344897-037e-4d58-b5c3-1bdfd0f47bf9" CreatedByScreenID="SM206025" CreatedDateTime="2019-04-02 21:00:53.393" LastModifiedByID="b5344897-037e-4d58-b5c3-1bdfd0f47bf9" LastModifiedByScreenID="SM206025" LastModifiedDateTime="2019-04-02 21:00:53.393" NoteID="0d78d23b-7155-e911-b81b-00155d408001" />
		<row MappingID="9b79295f-c1a7-4629-bcb8-fec8bde1cc11" LineNbr="100" OrderNumber="3" IsActive="1" IsVisible="0" ParentLineNbr="4" ObjectName="Document" FieldName="&lt;Cancel&gt;" NeedCommit="0" IgnoreError="0" CreatedByID="b5344897-037e-4d58-b5c3-1bdfd0f47bf9" CreatedByScreenID="SM206025" CreatedDateTime="2019-04-02 21:00:53.41" LastModifiedByID="b5344897-037e-4d58-b5c3-1bdfd0f47bf9" LastModifiedByScreenID="SM206025" LastModifiedDateTime="2019-04-02 21:00:53.41" NoteID="0e78d23b-7155-e911-b81b-00155d408001" />
		<row MappingID="9b79295f-c1a7-4629-bcb8-fec8bde1cc11" LineNbr="196" OrderNumber="5" IsActive="1" IsVisible="0" ParentLineNbr="6" ObjectName="Document" FieldName="&lt;Cancel&gt;" NeedCommit="0" IgnoreError="0" CreatedByID="b5344897-037e-4d58-b5c3-1bdfd0f47bf9" CreatedByScreenID="SM206025" CreatedDateTime="2019-04-02 21:00:53.41" LastModifiedByID="b5344897-037e-4d58-b5c3-1bdfd0f47bf9" LastModifiedByScreenID="SM206025" LastModifiedDateTime="2019-04-02 21:00:53.41" NoteID="1378d23b-7155-e911-b81b-00155d408001" />
		<row MappingID="c24426c1-4296-438f-ad60-ffaa1929e4cb" LineNbr="1" OrderNumber="3" IsActive="1" IsVisible="1" ObjectName="BAccount" FieldName="AcctCD" Value="Vendor ID" NeedCommit="1" IgnoreError="0" CreatedByID="b5344897-037e-4d58-b5c3-1bdfd0f47bf9" CreatedByScreenID="SM206025" CreatedDateTime="2019-04-02 20:25:20.42" LastModifiedByID="b5344897-037e-4d58-b5c3-1bdfd0f47bf9" LastModifiedByScreenID="SM206025" LastModifiedDateTime="2019-04-02 20:25:20.42" NoteID="d4ac5b44-6c55-e911-b81b-00155d408001" />
		<row MappingID="c24426c1-4296-438f-ad60-ffaa1929e4cb" LineNbr="2" OrderNumber="4" IsActive="1" IsVisible="1" ObjectName="BAccount" FieldName="AcctName" Value="Vendor Name" NeedCommit="1" IgnoreError="0" CreatedByID="b5344897-037e-4d58-b5c3-1bdfd0f47bf9" CreatedByScreenID="SM206025" CreatedDateTime="2019-04-02 20:25:20.453" LastModifiedByID="b5344897-037e-4d58-b5c3-1bdfd0f47bf9" LastModifiedByScreenID="SM206025" LastModifiedDateTime="2019-04-02 20:25:20.453" NoteID="d8ac5b44-6c55-e911-b81b-00155d408001" />
		<row MappingID="c24426c1-4296-438f-ad60-ffaa1929e4cb" LineNbr="3" OrderNumber="5" IsActive="1" IsVisible="1" ObjectName="CurrentVendor: 1" FieldName="VendorClassID" Value="Vendor Class" NeedCommit="1" IgnoreError="0" CreatedByID="b5344897-037e-4d58-b5c3-1bdfd0f47bf9" CreatedByScreenID="SM206025" CreatedDateTime="2019-04-02 20:25:20.47" LastModifiedByID="b5344897-037e-4d58-b5c3-1bdfd0f47bf9" LastModifiedByScreenID="SM206025" LastModifiedDateTime="2019-04-02 20:25:20.47" NoteID="daac5b44-6c55-e911-b81b-00155d408001" />
		<row MappingID="c24426c1-4296-438f-ad60-ffaa1929e4cb" LineNbr="4" OrderNumber="6" IsActive="1" IsVisible="1" ObjectName="DefAddress" FieldName="City" Value="City" NeedCommit="1" IgnoreError="0" CreatedByID="b5344897-037e-4d58-b5c3-1bdfd0f47bf9" CreatedByScreenID="SM206025" CreatedDateTime="2019-04-02 20:25:20.47" LastModifiedByID="b5344897-037e-4d58-b5c3-1bdfd0f47bf9" LastModifiedByScreenID="SM206025" LastModifiedDateTime="2019-04-02 20:25:20.47" NoteID="dcac5b44-6c55-e911-b81b-00155d408001" />
		<row MappingID="c24426c1-4296-438f-ad60-ffaa1929e4cb" LineNbr="5" OrderNumber="7" IsActive="1" IsVisible="1" ObjectName="DefAddress" FieldName="CountryID" Value="=IIf([COUNTRY]=Null, [DefAddress.CountryID], [COUNTRY])" NeedCommit="1" IgnoreError="0" CreatedByID="b5344897-037e-4d58-b5c3-1bdfd0f47bf9" CreatedByScreenID="SM206025" CreatedDateTime="2019-04-02 20:25:20.483" LastModifiedByID="b5344897-037e-4d58-b5c3-1bdfd0f47bf9" LastModifiedByScreenID="SM206025" LastModifiedDateTime="2019-04-02 20:25:20.483" NoteID="deac5b44-6c55-e911-b81b-00155d408001" />
		<row MappingID="c24426c1-4296-438f-ad60-ffaa1929e4cb" LineNbr="6" OrderNumber="8" IsActive="1" IsVisible="1" ObjectName="DefAddress" FieldName="State" Value="State" NeedCommit="1" IgnoreError="0" CreatedByID="b5344897-037e-4d58-b5c3-1bdfd0f47bf9" CreatedByScreenID="SM206025" CreatedDateTime="2019-04-02 20:25:20.483" LastModifiedByID="b5344897-037e-4d58-b5c3-1bdfd0f47bf9" LastModifiedByScreenID="SM206025" LastModifiedDateTime="2019-04-02 20:25:20.483" NoteID="e0ac5b44-6c55-e911-b81b-00155d408001" />
		<row MappingID="c24426c1-4296-438f-ad60-ffaa1929e4cb" LineNbr="7" OrderNumber="9" IsActive="1" IsVisible="1" ObjectName="DefAddress" FieldName="AddressLine1" Value="Address Line 1" NeedCommit="1" IgnoreError="0" CreatedByID="b5344897-037e-4d58-b5c3-1bdfd0f47bf9" CreatedByScreenID="SM206025" CreatedDateTime="2019-04-02 20:25:20.5" LastModifiedByID="b5344897-037e-4d58-b5c3-1bdfd0f47bf9" LastModifiedByScreenID="SM206025" LastModifiedDateTime="2019-04-02 20:25:20.5" NoteID="e2ac5b44-6c55-e911-b81b-00155d408001" />
		<row MappingID="c24426c1-4296-438f-ad60-ffaa1929e4cb" LineNbr="8" OrderNumber="10" IsActive="1" IsVisible="1" ObjectName="DefContact" FieldName="Phone1" Value="Phone" NeedCommit="0" IgnoreError="0" CreatedByID="b5344897-037e-4d58-b5c3-1bdfd0f47bf9" CreatedByScreenID="SM206025" CreatedDateTime="2019-04-02 20:25:20.5" LastModifiedByID="b5344897-037e-4d58-b5c3-1bdfd0f47bf9" LastModifiedByScreenID="SM206025" LastModifiedDateTime="2019-04-02 20:25:20.5" NoteID="e4ac5b44-6c55-e911-b81b-00155d408001" />
		<row MappingID="c24426c1-4296-438f-ad60-ffaa1929e4cb" LineNbr="9" OrderNumber="11" IsActive="1" IsVisible="1" ObjectName="DefLocation: 8" FieldName="VExpenseAcctID" Value="Expense Account" NeedCommit="1" IgnoreError="0" CreatedByID="b5344897-037e-4d58-b5c3-1bdfd0f47bf9" CreatedByScreenID="SM206025" CreatedDateTime="2019-04-02 20:25:20.517" LastModifiedByID="b5344897-037e-4d58-b5c3-1bdfd0f47bf9" LastModifiedByScreenID="SM206025" LastModifiedDateTime="2019-04-02 20:25:20.517" NoteID="e6ac5b44-6c55-e911-b81b-00155d408001" />
		<row MappingID="c24426c1-4296-438f-ad60-ffaa1929e4cb" LineNbr="10" OrderNumber="12" IsActive="1" IsVisible="1" ObjectName="BAccount" FieldName="&lt;Save&gt;" NeedCommit="0" IgnoreError="0" CreatedByID="b5344897-037e-4d58-b5c3-1bdfd0f47bf9" CreatedByScreenID="SM206025" CreatedDateTime="2019-04-02 20:25:20.517" LastModifiedByID="b5344897-037e-4d58-b5c3-1bdfd0f47bf9" LastModifiedByScreenID="SM206025" LastModifiedDateTime="2019-04-02 20:25:20.517" NoteID="e8ac5b44-6c55-e911-b81b-00155d408001" />
		<row MappingID="c24426c1-4296-438f-ad60-ffaa1929e4cb" LineNbr="33" OrderNumber="1" IsActive="1" IsVisible="0" ParentLineNbr="1" ObjectName="BAccount" FieldName="@@AcctCD" Value="=[BAccount.AcctCD]" NeedCommit="0" IgnoreError="0" CreatedByID="b5344897-037e-4d58-b5c3-1bdfd0f47bf9" CreatedByScreenID="SM206025" CreatedDateTime="2019-04-02 20:25:20.437" LastModifiedByID="b5344897-037e-4d58-b5c3-1bdfd0f47bf9" LastModifiedByScreenID="SM206025" LastModifiedDateTime="2019-04-02 20:25:20.437" NoteID="d6ac5b44-6c55-e911-b81b-00155d408001" />
		<row MappingID="c24426c1-4296-438f-ad60-ffaa1929e4cb" LineNbr="65" OrderNumber="2" IsActive="1" IsVisible="0" ParentLineNbr="1" ObjectName="BAccount" FieldName="&lt;Cancel&gt;" NeedCommit="0" IgnoreError="0" CreatedByID="b5344897-037e-4d58-b5c3-1bdfd0f47bf9" CreatedByScreenID="SM206025" CreatedDateTime="2019-04-02 20:25:20.453" LastModifiedByID="b5344897-037e-4d58-b5c3-1bdfd0f47bf9" LastModifiedByScreenID="SM206025" LastModifiedDateTime="2019-04-02 20:25:20.453" NoteID="d7ac5b44-6c55-e911-b81b-00155d408001" />
	</rows>
</data>