﻿<?xml version="1.0" encoding="utf-8"?>
<data>
	<table name="SYProviderObject">
		<col name="CompanyID" type="Int" default="Zero" />
		<col name="ProviderID" type="UniqueIdentifier" />
		<col name="LineNbr" type="SmallInt" />
		<col name="IsActive" type="Bit" />
		<col name="Name" type="NVarChar(128)" />
		<col name="DisplayName" type="NVarChar(128)" nullable="true" />
		<col name="Command" type="NVarChar(4000)" nullable="true" />
		<col name="FieldCntr" type="SmallInt" />
		<col name="IsCustom" type="Bit" />
		<col name="CreatedByID" type="UniqueIdentifier" />
		<col name="CreatedByScreenID" type="Char(8)" />
		<col name="CreatedDateTime" type="DateTime" />
		<col name="LastModifiedByID" type="UniqueIdentifier" />
		<col name="LastModifiedByScreenID" type="Char(8)" />
		<col name="LastModifiedDateTime" type="DateTime" />
		<col name="tstamp" type="Timestamp" />
		<col name="CompanyMask" type="VarBinary(32)" default="CompanyMaskReadOnly" />
		<col name="NoteID" type="UniqueIdentifier" nullable="true" />
	</table>
	<rows>
		<row ProviderID="16f364be-1dc3-444a-9eab-03cdc8aeb6d4" LineNbr="1" IsActive="1" Name="Fixed Assets" FieldCntr="12" IsCustom="0" CreatedByID="b5344897-037e-4d58-b5c3-1bdfd0f47bf9" CreatedByScreenID="SM206015" CreatedDateTime="2019-04-02 20:13:43.12" LastModifiedByID="b5344897-037e-4d58-b5c3-1bdfd0f47bf9" LastModifiedByScreenID="SM206015" LastModifiedDateTime="2019-04-02 20:13:43.12" NoteID="0a2223a2-6a55-e911-b81b-00155d408001" />
		<row ProviderID="a993eb91-8717-4ac2-999c-0a3c20c812f2" LineNbr="1" IsActive="1" Name="GLTran" FieldCntr="12" IsCustom="0" CreatedByID="b5344897-037e-4d58-b5c3-1bdfd0f47bf9" CreatedByScreenID="SM206015" CreatedDateTime="2016-04-14 23:46:04.617" LastModifiedByID="b5344897-037e-4d58-b5c3-1bdfd0f47bf9" LastModifiedByScreenID="SM206015" LastModifiedDateTime="2016-04-14 23:46:04.617" NoteID="d3c5bb74-e602-e611-80c4-00155d012302" />
		<row ProviderID="e1d22b67-6e05-4396-8cd3-232628e9c14e" LineNbr="1" IsActive="1" Name="Closed Invoices" FieldCntr="10" IsCustom="0" CreatedByID="b5344897-037e-4d58-b5c3-1bdfd0f47bf9" CreatedByScreenID="SM206015" CreatedDateTime="2019-04-02 20:06:40.697" LastModifiedByID="b5344897-037e-4d58-b5c3-1bdfd0f47bf9" LastModifiedByScreenID="SM206015" LastModifiedDateTime="2019-04-02 20:06:40.697" NoteID="df189daa-6955-e911-b81b-00155d408001" />
		<row ProviderID="b722f48a-5af3-49a2-9b97-4d36ba0c68a0" LineNbr="1" IsActive="1" Name="AP Bills Import" FieldCntr="12" IsCustom="0" CreatedByID="b5344897-037e-4d58-b5c3-1bdfd0f47bf9" CreatedByScreenID="SM206015" CreatedDateTime="2016-04-20 13:58:11.517" LastModifiedByID="b5344897-037e-4d58-b5c3-1bdfd0f47bf9" LastModifiedByScreenID="SM206015" LastModifiedDateTime="2016-04-20 01:58:16.7" NoteID="efca87c3-e606-e611-80c4-00155d012302" />
		<row ProviderID="83d82462-cf4c-4922-a441-6687028529ce" LineNbr="1" IsActive="1" Name="Customers" FieldCntr="10" IsCustom="0" CreatedByID="b5344897-037e-4d58-b5c3-1bdfd0f47bf9" CreatedByScreenID="SM206015" CreatedDateTime="2019-04-02 19:59:30.267" LastModifiedByID="b5344897-037e-4d58-b5c3-1bdfd0f47bf9" LastModifiedByScreenID="SM206015" LastModifiedDateTime="2019-04-02 19:59:30.267" NoteID="fbdd1fa6-6855-e911-b81b-00155d408001" />
		<row ProviderID="01a74bf3-1f0d-4532-a2bb-694af79c409f" LineNbr="1" IsActive="1" Name="Vendors" FieldCntr="9" IsCustom="0" CreatedByID="b5344897-037e-4d58-b5c3-1bdfd0f47bf9" CreatedByScreenID="SM206015" CreatedDateTime="2019-04-02 19:58:58.407" LastModifiedByID="b5344897-037e-4d58-b5c3-1bdfd0f47bf9" LastModifiedByScreenID="SM206015" LastModifiedDateTime="2019-04-02 19:58:58.407" NoteID="02f4ff96-6855-e911-b81b-00155d408001" />
		<row ProviderID="93f016ef-4e6e-42c1-881a-707d8d8add3d" LineNbr="1" IsActive="1" Name="Open Bills" FieldCntr="10" IsCustom="0" CreatedByID="b5344897-037e-4d58-b5c3-1bdfd0f47bf9" CreatedByScreenID="SM206015" CreatedDateTime="2019-04-02 20:09:05.313" LastModifiedByID="b5344897-037e-4d58-b5c3-1bdfd0f47bf9" LastModifiedByScreenID="SM206015" LastModifiedDateTime="2019-04-02 20:09:05.313" NoteID="eaa9defb-6955-e911-b81b-00155d408001" />
		<row ProviderID="ae965f7e-9a8c-473b-93d1-775f1c1c3058" LineNbr="1" IsActive="1" Name="Sales Orders" FieldCntr="12" IsCustom="0" CreatedByID="b5344897-037e-4d58-b5c3-1bdfd0f47bf9" CreatedByScreenID="SM206015" CreatedDateTime="2019-04-02 20:19:42.56" LastModifiedByID="b5344897-037e-4d58-b5c3-1bdfd0f47bf9" LastModifiedByScreenID="SM206015" LastModifiedDateTime="2019-04-02 20:19:42.56" NoteID="23d28078-6b55-e911-b81b-00155d408001" />
		<row ProviderID="c8e8e3a1-d8d6-42f1-a679-777ffb501448" LineNbr="1" IsActive="1" Name="Stock Items" FieldCntr="3" IsCustom="0" CreatedByID="b5344897-037e-4d58-b5c3-1bdfd0f47bf9" CreatedByScreenID="SM206015" CreatedDateTime="2019-04-02 20:01:18.617" LastModifiedByID="b5344897-037e-4d58-b5c3-1bdfd0f47bf9" LastModifiedByScreenID="SM206015" LastModifiedDateTime="2019-04-02 20:01:18.617" NoteID="a5ef28e9-6855-e911-b81b-00155d408001" />
		<row ProviderID="ce3351c7-287e-418e-9594-82cd031db748" LineNbr="1" IsActive="1" Name="AP Bills" FieldCntr="9" IsCustom="0" CreatedByID="b5344897-037e-4d58-b5c3-1bdfd0f47bf9" CreatedByScreenID="SM206015" CreatedDateTime="2019-04-02 20:03:43.1" LastModifiedByID="b5344897-037e-4d58-b5c3-1bdfd0f47bf9" LastModifiedByScreenID="SM206015" LastModifiedDateTime="2019-04-02 20:03:43.1" NoteID="de17653f-6955-e911-b81b-00155d408001" />
		<row ProviderID="9437c8e7-90a0-434e-816a-9beee7e85fd1" LineNbr="1" IsActive="1" Name="Open Invoices" FieldCntr="11" IsCustom="0" CreatedByID="b5344897-037e-4d58-b5c3-1bdfd0f47bf9" CreatedByScreenID="SM206015" CreatedDateTime="2019-04-02 20:10:40.02" LastModifiedByID="b5344897-037e-4d58-b5c3-1bdfd0f47bf9" LastModifiedByScreenID="SM206015" LastModifiedDateTime="2019-04-02 20:10:40.02" NoteID="f0e37037-6a55-e911-b81b-00155d408001" />
		<row ProviderID="11768fb9-0dba-43ae-b83a-b35eac4914b3" LineNbr="1" IsActive="1" Name="Open Payments" FieldCntr="10" IsCustom="0" CreatedByID="b5344897-037e-4d58-b5c3-1bdfd0f47bf9" CreatedByScreenID="SM206015" CreatedDateTime="2019-04-02 20:18:59.45" LastModifiedByID="b5344897-037e-4d58-b5c3-1bdfd0f47bf9" LastModifiedByScreenID="SM206015" LastModifiedDateTime="2019-04-02 20:18:59.45" NoteID="c0961c5d-6b55-e911-b81b-00155d408001" />
		<row ProviderID="89d86fa2-ee2c-454e-a84e-bb40496787db" LineNbr="1" IsActive="1" Name="Purchase Orders" FieldCntr="11" IsCustom="0" CreatedByID="b5344897-037e-4d58-b5c3-1bdfd0f47bf9" CreatedByScreenID="SM206015" CreatedDateTime="2019-04-02 20:20:57.087" LastModifiedByID="b5344897-037e-4d58-b5c3-1bdfd0f47bf9" LastModifiedByScreenID="SM206015" LastModifiedDateTime="2019-04-02 20:20:57.087" NoteID="ffc068a2-6b55-e911-b81b-00155d408001" />
		<row ProviderID="ccae1708-83e9-434f-ba22-d04514e823e3" LineNbr="1" IsActive="1" Name="Fixed Asset Classes" FieldCntr="14" IsCustom="0" CreatedByID="b5344897-037e-4d58-b5c3-1bdfd0f47bf9" CreatedByScreenID="SM206015" CreatedDateTime="2019-04-02 20:13:02.58" LastModifiedByID="b5344897-037e-4d58-b5c3-1bdfd0f47bf9" LastModifiedByScreenID="SM206015" LastModifiedDateTime="2019-04-02 20:13:02.58" NoteID="3332c680-6a55-e911-b81b-00155d408001" />
		<row ProviderID="f24c4e67-1515-4a47-8799-d05589cbe7e8" LineNbr="1" IsActive="1" Name="AR Invoices Import" FieldCntr="12" IsCustom="0" CreatedByID="b5344897-037e-4d58-b5c3-1bdfd0f47bf9" CreatedByScreenID="SM206015" CreatedDateTime="2016-04-20 13:58:47.337" LastModifiedByID="b5344897-037e-4d58-b5c3-1bdfd0f47bf9" LastModifiedByScreenID="SM206015" LastModifiedDateTime="2016-04-20 01:58:49.463" NoteID="a117f9d7-e606-e611-80c4-00155d012302" />
		<row ProviderID="9fa71f3c-67db-4ab3-b019-eb1ef112f846" LineNbr="1" IsActive="1" Name="Open Prepayments" FieldCntr="10" IsCustom="0" CreatedByID="b5344897-037e-4d58-b5c3-1bdfd0f47bf9" CreatedByScreenID="SM206015" CreatedDateTime="2019-04-02 20:09:48.737" LastModifiedByID="b5344897-037e-4d58-b5c3-1bdfd0f47bf9" LastModifiedByScreenID="SM206015" LastModifiedDateTime="2019-04-02 20:09:48.737" NoteID="74b6d219-6a55-e911-b81b-00155d408001" />
	</rows>
</data>