﻿<?xml version="1.0" encoding="utf-8"?>
<data>
	<table name="SYProvider">
		<col name="CompanyID" type="Int" default="Zero" />
		<col name="ProviderID" type="UniqueIdentifier" />
		<col name="Name" type="NVarChar(128)" />
		<col name="IsActive" type="Bit" />
		<col name="ProviderType" type="VarChar(128)" />
		<col name="ObjectCntr" type="SmallInt" />
		<col name="ParameterCntr" type="SmallInt" />
		<col name="CreatedByID" type="UniqueIdentifier" />
		<col name="CreatedByScreenID" type="Char(8)" />
		<col name="CreatedDateTime" type="DateTime" />
		<col name="LastModifiedByID" type="UniqueIdentifier" />
		<col name="LastModifiedByScreenID" type="Char(8)" />
		<col name="LastModifiedDateTime" type="DateTime" />
		<col name="tstamp" type="Timestamp" />
		<col name="CompanyMask" type="VarBinary(32)" default="CompanyMaskReadOnly" />
		<col name="NoteID" type="UniqueIdentifier" nullable="true" />
	</table>
	<rows>
		<row ProviderID="16f364be-1dc3-444a-9eab-03cdc8aeb6d4" Name="DM Fixed Assets" IsActive="1" ProviderType="PX.DataSync.ExcelSYProvider" ObjectCntr="1" ParameterCntr="1" CreatedByID="b5344897-037e-4d58-b5c3-1bdfd0f47bf9" CreatedByScreenID="SM206015" CreatedDateTime="2019-04-02 20:13:23.653" LastModifiedByID="b5344897-037e-4d58-b5c3-1bdfd0f47bf9" LastModifiedByScreenID="SM206015" LastModifiedDateTime="2019-04-02 20:13:43.26" NoteID="944fdd9b-6a55-e911-b81b-00155d408001" />
		<row ProviderID="a993eb91-8717-4ac2-999c-0a3c20c812f2" Name="Import Journal Transactions MC" IsActive="1" ProviderType="PX.DataSync.ExcelSYProvider" ObjectCntr="1" ParameterCntr="1" CreatedByID="b5344897-037e-4d58-b5c3-1bdfd0f47bf9" CreatedByScreenID="SM206015" CreatedDateTime="2016-04-14 23:45:51.287" LastModifiedByID="b5344897-037e-4d58-b5c3-1bdfd0f47bf9" LastModifiedByScreenID="SM206015" LastModifiedDateTime="2016-04-14 23:46:04.67" NoteID="99f25e6d-e602-e611-80c4-00155d012302" />
		<row ProviderID="e1d22b67-6e05-4396-8cd3-232628e9c14e" Name="DM Closed AR Invoices" IsActive="1" ProviderType="PX.DataSync.ExcelSYProvider" ObjectCntr="1" ParameterCntr="1" CreatedByID="b5344897-037e-4d58-b5c3-1bdfd0f47bf9" CreatedByScreenID="SM206015" CreatedDateTime="2019-04-02 20:06:27.527" LastModifiedByID="b5344897-037e-4d58-b5c3-1bdfd0f47bf9" LastModifiedByScreenID="SM206015" LastModifiedDateTime="2019-04-02 20:06:40.867" NoteID="c098ab6b-6955-e911-b81b-00155d408001" />
		<row ProviderID="b722f48a-5af3-49a2-9b97-4d36ba0c68a0" Name="Import AP documents MC" IsActive="1" ProviderType="PX.DataSync.ExcelSYProvider" ObjectCntr="1" ParameterCntr="1" CreatedByID="b5344897-037e-4d58-b5c3-1bdfd0f47bf9" CreatedByScreenID="SM206015" CreatedDateTime="2016-04-14 23:39:17.01" LastModifiedByID="b5344897-037e-4d58-b5c3-1bdfd0f47bf9" LastModifiedByScreenID="SM206015" LastModifiedDateTime="2016-04-20 01:58:16.717" NoteID="8883cf87-e502-e611-80c4-00155d012302" />
		<row ProviderID="83d82462-cf4c-4922-a441-6687028529ce" Name="DM Customers" IsActive="1" ProviderType="PX.DataSync.ExcelSYProvider" ObjectCntr="1" ParameterCntr="1" CreatedByID="b5344897-037e-4d58-b5c3-1bdfd0f47bf9" CreatedByScreenID="SM206015" CreatedDateTime="2019-04-02 19:59:17.37" LastModifiedByID="b5344897-037e-4d58-b5c3-1bdfd0f47bf9" LastModifiedByScreenID="SM206015" LastModifiedDateTime="2019-04-02 19:59:30.377" NoteID="b1ebbb9f-6855-e911-b81b-00155d408001" />
		<row ProviderID="01a74bf3-1f0d-4532-a2bb-694af79c409f" Name="DM Vendors" IsActive="1" ProviderType="PX.DataSync.ExcelSYProvider" ObjectCntr="1" ParameterCntr="1" CreatedByID="b5344897-037e-4d58-b5c3-1bdfd0f47bf9" CreatedByScreenID="SM206015" CreatedDateTime="2019-04-02 19:58:46.083" LastModifiedByID="b5344897-037e-4d58-b5c3-1bdfd0f47bf9" LastModifiedByScreenID="SM206015" LastModifiedDateTime="2019-04-02 19:58:58.5" NoteID="e56ef190-6855-e911-b81b-00155d408001" />
		<row ProviderID="93f016ef-4e6e-42c1-881a-707d8d8add3d" Name="DM Open AP Bills" IsActive="1" ProviderType="PX.DataSync.ExcelSYProvider" ObjectCntr="1" ParameterCntr="1" CreatedByID="b5344897-037e-4d58-b5c3-1bdfd0f47bf9" CreatedByScreenID="SM206015" CreatedDateTime="2019-04-02 20:08:50.717" LastModifiedByID="b5344897-037e-4d58-b5c3-1bdfd0f47bf9" LastModifiedByScreenID="SM206015" LastModifiedDateTime="2019-04-02 20:09:05.44" NoteID="875172f4-6955-e911-b81b-00155d408001" />
		<row ProviderID="ae965f7e-9a8c-473b-93d1-775f1c1c3058" Name="DM Sales Orders" IsActive="1" ProviderType="PX.DataSync.ExcelSYProvider" ObjectCntr="1" ParameterCntr="1" CreatedByID="b5344897-037e-4d58-b5c3-1bdfd0f47bf9" CreatedByScreenID="SM206015" CreatedDateTime="2019-04-02 20:19:29.31" LastModifiedByID="b5344897-037e-4d58-b5c3-1bdfd0f47bf9" LastModifiedByScreenID="SM206015" LastModifiedDateTime="2019-04-02 20:19:42.7" NoteID="c1c27171-6b55-e911-b81b-00155d408001" />
		<row ProviderID="c8e8e3a1-d8d6-42f1-a679-777ffb501448" Name="DM Stock Items" IsActive="1" ProviderType="PX.DataSync.ExcelSYProvider" ObjectCntr="1" ParameterCntr="1" CreatedByID="b5344897-037e-4d58-b5c3-1bdfd0f47bf9" CreatedByScreenID="SM206015" CreatedDateTime="2019-04-02 20:01:04.293" LastModifiedByID="b5344897-037e-4d58-b5c3-1bdfd0f47bf9" LastModifiedByScreenID="SM206015" LastModifiedDateTime="2019-04-02 20:01:18.647" NoteID="b9a86be2-6855-e911-b81b-00155d408001" />
		<row ProviderID="ce3351c7-287e-418e-9594-82cd031db748" Name="DM Closed AP Bills" IsActive="1" ProviderType="PX.DataSync.ExcelSYProvider" ObjectCntr="1" ParameterCntr="1" CreatedByID="b5344897-037e-4d58-b5c3-1bdfd0f47bf9" CreatedByScreenID="SM206015" CreatedDateTime="2019-04-02 20:03:26.607" LastModifiedByID="b5344897-037e-4d58-b5c3-1bdfd0f47bf9" LastModifiedByScreenID="SM206015" LastModifiedDateTime="2019-04-02 20:03:43.21" NoteID="a1db6e2e-6955-e911-b81b-00155d408001" />
		<row ProviderID="9437c8e7-90a0-434e-816a-9beee7e85fd1" Name="DM Open AR Invoices" IsActive="1" ProviderType="PX.DataSync.ExcelSYProvider" ObjectCntr="1" ParameterCntr="1" CreatedByID="b5344897-037e-4d58-b5c3-1bdfd0f47bf9" CreatedByScreenID="SM206015" CreatedDateTime="2019-04-02 20:10:23.403" LastModifiedByID="b5344897-037e-4d58-b5c3-1bdfd0f47bf9" LastModifiedByScreenID="SM206015" LastModifiedDateTime="2019-04-02 20:10:40.127" NoteID="3763422e-6a55-e911-b81b-00155d408001" />
		<row ProviderID="11768fb9-0dba-43ae-b83a-b35eac4914b3" Name="DM Open AR Payments" IsActive="1" ProviderType="PX.DataSync.ExcelSYProvider" ObjectCntr="1" ParameterCntr="1" CreatedByID="b5344897-037e-4d58-b5c3-1bdfd0f47bf9" CreatedByScreenID="SM206015" CreatedDateTime="2019-04-02 20:18:43.37" LastModifiedByID="b5344897-037e-4d58-b5c3-1bdfd0f47bf9" LastModifiedByScreenID="SM206015" LastModifiedDateTime="2019-04-02 20:18:59.56" NoteID="6e954756-6b55-e911-b81b-00155d408001" />
		<row ProviderID="89d86fa2-ee2c-454e-a84e-bb40496787db" Name="DM Purchase Orders" IsActive="1" ProviderType="PX.DataSync.ExcelSYProvider" ObjectCntr="1" ParameterCntr="1" CreatedByID="b5344897-037e-4d58-b5c3-1bdfd0f47bf9" CreatedByScreenID="SM206015" CreatedDateTime="2019-04-02 20:20:39.627" LastModifiedByID="b5344897-037e-4d58-b5c3-1bdfd0f47bf9" LastModifiedByScreenID="SM206015" LastModifiedDateTime="2019-04-02 20:20:58.107" NoteID="3180ba87-6b55-e911-b81b-00155d408001" />
		<row ProviderID="ccae1708-83e9-434f-ba22-d04514e823e3" Name="DM Fixed Asset Classes" IsActive="1" ProviderType="PX.DataSync.ExcelSYProvider" ObjectCntr="1" ParameterCntr="1" CreatedByID="b5344897-037e-4d58-b5c3-1bdfd0f47bf9" CreatedByScreenID="SM206015" CreatedDateTime="2019-04-02 20:12:33.69" LastModifiedByID="b5344897-037e-4d58-b5c3-1bdfd0f47bf9" LastModifiedByScreenID="SM206015" LastModifiedDateTime="2019-04-02 20:13:02.703" NoteID="b55c2f7a-6a55-e911-b81b-00155d408001" />
		<row ProviderID="f24c4e67-1515-4a47-8799-d05589cbe7e8" Name="Import AR documents MC" IsActive="1" ProviderType="PX.DataSync.ExcelSYProvider" ObjectCntr="1" ParameterCntr="1" CreatedByID="b5344897-037e-4d58-b5c3-1bdfd0f47bf9" CreatedByScreenID="SM206015" CreatedDateTime="2016-04-14 23:41:33.027" LastModifiedByID="b5344897-037e-4d58-b5c3-1bdfd0f47bf9" LastModifiedByScreenID="SM206015" LastModifiedDateTime="2016-04-20 01:58:49.467" NoteID="563057d4-e502-e611-80c4-00155d012302" />
		<row ProviderID="9fa71f3c-67db-4ab3-b019-eb1ef112f846" Name="DM Open AP Prepayments" IsActive="1" ProviderType="PX.DataSync.ExcelSYProvider" ObjectCntr="1" ParameterCntr="1" CreatedByID="b5344897-037e-4d58-b5c3-1bdfd0f47bf9" CreatedByScreenID="SM206015" CreatedDateTime="2019-04-02 20:09:35.213" LastModifiedByID="b5344897-037e-4d58-b5c3-1bdfd0f47bf9" LastModifiedByScreenID="SM206015" LastModifiedDateTime="2019-04-02 20:09:48.923" NoteID="527e2d11-6a55-e911-b81b-00155d408001" />
	</rows>
</data>