﻿<?xml version="1.0" encoding="utf-8"?>
<data>
	<table name="Tax">
		<col name="CompanyID" type="Int" default="Zero" />
		<col name="TaxID" type="NVarChar(30)" />
		<col name="TaxType" type="Char(1)" />
		<col name="TaxCalcType" type="Char(1)" />
		<col name="TaxCalcLevel" type="Char(1)" />
		<col name="TaxCalcLevel2Exclude" type="Bit" />
		<col name="TaxApplyTermsDisc" type="Char(1)" />
		<col name="SalesTaxAcctID" type="Int" />
		<col name="SalesTaxSubID" type="Int" />
		<col name="PurchTaxAcctID" type="Int" nullable="true" />
		<col name="PurchTaxSubID" type="Int" nullable="true" />
		<col name="PendingSalesTaxAcctID" type="Int" nullable="true" />
		<col name="PendingSalesTaxSubID" type="Int" nullable="true" />
		<col name="PendingPurchTaxAcctID" type="Int" nullable="true" />
		<col name="PendingPurchTaxSubID" type="Int" nullable="true" />
		<col name="PendingTax" type="Bit" default="Zero" />
		<col name="Descr" type="NVarChar(100)" nullable="true" />
		<col name="Outdated" type="Bit" nullable="true" />
		<col name="OutDate" type="SmallDateTime" nullable="true" />
		<col name="TaxVendorID" type="Int" nullable="true" />
		<col name="IsImported" type="Bit" default="Zero" />
		<col name="IsExternal" type="Bit" default="Zero" />
		<col name="tstamp" type="Timestamp" />
		<col name="CreatedByID" type="UniqueIdentifier" />
		<col name="CreatedByScreenID" type="Char(8)" />
		<col name="CreatedDateTime" type="DateTime" />
		<col name="LastModifiedByID" type="UniqueIdentifier" />
		<col name="LastModifiedByScreenID" type="Char(8)" />
		<col name="LastModifiedDateTime" type="DateTime" />
		<col name="ExpenseAccountID" type="Int" nullable="true" />
		<col name="ExpenseSubID" type="Int" nullable="true" />
		<col name="ReverseTax" type="Bit" />
		<col name="StatisticalTax" type="Bit" default="Zero" />
		<col name="DirectTax" type="Bit" default="Zero" />
		<col name="ExemptTax" type="Bit" default="Zero" />
		<col name="DeductibleVAT" type="Bit" default="Zero" />
		<col name="ReportExpenseToSingleAccount" type="Bit" />
		<col name="IncludeInTaxable" type="Bit" default="Zero" />
		<col name="RetainageTaxPayableAcctID" type="Int" nullable="true" />
		<col name="RetainageTaxPayableSubID" type="Int" nullable="true" />
		<col name="RetainageTaxClaimableAcctID" type="Int" nullable="true" />
		<col name="RetainageTaxClaimableSubID" type="Int" nullable="true" />
		<col name="NoteID" type="UniqueIdentifier" nullable="true" />
	</table>
	<rows>
		<row TaxID="EXTERNAL" TaxType="S" TaxCalcType="D" TaxCalcLevel="1" TaxCalcLevel2Exclude="0" TaxApplyTermsDisc="X" SalesTaxAcctID="2735" SalesTaxSubID="1" PurchTaxSubID="1" PendingSalesTaxAcctID="2735" PendingSalesTaxSubID="1" PendingPurchTaxSubID="1" PendingTax="0" Descr="External Tax Provider  tax for " Outdated="0" TaxVendorID="29" IsImported="0" IsExternal="1" CreatedByID="b5344897-037e-4d58-b5c3-1bdfd0f47bf9" CreatedByScreenID="SO301000" CreatedDateTime="2019-12-05 12:10:12.503" LastModifiedByID="b5344897-037e-4d58-b5c3-1bdfd0f47bf9" LastModifiedByScreenID="SO301000" LastModifiedDateTime="2019-12-05 12:10:12.503" ExpenseSubID="1" ReverseTax="0" StatisticalTax="0" DirectTax="0" ExemptTax="0" DeductibleVAT="0" ReportExpenseToSingleAccount="1" IncludeInTaxable="0" RetainageTaxPayableSubID="1" RetainageTaxClaimableSubID="1" NoteID="04397e74-8a17-ea11-a6ed-9cb6d0c82c0c" />
		<row TaxID="EXTFREIGHT" TaxType="S" TaxCalcType="D" TaxCalcLevel="1" TaxCalcLevel2Exclude="0" TaxApplyTermsDisc="N" SalesTaxAcctID="2735" SalesTaxSubID="1" PurchTaxSubID="1" PendingSalesTaxSubID="1" PendingPurchTaxSubID="1" PendingTax="0" Outdated="0" IsImported="0" IsExternal="0" CreatedByID="b5344897-037e-4d58-b5c3-1bdfd0f47bf9" CreatedByScreenID="TX205000" CreatedDateTime="2019-12-04 10:13:07.6" LastModifiedByID="b5344897-037e-4d58-b5c3-1bdfd0f47bf9" LastModifiedByScreenID="TX205000" LastModifiedDateTime="2019-12-04 10:13:07.6" ExpenseSubID="1" ReverseTax="0" StatisticalTax="0" DirectTax="0" ExemptTax="0" DeductibleVAT="0" ReportExpenseToSingleAccount="1" IncludeInTaxable="0" RetainageTaxPayableSubID="1" RetainageTaxClaimableSubID="1" NoteID="810ebfaa-b016-ea11-a6ed-9cb6d0c82c0c" />
		<row TaxID="EXTLINEITEMS" TaxType="S" TaxCalcType="D" TaxCalcLevel="1" TaxCalcLevel2Exclude="0" TaxApplyTermsDisc="N" SalesTaxAcctID="2735" SalesTaxSubID="1" PurchTaxSubID="1" PendingSalesTaxSubID="1" PendingPurchTaxSubID="1" PendingTax="0" Descr="External Line Items" Outdated="0" IsImported="0" IsExternal="0" CreatedByID="b5344897-037e-4d58-b5c3-1bdfd0f47bf9" CreatedByScreenID="TX205000" CreatedDateTime="2019-12-04 10:11:00.45" LastModifiedByID="b5344897-037e-4d58-b5c3-1bdfd0f47bf9" LastModifiedByScreenID="TX205000" LastModifiedDateTime="2019-12-04 10:11:00.45" ExpenseSubID="1" ReverseTax="0" StatisticalTax="0" DirectTax="0" ExemptTax="0" DeductibleVAT="0" ReportExpenseToSingleAccount="1" IncludeInTaxable="0" RetainageTaxPayableSubID="1" RetainageTaxClaimableSubID="1" NoteID="159f85fb-ae16-ea11-a6ed-9cb6d0c82c0c" />
	</rows>
</data>