﻿<?xml version="1.0" encoding="utf-8"?>
<data>
	<table name="TaxCategory">
		<col name="CompanyID" type="Int" default="Zero" />
		<col name="TaxCategoryID" type="NVarChar(10)" />
		<col name="Descr" type="NVarChar(60)" nullable="true" />
		<col name="TaxCatFlag" type="Bit" />
		<col name="Active" type="Bit" />
		<col name="Exempt" type="Bit" default="Zero" />
		<col name="tstamp" type="Timestamp" />
		<col name="CreatedByID" type="UniqueIdentifier" />
		<col name="CreatedByScreenID" type="Char(8)" />
		<col name="CreatedDateTime" type="DateTime" />
		<col name="LastModifiedByID" type="UniqueIdentifier" />
		<col name="LastModifiedByScreenID" type="Char(8)" />
		<col name="LastModifiedDateTime" type="DateTime" />
		<col name="NoteID" type="UniqueIdentifier" nullable="true" />
	</table>
	<rows>
		<row TaxCategoryID="EXEMPT" Descr="Exempt" TaxCatFlag="0" Active="1" Exempt="0" CreatedByID="b5344897-037e-4d58-b5c3-1bdfd0f47bf9" CreatedByScreenID="TX205500" CreatedDateTime="2014-10-22 14:51:55.12" LastModifiedByID="b5344897-037e-4d58-b5c3-1bdfd0f47bf9" LastModifiedByScreenID="TX205500" LastModifiedDateTime="2014-10-22 14:51:55.12" NoteID="8da2b06a-d959-e411-8568-74d435e7799b" />
		<row TaxCategoryID="TAXABLE" Descr="Taxable" TaxCatFlag="0" Active="1" Exempt="0" CreatedByID="b5344897-037e-4d58-b5c3-1bdfd0f47bf9" CreatedByScreenID="TX205500" CreatedDateTime="2019-12-04 09:34:02.427" LastModifiedByID="b5344897-037e-4d58-b5c3-1bdfd0f47bf9" LastModifiedByScreenID="TX205500" LastModifiedDateTime="2019-12-04 09:34:02.427" NoteID="3455155f-ab16-ea11-a6ed-9cb6d0c82c0c" />
	</rows>
</data>