﻿<?xml version="1.0" encoding="utf-8"?>
<data>
	<table name="TaxPluginMapping">
		<col name="CompanyID" type="Int" default="Zero" />
		<col name="TaxPluginID" type="NVarChar(15)" />
		<col name="BranchID" type="Int" />
		<col name="CompanyCode" type="NVarChar(15)" />
		<col name="CreatedByID" type="UniqueIdentifier" />
		<col name="CreatedByScreenID" type="Char(8)" />
		<col name="CreatedDateTime" type="DateTime" />
		<col name="LastModifiedByID" type="UniqueIdentifier" />
		<col name="LastModifiedByScreenID" type="Char(8)" />
		<col name="LastModifiedDateTime" type="DateTime" />
		<col name="tstamp" type="Timestamp" />
	</table>
	<rows>
		<row TaxPluginID="LOGICAUTAX" BranchID="1" CompanyCode="MYCOMPANY" CreatedByID="b5344897-037e-4d58-b5c3-1bdfd0f47bf9" CreatedByScreenID="TX102000" CreatedDateTime="2019-12-05 08:10:05.53" LastModifiedByID="b5344897-037e-4d58-b5c3-1bdfd0f47bf9" LastModifiedByScreenID="TX102000" LastModifiedDateTime="2019-12-05 08:10:05.53" />
		<row TaxPluginID="STUBTAX" BranchID="1" CompanyCode="MYCOMPANY" CreatedByID="b5344897-037e-4d58-b5c3-1bdfd0f47bf9" CreatedByScreenID="TX102000" CreatedDateTime="2019-12-04 09:21:04.103" LastModifiedByID="b5344897-037e-4d58-b5c3-1bdfd0f47bf9" LastModifiedByScreenID="TX102000" LastModifiedDateTime="2019-12-04 09:21:04.103" />
	</rows>
</data>