﻿<?xml version="1.0" encoding="utf-8"?>
<data>
	<table name="TaxPluginDetail">
		<col name="CompanyID" type="Int" default="Zero" />
		<col name="TaxPluginID" type="NVarChar(15)" />
		<col name="SettingID" type="NVarChar(15)" />
		<col name="SortOrder" type="Int" />
		<col name="Description" type="NVarChar(255)" nullable="true" />
		<col name="Value" type="NVarChar(1024)" nullable="true" />
		<col name="ControlTypeValue" type="Int" />
		<col name="ComboValuesStr" type="NVarChar(4000)" nullable="true" />
		<col name="CreatedByID" type="UniqueIdentifier" />
		<col name="CreatedByScreenID" type="Char(8)" />
		<col name="CreatedDateTime" type="DateTime" />
		<col name="LastModifiedByID" type="UniqueIdentifier" />
		<col name="LastModifiedByScreenID" type="Char(8)" />
		<col name="LastModifiedDateTime" type="DateTime" />
		<col name="tstamp" type="Timestamp" />
	</table>
	<rows>
		<row TaxPluginID="LOGICAUTAX" SettingID="EXTERNALTAXID" SortOrder="1" Description="External Tax ID (in Acumatica)" Value="EXTERNAL" ControlTypeValue="1" ComboValuesStr="" CreatedByID="b5344897-037e-4d58-b5c3-1bdfd0f47bf9" CreatedByScreenID="TX102000" CreatedDateTime="2019-12-04 09:25:25.65" LastModifiedByID="b5344897-037e-4d58-b5c3-1bdfd0f47bf9" LastModifiedByScreenID="TX102000" LastModifiedDateTime="2019-12-04 09:25:25.65" />
		<row TaxPluginID="LOGICAUTAX" SettingID="EXTTAXREPORTER" SortOrder="1" Description="External Tax Reporting Provider" Value="STUBTAX" ControlTypeValue="1" ComboValuesStr="" CreatedByID="b5344897-037e-4d58-b5c3-1bdfd0f47bf9" CreatedByScreenID="TX102000" CreatedDateTime="2019-12-04 09:25:25.65" LastModifiedByID="b5344897-037e-4d58-b5c3-1bdfd0f47bf9" LastModifiedByScreenID="TX102000" LastModifiedDateTime="2019-12-04 09:25:25.65" />
		<row TaxPluginID="LOGICAUTAX" SettingID="LOGLEVEL" SortOrder="1" Description="Logging Level" Value="DEBUG_ENABLED" ControlTypeValue="1" ComboValuesStr="" CreatedByID="b5344897-037e-4d58-b5c3-1bdfd0f47bf9" CreatedByScreenID="TX102000" CreatedDateTime="2019-12-04 09:25:25.65" LastModifiedByID="b5344897-037e-4d58-b5c3-1bdfd0f47bf9" LastModifiedByScreenID="TX102000" LastModifiedDateTime="2019-12-04 09:25:25.65" />
	</rows>
</data>