﻿<?xml version="1.0" encoding="utf-8"?>
<data>
	<table name="TaxPlugin">
		<col name="CompanyID" type="Int" default="Zero" />
		<col name="TaxPluginID" type="NVarChar(15)" />
		<col name="Description" type="NVarChar(255)" nullable="true" />
		<col name="PluginTypeName" type="VarChar(255)" nullable="true" />
		<col name="IsActive" type="Bit" />
		<col name="tstamp" type="Timestamp" />
		<col name="CreatedByID" type="UniqueIdentifier" />
		<col name="CreatedByScreenID" type="Char(8)" />
		<col name="CreatedDateTime" type="DateTime" />
		<col name="LastModifiedByID" type="UniqueIdentifier" />
		<col name="LastModifiedByScreenID" type="Char(8)" />
		<col name="LastModifiedDateTime" type="DateTime" />
		<col name="NoteID" type="UniqueIdentifier" nullable="true" />
	</table>
	<rows>
		<row TaxPluginID="LOGICAUTAX" Description="External Tax Provider" PluginTypeName="Monster.TaxProvider.LogicAutomatedTaxProvider" IsActive="0" CreatedByID="b5344897-037e-4d58-b5c3-1bdfd0f47bf9" CreatedByScreenID="TX102000" CreatedDateTime="2019-12-04 09:25:25.65" LastModifiedByID="b5344897-037e-4d58-b5c3-1bdfd0f47bf9" LastModifiedByScreenID="TX102000" LastModifiedDateTime="2019-12-05 08:10:05.547" NoteID="5884bb01-aa16-ea11-a6ed-9cb6d0c82c0c" />
		<row TaxPluginID="STUBTAX" Description="Stubbed Tax Reporter" PluginTypeName="Monster.TaxProvider.StubTaxProvider" IsActive="0" CreatedByID="b5344897-037e-4d58-b5c3-1bdfd0f47bf9" CreatedByScreenID="TX102000" CreatedDateTime="2019-12-04 09:17:42.233" LastModifiedByID="b5344897-037e-4d58-b5c3-1bdfd0f47bf9" LastModifiedByScreenID="TX102000" LastModifiedDateTime="2019-12-04 09:21:04.12" NoteID="90449123-a916-ea11-a6ed-9cb6d0c82c0c" />
	</rows>
</data>