﻿<?xml version="1.0" encoding="utf-8"?>
<data>
	<table name="TaxTran">
		<col name="CompanyID" type="Int" default="Zero" />
		<col name="RecordID" type="Int" identity="true" />
		<col name="BranchID" type="Int" />
		<col name="RefNbr" type="NVarChar(15)" />
		<col name="VendorID" type="Int" nullable="true" />
		<col name="AccountID" type="Int" />
		<col name="SubID" type="Int" />
		<col name="TaxPeriodID" type="Char(6)" nullable="true" />
		<col name="FinPeriodID" type="Char(6)" />
		<col name="FinDate" type="DateTime" nullable="true" />
		<col name="tstamp" type="Timestamp" />
		<col name="Module" type="Char(2)" />
		<col name="TranType" type="Char(3)" />
		<col name="Released" type="Bit" />
		<col name="Voided" type="Bit" />
		<col name="TaxID" type="NVarChar(30)" />
		<col name="JurisType" type="NVarChar(9)" nullable="true" />
		<col name="JurisName" type="NVarChar(200)" nullable="true" />
		<col name="TaxRate" type="Decimal(9,6)" nullable="true" />
		<col name="CuryInfoID" type="BigInt" />
		<col name="CuryTaxDiscountAmt" type="Decimal(19,4)" default="Zero" />
		<col name="TaxDiscountAmt" type="Decimal(19,4)" default="Zero" />
		<col name="CuryOrigTaxableAmt" type="Decimal(19,4)" nullable="true" />
		<col name="OrigTaxableAmt" type="Decimal(19,4)" nullable="true" />
		<col name="CuryTaxableAmt" type="Decimal(19,4)" nullable="true" />
		<col name="TaxableAmt" type="Decimal(19,4)" nullable="true" />
		<col name="CuryExemptedAmt" type="Decimal(19,4)" default="Zero" />
		<col name="ExemptedAmt" type="Decimal(19,4)" default="Zero" />
		<col name="CuryTaxAmt" type="Decimal(19,4)" nullable="true" />
		<col name="BAccountID" type="Int" nullable="true" />
		<col name="TaxAmt" type="Decimal(19,4)" nullable="true" />
		<col name="NonDeductibleTaxRate" type="Decimal(9,6)" nullable="true" />
		<col name="ExpenseAmt" type="Decimal(19,4)" nullable="true" />
		<col name="CuryExpenseAmt" type="Decimal(19,4)" nullable="true" />
		<col name="CuryID" type="NVarChar(5)" nullable="true" />
		<col name="ReportCuryID" type="NVarChar(5)" nullable="true" />
		<col name="ReportCuryRateTypeID" type="NVarChar(6)" nullable="true" />
		<col name="ReportCuryEffDate" type="SmallDateTime" nullable="true" />
		<col name="ReportCuryMultDiv" type="Char(1)" nullable="true" />
		<col name="ReportCuryRate" type="Decimal(19,8)" nullable="true" />
		<col name="ReportTaxableAmt" type="Decimal(19,4)" nullable="true" />
		<col name="ReportExemptedAmt" type="Decimal(19,4)" nullable="true" />
		<col name="ReportTaxAmt" type="Decimal(19,4)" nullable="true" />
		<col name="CreatedByID" type="UniqueIdentifier" />
		<col name="CreatedByScreenID" type="Char(8)" />
		<col name="CreatedDateTime" type="DateTime" />
		<col name="LastModifiedByID" type="UniqueIdentifier" />
		<col name="LastModifiedByScreenID" type="Char(8)" />
		<col name="LastModifiedDateTime" type="DateTime" />
		<col name="TranDate" type="SmallDateTime" />
		<col name="TaxBucketID" type="Int" />
		<col name="TaxType" type="Char(1)" />
		<col name="TaxZoneID" type="NVarChar(10)" nullable="true" />
		<col name="TaxInvoiceNbr" type="NVarChar(15)" nullable="true" />
		<col name="TaxInvoiceDate" type="SmallDateTime" nullable="true" />
		<col name="OrigTranType" type="Char(3)" />
		<col name="OrigRefNbr" type="NVarChar(15)" />
		<col name="LineRefNbr" type="NVarChar(15)" />
		<col name="RevisionID" type="Int" nullable="true" />
		<col name="AdjdDocType" type="Char(3)" nullable="true" />
		<col name="AdjdRefNbr" type="NVarChar(15)" nullable="true" />
		<col name="AdjNbr" type="Int" nullable="true" />
		<col name="CuryRetainedTaxAmt" type="Decimal(19,4)" default="Zero" />
		<col name="RetainedTaxAmt" type="Decimal(19,4)" default="Zero" />
		<col name="CuryRetainedTaxableAmt" type="Decimal(19,4)" default="Zero" />
		<col name="RetainedTaxableAmt" type="Decimal(19,4)" default="Zero" />
		<col name="Description" type="NVarChar(256)" nullable="true" />
	</table>
	<rows>
		<row RecordID="1" BranchID="1" RefNbr="000013" VendorID="29" AccountID="2735" SubID="1" FinPeriodID="202001" FinDate="2020-01-31 00:00:00" Module="AR" TranType="INV" Released="1" Voided="0" TaxID="EXTERNAL" TaxRate="0.000000" CuryInfoID="663981" CuryTaxDiscountAmt="0.0000" TaxDiscountAmt="0.0000" CuryOrigTaxableAmt="0.0000" OrigTaxableAmt="0.0000" CuryTaxableAmt="383.8500" TaxableAmt="383.8500" CuryExemptedAmt="0.0000" ExemptedAmt="0.0000" CuryTaxAmt="38.3900" BAccountID="30" TaxAmt="38.3900" NonDeductibleTaxRate="0.000000" ExpenseAmt="0.0000" CuryExpenseAmt="0.0000" CuryID="USD" ReportCuryMultDiv="M" ReportCuryRate="1.00000000" ReportTaxableAmt="0.0000" ReportExemptedAmt="0.0000" ReportTaxAmt="0.0000" CreatedByID="b5344897-037e-4d58-b5c3-1bdfd0f47bf9" CreatedByScreenID="SO302000" CreatedDateTime="2020-01-14 15:08:46.977" LastModifiedByID="b5344897-037e-4d58-b5c3-1bdfd0f47bf9" LastModifiedByScreenID="SO303000" LastModifiedDateTime="2020-01-14 15:08:55.86" TranDate="2020-01-14 00:00:00" TaxBucketID="0" TaxType="S" TaxZoneID="EXTERNAL" OrigTranType="   " OrigRefNbr="" LineRefNbr="" CuryRetainedTaxAmt="0.0000" RetainedTaxAmt="0.0000" CuryRetainedTaxableAmt="0.0000" RetainedTaxableAmt="0.0000" />
	</rows>
</data>