﻿<?xml version="1.0" encoding="utf-8"?>
<data>
	<table name="TaxZoneDet">
		<col name="CompanyID" type="Int" default="Zero" />
		<col name="TaxZoneID" type="NVarChar(10)" />
		<col name="TaxID" type="NVarChar(30)" />
		<col name="IsImported" type="Bit" default="Zero" />
		<col name="tstamp" type="Timestamp" />
		<col name="CreatedByID" type="UniqueIdentifier" />
		<col name="CreatedByScreenID" type="Char(8)" />
		<col name="CreatedDateTime" type="DateTime" />
		<col name="LastModifiedByID" type="UniqueIdentifier" />
		<col name="LastModifiedByScreenID" type="Char(8)" />
		<col name="LastModifiedDateTime" type="DateTime" />
	</table>
	<rows>
		<row TaxZoneID="EXTERNAL" TaxID="EXTFREIGHT" IsImported="0" CreatedByID="b5344897-037e-4d58-b5c3-1bdfd0f47bf9" CreatedByScreenID="TX205000" CreatedDateTime="2019-12-04 10:13:07.6" LastModifiedByID="b5344897-037e-4d58-b5c3-1bdfd0f47bf9" LastModifiedByScreenID="TX205000" LastModifiedDateTime="2019-12-04 10:13:07.6" />
	</rows>
</data>