﻿<?xml version="1.0" encoding="utf-8"?>
<data>
	<table name="TaxZone">
		<col name="CompanyID" type="Int" default="Zero" />
		<col name="TaxZoneID" type="NVarChar(10)" />
		<col name="DfltTaxCategoryID" type="NVarChar(10)" nullable="true" />
		<col name="Descr" type="NVarChar(60)" nullable="true" />
		<col name="TaxVendorID" type="Int" nullable="true" />
		<col name="IsImported" type="Bit" default="Zero" />
		<col name="IsExternal" type="Bit" default="Zero" />
		<col name="TaxPluginID" type="NVarChar(15)" nullable="true" />
		<col name="IsManualVATZone" type="Bit" default="Zero" />
		<col name="TaxID" type="NVarChar(30)" nullable="true" />
		<col name="tstamp" type="Timestamp" />
		<col name="CreatedByID" type="UniqueIdentifier" />
		<col name="CreatedByScreenID" type="Char(8)" />
		<col name="CreatedDateTime" type="DateTime" />
		<col name="LastModifiedByID" type="UniqueIdentifier" />
		<col name="LastModifiedByScreenID" type="Char(8)" />
		<col name="LastModifiedDateTime" type="DateTime" />
		<col name="NoteID" type="UniqueIdentifier" nullable="true" />
	</table>
	<rows>
		<row TaxZoneID="EXTERNAL" Descr="Taxes for Shopify Orders" TaxVendorID="29" IsImported="0" IsExternal="1" TaxPluginID="LOGICAUTAX" IsManualVATZone="0" CreatedByID="b5344897-037e-4d58-b5c3-1bdfd0f47bf9" CreatedByScreenID="TX206000" CreatedDateTime="2019-12-04 09:58:00.51" LastModifiedByID="b5344897-037e-4d58-b5c3-1bdfd0f47bf9" LastModifiedByScreenID="TX206000" LastModifiedDateTime="2019-12-04 09:58:00.51" NoteID="1a5306af-ae16-ea11-a6ed-9cb6d0c82c0c" />
	</rows>
</data>