﻿<?xml version="1.0" encoding="utf-8"?>
<data>
	<table name="Terms">
		<col name="CompanyID" type="Int" default="Zero" />
		<col name="TermsID" type="NVarChar(10)" />
		<col name="DueType" type="Char(1)" />
		<col name="DayFrom00" type="SmallInt" />
		<col name="DayFrom01" type="SmallInt" />
		<col name="DayTo00" type="SmallInt" />
		<col name="DayTo01" type="SmallInt" />
		<col name="DayDue00" type="SmallInt" />
		<col name="DayDue01" type="SmallInt" />
		<col name="DiscType" type="Char(1)" />
		<col name="DayDisc" type="SmallInt" />
		<col name="DiscPercent" type="Decimal(9,6)" nullable="true" />
		<col name="InstallmentType" type="Char(1)" />
		<col name="InstallmentCntr" type="SmallInt" />
		<col name="InstallmentFreq" type="Char(1)" />
		<col name="InstallmentMthd" type="Char(1)" />
		<col name="Descr" type="NVarChar(60)" nullable="true" />
		<col name="VisibleTo" type="Char(2)" />
		<col name="tstamp" type="Timestamp" />
		<col name="CreatedByID" type="UniqueIdentifier" />
		<col name="CreatedByScreenID" type="Char(8)" />
		<col name="CreatedDateTime" type="DateTime" />
		<col name="LastModifiedByID" type="UniqueIdentifier" />
		<col name="LastModifiedByScreenID" type="Char(8)" />
		<col name="LastModifiedDateTime" type="DateTime" />
		<col name="NoteID" type="UniqueIdentifier" />
	</table>
	<rows>
		<row TermsID="30D" DueType="N" DayFrom00="0" DayFrom01="0" DayTo00="0" DayTo01="0" DayDue00="30" DayDue01="0" DiscType="N" DayDisc="0" DiscPercent="0.000000" InstallmentType="S" InstallmentCntr="0" InstallmentFreq="W" InstallmentMthd="E" Descr="Net 30 days" VisibleTo="AL" CreatedByID="b5344897-037e-4d58-b5c3-1bdfd0f47bf9" CreatedByScreenID="CS206500" CreatedDateTime="2014-10-22 11:24:05.497" LastModifiedByID="b5344897-037e-4d58-b5c3-1bdfd0f47bf9" LastModifiedByScreenID="CS206500" LastModifiedDateTime="2014-10-22 11:24:05.497" NoteID="7979d931-6c4e-48c1-a5fa-47d33c33e8e1" />
		<row TermsID="30D7D3" DueType="N" DayFrom00="0" DayFrom01="0" DayTo00="0" DayTo01="0" DayDue00="30" DayDue01="0" DiscType="N" DayDisc="7" DiscPercent="3.000000" InstallmentType="S" InstallmentCntr="0" InstallmentFreq="W" InstallmentMthd="E" Descr="3/7, n/30" VisibleTo="AL" CreatedByID="b5344897-037e-4d58-b5c3-1bdfd0f47bf9" CreatedByScreenID="CS206500" CreatedDateTime="2014-10-22 11:25:38.447" LastModifiedByID="b5344897-037e-4d58-b5c3-1bdfd0f47bf9" LastModifiedByScreenID="CS206500" LastModifiedDateTime="2014-10-22 11:25:38.447" NoteID="6d8cb909-b9aa-47cf-b4ac-00f3fbb2cd15" />
	</rows>
</data>