﻿<?xml version="1.0" encoding="utf-8"?>
<data>
	<table name="UploadAllowedFileTypes">
		<col name="CompanyID" type="Int" default="Zero" />
		<col name="FileExt" type="NVarChar(255)" />
		<col name="IconUrl" type="NVarChar(512)" nullable="true" />
		<col name="Forbidden" type="Bit" default="Zero" />
		<col name="IsImage" type="Bit" default="Zero" />
		<col name="DefApplication" type="NVarChar(255)" nullable="true" />
		<col name="CompanyMask" type="VarBinary(32)" default="CompanyMaskReadOnly" />
	</table>
	<rows>
		<row FileExt=".cer" IconUrl="~/Icons/cer.gif" Forbidden="0" IsImage="0" DefApplication="application/x-x509-ca-cert" />
		<row FileExt=".ppt" IconUrl="~/Icons/ppt.gif" Forbidden="0" IsImage="0" DefApplication="application/powerpoint" />
		<row FileExt=".rar" IconUrl="~/Icons/rar.gif" Forbidden="0" IsImage="0" DefApplication="application/x-rar-compressed" />
		<row FileExt=".rtf" IconUrl="~/Icons/doc.gif" Forbidden="0" IsImage="0" DefApplication="application/x-rtf" />
		<row FileExt=".xls" IconUrl="~/Icons/xls.gif" Forbidden="0" IsImage="0" DefApplication="application/excel" />
		<row FileExt=".xml" IconUrl="~/Icons/xml.gif" Forbidden="0" IsImage="0" DefApplication="application/xml" />
	</rows>
</data>