﻿<?xml version="1.0" encoding="utf-8"?>
<data>
	<table name="UploadFile">
		<col name="CompanyID" type="Int" default="Zero" />
		<col name="FileID" type="UniqueIdentifier" />
		<col name="Name" type="NVarChar(255)" />
		<col name="CreatedByID" type="UniqueIdentifier" />
		<col name="CreatedDateTime" type="DateTime" />
		<col name="Versioned" type="Bit" />
		<col name="CheckedOutBy" type="UniqueIdentifier" nullable="true" />
		<col name="CheckedOutComment" type="NVarChar(500)" nullable="true" />
		<col name="LastRevisionID" type="Int" />
		<col name="PrimaryPageID" type="UniqueIdentifier" nullable="true" />
		<col name="PrimaryScreenID" type="VarChar(8)" nullable="true" />
		<col name="IsHidden" type="Bit" nullable="true" />
		<col name="Synchronizable" type="Bit" nullable="true" />
		<col name="SourceType" type="Char(1)" nullable="true" />
		<col name="SourceUri" type="NVarChar(255)" nullable="true" />
		<col name="SourceLogin" type="NVarChar(255)" nullable="true" />
		<col name="SourcePassword" type="NVarChar(1024)" nullable="true" />
		<col name="SourceIsFolder" type="Bit" nullable="true" />
		<col name="SourceMask" type="NVarChar(255)" nullable="true" />
		<col name="SourceNamingFormat" type="Char(1)" nullable="true" />
		<col name="SourceLastExportDate" type="DateTime" nullable="true" />
		<col name="SourceLastImportDate" type="DateTime" nullable="true" />
		<col name="IsPublic" type="Bit" default="Zero" />
		<col name="NoteID" type="UniqueIdentifier" nullable="true" />
		<col name="CompanyMask" type="VarBinary(32)" default="CompanyMaskReadOnly" />
		<col name="tstamp" type="Timestamp" />
		<col name="RecordSourceID" type="SmallInt" nullable="true" />
		<col name="SshCertificateName" type="NVarChar(50)" nullable="true" />
	</table>
	<rows>
		<row FileID="ad49e37e-801a-41f4-8ffb-056d77ed8259" Name="Data Providers (DM Import Open AR Invoices)\OpenARInvoicesList.xlsx" CreatedByID="b5344897-037e-4d58-b5c3-1bdfd0f47bf9" CreatedDateTime="2019-04-02 16:53:48.38" Versioned="1" LastRevisionID="1" PrimaryScreenID="SM206015" IsPublic="0" NoteID="342562dc-6755-e911-b81b-00155d408001" />
		<row FileID="94ad24ea-f6b7-4a93-996b-08dd01b90240" Name="Data Providers (Import AR documents MC)\DataProvider_AR.xlsx" CreatedByID="b5344897-037e-4d58-b5c3-1bdfd0f47bf9" CreatedDateTime="2016-04-15 08:41:41.893" Versioned="1" LastRevisionID="2" PrimaryScreenID="SM206015" IsPublic="0" NoteID="c6abcbda-e502-e611-80c4-00155d012302" />
		<row FileID="ebfe8c95-9f1e-4949-99df-0d65324a8e67" Name="Data Providers (DM Import Open Prepayments)\OpenAPPrepaymentsList.xlsx" CreatedByID="b5344897-037e-4d58-b5c3-1bdfd0f47bf9" CreatedDateTime="2019-04-02 16:15:53.67" Versioned="1" LastRevisionID="1" PrimaryScreenID="SM206015" IsPublic="0" NoteID="27374e90-6255-e911-b81b-00155d408001" />
		<row FileID="e7a530a7-4e4b-4a40-98e4-107c038b88d9" Name="Customization Projects (c2d031ad-f4ea-4304-9215-05eb6ddaa522)\CstFile-BridgeForShopifyAcumatica-Bin-Monster.TaxProvider.pdb" CreatedByID="b5344897-037e-4d58-b5c3-1bdfd0f47bf9" CreatedDateTime="2019-12-04 00:37:43.21" Versioned="1" LastRevisionID="1" PrimaryScreenID="SM204505" IsPublic="0" NoteID="9e52f947-2e16-ea11-a6ed-9cb6d0c82c0c" />
		<row FileID="f6ef4a78-a738-4db3-89ae-1a910bda79c5" Name="Customization Projects (f6051ed5-6fcc-42bd-ac3d-83f39a1eb67e)\CstFile-BridgeForShopifyAcumaticav1-Bin-Monster.TaxTransfer.dll" CreatedByID="b5344897-037e-4d58-b5c3-1bdfd0f47bf9" CreatedDateTime="2020-01-16 14:18:37.863" Versioned="1" LastRevisionID="1" PrimaryScreenID="SM204505" IsPublic="0" NoteID="2e77de15-6b38-ea11-a6f3-9cb6d0c82c0c" />
		<row FileID="f58d6b13-80d4-45f4-b91a-1fa567291abe" Name="Customization Projects (09c7dd4a-35cb-4a1e-860e-e8a5e9b2d696)\CstFile-BridgeForShopifyAcumaticav1-Bin-Monster.TaxProvider.pdb" CreatedByID="b5344897-037e-4d58-b5c3-1bdfd0f47bf9" CreatedDateTime="2019-12-05 16:48:17.6" Versioned="1" LastRevisionID="1" PrimaryScreenID="SM204505" IsPublic="0" NoteID="839fd108-7f17-ea11-a6ed-9cb6d0c82c0c" />
		<row FileID="420c8ac6-fc51-43a3-a00c-237d9692c851" Name="Customization Projects (2c354586-7e8e-42e6-be22-20cbff9f1482)\CstFile-BridgeForShopifyAcumaticav1-Bin-Monster.TaxProvider.dll" CreatedByID="b5344897-037e-4d58-b5c3-1bdfd0f47bf9" CreatedDateTime="2020-01-16 14:43:21.44" Versioned="1" LastRevisionID="1" PrimaryScreenID="SM204505" IsPublic="0" NoteID="20582a8a-6e38-ea11-a6f3-9cb6d0c82c0c" />
		<row FileID="ba887f09-99e4-4859-9dfc-2820e8e53721" Name="Data Providers (DM Closed AR Invoices)\ClosedARInvoicesList.xlsx" CreatedByID="b5344897-037e-4d58-b5c3-1bdfd0f47bf9" CreatedDateTime="2019-04-02 17:06:33.767" Versioned="1" LastRevisionID="1" PrimaryScreenID="SM206015" IsPublic="0" NoteID="efaf5aa4-6955-e911-b81b-00155d408001" />
		<row FileID="f57ff64e-7834-46fb-b393-29157cd14ff9" Name="Data Providers (DM Open AR Invoices)\OpenARInvoicesList.xlsx" CreatedByID="b5344897-037e-4d58-b5c3-1bdfd0f47bf9" CreatedDateTime="2019-04-02 17:10:30.69" Versioned="1" LastRevisionID="1" PrimaryScreenID="SM206015" IsPublic="0" NoteID="efe37037-6a55-e911-b81b-00155d408001" />
		<row FileID="06ed3b4d-2516-4c13-b5b0-3062cd77e400" Name="Data Providers (DM Stock Items)\StockItemsList.xlsx" CreatedByID="b5344897-037e-4d58-b5c3-1bdfd0f47bf9" CreatedDateTime="2019-04-02 17:01:10" Versioned="1" LastRevisionID="1" PrimaryScreenID="SM206015" IsPublic="0" NoteID="a4ef28e9-6855-e911-b81b-00155d408001" />
		<row FileID="399fc192-f276-4f48-802b-33b84f0d9c57" Name="Data Providers (DM Import Vendors)\VendorsList.xlsx" CreatedByID="b5344897-037e-4d58-b5c3-1bdfd0f47bf9" CreatedDateTime="2019-04-02 15:25:58.913" Versioned="1" LastRevisionID="1" PrimaryScreenID="SM206015" IsPublic="0" NoteID="af791f9d-5b55-e911-b81b-00155d408001" />
		<row FileID="758fb367-a9dd-47b1-8bba-35e1d3cfba75" Name="Data Providers (DM Import AR Payments)\OpenARPaymentsList.xlsx" CreatedByID="b5344897-037e-4d58-b5c3-1bdfd0f47bf9" CreatedDateTime="2019-04-02 16:48:32.177" Versioned="1" LastRevisionID="1" PrimaryScreenID="SM206015" IsPublic="0" NoteID="eab58925-6755-e911-b81b-00155d408001" />
		<row FileID="b33d012c-b3c9-476b-978a-3e1783c94366" Name="Data Providers (DM Import Open AR Payments)\OpenARPaymentsList.xlsx" CreatedByID="b5344897-037e-4d58-b5c3-1bdfd0f47bf9" CreatedDateTime="2019-04-02 16:55:50.74" Versioned="1" LastRevisionID="1" PrimaryScreenID="SM206015" IsPublic="0" NoteID="75e8f42a-6855-e911-b81b-00155d408001" />
		<row FileID="f2aa7812-944d-42f3-b8d9-3e5f5d892e5d" Name="Customization Projects (ecd62009-e13c-4174-b171-9931e4bd1311)\CstFile-BridgeForShopifyAcumaticav1-Bin-Monster.TaxProvider.dll" CreatedByID="b5344897-037e-4d58-b5c3-1bdfd0f47bf9" CreatedDateTime="2020-01-16 14:18:37.82" Versioned="1" LastRevisionID="1" PrimaryScreenID="SM204505" IsPublic="0" NoteID="2c77de15-6b38-ea11-a6f3-9cb6d0c82c0c" />
		<row FileID="863ae7de-73e7-4122-a76d-4311657c7779" Name="Customization Projects (197bcbaf-b72f-430f-9a7e-7ed47e6f9e1f)\CstFile-BridgeForShopifyAcumaticav1-Bin-Monster.TaxTransfer.pdb" CreatedByID="b5344897-037e-4d58-b5c3-1bdfd0f47bf9" CreatedDateTime="2020-01-16 14:27:50.173" Versioned="1" LastRevisionID="1" PrimaryScreenID="SM204505" IsPublic="0" NoteID="b09c115f-6c38-ea11-a6f3-9cb6d0c82c0c" />
		<row FileID="09e32a52-449e-44bc-ad34-432cbf18a849" Name="Data Providers (DM Open AP Prepayments)\OpenAPPrepaymentsList.xlsx" CreatedByID="b5344897-037e-4d58-b5c3-1bdfd0f47bf9" CreatedDateTime="2019-04-02 17:09:41.01" Versioned="1" LastRevisionID="1" PrimaryScreenID="SM206015" IsPublic="0" NoteID="73b6d219-6a55-e911-b81b-00155d408001" />
		<row FileID="512fb6cd-5c65-4aac-995a-45142319d4d6" Name="Customization Projects (2e670e50-46ee-44a3-949d-c30854378a8f)\CstFile-BridgeForShopifyAcumaticav1-Bin-Monster.TaxProvider.pdb" CreatedByID="b5344897-037e-4d58-b5c3-1bdfd0f47bf9" CreatedDateTime="2020-01-16 14:43:50.063" Versioned="1" LastRevisionID="1" PrimaryScreenID="SM204505" IsPublic="0" NoteID="6528409b-6e38-ea11-a6f3-9cb6d0c82c0c" />
		<row FileID="90157aef-c94c-4804-bbdc-456c0f841073" Name="Customization Projects (7580542a-d796-4452-a4fa-e4c1328f0d87)\CstFile-BridgeForShopifyAcumaticav1-Bin-Monster.TaxProvider.dll" CreatedByID="b5344897-037e-4d58-b5c3-1bdfd0f47bf9" CreatedDateTime="2020-01-16 14:27:50.127" Versioned="1" LastRevisionID="1" PrimaryScreenID="SM204505" IsPublic="0" NoteID="ad9c115f-6c38-ea11-a6f3-9cb6d0c82c0c" />
		<row FileID="7e04c055-1d29-4c60-b163-49be12a818d7" Name="Data Providers (DM Customers)\CustomersList.xlsx" CreatedByID="b5344897-037e-4d58-b5c3-1bdfd0f47bf9" CreatedDateTime="2019-04-02 16:59:23.707" Versioned="1" LastRevisionID="1" PrimaryScreenID="SM206015" IsPublic="0" NoteID="fadd1fa6-6855-e911-b81b-00155d408001" />
		<row FileID="76d0461f-7776-4389-aff6-4c89c9d099b8" Name="Customization Projects (a21d9843-7967-4744-aabc-431101cdaa74)\CstFile-BridgeForShopifyAcumaticav1-Bin-Monster.TaxProvider.dll" CreatedByID="b5344897-037e-4d58-b5c3-1bdfd0f47bf9" CreatedDateTime="2019-12-05 16:48:17.543" Versioned="1" LastRevisionID="1" PrimaryScreenID="SM204505" IsPublic="0" NoteID="829fd108-7f17-ea11-a6ed-9cb6d0c82c0c" />
		<row FileID="e47b2abf-ec70-4c9e-a582-4f038ec85d99" Name="Customization Projects (ba7e6b66-4e0c-4ea0-bab2-ad702183191a)\CstFile-BridgeForShopifyAcumaticav1-Bin-Monster.TaxTransfer.pdb" CreatedByID="b5344897-037e-4d58-b5c3-1bdfd0f47bf9" CreatedDateTime="2020-01-16 14:18:37.873" Versioned="1" LastRevisionID="1" PrimaryScreenID="SM204505" IsPublic="0" NoteID="2f77de15-6b38-ea11-a6f3-9cb6d0c82c0c" />
		<row FileID="b355d94b-8f14-4a50-96ea-5195a95e53a2" Name="Data Providers (DM Import Customers)\CustomersList.xlsx" CreatedByID="b5344897-037e-4d58-b5c3-1bdfd0f47bf9" CreatedDateTime="2019-04-02 15:44:28.57" Versioned="1" LastRevisionID="1" PrimaryScreenID="SM206015" IsPublic="0" NoteID="1b809732-5e55-e911-b81b-00155d408001" />
		<row FileID="784948ae-5fa1-4f7d-af47-56528eb3c097" Name="Customization Projects (815327ec-b7d1-40f2-aaeb-10a3c91af262)\CstFile-BridgeForShopifyAcumaticav1-Bin-Monster.TaxTransfer.pdb" CreatedByID="b5344897-037e-4d58-b5c3-1bdfd0f47bf9" CreatedDateTime="2020-01-16 14:43:50.087" Versioned="1" LastRevisionID="1" PrimaryScreenID="SM204505" IsPublic="0" NoteID="6728409b-6e38-ea11-a6f3-9cb6d0c82c0c" />
		<row FileID="ad9061e7-e44e-44d5-bfef-5b1948ee797e" Name="Customization Projects (067d86e4-0ca7-470e-870c-1d9fd1a1ebf0)\CstFile-BridgeForShopifyAcumaticav1-Bin-Monster.TaxTransfer.dll" CreatedByID="b5344897-037e-4d58-b5c3-1bdfd0f47bf9" CreatedDateTime="2020-01-16 14:43:21.49" Versioned="1" LastRevisionID="1" PrimaryScreenID="SM204505" IsPublic="0" NoteID="22582a8a-6e38-ea11-a6f3-9cb6d0c82c0c" />
		<row FileID="f923b235-fe27-4e88-ae35-5cecaab695ba" Name="Data Providers (DM Import Closed Invoices)\ClosedARInvoicesList.xlsx" CreatedByID="b5344897-037e-4d58-b5c3-1bdfd0f47bf9" CreatedDateTime="2019-04-02 16:06:52.89" Versioned="1" LastRevisionID="1" PrimaryScreenID="SM206015" IsPublic="0" NoteID="4bf61850-6155-e911-b81b-00155d408001" />
		<row FileID="debce32e-1ecb-441a-b2a8-5d59747c7652" Name="Data Providers (Import Journal transactions MC)\DataProvider_GL.xlsx" CreatedByID="b5344897-037e-4d58-b5c3-1bdfd0f47bf9" CreatedDateTime="2016-04-15 08:43:52.53" Versioned="1" LastRevisionID="1" PrimaryScreenID="SM206015" IsPublic="0" NoteID="04b0f42d-e602-e611-80c4-00155d012302" />
		<row FileID="fadcdd44-d311-49cb-9d2a-69312407c12d" Name="Customization Projects (70f46bf5-281e-4f83-bdf7-4a8aad5fe9ec)\CstFile-BridgeForShopifyv1.32019R1-Bin-Monster.TaxProvider.pdb" CreatedByID="b5344897-037e-4d58-b5c3-1bdfd0f47bf9" CreatedDateTime="2020-02-22 00:07:16.123" Versioned="1" LastRevisionID="1" PrimaryScreenID="SM204505" IsPublic="0" NoteID="21cc1048-0755-ea11-a6fe-9cb6d0c82c0c" />
		<row FileID="82540a21-3a76-4865-8033-74ec1713c722" Name="Data Providers (DM Open AR Payments)\OpenARPaymentsList.xlsx" CreatedByID="b5344897-037e-4d58-b5c3-1bdfd0f47bf9" CreatedDateTime="2019-04-02 17:18:52.043" Versioned="1" LastRevisionID="1" PrimaryScreenID="SM206015" IsPublic="0" NoteID="bf961c5d-6b55-e911-b81b-00155d408001" />
		<row FileID="578d2ae3-f434-440f-8f88-75f5f880e09d" Name="Data Providers (DM Closed AP Bills)\ClosedAPBillsList.xlsx" CreatedByID="b5344897-037e-4d58-b5c3-1bdfd0f47bf9" CreatedDateTime="2019-04-02 17:03:34.52" Versioned="1" LastRevisionID="1" PrimaryScreenID="SM206015" IsPublic="0" NoteID="dd17653f-6955-e911-b81b-00155d408001" />
		<row FileID="72904b52-0c2d-41ce-8432-7aa3ea0493fc" Name="Data Providers (DM Import Stock Items)\StockItemsList.xlsx" CreatedByID="b5344897-037e-4d58-b5c3-1bdfd0f47bf9" CreatedDateTime="2019-04-02 15:45:38.363" Versioned="1" LastRevisionID="1" PrimaryScreenID="SM206015" IsPublic="0" NoteID="0d28315c-5e55-e911-b81b-00155d408001" />
		<row FileID="2d4baa79-1621-41a4-a6ba-7ad953442781" Name="Customization Projects (b5f9f9de-3414-4760-ba45-067ac2316200)\CstFile-BridgeForShopifyAcumatica-Bin-Monster.TaxTransfer.pdb" CreatedByID="b5344897-037e-4d58-b5c3-1bdfd0f47bf9" CreatedDateTime="2019-12-04 00:37:43.253" Versioned="1" LastRevisionID="1" PrimaryScreenID="SM204505" IsPublic="0" NoteID="a052f947-2e16-ea11-a6ed-9cb6d0c82c0c" />
		<row FileID="baf67243-9985-4797-8268-7c7cede63c1e" Name="Data Providers (DM Import Open AP Bills)\OpenAPBillsList.xlsx" CreatedByID="b5344897-037e-4d58-b5c3-1bdfd0f47bf9" CreatedDateTime="2019-04-02 16:49:51.79" Versioned="1" LastRevisionID="1" PrimaryScreenID="SM206015" IsPublic="0" NoteID="9a50ff54-6755-e911-b81b-00155d408001" />
		<row FileID="29c96297-4751-44ef-a1f5-8b32e3084123" Name="Data Providers (DM Open AP Bills)\OpenAPBillsList.xlsx" CreatedByID="b5344897-037e-4d58-b5c3-1bdfd0f47bf9" CreatedDateTime="2019-04-02 17:08:57.007" Versioned="1" LastRevisionID="1" PrimaryScreenID="SM206015" IsPublic="0" NoteID="e9a9defb-6955-e911-b81b-00155d408001" />
		<row FileID="32e8c8c2-fd03-4f16-b2cd-8f5338dda15b" Name="Data Providers (Open AP Bills)\OpenAPBillsList.xlsx" CreatedByID="b5344897-037e-4d58-b5c3-1bdfd0f47bf9" CreatedDateTime="2019-04-02 17:08:11.4" Versioned="1" LastRevisionID="1" PrimaryScreenID="SM206015" IsPublic="0" NoteID="bb2693de-6955-e911-b81b-00155d408001" />
		<row FileID="8d1df7aa-07de-4767-9495-9fb9f3d0e66a" Name="Customization Projects (03bd0d0e-95c3-476b-bc5c-7ebb35f45b27)\CstFile-BridgeForShopifyAcumaticav1-Bin-Monster.TaxProvider.dll" CreatedByID="b5344897-037e-4d58-b5c3-1bdfd0f47bf9" CreatedDateTime="2020-01-16 14:43:50.047" Versioned="1" LastRevisionID="1" PrimaryScreenID="SM204505" IsPublic="0" NoteID="6428409b-6e38-ea11-a6f3-9cb6d0c82c0c" />
		<row FileID="02a3df37-0d66-4f4b-9d36-aa14b90e8bfe" Name="Customization Projects (bbb82fbb-c1fc-4ddf-9a5d-691b497db336)\CstFile-BridgeForShopifyAcumaticav1-Bin-Monster.TaxTransfer.dll" CreatedByID="b5344897-037e-4d58-b5c3-1bdfd0f47bf9" CreatedDateTime="2020-01-16 14:43:50.073" Versioned="1" LastRevisionID="1" PrimaryScreenID="SM204505" IsPublic="0" NoteID="6628409b-6e38-ea11-a6f3-9cb6d0c82c0c" />
		<row FileID="43e01ff2-4691-441e-bae5-ae978c94952e" Name="Customization Projects (1736263c-f93a-441f-bf65-d1f807966545)\CstFile-BridgeForShopifyAcumatica-Bin-Monster.TaxTransfer.dll" CreatedByID="b5344897-037e-4d58-b5c3-1bdfd0f47bf9" CreatedDateTime="2019-12-04 00:37:43.23" Versioned="1" LastRevisionID="1" PrimaryScreenID="SM204505" IsPublic="0" NoteID="9f52f947-2e16-ea11-a6ed-9cb6d0c82c0c" />
		<row FileID="6e019237-ed7a-4e8c-859f-aea8eeace71d" Name="Data Providers (DM Vendors)\VendorsList.xlsx" CreatedByID="b5344897-037e-4d58-b5c3-1bdfd0f47bf9" CreatedDateTime="2019-04-02 16:58:51.437" Versioned="1" LastRevisionID="1" PrimaryScreenID="SM206015" IsPublic="0" NoteID="e96ef190-6855-e911-b81b-00155d408001" />
		<row FileID="a1a015fc-a513-4dab-a9b8-b646a160dde5" Name="Customization Projects (6f0cb7bc-e2e1-485f-9b4b-7697fd7c9138)\CstFile-BridgeForShopifyAcumaticav1-Bin-Monster.TaxTransfer.pdb" CreatedByID="b5344897-037e-4d58-b5c3-1bdfd0f47bf9" CreatedDateTime="2020-01-16 14:43:21.5" Versioned="1" LastRevisionID="1" PrimaryScreenID="SM204505" IsPublic="0" NoteID="23582a8a-6e38-ea11-a6f3-9cb6d0c82c0c" />
		<row FileID="0a6aa83d-9498-46fd-8298-c0ca880e6feb" Name="Data Providers (Import AP documents MC)\DataProvider_AP.xlsx" CreatedByID="b5344897-037e-4d58-b5c3-1bdfd0f47bf9" CreatedDateTime="2016-04-15 08:39:36.06" Versioned="1" LastRevisionID="2" PrimaryScreenID="SM206015" IsPublic="0" NoteID="5b0c0795-e502-e611-80c4-00155d012302" />
		<row FileID="243126da-87fc-42e9-a5dd-c8ee3f265b2c" Name="Data Providers (DM Purchase Orders)\PurchaseOrdersList.xlsx" CreatedByID="b5344897-037e-4d58-b5c3-1bdfd0f47bf9" CreatedDateTime="2019-04-02 17:20:46.997" Versioned="1" LastRevisionID="1" PrimaryScreenID="SM206015" IsPublic="0" NoteID="fec068a2-6b55-e911-b81b-00155d408001" />
		<row FileID="fca6b205-ee34-4e0f-bc75-cc1f121e5307" Name="Customization Projects (9b987f89-61f7-43c0-aed6-f049800993cc)\CstFile-BridgeForShopifyv1.32019R1-Bin-Monster.TaxTransfer.pdb" CreatedByID="b5344897-037e-4d58-b5c3-1bdfd0f47bf9" CreatedDateTime="2020-02-22 00:07:16.147" Versioned="1" LastRevisionID="1" PrimaryScreenID="SM204505" IsPublic="0" NoteID="23cc1048-0755-ea11-a6fe-9cb6d0c82c0c" />
		<row FileID="b59dcfe9-739b-4494-adb9-d10b06e9ca6f" Name="Customization Projects (5ed98841-192c-4688-bc59-52e6776671af)\CstFile-BridgeForShopifyAcumaticav1-Bin-Monster.TaxTransfer.dll" CreatedByID="b5344897-037e-4d58-b5c3-1bdfd0f47bf9" CreatedDateTime="2020-01-16 14:27:50.167" Versioned="1" LastRevisionID="1" PrimaryScreenID="SM204505" IsPublic="0" NoteID="af9c115f-6c38-ea11-a6f3-9cb6d0c82c0c" />
		<row FileID="be639d6b-d40c-483d-b419-d6463b5a6b13" Name="Customization Projects (94a78914-f072-496a-9c9a-2e6e920ce8c7)\CstFile-BridgeForShopifyAcumaticav1-Bin-Monster.TaxTransfer.dll" CreatedByID="b5344897-037e-4d58-b5c3-1bdfd0f47bf9" CreatedDateTime="2019-12-05 16:48:17.617" Versioned="1" LastRevisionID="1" PrimaryScreenID="SM204505" IsPublic="0" NoteID="849fd108-7f17-ea11-a6ed-9cb6d0c82c0c" />
		<row FileID="f79913a8-85a7-49e0-83ad-d79a4e1c3898" Name="Customization Projects (0b63df47-0fb9-4ce6-a42c-79da9d1103d8)\CstFile-BridgeForShopifyAcumaticav1-Bin-Monster.TaxProvider.pdb" CreatedByID="b5344897-037e-4d58-b5c3-1bdfd0f47bf9" CreatedDateTime="2020-01-16 14:18:37.85" Versioned="1" LastRevisionID="1" PrimaryScreenID="SM204505" IsPublic="0" NoteID="2d77de15-6b38-ea11-a6f3-9cb6d0c82c0c" />
		<row FileID="769c0de7-6279-4e7a-82a0-dfa151914c8d" Name="Customization Projects (c45ba7b4-893a-4352-90a0-4489cdd59148)\CstFile-BridgeForShopifyAcumaticav1-Bin-Monster.TaxTransfer.pdb" CreatedByID="b5344897-037e-4d58-b5c3-1bdfd0f47bf9" CreatedDateTime="2019-12-05 16:48:17.63" Versioned="1" LastRevisionID="1" PrimaryScreenID="SM204505" IsPublic="0" NoteID="859fd108-7f17-ea11-a6ed-9cb6d0c82c0c" />
		<row FileID="521db6b7-9a72-4c6a-9bab-dfceba0803ca" Name="Customization Projects (1f2c9947-56b5-484b-aaa7-8f5eadab89b7)\CstFile-BridgeForShopifyv1.32019R1-Bin-Monster.TaxTransfer.dll" CreatedByID="b5344897-037e-4d58-b5c3-1bdfd0f47bf9" CreatedDateTime="2020-02-22 00:07:16.133" Versioned="1" LastRevisionID="1" PrimaryScreenID="SM204505" IsPublic="0" NoteID="22cc1048-0755-ea11-a6fe-9cb6d0c82c0c" />
		<row FileID="83e41bc4-8a09-40b9-8c17-e12f6fb1dd58" Name="Data Providers (DM Import Open Bills)\OpenAPBillsList.xlsx" CreatedByID="b5344897-037e-4d58-b5c3-1bdfd0f47bf9" CreatedDateTime="2019-04-02 16:14:00.2" Versioned="1" LastRevisionID="1" PrimaryScreenID="SM206015" IsPublic="0" NoteID="65b2f64d-6255-e911-b81b-00155d408001" />
		<row FileID="f9762cba-8ce5-4d2b-a30d-e6848e5aafa2" Name="Customization Projects (2e8cd70c-462d-4aa2-8797-cda08b6dbb20)\CstFile-BridgeForShopifyAcumaticav1-Bin-Monster.TaxProvider.pdb" CreatedByID="b5344897-037e-4d58-b5c3-1bdfd0f47bf9" CreatedDateTime="2020-01-16 14:27:50.157" Versioned="1" LastRevisionID="1" PrimaryScreenID="SM204505" IsPublic="0" NoteID="ae9c115f-6c38-ea11-a6f3-9cb6d0c82c0c" />
		<row FileID="ec8a3eda-6976-4fb2-947a-e75707b36e74" Name="Data Providers (DM Fixed Asset Classes)\FixedAssetClassesList.xlsx" CreatedByID="b5344897-037e-4d58-b5c3-1bdfd0f47bf9" CreatedDateTime="2019-04-02 17:12:39.887" Versioned="1" LastRevisionID="1" PrimaryScreenID="SM206015" IsPublic="0" NoteID="3232c680-6a55-e911-b81b-00155d408001" />
		<row FileID="c42fe904-a291-48d0-bc55-e875c46b1ca1" Name="Data Providers (DM Sales Orders)\SalesOrdersList.xlsx" CreatedByID="b5344897-037e-4d58-b5c3-1bdfd0f47bf9" CreatedDateTime="2019-04-02 17:19:35.76" Versioned="1" LastRevisionID="1" PrimaryScreenID="SM206015" IsPublic="0" NoteID="22d28078-6b55-e911-b81b-00155d408001" />
		<row FileID="973e6000-fc66-4358-8778-e8f2c5c30a6c" Name="Customization Projects (ae915a04-6112-4466-a603-1769bc8c209c)\CstFile-BridgeForShopifyAcumaticav1-Bin-Monster.TaxProvider.pdb" CreatedByID="b5344897-037e-4d58-b5c3-1bdfd0f47bf9" CreatedDateTime="2020-01-16 14:43:21.477" Versioned="1" LastRevisionID="1" PrimaryScreenID="SM204505" IsPublic="0" NoteID="21582a8a-6e38-ea11-a6f3-9cb6d0c82c0c" />
		<row FileID="4170f717-7ab8-4be9-b423-ed6dc8174e0f" Name="Customization Projects (46ef3e5f-2d7f-432a-901f-e79b1bc8f5b6)\CstFile-BridgeForShopifyv1.32019R1-Bin-Monster.TaxProvider.dll" CreatedByID="b5344897-037e-4d58-b5c3-1bdfd0f47bf9" CreatedDateTime="2020-02-22 00:07:16.09" Versioned="1" LastRevisionID="1" PrimaryScreenID="SM204505" IsPublic="0" NoteID="20cc1048-0755-ea11-a6fe-9cb6d0c82c0c" />
		<row FileID="cfe51f13-5e28-41a6-951b-ef8a8c5508c3" Name="Data Providers (DM Import Closed Bills)\ClosedAPBillsList.xlsx" CreatedByID="b5344897-037e-4d58-b5c3-1bdfd0f47bf9" CreatedDateTime="2019-04-02 16:06:08.107" Versioned="1" LastRevisionID="1" PrimaryScreenID="SM206015" IsPublic="0" NoteID="5dc13234-6155-e911-b81b-00155d408001" />
		<row FileID="c3ce4101-b0f2-4372-ae94-f4ef7d077991" Name="Data Providers (DM Import Open Invoices)\OpenARInvoicesList.xlsx" CreatedByID="b5344897-037e-4d58-b5c3-1bdfd0f47bf9" CreatedDateTime="2019-04-02 16:19:51.317" Versioned="1" LastRevisionID="1" PrimaryScreenID="SM206015" IsPublic="0" NoteID="0bc2d623-6355-e911-b81b-00155d408001" />
		<row FileID="1fcd8c2f-eb5c-4086-a96c-f8c865f7eefb" Name="Data Providers (DM Fixed Assets)\FixedAssetsList.xlsx" CreatedByID="b5344897-037e-4d58-b5c3-1bdfd0f47bf9" CreatedDateTime="2019-04-02 17:13:29.69" Versioned="1" LastRevisionID="1" PrimaryScreenID="SM206015" IsPublic="0" NoteID="092223a2-6a55-e911-b81b-00155d408001" />
		<row FileID="0ba9bc7f-a682-4c5f-9267-f9ac25984d15" Name="Customization Projects (f16e291f-33ed-44da-9252-00c5cc2075a6)\CstFile-BridgeForShopifyAcumatica-Bin-Monster.TaxProvider.dll" CreatedByID="b5344897-037e-4d58-b5c3-1bdfd0f47bf9" CreatedDateTime="2019-12-04 00:37:43.133" Versioned="1" LastRevisionID="1" PrimaryScreenID="SM204505" IsPublic="0" NoteID="9d52f947-2e16-ea11-a6ed-9cb6d0c82c0c" />
		<row FileID="2f3f4770-d01b-483b-93be-fc1f5f396d1a" Name="Data Providers (DM Import Open AP Prepayments)\OpenAPPrepaymentsList.xlsx" CreatedByID="b5344897-037e-4d58-b5c3-1bdfd0f47bf9" CreatedDateTime="2019-04-02 16:52:14.773" Versioned="1" LastRevisionID="1" PrimaryScreenID="SM206015" IsPublic="0" NoteID="278c38aa-6755-e911-b81b-00155d408001" />
	</rows>
</data>