﻿<?xml version="1.0" encoding="utf-8"?>
<data>
	<table name="Vendor">
		<col name="CompanyID" type="Int" default="Zero" />
		<col name="BAccountID" type="Int" />
		<col name="VendorClassID" type="NVarChar(10)" />
		<col name="TermsID" type="NVarChar(10)" nullable="true" />
		<col name="DefPOAddressID" type="Int" nullable="true" />
		<col name="DefRemitAddressID" type="Int" nullable="true" />
		<col name="DefRemitContactID" type="Int" nullable="true" />
		<col name="BaseRemitContactID" type="Int" nullable="true" />
		<col name="PaymentMethodID" type="NVarChar(10)" nullable="true" />
		<col name="CashAcctID" type="Int" nullable="true" />
		<col name="SeparateCheck" type="Bit" nullable="true" />
		<col name="PaymentLeadTime" type="SmallInt" nullable="true" />
		<col name="CuryID" type="NVarChar(5)" nullable="true" />
		<col name="CuryRateTypeID" type="NVarChar(6)" nullable="true" />
		<col name="AllowOverrideCury" type="Bit" default="Zero" />
		<col name="AllowOverrideRate" type="Bit" default="Zero" />
		<col name="APAcctID" type="Int" nullable="true" />
		<col name="APSubID" type="Int" nullable="true" />
		<col name="DiscTakenAcctID" type="Int" nullable="true" />
		<col name="DiscTakenSubID" type="Int" nullable="true" />
		<col name="PayToParent" type="Bit" default="Zero" />
		<col name="PrepaymentAcctID" type="Int" nullable="true" />
		<col name="PrepaymentSubID" type="Int" nullable="true" />
		<col name="POAccrualAcctID" type="Int" nullable="true" />
		<col name="POAccrualSubID" type="Int" nullable="true" />
		<col name="PrebookAcctID" type="Int" nullable="true" />
		<col name="PrebookSubID" type="Int" nullable="true" />
		<col name="Vendor1099" type="Bit" default="Zero" />
		<col name="Box1099" type="SmallInt" nullable="true" />
		<col name="FATCA" type="Bit" nullable="true" />
		<col name="TaxPeriodType" type="Char(1)" />
		<col name="AutoGenerateTaxBill" type="Bit" />
		<col name="SalesTaxAcctID" type="Int" nullable="true" />
		<col name="SalesTaxSubID" type="Int" nullable="true" />
		<col name="PurchTaxAcctID" type="Int" nullable="true" />
		<col name="PurchTaxSubID" type="Int" nullable="true" />
		<col name="TaxExpenseAcctID" type="Int" nullable="true" />
		<col name="TaxExpenseSubID" type="Int" nullable="true" />
		<col name="TaxAgency" type="Bit" default="Zero" />
		<col name="PriceListCuryID" type="NVarChar(5)" nullable="true" />
		<col name="DefaultUOM" type="NVarChar(10)" nullable="true" />
		<col name="LandedCostVendor" type="Bit" default="Zero" />
		<col name="IsLaborUnion" type="Bit" default="Zero" />
		<col name="GroupMask" type="VarBinary(32)" default="BinaryMaskZero" />
		<col name="DeletedDatabaseRecord" type="Bit" default="Zero" />
		<col name="UpdClosedTaxPeriods" type="Bit" default="Zero" />
		<col name="TaxReportFinPeriod" type="Bit" />
		<col name="TaxReportRounding" type="Char(1)" />
		<col name="TaxReportPrecision" type="SmallInt" default="Zero" />
		<col name="TaxUseVendorCurPrecision" type="Bit" />
		<col name="LineDiscountTarget" type="Char(1)" nullable="true" />
		<col name="IgnoreConfiguredDiscounts" type="Bit" />
		<col name="ForeignEntity" type="Bit" nullable="true" />
		<col name="LocaleName" type="NVarChar(10)" nullable="true" />
		<col name="SVATReversalMethod" type="Char(1)" />
		<col name="SVATInputTaxEntryRefNbr" type="Char(1)" />
		<col name="SVATOutputTaxEntryRefNbr" type="Char(1)" />
		<col name="SVATTaxInvoiceNumberingID" type="NVarChar(10)" nullable="true" />
		<col name="PayToVendorID" type="Int" nullable="true" />
		<col name="RetainageApply" type="Bit" default="Zero" />
		<col name="RetainagePct" type="Decimal(9,6)" default="Zero" />
	</table>
	<rows>
		<row BAccountID="14" VendorClassID="DEFAULT" TermsID="30D" CuryID="USD" AllowOverrideCury="0" AllowOverrideRate="0" DiscTakenAcctID="36" DiscTakenSubID="1" PayToParent="0" PrepaymentAcctID="35" PrepaymentSubID="1" POAccrualSubID="1" PrebookSubID="1" Vendor1099="0" TaxPeriodType="M" AutoGenerateTaxBill="1" SalesTaxSubID="1" PurchTaxSubID="1" TaxExpenseSubID="1" TaxAgency="0" LandedCostVendor="0" IsLaborUnion="0" GroupMask="0x" DeletedDatabaseRecord="0" UpdClosedTaxPeriods="0" TaxReportFinPeriod="0" TaxReportRounding="R" TaxReportPrecision="2" TaxUseVendorCurPrecision="1" LineDiscountTarget="E" IgnoreConfiguredDiscounts="0" SVATReversalMethod="D" SVATInputTaxEntryRefNbr="M" SVATOutputTaxEntryRefNbr="M" RetainageApply="0" RetainagePct="0.000000" />
		<row BAccountID="15" VendorClassID="DEFAULT" TermsID="30D" CuryID="USD" AllowOverrideCury="0" AllowOverrideRate="0" DiscTakenAcctID="36" DiscTakenSubID="1" PayToParent="0" PrepaymentAcctID="35" PrepaymentSubID="1" POAccrualSubID="1" PrebookSubID="1" Vendor1099="0" TaxPeriodType="M" AutoGenerateTaxBill="1" SalesTaxSubID="1" PurchTaxSubID="1" TaxExpenseSubID="1" TaxAgency="0" LandedCostVendor="0" IsLaborUnion="0" GroupMask="0x" DeletedDatabaseRecord="0" UpdClosedTaxPeriods="0" TaxReportFinPeriod="0" TaxReportRounding="R" TaxReportPrecision="2" TaxUseVendorCurPrecision="1" LineDiscountTarget="E" IgnoreConfiguredDiscounts="0" SVATReversalMethod="D" SVATInputTaxEntryRefNbr="M" SVATOutputTaxEntryRefNbr="M" RetainageApply="0" RetainagePct="0.000000" />
		<row BAccountID="16" VendorClassID="DEFAULT" TermsID="30D" CuryID="USD" AllowOverrideCury="0" AllowOverrideRate="0" DiscTakenAcctID="36" DiscTakenSubID="1" PayToParent="0" PrepaymentAcctID="35" PrepaymentSubID="1" POAccrualSubID="1" PrebookSubID="1" Vendor1099="0" TaxPeriodType="M" AutoGenerateTaxBill="1" SalesTaxSubID="1" PurchTaxSubID="1" TaxExpenseSubID="1" TaxAgency="0" LandedCostVendor="0" IsLaborUnion="0" GroupMask="0x" DeletedDatabaseRecord="0" UpdClosedTaxPeriods="0" TaxReportFinPeriod="0" TaxReportRounding="R" TaxReportPrecision="2" TaxUseVendorCurPrecision="1" LineDiscountTarget="E" IgnoreConfiguredDiscounts="0" SVATReversalMethod="D" SVATInputTaxEntryRefNbr="M" SVATOutputTaxEntryRefNbr="M" RetainageApply="0" RetainagePct="0.000000" />
		<row BAccountID="17" VendorClassID="DEFAULT" TermsID="30D7D3" CuryID="USD" AllowOverrideCury="0" AllowOverrideRate="0" DiscTakenAcctID="36" DiscTakenSubID="1" PayToParent="0" PrepaymentAcctID="35" PrepaymentSubID="1" POAccrualSubID="1" PrebookSubID="1" Vendor1099="0" TaxPeriodType="M" AutoGenerateTaxBill="1" SalesTaxSubID="1" PurchTaxSubID="1" TaxExpenseSubID="1" TaxAgency="0" LandedCostVendor="0" IsLaborUnion="0" GroupMask="0x" DeletedDatabaseRecord="0" UpdClosedTaxPeriods="0" TaxReportFinPeriod="0" TaxReportRounding="R" TaxReportPrecision="2" TaxUseVendorCurPrecision="1" LineDiscountTarget="E" IgnoreConfiguredDiscounts="0" SVATReversalMethod="D" SVATInputTaxEntryRefNbr="M" SVATOutputTaxEntryRefNbr="M" RetainageApply="0" RetainagePct="0.000000" />
		<row BAccountID="23" VendorClassID="BASE" AllowOverrideCury="0" AllowOverrideRate="0" DiscTakenAcctID="36" DiscTakenSubID="1" PayToParent="0" PrepaymentSubID="1" POAccrualSubID="1" PrebookSubID="1" Vendor1099="0" TaxPeriodType="M" AutoGenerateTaxBill="1" SalesTaxSubID="1" PurchTaxSubID="1" TaxExpenseSubID="1" TaxAgency="0" LandedCostVendor="0" IsLaborUnion="0" GroupMask="0x" DeletedDatabaseRecord="0" UpdClosedTaxPeriods="0" TaxReportFinPeriod="0" TaxReportRounding="R" TaxReportPrecision="2" TaxUseVendorCurPrecision="0" LineDiscountTarget="E" IgnoreConfiguredDiscounts="0" ForeignEntity="0" SVATReversalMethod="D" SVATInputTaxEntryRefNbr="M" SVATOutputTaxEntryRefNbr="M" RetainageApply="0" RetainagePct="0.000000" />
		<row BAccountID="25" VendorClassID="BASE" AllowOverrideCury="0" AllowOverrideRate="0" DiscTakenAcctID="36" DiscTakenSubID="1" PayToParent="0" PrepaymentSubID="1" POAccrualSubID="1" PrebookSubID="1" Vendor1099="0" TaxPeriodType="M" AutoGenerateTaxBill="1" SalesTaxSubID="1" PurchTaxSubID="1" TaxExpenseSubID="1" TaxAgency="0" LandedCostVendor="0" IsLaborUnion="0" GroupMask="0x" DeletedDatabaseRecord="0" UpdClosedTaxPeriods="0" TaxReportFinPeriod="0" TaxReportRounding="R" TaxReportPrecision="2" TaxUseVendorCurPrecision="0" LineDiscountTarget="E" IgnoreConfiguredDiscounts="0" ForeignEntity="0" SVATReversalMethod="D" SVATInputTaxEntryRefNbr="M" SVATOutputTaxEntryRefNbr="M" RetainageApply="0" RetainagePct="0.000000" />
		<row BAccountID="26" VendorClassID="BASE" AllowOverrideCury="0" AllowOverrideRate="0" DiscTakenAcctID="36" DiscTakenSubID="1" PayToParent="0" PrepaymentSubID="1" POAccrualSubID="1" PrebookSubID="1" Vendor1099="0" TaxPeriodType="M" AutoGenerateTaxBill="1" SalesTaxSubID="1" PurchTaxSubID="1" TaxExpenseSubID="1" TaxAgency="0" LandedCostVendor="0" IsLaborUnion="0" GroupMask="0x" DeletedDatabaseRecord="0" UpdClosedTaxPeriods="0" TaxReportFinPeriod="0" TaxReportRounding="R" TaxReportPrecision="2" TaxUseVendorCurPrecision="0" LineDiscountTarget="E" IgnoreConfiguredDiscounts="0" ForeignEntity="0" SVATReversalMethod="D" SVATInputTaxEntryRefNbr="M" SVATOutputTaxEntryRefNbr="M" RetainageApply="0" RetainagePct="0.000000" />
		<row BAccountID="29" VendorClassID="DEFAULT" TermsID="30D" CuryID="USD" AllowOverrideCury="0" AllowOverrideRate="0" DiscTakenAcctID="36" DiscTakenSubID="1" PayToParent="0" PrepaymentAcctID="35" PrepaymentSubID="1" POAccrualSubID="1" PrebookSubID="1" Vendor1099="0" TaxPeriodType="M" AutoGenerateTaxBill="1" SalesTaxAcctID="2735" SalesTaxSubID="1" PurchTaxSubID="1" TaxExpenseSubID="1" TaxAgency="1" LandedCostVendor="0" IsLaborUnion="0" GroupMask="0x" DeletedDatabaseRecord="0" UpdClosedTaxPeriods="0" TaxReportFinPeriod="0" TaxReportRounding="R" TaxReportPrecision="2" TaxUseVendorCurPrecision="1" LineDiscountTarget="E" IgnoreConfiguredDiscounts="0" ForeignEntity="0" SVATReversalMethod="D" SVATInputTaxEntryRefNbr="M" SVATOutputTaxEntryRefNbr="M" RetainageApply="0" RetainagePct="0.000000" />
	</rows>
</data>