﻿<?xml version="1.0" encoding="utf-8"?>
<data>
	<table name="Address">
		<col name="CompanyID" type="Int" default="Zero" />
		<col name="AddressID" type="Int" identity="true" />
		<col name="BAccountID" type="Int" nullable="true" />
		<col name="AddressType" type="Char(2)" />
		<col name="AddressLine1" type="NVarChar(50)" nullable="true" />
		<col name="AddressLine2" type="NVarChar(50)" nullable="true" />
		<col name="AddressLine3" type="NVarChar(50)" nullable="true" />
		<col name="City" type="NVarChar(50)" nullable="true" />
		<col name="State" type="NVarChar(50)" nullable="true" />
		<col name="CountryID" type="NVarChar(2)" nullable="true" />
		<col name="PostalCode" type="VarChar(20)" nullable="true" />
		<col name="IsValidated" type="Bit" />
		<col name="TaxLocationCode" type="NVarChar(30)" nullable="true" />
		<col name="TaxMunicipalCode" type="NVarChar(30)" nullable="true" />
		<col name="TaxSchoolCode" type="NVarChar(30)" nullable="true" />
		<col name="tstamp" type="Timestamp" />
		<col name="CreatedByID" type="UniqueIdentifier" />
		<col name="CreatedByScreenID" type="Char(8)" />
		<col name="CreatedDateTime" type="DateTime" />
		<col name="LastModifiedByID" type="UniqueIdentifier" />
		<col name="LastModifiedByScreenID" type="Char(8)" />
		<col name="LastModifiedDateTime" type="DateTime" />
		<col name="RevisionID" type="Int" nullable="true" />
		<col name="PseudonymizationStatus" type="Int" nullable="true" default="Zero" />
		<col name="NoteID" type="UniqueIdentifier" />
	</table>
	<rows>
		<row AddressID="1" BAccountID="1" AddressType="BS" AddressLine1="1727 Bonita Avenue" City="Mount Prospect" State="IL" CountryID="US" PostalCode="60056" IsValidated="0" CreatedByID="b5344897-037e-4d58-b5c3-1bdfd0f47bf9" CreatedByScreenID="CS102000" CreatedDateTime="2014-10-02 11:35:07.363" LastModifiedByID="b5344897-037e-4d58-b5c3-1bdfd0f47bf9" LastModifiedByScreenID="CS101500" LastModifiedDateTime="2019-12-03 17:38:43.673" RevisionID="2" PseudonymizationStatus="0" NoteID="5b752988-064a-e411-b973-74d435e7799b" />
		<row AddressID="14" BAccountID="14" AddressType="BS" CountryID="US" IsValidated="0" CreatedByID="b5344897-037e-4d58-b5c3-1bdfd0f47bf9" CreatedByScreenID="AP303000" CreatedDateTime="2014-10-22 14:49:44.143" LastModifiedByID="b5344897-037e-4d58-b5c3-1bdfd0f47bf9" LastModifiedByScreenID="AP303000" LastModifiedDateTime="2014-10-22 14:49:44.143" RevisionID="1" PseudonymizationStatus="0" NoteID="48086c13-d959-e411-8568-74d435e7799b" />
		<row AddressID="15" BAccountID="15" AddressType="BS" CountryID="US" IsValidated="0" CreatedByID="b5344897-037e-4d58-b5c3-1bdfd0f47bf9" CreatedByScreenID="AP303000" CreatedDateTime="2014-10-22 14:49:58.953" LastModifiedByID="b5344897-037e-4d58-b5c3-1bdfd0f47bf9" LastModifiedByScreenID="AP303000" LastModifiedDateTime="2014-10-22 14:49:58.953" RevisionID="1" PseudonymizationStatus="0" NoteID="52d0e622-d959-e411-8568-74d435e7799b" />
		<row AddressID="16" BAccountID="16" AddressType="BS" CountryID="US" IsValidated="0" CreatedByID="b5344897-037e-4d58-b5c3-1bdfd0f47bf9" CreatedByScreenID="AP303000" CreatedDateTime="2014-10-22 14:50:27.69" LastModifiedByID="b5344897-037e-4d58-b5c3-1bdfd0f47bf9" LastModifiedByScreenID="AP303000" LastModifiedDateTime="2014-10-22 14:50:27.69" RevisionID="1" PseudonymizationStatus="0" NoteID="d19d1f31-d959-e411-8568-74d435e7799b" />
		<row AddressID="17" BAccountID="17" AddressType="BS" CountryID="US" IsValidated="0" CreatedByID="b5344897-037e-4d58-b5c3-1bdfd0f47bf9" CreatedByScreenID="AP303000" CreatedDateTime="2014-10-22 14:50:59.583" LastModifiedByID="b5344897-037e-4d58-b5c3-1bdfd0f47bf9" LastModifiedByScreenID="AP303000" LastModifiedDateTime="2014-10-22 14:50:59.583" RevisionID="1" PseudonymizationStatus="0" NoteID="d667553d-d959-e411-8568-74d435e7799b" />
		<row AddressID="18" BAccountID="18" AddressType="BS" CountryID="US" IsValidated="0" CreatedByID="b5344897-037e-4d58-b5c3-1bdfd0f47bf9" CreatedByScreenID="AR303000" CreatedDateTime="2014-11-05 14:31:31.44" LastModifiedByID="b5344897-037e-4d58-b5c3-1bdfd0f47bf9" LastModifiedByScreenID="AR303000" LastModifiedDateTime="2014-11-05 14:31:31.44" RevisionID="1" PseudonymizationStatus="0" NoteID="7353913b-df64-e411-8774-74d435e7799b" />
		<row AddressID="19" BAccountID="19" AddressType="BS" CountryID="US" IsValidated="0" CreatedByID="b5344897-037e-4d58-b5c3-1bdfd0f47bf9" CreatedByScreenID="AR303000" CreatedDateTime="2014-11-05 14:31:57.21" LastModifiedByID="b5344897-037e-4d58-b5c3-1bdfd0f47bf9" LastModifiedByScreenID="AR303000" LastModifiedDateTime="2014-11-05 14:31:57.21" RevisionID="1" PseudonymizationStatus="0" NoteID="87b92c4d-df64-e411-8774-74d435e7799b" />
		<row AddressID="20" BAccountID="20" AddressType="BS" CountryID="US" IsValidated="0" CreatedByID="b5344897-037e-4d58-b5c3-1bdfd0f47bf9" CreatedByScreenID="AR303000" CreatedDateTime="2014-11-05 14:32:15" LastModifiedByID="b5344897-037e-4d58-b5c3-1bdfd0f47bf9" LastModifiedByScreenID="AR303000" LastModifiedDateTime="2014-11-05 14:32:15" RevisionID="1" PseudonymizationStatus="0" NoteID="eb03385d-df64-e411-8774-74d435e7799b" />
		<row AddressID="21" BAccountID="21" AddressType="BS" CountryID="US" IsValidated="0" CreatedByID="b5344897-037e-4d58-b5c3-1bdfd0f47bf9" CreatedByScreenID="AR303000" CreatedDateTime="2014-11-05 14:32:46.213" LastModifiedByID="b5344897-037e-4d58-b5c3-1bdfd0f47bf9" LastModifiedByScreenID="AR303000" LastModifiedDateTime="2014-11-05 14:32:46.213" RevisionID="1" PseudonymizationStatus="0" NoteID="8850a766-df64-e411-8774-74d435e7799b" />
		<row AddressID="23" BAccountID="1" AddressType="BS" CountryID="US" IsValidated="0" CreatedByID="b5344897-037e-4d58-b5c3-1bdfd0f47bf9" CreatedByScreenID="EP203000" CreatedDateTime="2015-04-22 17:18:03.32" LastModifiedByID="b5344897-037e-4d58-b5c3-1bdfd0f47bf9" LastModifiedByScreenID="EP203000" LastModifiedDateTime="2015-04-22 17:18:03.32" RevisionID="1" PseudonymizationStatus="0" NoteID="3ebf89d7-f9e8-e411-b599-60a44caf73d6" />
		<row AddressID="24" BAccountID="1" AddressType="BS" CountryID="US" IsValidated="0" CreatedByID="b5344897-037e-4d58-b5c3-1bdfd0f47bf9" CreatedByScreenID="EP203000" CreatedDateTime="2015-06-10 09:16:47.623" LastModifiedByID="b5344897-037e-4d58-b5c3-1bdfd0f47bf9" LastModifiedByScreenID="EP203000" LastModifiedDateTime="2015-06-10 09:16:47.623" RevisionID="1" PseudonymizationStatus="0" NoteID="5b65e02f-380f-e511-8877-60a44caf73d6" />
		<row AddressID="25" BAccountID="1" AddressType="BS" CountryID="US" IsValidated="0" CreatedByID="b5344897-037e-4d58-b5c3-1bdfd0f47bf9" CreatedByScreenID="EP203000" CreatedDateTime="2015-06-10 09:19:07.16" LastModifiedByID="b5344897-037e-4d58-b5c3-1bdfd0f47bf9" LastModifiedByScreenID="EP203000" LastModifiedDateTime="2015-06-10 09:19:07.16" RevisionID="1" PseudonymizationStatus="0" NoteID="e0602853-380f-e511-8877-60a44caf73d6" />
		<row AddressID="26" BAccountID="1" AddressType="BS" CountryID="US" IsValidated="0" CreatedByID="b5344897-037e-4d58-b5c3-1bdfd0f47bf9" CreatedByScreenID="EP203000" CreatedDateTime="2015-06-10 09:20:00.837" LastModifiedByID="b5344897-037e-4d58-b5c3-1bdfd0f47bf9" LastModifiedByScreenID="EP203000" LastModifiedDateTime="2015-06-10 09:20:00.837" RevisionID="1" PseudonymizationStatus="0" NoteID="db3044a3-380f-e511-8877-60a44caf73d6" />
		<row AddressID="27" AddressType="  " CountryID="US" IsValidated="0" CreatedByID="b5344897-037e-4d58-b5c3-1bdfd0f47bf9" CreatedByScreenID="EP203000" CreatedDateTime="2015-06-10 09:20:00.837" LastModifiedByID="b5344897-037e-4d58-b5c3-1bdfd0f47bf9" LastModifiedByScreenID="EP203000" LastModifiedDateTime="2015-06-10 09:20:00.837" PseudonymizationStatus="0" NoteID="ce6b1e4f-77ee-4ee1-8181-c154050a512a" />
		<row AddressID="28" AddressType="  " CountryID="US" IsValidated="0" CreatedByID="b5344897-037e-4d58-b5c3-1bdfd0f47bf9" CreatedByScreenID="EP203000" CreatedDateTime="2015-06-10 09:20:00.837" LastModifiedByID="b5344897-037e-4d58-b5c3-1bdfd0f47bf9" LastModifiedByScreenID="EP203000" LastModifiedDateTime="2015-06-10 09:20:00.837" PseudonymizationStatus="0" NoteID="f001641f-af50-4110-856b-d757f81aeac8" />
		<row AddressID="29" AddressType="  " CountryID="US" IsValidated="0" CreatedByID="b5344897-037e-4d58-b5c3-1bdfd0f47bf9" CreatedByScreenID="EP203000" CreatedDateTime="2015-06-10 09:20:00.837" LastModifiedByID="b5344897-037e-4d58-b5c3-1bdfd0f47bf9" LastModifiedByScreenID="EP203000" LastModifiedDateTime="2015-06-10 09:20:00.837" PseudonymizationStatus="0" NoteID="054a06ef-9f44-4d3a-ac7f-3f62d5a8f7c4" />
		<row AddressID="30" AddressType="  " CountryID="US" IsValidated="0" CreatedByID="b5344897-037e-4d58-b5c3-1bdfd0f47bf9" CreatedByScreenID="EP203000" CreatedDateTime="2015-06-10 09:20:00.837" LastModifiedByID="b5344897-037e-4d58-b5c3-1bdfd0f47bf9" LastModifiedByScreenID="EP203000" LastModifiedDateTime="2015-06-10 09:20:00.837" PseudonymizationStatus="0" NoteID="95444ca4-a706-45ef-9393-e4f2dd42be58" />
		<row AddressID="31" AddressType="  " CountryID="US" IsValidated="0" CreatedByID="b5344897-037e-4d58-b5c3-1bdfd0f47bf9" CreatedByScreenID="EP203000" CreatedDateTime="2015-06-10 09:20:00.837" LastModifiedByID="b5344897-037e-4d58-b5c3-1bdfd0f47bf9" LastModifiedByScreenID="EP203000" LastModifiedDateTime="2015-06-10 09:20:00.837" PseudonymizationStatus="0" NoteID="f01cddc3-04c5-4d3c-97eb-719a026f391e" />
		<row AddressID="32" AddressType="  " CountryID="US" IsValidated="0" CreatedByID="b5344897-037e-4d58-b5c3-1bdfd0f47bf9" CreatedByScreenID="EP203000" CreatedDateTime="2015-06-10 09:20:00.837" LastModifiedByID="b5344897-037e-4d58-b5c3-1bdfd0f47bf9" LastModifiedByScreenID="EP203000" LastModifiedDateTime="2015-06-10 09:20:00.837" PseudonymizationStatus="0" NoteID="cb18246e-89c6-4667-a566-b92268adf521" />
		<row AddressID="33" AddressType="  " CountryID="US" IsValidated="0" CreatedByID="b5344897-037e-4d58-b5c3-1bdfd0f47bf9" CreatedByScreenID="EP203000" CreatedDateTime="2015-06-10 09:20:00.837" LastModifiedByID="b5344897-037e-4d58-b5c3-1bdfd0f47bf9" LastModifiedByScreenID="EP203000" LastModifiedDateTime="2015-06-10 09:20:00.837" PseudonymizationStatus="0" NoteID="52e834ca-1f07-4225-ac8d-34f844b73a9e" />
		<row AddressID="34" AddressType="  " CountryID="US" IsValidated="0" CreatedByID="b5344897-037e-4d58-b5c3-1bdfd0f47bf9" CreatedByScreenID="EP203000" CreatedDateTime="2015-06-10 09:20:00.837" LastModifiedByID="b5344897-037e-4d58-b5c3-1bdfd0f47bf9" LastModifiedByScreenID="EP203000" LastModifiedDateTime="2015-06-10 09:20:00.837" PseudonymizationStatus="0" NoteID="48a54faf-a4a6-4e7c-a190-c28ce434eaf0" />
		<row AddressID="35" AddressType="  " CountryID="US" IsValidated="0" CreatedByID="b5344897-037e-4d58-b5c3-1bdfd0f47bf9" CreatedByScreenID="EP203000" CreatedDateTime="2015-06-10 09:20:00.837" LastModifiedByID="b5344897-037e-4d58-b5c3-1bdfd0f47bf9" LastModifiedByScreenID="EP203000" LastModifiedDateTime="2015-06-10 09:20:00.837" PseudonymizationStatus="0" NoteID="3daaa6b6-6c3a-48c4-a1dc-4c1d56ad3cba" />
		<row AddressID="36" BAccountID="27" AddressType="BS" CountryID="US" IsValidated="0" CreatedByID="b5344897-037e-4d58-b5c3-1bdfd0f47bf9" CreatedByScreenID="AR303000" CreatedDateTime="2019-12-02 20:06:39.52" LastModifiedByID="b5344897-037e-4d58-b5c3-1bdfd0f47bf9" LastModifiedByScreenID="AR303000" LastModifiedDateTime="2019-12-02 20:06:39.523" RevisionID="1" PseudonymizationStatus="0" NoteID="f84e9582-7115-ea11-a6ec-9cb6d0c82c0c" />
		<row AddressID="38" BAccountID="29" AddressType="BS" CountryID="US" IsValidated="0" CreatedByID="b5344897-037e-4d58-b5c3-1bdfd0f47bf9" CreatedByScreenID="AP303000" CreatedDateTime="2019-12-04 09:43:17.487" LastModifiedByID="b5344897-037e-4d58-b5c3-1bdfd0f47bf9" LastModifiedByScreenID="AP303000" LastModifiedDateTime="2019-12-04 09:43:17.487" RevisionID="1" PseudonymizationStatus="0" NoteID="4193f6b1-ac16-ea11-a6ed-9cb6d0c82c0c" />
		<row AddressID="39" BAccountID="30" AddressType="BS" AddressLine1="123 Test Street" AddressLine2="Suite A" City="Mount Prosepect" State="IL" CountryID="US" PostalCode="60056" IsValidated="0" CreatedByID="b5344897-037e-4d58-b5c3-1bdfd0f47bf9" CreatedByScreenID="AR303000" CreatedDateTime="2019-12-04 18:55:00.67" LastModifiedByID="b5344897-037e-4d58-b5c3-1bdfd0f47bf9" LastModifiedByScreenID="AR303000" LastModifiedDateTime="2020-01-07 10:21:20.723" RevisionID="6" PseudonymizationStatus="0" NoteID="36b490dc-f916-ea11-a6ed-9cb6d0c82c0c" />
	</rows>
</data>