﻿<?xml version="1.0" encoding="utf-8"?>
<data>
	<table name="APAdjust">
		<col name="CompanyID" type="Int" default="Zero" />
		<col name="VendorID" type="Int" />
		<col name="AdjdBranchID" type="Int" />
		<col name="AdjdDocType" type="Char(3)" />
		<col name="AdjdRefNbr" type="NVarChar(15)" />
		<col name="AdjdLineNbr" type="Int" default="Zero" />
		<col name="AdjgBranchID" type="Int" />
		<col name="AdjgDocType" type="Char(3)" />
		<col name="AdjgRefNbr" type="NVarChar(15)" />
		<col name="AdjNbr" type="Int" />
		<col name="AdjBatchNbr" type="NVarChar(15)" nullable="true" />
		<col name="AdjdCuryInfoID" type="BigInt" />
		<col name="AdjgCuryInfoID" type="BigInt" />
		<col name="AdjgDocDate" type="SmallDateTime" />
		<col name="AdjdDocDate" type="SmallDateTime" />
		<col name="CuryAdjgAmt" type="Decimal(19,4)" nullable="true" />
		<col name="CuryAdjgDiscAmt" type="Decimal(19,4)" nullable="true" />
		<col name="CuryAdjgPPDAmt" type="Decimal(19,4)" nullable="true" />
		<col name="CuryAdjdAmt" type="Decimal(19,4)" nullable="true" />
		<col name="CuryAdjdDiscAmt" type="Decimal(19,4)" nullable="true" />
		<col name="CuryAdjdPPDAmt" type="Decimal(19,4)" nullable="true" />
		<col name="AdjAmt" type="Decimal(19,4)" nullable="true" />
		<col name="AdjDiscAmt" type="Decimal(19,4)" nullable="true" />
		<col name="AdjPPDAmt" type="Decimal(19,4)" nullable="true" />
		<col name="RGOLAmt" type="Decimal(19,4)" nullable="true" />
		<col name="Released" type="Bit" />
		<col name="Hold" type="Bit" default="Zero" />
		<col name="AdjdAPAcct" type="Int" />
		<col name="AdjdAPSub" type="Int" />
		<col name="tstamp" type="Timestamp" />
		<col name="CreatedByID" type="UniqueIdentifier" />
		<col name="CreatedByScreenID" type="Char(8)" />
		<col name="CreatedDateTime" type="DateTime" />
		<col name="LastModifiedByID" type="UniqueIdentifier" />
		<col name="LastModifiedByScreenID" type="Char(8)" />
		<col name="LastModifiedDateTime" type="DateTime" />
		<col name="AdjdOrigCuryInfoID" type="BigInt" />
		<col name="AdjgFinPeriodID" type="Char(6)" />
		<col name="AdjdFinPeriodID" type="Char(6)" />
		<col name="AdjgTranPeriodID" type="Char(6)" />
		<col name="AdjdTranPeriodID" type="Char(6)" />
		<col name="CashAccountID" type="Int" nullable="true" />
		<col name="PaymentMethodID" type="NVarChar(10)" nullable="true" />
		<col name="StubNbr" type="NVarChar(40)" nullable="true" />
		<col name="CuryAdjdWhTaxAmt" type="Decimal(19,4)" />
		<col name="CuryAdjgWhTaxAmt" type="Decimal(19,4)" />
		<col name="AdjWhTaxAmt" type="Decimal(19,4)" />
		<col name="AdjdWhTaxAcctID" type="Int" nullable="true" />
		<col name="AdjdWhTaxSubID" type="Int" nullable="true" />
		<col name="Voided" type="Bit" />
		<col name="VoidAdjNbr" type="Int" nullable="true" />
		<col name="PPDDebitAdjRefNbr" type="NVarChar(15)" nullable="true" />
		<col name="PendingPPD" type="Bit" default="Zero" />
		<col name="AdjdHasPPDTaxes" type="Bit" default="Zero" />
		<col name="TaxInvoiceNbr" type="NVarChar(15)" nullable="true" />
		<col name="IsMigratedRecord" type="Bit" default="Zero" />
		<col name="IsInitialApplication" type="Bit" default="Zero" />
		<col name="NoteID" type="UniqueIdentifier" nullable="true" />
	</table>
	<rows>
		<row VendorID="16" AdjdBranchID="1" AdjdDocType="INV" AdjdRefNbr="000002" AdjdLineNbr="0" AdjgBranchID="1" AdjgDocType="ADR" AdjgRefNbr="000009" AdjNbr="1" AdjdCuryInfoID="140" AdjgCuryInfoID="138" AdjgDocDate="2014-03-02 00:00:00" AdjdDocDate="2014-01-01 00:00:00" CuryAdjgAmt="5.0000" CuryAdjgDiscAmt="0.0000" CuryAdjgPPDAmt="0.0000" CuryAdjdAmt="5.0000" CuryAdjdDiscAmt="0.0000" CuryAdjdPPDAmt="0.0000" AdjAmt="5.0000" AdjDiscAmt="0.0000" AdjPPDAmt="0.0000" RGOLAmt="0.0000" Released="1" Hold="0" AdjdAPAcct="34" AdjdAPSub="1" CreatedByID="b5344897-037e-4d58-b5c3-1bdfd0f47bf9" CreatedByScreenID="AP301000" CreatedDateTime="2014-10-29 17:19:21.11" LastModifiedByID="b5344897-037e-4d58-b5c3-1bdfd0f47bf9" LastModifiedByScreenID="AP302000" LastModifiedDateTime="2014-10-29 17:19:21.477" AdjdOrigCuryInfoID="76" AdjgFinPeriodID="201403" AdjdFinPeriodID="201401" AdjgTranPeriodID="201403" AdjdTranPeriodID="201401" CuryAdjdWhTaxAmt="0.0000" CuryAdjgWhTaxAmt="0.0000" AdjWhTaxAmt="0.0000" AdjdWhTaxSubID="1" Voided="0" PendingPPD="0" AdjdHasPPDTaxes="0" IsMigratedRecord="0" IsInitialApplication="0" NoteID="813a9836-765f-e411-b36f-74d435e7799b" />
		<row VendorID="16" AdjdBranchID="1" AdjdDocType="INV" AdjdRefNbr="000007" AdjdLineNbr="0" AdjgBranchID="1" AdjgDocType="ADR" AdjgRefNbr="000010" AdjNbr="2" AdjdCuryInfoID="10141" AdjgCuryInfoID="10138" AdjgDocDate="2014-02-15 00:00:00" AdjdDocDate="2014-02-15 00:00:00" CuryAdjgAmt="20.0000" CuryAdjgDiscAmt="0.0000" CuryAdjgPPDAmt="0.0000" CuryAdjdAmt="20.0000" CuryAdjdDiscAmt="0.0000" CuryAdjdPPDAmt="0.0000" AdjAmt="20.0000" AdjDiscAmt="0.0000" AdjPPDAmt="0.0000" RGOLAmt="0.0000" Released="1" Hold="0" AdjdAPAcct="34" AdjdAPSub="1" CreatedByID="b5344897-037e-4d58-b5c3-1bdfd0f47bf9" CreatedByScreenID="AP301000" CreatedDateTime="2014-10-30 10:10:09.78" LastModifiedByID="b5344897-037e-4d58-b5c3-1bdfd0f47bf9" LastModifiedByScreenID="AP302000" LastModifiedDateTime="2014-10-30 10:10:10.463" AdjdOrigCuryInfoID="107" AdjgFinPeriodID="201402" AdjdFinPeriodID="201402" AdjgTranPeriodID="201402" AdjdTranPeriodID="201402" CuryAdjdWhTaxAmt="0.0000" CuryAdjgWhTaxAmt="0.0000" AdjWhTaxAmt="0.0000" AdjdWhTaxSubID="1" Voided="0" PendingPPD="0" AdjdHasPPDTaxes="0" IsMigratedRecord="0" IsInitialApplication="0" NoteID="d4c6d58a-0360-e411-99e1-74d435e7799b" />
		<row VendorID="15" AdjdBranchID="1" AdjdDocType="INV" AdjdRefNbr="000003" AdjdLineNbr="0" AdjgBranchID="1" AdjgDocType="CHK" AdjgRefNbr="000001" AdjNbr="1" AdjBatchNbr="000003" AdjdCuryInfoID="84" AdjgCuryInfoID="83" AdjgDocDate="2014-01-31 00:00:00" AdjdDocDate="2014-01-01 00:00:00" CuryAdjgAmt="1000.0000" CuryAdjgDiscAmt="0.0000" CuryAdjgPPDAmt="0.0000" CuryAdjdAmt="1000.0000" CuryAdjdDiscAmt="0.0000" CuryAdjdPPDAmt="0.0000" AdjAmt="1000.0000" AdjDiscAmt="0.0000" AdjPPDAmt="0.0000" RGOLAmt="0.0000" Released="1" Hold="0" AdjdAPAcct="34" AdjdAPSub="1" CreatedByID="b5344897-037e-4d58-b5c3-1bdfd0f47bf9" CreatedByScreenID="AP302000" CreatedDateTime="2014-10-23 17:08:04.327" LastModifiedByID="b5344897-037e-4d58-b5c3-1bdfd0f47bf9" LastModifiedByScreenID="AP505200" LastModifiedDateTime="2014-10-23 22:28:25.31" AdjdOrigCuryInfoID="77" AdjgFinPeriodID="201401" AdjdFinPeriodID="201401" AdjgTranPeriodID="201401" AdjdTranPeriodID="201401" CashAccountID="9" PaymentMethodID="CHECK" StubNbr="000002" CuryAdjdWhTaxAmt="0.0000" CuryAdjgWhTaxAmt="0.0000" AdjWhTaxAmt="0.0000" AdjdWhTaxSubID="1" Voided="0" PendingPPD="0" AdjdHasPPDTaxes="0" IsMigratedRecord="0" IsInitialApplication="0" NoteID="9ee2ca6d-b55a-e411-9189-74d435e7799b" />
		<row VendorID="14" AdjdBranchID="1" AdjdDocType="INV" AdjdRefNbr="000001" AdjdLineNbr="0" AdjgBranchID="1" AdjgDocType="CHK" AdjgRefNbr="000002" AdjNbr="2" AdjBatchNbr="000004" AdjdCuryInfoID="86" AdjgCuryInfoID="85" AdjgDocDate="2014-01-31 00:00:00" AdjdDocDate="2014-01-01 00:00:00" CuryAdjgAmt="30.0000" CuryAdjgDiscAmt="0.0000" CuryAdjgPPDAmt="0.0000" CuryAdjdAmt="30.0000" CuryAdjdDiscAmt="0.0000" CuryAdjdPPDAmt="0.0000" AdjAmt="30.0000" AdjDiscAmt="0.0000" AdjPPDAmt="0.0000" RGOLAmt="0.0000" Released="1" Hold="0" AdjdAPAcct="34" AdjdAPSub="1" CreatedByID="b5344897-037e-4d58-b5c3-1bdfd0f47bf9" CreatedByScreenID="AP302000" CreatedDateTime="2014-10-23 17:08:41.217" LastModifiedByID="b5344897-037e-4d58-b5c3-1bdfd0f47bf9" LastModifiedByScreenID="AP505200" LastModifiedDateTime="2014-10-23 22:28:25.517" AdjdOrigCuryInfoID="75" AdjgFinPeriodID="201401" AdjdFinPeriodID="201401" AdjgTranPeriodID="201401" AdjdTranPeriodID="201401" CashAccountID="9" PaymentMethodID="CHECK" StubNbr="000001" CuryAdjdWhTaxAmt="0.0000" CuryAdjgWhTaxAmt="0.0000" AdjWhTaxAmt="0.0000" AdjdWhTaxSubID="1" Voided="0" PendingPPD="0" AdjdHasPPDTaxes="0" IsMigratedRecord="0" IsInitialApplication="0" NoteID="eb0fabb1-b55a-e411-9189-74d435e7799b" />
		<row VendorID="17" AdjdBranchID="1" AdjdDocType="INV" AdjdRefNbr="000004" AdjdLineNbr="0" AdjgBranchID="1" AdjgDocType="CHK" AdjgRefNbr="000003" AdjNbr="1" AdjBatchNbr="000010" AdjdCuryInfoID="113" AdjgCuryInfoID="112" AdjgDocDate="2014-02-08 00:00:00" AdjdDocDate="2014-02-01 00:00:00" CuryAdjgAmt="38.8000" CuryAdjgDiscAmt="1.2000" CuryAdjgPPDAmt="1.2000" CuryAdjdAmt="38.8000" CuryAdjdDiscAmt="1.2000" CuryAdjdPPDAmt="1.2000" AdjAmt="38.8000" AdjDiscAmt="1.2000" AdjPPDAmt="1.2000" RGOLAmt="0.0000" Released="1" Hold="0" AdjdAPAcct="34" AdjdAPSub="1" CreatedByID="b5344897-037e-4d58-b5c3-1bdfd0f47bf9" CreatedByScreenID="AP503000" CreatedDateTime="2014-10-28 11:01:27.443" LastModifiedByID="b5344897-037e-4d58-b5c3-1bdfd0f47bf9" LastModifiedByScreenID="AP505200" LastModifiedDateTime="2014-10-28 11:02:17.163" AdjdOrigCuryInfoID="104" AdjgFinPeriodID="201402" AdjdFinPeriodID="201402" AdjgTranPeriodID="201402" AdjdTranPeriodID="201402" CashAccountID="7" PaymentMethodID="CASH" StubNbr="02082014S" CuryAdjdWhTaxAmt="0.0000" CuryAdjgWhTaxAmt="0.0000" AdjWhTaxAmt="0.0000" AdjdWhTaxSubID="1" Voided="0" PendingPPD="0" AdjdHasPPDTaxes="0" IsMigratedRecord="0" IsInitialApplication="0" NoteID="f2e57a9d-785e-e411-8fe6-74d435e7799b" />
		<row VendorID="15" AdjdBranchID="1" AdjdDocType="INV" AdjdRefNbr="000003" AdjdLineNbr="0" AdjgBranchID="1" AdjgDocType="CHK" AdjgRefNbr="000004" AdjNbr="1" AdjBatchNbr="000011" AdjdCuryInfoID="116" AdjgCuryInfoID="115" AdjgDocDate="2014-03-01 00:00:00" AdjdDocDate="2014-01-01 00:00:00" CuryAdjgAmt="1000.0000" CuryAdjgDiscAmt="0.0000" CuryAdjgPPDAmt="0.0000" CuryAdjdAmt="1000.0000" CuryAdjdDiscAmt="0.0000" CuryAdjdPPDAmt="0.0000" AdjAmt="1000.0000" AdjDiscAmt="0.0000" AdjPPDAmt="0.0000" RGOLAmt="0.0000" Released="1" Hold="0" AdjdAPAcct="34" AdjdAPSub="1" CreatedByID="b5344897-037e-4d58-b5c3-1bdfd0f47bf9" CreatedByScreenID="AP503000" CreatedDateTime="2014-10-28 13:53:43.303" LastModifiedByID="b5344897-037e-4d58-b5c3-1bdfd0f47bf9" LastModifiedByScreenID="AP505200" LastModifiedDateTime="2014-10-28 13:54:31.15" AdjdOrigCuryInfoID="77" AdjgFinPeriodID="201403" AdjdFinPeriodID="201401" AdjgTranPeriodID="201403" AdjdTranPeriodID="201401" CashAccountID="7" PaymentMethodID="CASH" StubNbr="03012014U" CuryAdjdWhTaxAmt="0.0000" CuryAdjgWhTaxAmt="0.0000" AdjWhTaxAmt="0.0000" AdjdWhTaxSubID="1" Voided="0" PendingPPD="0" AdjdHasPPDTaxes="0" IsMigratedRecord="0" IsInitialApplication="0" NoteID="872a17ae-905e-e411-8fe6-74d435e7799b" />
		<row VendorID="17" AdjdBranchID="1" AdjdDocType="INV" AdjdRefNbr="000005" AdjdLineNbr="0" AdjgBranchID="1" AdjgDocType="CHK" AdjgRefNbr="000005" AdjNbr="1" AdjBatchNbr="000011" AdjdCuryInfoID="118" AdjgCuryInfoID="117" AdjgDocDate="2014-03-01 00:00:00" AdjdDocDate="2014-02-02 00:00:00" CuryAdjgAmt="60.0000" CuryAdjgDiscAmt="0.0000" CuryAdjgPPDAmt="0.0000" CuryAdjdAmt="60.0000" CuryAdjdDiscAmt="0.0000" CuryAdjdPPDAmt="0.0000" AdjAmt="60.0000" AdjDiscAmt="0.0000" AdjPPDAmt="0.0000" RGOLAmt="0.0000" Released="1" Hold="0" AdjdAPAcct="34" AdjdAPSub="1" CreatedByID="b5344897-037e-4d58-b5c3-1bdfd0f47bf9" CreatedByScreenID="AP503000" CreatedDateTime="2014-10-28 13:53:44.187" LastModifiedByID="b5344897-037e-4d58-b5c3-1bdfd0f47bf9" LastModifiedByScreenID="AP505200" LastModifiedDateTime="2014-10-28 13:54:31.323" AdjdOrigCuryInfoID="105" AdjgFinPeriodID="201403" AdjdFinPeriodID="201402" AdjgTranPeriodID="201403" AdjdTranPeriodID="201402" CashAccountID="7" PaymentMethodID="CASH" StubNbr="03012014S" CuryAdjdWhTaxAmt="0.0000" CuryAdjgWhTaxAmt="0.0000" AdjWhTaxAmt="0.0000" AdjdWhTaxSubID="1" Voided="0" PendingPPD="0" AdjdHasPPDTaxes="0" IsMigratedRecord="0" IsInitialApplication="0" NoteID="8a2a17ae-905e-e411-8fe6-74d435e7799b" />
		<row VendorID="17" AdjdBranchID="1" AdjdDocType="INV" AdjdRefNbr="000006" AdjdLineNbr="0" AdjgBranchID="1" AdjgDocType="CHK" AdjgRefNbr="000005" AdjNbr="1" AdjBatchNbr="000011" AdjdCuryInfoID="119" AdjgCuryInfoID="117" AdjgDocDate="2014-03-01 00:00:00" AdjdDocDate="2014-02-25 00:00:00" CuryAdjgAmt="77.6000" CuryAdjgDiscAmt="2.4000" CuryAdjgPPDAmt="2.4000" CuryAdjdAmt="77.6000" CuryAdjdDiscAmt="2.4000" CuryAdjdPPDAmt="2.4000" AdjAmt="77.6000" AdjDiscAmt="2.4000" AdjPPDAmt="2.4000" RGOLAmt="0.0000" Released="1" Hold="0" AdjdAPAcct="34" AdjdAPSub="1" CreatedByID="b5344897-037e-4d58-b5c3-1bdfd0f47bf9" CreatedByScreenID="AP503000" CreatedDateTime="2014-10-28 13:53:44.237" LastModifiedByID="b5344897-037e-4d58-b5c3-1bdfd0f47bf9" LastModifiedByScreenID="AP505200" LastModifiedDateTime="2014-10-28 13:54:31.33" AdjdOrigCuryInfoID="106" AdjgFinPeriodID="201403" AdjdFinPeriodID="201402" AdjgTranPeriodID="201403" AdjdTranPeriodID="201402" CashAccountID="7" PaymentMethodID="CASH" StubNbr="03012014S" CuryAdjdWhTaxAmt="0.0000" CuryAdjgWhTaxAmt="0.0000" AdjWhTaxAmt="0.0000" AdjdWhTaxSubID="1" Voided="0" PendingPPD="0" AdjdHasPPDTaxes="0" IsMigratedRecord="0" IsInitialApplication="0" NoteID="8c2a17ae-905e-e411-8fe6-74d435e7799b" />
		<row VendorID="15" AdjdBranchID="1" AdjdDocType="ACR" AdjdRefNbr="000008" AdjdLineNbr="0" AdjgBranchID="1" AdjgDocType="CHK" AdjgRefNbr="000006" AdjNbr="1" AdjBatchNbr="000013" AdjdCuryInfoID="136" AdjgCuryInfoID="134" AdjgDocDate="2014-03-02 00:00:00" AdjdDocDate="2014-03-02 00:00:00" CuryAdjgAmt="20.0000" CuryAdjgDiscAmt="0.0000" CuryAdjgPPDAmt="0.0000" CuryAdjdAmt="20.0000" CuryAdjdDiscAmt="0.0000" CuryAdjdPPDAmt="0.0000" AdjAmt="20.0000" AdjDiscAmt="0.0000" AdjPPDAmt="0.0000" RGOLAmt="0.0000" Released="1" Hold="0" AdjdAPAcct="34" AdjdAPSub="1" CreatedByID="b5344897-037e-4d58-b5c3-1bdfd0f47bf9" CreatedByScreenID="AP402000" CreatedDateTime="2014-10-29 15:37:26.56" LastModifiedByID="b5344897-037e-4d58-b5c3-1bdfd0f47bf9" LastModifiedByScreenID="AP302000" LastModifiedDateTime="2014-10-30 11:13:50.893" AdjdOrigCuryInfoID="132" AdjgFinPeriodID="201403" AdjdFinPeriodID="201403" AdjgTranPeriodID="201403" AdjdTranPeriodID="201403" CashAccountID="9" PaymentMethodID="CHECK" StubNbr="000003" CuryAdjdWhTaxAmt="0.0000" CuryAdjgWhTaxAmt="0.0000" AdjWhTaxAmt="0.0000" AdjdWhTaxSubID="1" Voided="1" PendingPPD="0" AdjdHasPPDTaxes="0" IsMigratedRecord="0" IsInitialApplication="0" NoteID="61ff8c51-685f-e411-b36f-74d435e7799b" />
		<row VendorID="15" AdjdBranchID="1" AdjdDocType="INV" AdjdRefNbr="000003" AdjdLineNbr="0" AdjgBranchID="1" AdjgDocType="CHK" AdjgRefNbr="000006" AdjNbr="1" AdjBatchNbr="000013" AdjdCuryInfoID="135" AdjgCuryInfoID="134" AdjgDocDate="2014-03-02 00:00:00" AdjdDocDate="2014-01-01 00:00:00" CuryAdjgAmt="200.0000" CuryAdjgDiscAmt="0.0000" CuryAdjgPPDAmt="0.0000" CuryAdjdAmt="200.0000" CuryAdjdDiscAmt="0.0000" CuryAdjdPPDAmt="0.0000" AdjAmt="200.0000" AdjDiscAmt="0.0000" AdjPPDAmt="0.0000" RGOLAmt="0.0000" Released="1" Hold="0" AdjdAPAcct="34" AdjdAPSub="1" CreatedByID="b5344897-037e-4d58-b5c3-1bdfd0f47bf9" CreatedByScreenID="AP402000" CreatedDateTime="2014-10-29 15:37:26.557" LastModifiedByID="b5344897-037e-4d58-b5c3-1bdfd0f47bf9" LastModifiedByScreenID="AP302000" LastModifiedDateTime="2014-10-30 11:13:50.893" AdjdOrigCuryInfoID="77" AdjgFinPeriodID="201403" AdjdFinPeriodID="201401" AdjgTranPeriodID="201403" AdjdTranPeriodID="201401" CashAccountID="9" PaymentMethodID="CHECK" StubNbr="000003" CuryAdjdWhTaxAmt="0.0000" CuryAdjgWhTaxAmt="0.0000" AdjWhTaxAmt="0.0000" AdjdWhTaxSubID="1" Voided="1" PendingPPD="0" AdjdHasPPDTaxes="0" IsMigratedRecord="0" IsInitialApplication="0" NoteID="60ff8c51-685f-e411-b36f-74d435e7799b" />
		<row VendorID="15" AdjdBranchID="1" AdjdDocType="ACR" AdjdRefNbr="000008" AdjdLineNbr="0" AdjgBranchID="1" AdjgDocType="CHK" AdjgRefNbr="000008" AdjNbr="2" AdjBatchNbr="000019" AdjdCuryInfoID="10153" AdjgCuryInfoID="10151" AdjgDocDate="2014-03-05 00:00:00" AdjdDocDate="2014-03-02 00:00:00" CuryAdjgAmt="20.0000" CuryAdjgDiscAmt="0.0000" CuryAdjgPPDAmt="0.0000" CuryAdjdAmt="20.0000" CuryAdjdDiscAmt="0.0000" CuryAdjdPPDAmt="0.0000" AdjAmt="20.0000" AdjDiscAmt="0.0000" AdjPPDAmt="0.0000" RGOLAmt="0.0000" Released="1" Hold="0" AdjdAPAcct="34" AdjdAPSub="1" CreatedByID="b5344897-037e-4d58-b5c3-1bdfd0f47bf9" CreatedByScreenID="AP302000" CreatedDateTime="2014-10-30 11:20:37.953" LastModifiedByID="b5344897-037e-4d58-b5c3-1bdfd0f47bf9" LastModifiedByScreenID="AP302000" LastModifiedDateTime="2014-10-30 11:20:38.307" AdjdOrigCuryInfoID="132" AdjgFinPeriodID="201403" AdjdFinPeriodID="201403" AdjgTranPeriodID="201403" AdjdTranPeriodID="201403" CuryAdjdWhTaxAmt="0.0000" CuryAdjgWhTaxAmt="0.0000" AdjWhTaxAmt="0.0000" AdjdWhTaxSubID="1" Voided="0" PendingPPD="0" AdjdHasPPDTaxes="0" IsMigratedRecord="0" IsInitialApplication="0" NoteID="1b7c7599-0d60-e411-99e1-74d435e7799b" />
		<row VendorID="15" AdjdBranchID="1" AdjdDocType="INV" AdjdRefNbr="000003" AdjdLineNbr="0" AdjgBranchID="1" AdjgDocType="CHK" AdjgRefNbr="000008" AdjNbr="2" AdjBatchNbr="000019" AdjdCuryInfoID="10152" AdjgCuryInfoID="10151" AdjgDocDate="2014-03-05 00:00:00" AdjdDocDate="2014-01-01 00:00:00" CuryAdjgAmt="200.0000" CuryAdjgDiscAmt="0.0000" CuryAdjgPPDAmt="0.0000" CuryAdjdAmt="200.0000" CuryAdjdDiscAmt="0.0000" CuryAdjdPPDAmt="0.0000" AdjAmt="200.0000" AdjDiscAmt="0.0000" AdjPPDAmt="0.0000" RGOLAmt="0.0000" Released="1" Hold="0" AdjdAPAcct="34" AdjdAPSub="1" CreatedByID="b5344897-037e-4d58-b5c3-1bdfd0f47bf9" CreatedByScreenID="AP302000" CreatedDateTime="2014-10-30 11:20:37.95" LastModifiedByID="b5344897-037e-4d58-b5c3-1bdfd0f47bf9" LastModifiedByScreenID="AP302000" LastModifiedDateTime="2014-10-30 11:20:38.307" AdjdOrigCuryInfoID="77" AdjgFinPeriodID="201403" AdjdFinPeriodID="201401" AdjgTranPeriodID="201403" AdjdTranPeriodID="201401" CuryAdjdWhTaxAmt="0.0000" CuryAdjgWhTaxAmt="0.0000" AdjWhTaxAmt="0.0000" AdjdWhTaxSubID="1" Voided="0" PendingPPD="0" AdjdHasPPDTaxes="0" IsMigratedRecord="0" IsInitialApplication="0" NoteID="1a7c7599-0d60-e411-99e1-74d435e7799b" />
		<row VendorID="16" AdjdBranchID="1" AdjdDocType="PPM" AdjdRefNbr="000012" AdjdLineNbr="0" AdjgBranchID="1" AdjgDocType="CHK" AdjgRefNbr="000009" AdjNbr="1" AdjBatchNbr="000020" AdjdCuryInfoID="10160" AdjgCuryInfoID="10160" AdjgDocDate="2014-03-06 00:00:00" AdjdDocDate="2014-03-06 00:00:00" CuryAdjgAmt="200.0000" CuryAdjgDiscAmt="0.0000" CuryAdjgPPDAmt="0.0000" CuryAdjdAmt="200.0000" CuryAdjdDiscAmt="0.0000" CuryAdjdPPDAmt="0.0000" AdjAmt="200.0000" AdjDiscAmt="0.0000" AdjPPDAmt="0.0000" RGOLAmt="0.0000" Released="1" Hold="0" AdjdAPAcct="35" AdjdAPSub="1" CreatedByID="b5344897-037e-4d58-b5c3-1bdfd0f47bf9" CreatedByScreenID="AP301000" CreatedDateTime="2014-10-31 11:00:40.703" LastModifiedByID="b5344897-037e-4d58-b5c3-1bdfd0f47bf9" LastModifiedByScreenID="AP302000" LastModifiedDateTime="2014-10-31 11:00:41.42" AdjdOrigCuryInfoID="10160" AdjgFinPeriodID="201403" AdjdFinPeriodID="201403" AdjgTranPeriodID="201403" AdjdTranPeriodID="201403" CuryAdjdWhTaxAmt="0.0000" CuryAdjgWhTaxAmt="0.0000" AdjWhTaxAmt="0.0000" AdjdWhTaxSubID="1" Voided="0" PendingPPD="0" AdjdHasPPDTaxes="0" IsMigratedRecord="0" IsInitialApplication="0" NoteID="586200f2-d360-e411-9d94-74d435e7799b" />
		<row VendorID="16" AdjdBranchID="1" AdjdDocType="INV" AdjdRefNbr="000002" AdjdLineNbr="0" AdjgBranchID="1" AdjgDocType="CHK" AdjgRefNbr="000010" AdjNbr="1" AdjBatchNbr="000023" AdjdCuryInfoID="10169" AdjgCuryInfoID="10168" AdjgDocDate="2014-03-08 00:00:00" AdjdDocDate="2014-01-01 00:00:00" CuryAdjgAmt="95.0000" CuryAdjgDiscAmt="0.0000" CuryAdjgPPDAmt="0.0000" CuryAdjdAmt="95.0000" CuryAdjdDiscAmt="0.0000" CuryAdjdPPDAmt="0.0000" AdjAmt="95.0000" AdjDiscAmt="0.0000" AdjPPDAmt="0.0000" RGOLAmt="0.0000" Released="1" Hold="0" AdjdAPAcct="34" AdjdAPSub="1" CreatedByID="b5344897-037e-4d58-b5c3-1bdfd0f47bf9" CreatedByScreenID="AP503000" CreatedDateTime="2014-10-31 11:42:21.53" LastModifiedByID="b5344897-037e-4d58-b5c3-1bdfd0f47bf9" LastModifiedByScreenID="AP505200" LastModifiedDateTime="2014-10-31 11:44:18.453" AdjdOrigCuryInfoID="76" AdjgFinPeriodID="201403" AdjdFinPeriodID="201401" AdjgTranPeriodID="201403" AdjdTranPeriodID="201401" CashAccountID="9" PaymentMethodID="CHECK" StubNbr="000004" CuryAdjdWhTaxAmt="0.0000" CuryAdjgWhTaxAmt="0.0000" AdjWhTaxAmt="0.0000" AdjdWhTaxSubID="1" Voided="0" PendingPPD="0" AdjdHasPPDTaxes="0" IsMigratedRecord="0" IsInitialApplication="0" NoteID="4d149ed3-d960-e411-9d94-74d435e7799b" />
		<row VendorID="16" AdjdBranchID="1" AdjdDocType="INV" AdjdRefNbr="000013" AdjdLineNbr="0" AdjgBranchID="1" AdjgDocType="CHK" AdjgRefNbr="000011" AdjNbr="1" AdjBatchNbr="000023" AdjdCuryInfoID="10171" AdjgCuryInfoID="10170" AdjgDocDate="2014-03-08 00:00:00" AdjdDocDate="2014-03-07 00:00:00" CuryAdjgAmt="30.0000" CuryAdjgDiscAmt="0.0000" CuryAdjgPPDAmt="0.0000" CuryAdjdAmt="30.0000" CuryAdjdDiscAmt="0.0000" CuryAdjdPPDAmt="0.0000" AdjAmt="30.0000" AdjDiscAmt="0.0000" AdjPPDAmt="0.0000" RGOLAmt="0.0000" Released="1" Hold="0" AdjdAPAcct="34" AdjdAPSub="1" CreatedByID="b5344897-037e-4d58-b5c3-1bdfd0f47bf9" CreatedByScreenID="AP503000" CreatedDateTime="2014-10-31 11:42:21.667" LastModifiedByID="b5344897-037e-4d58-b5c3-1bdfd0f47bf9" LastModifiedByScreenID="AP505200" LastModifiedDateTime="2014-10-31 11:44:18.587" AdjdOrigCuryInfoID="10162" AdjgFinPeriodID="201403" AdjdFinPeriodID="201403" AdjgTranPeriodID="201403" AdjdTranPeriodID="201403" CashAccountID="9" PaymentMethodID="CHECK" StubNbr="000005" CuryAdjdWhTaxAmt="0.0000" CuryAdjgWhTaxAmt="0.0000" AdjWhTaxAmt="0.0000" AdjdWhTaxSubID="1" Voided="0" PendingPPD="0" AdjdHasPPDTaxes="0" IsMigratedRecord="0" IsInitialApplication="0" NoteID="50149ed3-d960-e411-9d94-74d435e7799b" />
		<row VendorID="16" AdjdBranchID="1" AdjdDocType="INV" AdjdRefNbr="000014" AdjdLineNbr="0" AdjgBranchID="1" AdjgDocType="CHK" AdjgRefNbr="000011" AdjNbr="1" AdjBatchNbr="000023" AdjdCuryInfoID="10172" AdjgCuryInfoID="10170" AdjgDocDate="2014-03-08 00:00:00" AdjdDocDate="2014-03-08 00:00:00" CuryAdjgAmt="45.0000" CuryAdjgDiscAmt="0.0000" CuryAdjgPPDAmt="0.0000" CuryAdjdAmt="45.0000" CuryAdjdDiscAmt="0.0000" CuryAdjdPPDAmt="0.0000" AdjAmt="45.0000" AdjDiscAmt="0.0000" AdjPPDAmt="0.0000" RGOLAmt="0.0000" Released="1" Hold="0" AdjdAPAcct="34" AdjdAPSub="1" CreatedByID="b5344897-037e-4d58-b5c3-1bdfd0f47bf9" CreatedByScreenID="AP503000" CreatedDateTime="2014-10-31 11:42:21.713" LastModifiedByID="b5344897-037e-4d58-b5c3-1bdfd0f47bf9" LastModifiedByScreenID="AP505200" LastModifiedDateTime="2014-10-31 11:44:18.587" AdjdOrigCuryInfoID="10163" AdjgFinPeriodID="201403" AdjdFinPeriodID="201403" AdjgTranPeriodID="201403" AdjdTranPeriodID="201403" CashAccountID="9" PaymentMethodID="CHECK" StubNbr="000005" CuryAdjdWhTaxAmt="0.0000" CuryAdjgWhTaxAmt="0.0000" AdjWhTaxAmt="0.0000" AdjdWhTaxSubID="1" Voided="0" PendingPPD="0" AdjdHasPPDTaxes="0" IsMigratedRecord="0" IsInitialApplication="0" NoteID="52149ed3-d960-e411-9d94-74d435e7799b" />
		<row VendorID="16" AdjdBranchID="1" AdjdDocType="INV" AdjdRefNbr="000013" AdjdLineNbr="0" AdjgBranchID="1" AdjgDocType="PPM" AdjgRefNbr="000012" AdjNbr="1" AdjBatchNbr="000022" AdjdCuryInfoID="10165" AdjgCuryInfoID="10157" AdjgDocDate="2014-03-08 00:00:00" AdjdDocDate="2014-03-07 00:00:00" CuryAdjgAmt="10.0000" CuryAdjgDiscAmt="0.0000" CuryAdjgPPDAmt="0.0000" CuryAdjdAmt="10.0000" CuryAdjdDiscAmt="0.0000" CuryAdjdPPDAmt="0.0000" AdjAmt="10.0000" AdjDiscAmt="0.0000" AdjPPDAmt="0.0000" RGOLAmt="0.0000" Released="1" Hold="0" AdjdAPAcct="34" AdjdAPSub="1" CreatedByID="b5344897-037e-4d58-b5c3-1bdfd0f47bf9" CreatedByScreenID="AP302000" CreatedDateTime="2014-10-31 11:35:32.783" LastModifiedByID="b5344897-037e-4d58-b5c3-1bdfd0f47bf9" LastModifiedByScreenID="AP302000" LastModifiedDateTime="2014-10-31 11:35:34.603" AdjdOrigCuryInfoID="10162" AdjgFinPeriodID="201403" AdjdFinPeriodID="201403" AdjgTranPeriodID="201403" AdjdTranPeriodID="201403" CuryAdjdWhTaxAmt="0.0000" CuryAdjgWhTaxAmt="0.0000" AdjWhTaxAmt="0.0000" AdjdWhTaxSubID="1" Voided="0" PendingPPD="0" AdjdHasPPDTaxes="0" IsMigratedRecord="0" IsInitialApplication="0" NoteID="5e2ea027-d860-e411-9d94-74d435e7799b" />
		<row VendorID="16" AdjdBranchID="1" AdjdDocType="INV" AdjdRefNbr="000014" AdjdLineNbr="0" AdjgBranchID="1" AdjgDocType="PPM" AdjgRefNbr="000012" AdjNbr="1" AdjBatchNbr="000022" AdjdCuryInfoID="10166" AdjgCuryInfoID="10157" AdjgDocDate="2014-03-08 00:00:00" AdjdDocDate="2014-03-08 00:00:00" CuryAdjgAmt="15.0000" CuryAdjgDiscAmt="0.0000" CuryAdjgPPDAmt="0.0000" CuryAdjdAmt="15.0000" CuryAdjdDiscAmt="0.0000" CuryAdjdPPDAmt="0.0000" AdjAmt="15.0000" AdjDiscAmt="0.0000" AdjPPDAmt="0.0000" RGOLAmt="0.0000" Released="1" Hold="0" AdjdAPAcct="34" AdjdAPSub="1" CreatedByID="b5344897-037e-4d58-b5c3-1bdfd0f47bf9" CreatedByScreenID="AP302000" CreatedDateTime="2014-10-31 11:35:32.787" LastModifiedByID="b5344897-037e-4d58-b5c3-1bdfd0f47bf9" LastModifiedByScreenID="AP302000" LastModifiedDateTime="2014-10-31 11:35:34.603" AdjdOrigCuryInfoID="10163" AdjgFinPeriodID="201403" AdjdFinPeriodID="201403" AdjgTranPeriodID="201403" AdjdTranPeriodID="201403" CuryAdjdWhTaxAmt="0.0000" CuryAdjgWhTaxAmt="0.0000" AdjWhTaxAmt="0.0000" AdjdWhTaxSubID="1" Voided="0" PendingPPD="0" AdjdHasPPDTaxes="0" IsMigratedRecord="0" IsInitialApplication="0" NoteID="f19bea31-d860-e411-9d94-74d435e7799b" />
		<row VendorID="14" AdjdBranchID="1" AdjdDocType="ADR" AdjdRefNbr="000011" AdjdLineNbr="0" AdjgBranchID="1" AdjgDocType="REF" AdjgRefNbr="000007" AdjNbr="1" AdjBatchNbr="000017" AdjdCuryInfoID="10145" AdjgCuryInfoID="10144" AdjgDocDate="2014-03-02 00:00:00" AdjdDocDate="2014-03-02 00:00:00" CuryAdjgAmt="10.0000" CuryAdjgDiscAmt="0.0000" CuryAdjgPPDAmt="0.0000" CuryAdjdAmt="10.0000" CuryAdjdDiscAmt="0.0000" CuryAdjdPPDAmt="0.0000" AdjAmt="10.0000" AdjDiscAmt="0.0000" AdjPPDAmt="0.0000" RGOLAmt="0.0000" Released="1" Hold="0" AdjdAPAcct="34" AdjdAPSub="1" CreatedByID="b5344897-037e-4d58-b5c3-1bdfd0f47bf9" CreatedByScreenID="AP301000" CreatedDateTime="2014-10-30 10:54:23.493" LastModifiedByID="b5344897-037e-4d58-b5c3-1bdfd0f47bf9" LastModifiedByScreenID="AP302000" LastModifiedDateTime="2014-10-30 10:54:24.393" AdjdOrigCuryInfoID="10142" AdjgFinPeriodID="201403" AdjdFinPeriodID="201403" AdjgTranPeriodID="201403" AdjdTranPeriodID="201403" CuryAdjdWhTaxAmt="0.0000" CuryAdjgWhTaxAmt="0.0000" AdjWhTaxAmt="0.0000" AdjdWhTaxSubID="1" Voided="0" PendingPPD="0" AdjdHasPPDTaxes="0" IsMigratedRecord="0" IsInitialApplication="0" NoteID="5e777aa9-0960-e411-99e1-74d435e7799b" />
		<row VendorID="16" AdjdBranchID="1" AdjdDocType="PPM" AdjdRefNbr="000012" AdjdLineNbr="0" AdjgBranchID="1" AdjgDocType="REF" AdjgRefNbr="000012" AdjNbr="3" AdjBatchNbr="000024" AdjdCuryInfoID="10175" AdjgCuryInfoID="10174" AdjgDocDate="2014-03-10 00:00:00" AdjdDocDate="2014-03-06 00:00:00" CuryAdjgAmt="175.0000" CuryAdjgDiscAmt="0.0000" CuryAdjgPPDAmt="0.0000" CuryAdjdAmt="175.0000" CuryAdjdDiscAmt="0.0000" CuryAdjdPPDAmt="0.0000" AdjAmt="175.0000" AdjDiscAmt="0.0000" AdjPPDAmt="0.0000" RGOLAmt="0.0000" Released="1" Hold="0" AdjdAPAcct="35" AdjdAPSub="1" CreatedByID="b5344897-037e-4d58-b5c3-1bdfd0f47bf9" CreatedByScreenID="AP302000" CreatedDateTime="2014-10-31 13:16:33.42" LastModifiedByID="b5344897-037e-4d58-b5c3-1bdfd0f47bf9" LastModifiedByScreenID="AP302000" LastModifiedDateTime="2014-10-31 13:16:34.03" AdjdOrigCuryInfoID="10157" AdjgFinPeriodID="201403" AdjdFinPeriodID="201403" AdjgTranPeriodID="201403" AdjdTranPeriodID="201403" CuryAdjdWhTaxAmt="0.0000" CuryAdjgWhTaxAmt="0.0000" AdjWhTaxAmt="0.0000" AdjdWhTaxSubID="1" Voided="0" PendingPPD="0" AdjdHasPPDTaxes="0" IsMigratedRecord="0" IsInitialApplication="0" NoteID="6d8a52ee-e660-e411-9d94-74d435e7799b" />
		<row VendorID="15" AdjdBranchID="1" AdjdDocType="ACR" AdjdRefNbr="000008" AdjdLineNbr="0" AdjgBranchID="1" AdjgDocType="VCK" AdjgRefNbr="000006" AdjNbr="0" AdjBatchNbr="000018" AdjdCuryInfoID="136" AdjgCuryInfoID="10147" AdjgDocDate="2014-03-02 00:00:00" AdjdDocDate="2014-03-02 00:00:00" CuryAdjgAmt="-20.0000" CuryAdjgDiscAmt="0.0000" CuryAdjgPPDAmt="0.0000" CuryAdjdAmt="-20.0000" CuryAdjdDiscAmt="0.0000" CuryAdjdPPDAmt="0.0000" AdjAmt="-20.0000" AdjDiscAmt="0.0000" AdjPPDAmt="0.0000" RGOLAmt="0.0000" Released="1" Hold="0" AdjdAPAcct="34" AdjdAPSub="1" CreatedByID="b5344897-037e-4d58-b5c3-1bdfd0f47bf9" CreatedByScreenID="AP402000" CreatedDateTime="2014-10-30 11:13:50.26" LastModifiedByID="b5344897-037e-4d58-b5c3-1bdfd0f47bf9" LastModifiedByScreenID="AP302000" LastModifiedDateTime="2014-10-30 11:13:50.89" AdjdOrigCuryInfoID="132" AdjgFinPeriodID="201403" AdjdFinPeriodID="201403" AdjgTranPeriodID="201403" AdjdTranPeriodID="201403" CashAccountID="9" PaymentMethodID="CHECK" StubNbr="000003" CuryAdjdWhTaxAmt="0.0000" CuryAdjgWhTaxAmt="0.0000" AdjWhTaxAmt="0.0000" AdjdWhTaxSubID="1" Voided="1" VoidAdjNbr="1" PendingPPD="0" AdjdHasPPDTaxes="0" IsMigratedRecord="0" IsInitialApplication="0" NoteID="61ff8c51-685f-e411-b36f-74d435e7799b" />
		<row VendorID="15" AdjdBranchID="1" AdjdDocType="INV" AdjdRefNbr="000003" AdjdLineNbr="0" AdjgBranchID="1" AdjgDocType="VCK" AdjgRefNbr="000006" AdjNbr="0" AdjBatchNbr="000018" AdjdCuryInfoID="135" AdjgCuryInfoID="10147" AdjgDocDate="2014-03-02 00:00:00" AdjdDocDate="2014-01-01 00:00:00" CuryAdjgAmt="-200.0000" CuryAdjgDiscAmt="0.0000" CuryAdjgPPDAmt="0.0000" CuryAdjdAmt="-200.0000" CuryAdjdDiscAmt="0.0000" CuryAdjdPPDAmt="0.0000" AdjAmt="-200.0000" AdjDiscAmt="0.0000" AdjPPDAmt="0.0000" RGOLAmt="0.0000" Released="1" Hold="0" AdjdAPAcct="34" AdjdAPSub="1" CreatedByID="b5344897-037e-4d58-b5c3-1bdfd0f47bf9" CreatedByScreenID="AP402000" CreatedDateTime="2014-10-30 11:13:50.263" LastModifiedByID="b5344897-037e-4d58-b5c3-1bdfd0f47bf9" LastModifiedByScreenID="AP302000" LastModifiedDateTime="2014-10-30 11:13:50.893" AdjdOrigCuryInfoID="77" AdjgFinPeriodID="201403" AdjdFinPeriodID="201401" AdjgTranPeriodID="201403" AdjdTranPeriodID="201401" CashAccountID="9" PaymentMethodID="CHECK" StubNbr="000003" CuryAdjdWhTaxAmt="0.0000" CuryAdjgWhTaxAmt="0.0000" AdjWhTaxAmt="0.0000" AdjdWhTaxSubID="1" Voided="1" VoidAdjNbr="1" PendingPPD="0" AdjdHasPPDTaxes="0" IsMigratedRecord="0" IsInitialApplication="0" NoteID="60ff8c51-685f-e411-b36f-74d435e7799b" />
	</rows>
</data>