﻿<?xml version="1.0" encoding="utf-8"?>
<data>
	<table name="APAddress">
		<col name="CompanyID" type="Int" default="Zero" />
		<col name="AddressID" type="Int" identity="true" />
		<col name="VendorID" type="Int" />
		<col name="VendorAddressID" type="Int" />
		<col name="RevisionID" type="Int" />
		<col name="IsDefaultAddress" type="Bit" />
		<col name="AddressLine1" type="NVarChar(50)" nullable="true" />
		<col name="AddressLine2" type="NVarChar(50)" nullable="true" />
		<col name="AddressLine3" type="NVarChar(50)" nullable="true" />
		<col name="City" type="NVarChar(50)" nullable="true" />
		<col name="State" type="NVarChar(50)" nullable="true" />
		<col name="CountryID" type="NVarChar(2)" nullable="true" />
		<col name="PostalCode" type="VarChar(20)" nullable="true" />
		<col name="IsValidated" type="Bit" />
		<col name="PseudonymizationStatus" type="Int" nullable="true" default="Zero" />
		<col name="NoteID" type="UniqueIdentifier" />
		<col name="tstamp" type="Timestamp" />
		<col name="CreatedByID" type="UniqueIdentifier" />
		<col name="CreatedByScreenID" type="Char(8)" />
		<col name="CreatedDateTime" type="DateTime" />
		<col name="LastModifiedByID" type="UniqueIdentifier" />
		<col name="LastModifiedByScreenID" type="Char(8)" />
		<col name="LastModifiedDateTime" type="DateTime" />
	</table>
	<rows>
		<row AddressID="8" VendorID="15" VendorAddressID="15" RevisionID="1" IsDefaultAddress="1" CountryID="US" IsValidated="0" PseudonymizationStatus="0" NoteID="5de6c04b-200b-4f6f-b175-bf92ce512e4d" CreatedByID="b5344897-037e-4d58-b5c3-1bdfd0f47bf9" CreatedByScreenID="AP302000" CreatedDateTime="2014-10-23 17:08:04.283" LastModifiedByID="b5344897-037e-4d58-b5c3-1bdfd0f47bf9" LastModifiedByScreenID="AP302000" LastModifiedDateTime="2014-10-23 17:08:04.283" />
		<row AddressID="9" VendorID="14" VendorAddressID="14" RevisionID="1" IsDefaultAddress="1" CountryID="US" IsValidated="0" PseudonymizationStatus="0" NoteID="f0026923-ac16-4790-83d1-c4072aa26c82" CreatedByID="b5344897-037e-4d58-b5c3-1bdfd0f47bf9" CreatedByScreenID="AP302000" CreatedDateTime="2014-10-23 17:08:41.197" LastModifiedByID="b5344897-037e-4d58-b5c3-1bdfd0f47bf9" LastModifiedByScreenID="AP302000" LastModifiedDateTime="2014-10-23 17:08:41.197" />
		<row AddressID="10" VendorID="17" VendorAddressID="17" RevisionID="1" IsDefaultAddress="1" CountryID="US" IsValidated="0" PseudonymizationStatus="0" NoteID="f018a9af-82b4-44c6-8353-6add7431c0aa" CreatedByID="b5344897-037e-4d58-b5c3-1bdfd0f47bf9" CreatedByScreenID="AP503000" CreatedDateTime="2014-10-28 11:01:27.38" LastModifiedByID="b5344897-037e-4d58-b5c3-1bdfd0f47bf9" LastModifiedByScreenID="AP503000" LastModifiedDateTime="2014-10-28 11:01:27.38" />
		<row AddressID="11" VendorID="16" VendorAddressID="16" RevisionID="1" IsDefaultAddress="1" CountryID="US" IsValidated="0" PseudonymizationStatus="0" NoteID="8d806b89-75e2-4398-b4aa-beb3aa5999fd" CreatedByID="b5344897-037e-4d58-b5c3-1bdfd0f47bf9" CreatedByScreenID="AP301000" CreatedDateTime="2014-10-29 17:09:57.58" LastModifiedByID="b5344897-037e-4d58-b5c3-1bdfd0f47bf9" LastModifiedByScreenID="AP301000" LastModifiedDateTime="2014-10-29 17:09:57.58" />
	</rows>
</data>