﻿<?xml version="1.0" encoding="utf-8"?>
<data>
	<table name="APHistory">
		<col name="CompanyID" type="Int" default="Zero" />
		<col name="BranchID" type="Int" />
		<col name="AccountID" type="Int" />
		<col name="SubID" type="Int" />
		<col name="VendorID" type="Int" />
		<col name="FinBegBalance" type="Decimal(19,4)" />
		<col name="FinPtdPurchases" type="Decimal(19,4)" />
		<col name="FinPtdPayments" type="Decimal(19,4)" />
		<col name="FinPtdDrAdjustments" type="Decimal(19,4)" />
		<col name="FinPtdCrAdjustments" type="Decimal(19,4)" />
		<col name="FinPtdDiscTaken" type="Decimal(19,4)" />
		<col name="FinPtdRGOL" type="Decimal(19,4)" />
		<col name="FinYtdBalance" type="Decimal(19,4)" />
		<col name="TranBegBalance" type="Decimal(19,4)" />
		<col name="TranPtdPurchases" type="Decimal(19,4)" />
		<col name="TranPtdPayments" type="Decimal(19,4)" />
		<col name="TranPtdDrAdjustments" type="Decimal(19,4)" />
		<col name="TranPtdCrAdjustments" type="Decimal(19,4)" />
		<col name="TranPtdDiscTaken" type="Decimal(19,4)" />
		<col name="TranPtdRGOL" type="Decimal(19,4)" />
		<col name="TranYtdBalance" type="Decimal(19,4)" />
		<col name="tstamp" type="Timestamp" />
		<col name="TranPtdDeposits" type="Decimal(19,4)" default="Zero" />
		<col name="TranYtdDeposits" type="Decimal(19,4)" default="Zero" />
		<col name="FinPtdDeposits" type="Decimal(19,4)" default="Zero" />
		<col name="FinYtdDeposits" type="Decimal(19,4)" default="Zero" />
		<col name="DetDeleted" type="Bit" default="Zero" />
		<col name="FinPeriodID" type="Char(6)" />
		<col name="FinPtdWhTax" type="Decimal(19,4)" />
		<col name="TranPtdWhTax" type="Decimal(19,4)" />
		<col name="FinPtdRetainageWithheld" type="Decimal(19,4)" default="Zero" />
		<col name="TranPtdRetainageWithheld" type="Decimal(19,4)" default="Zero" />
		<col name="FinYtdRetainageWithheld" type="Decimal(19,4)" default="Zero" />
		<col name="TranYtdRetainageWithheld" type="Decimal(19,4)" default="Zero" />
		<col name="FinPtdRetainageReleased" type="Decimal(19,4)" default="Zero" />
		<col name="TranPtdRetainageReleased" type="Decimal(19,4)" default="Zero" />
		<col name="FinYtdRetainageReleased" type="Decimal(19,4)" default="Zero" />
		<col name="TranYtdRetainageReleased" type="Decimal(19,4)" default="Zero" />
		<col name="FinPtdRevalued" type="Decimal(19,4)" default="Zero" />
	</table>
	<rows>
		<row BranchID="1" AccountID="34" SubID="1" VendorID="14" FinBegBalance="0.0000" FinPtdPurchases="30.0000" FinPtdPayments="30.0000" FinPtdDrAdjustments="0.0000" FinPtdCrAdjustments="0.0000" FinPtdDiscTaken="0.0000" FinPtdRGOL="0.0000" FinYtdBalance="0.0000" TranBegBalance="0.0000" TranPtdPurchases="30.0000" TranPtdPayments="30.0000" TranPtdDrAdjustments="0.0000" TranPtdCrAdjustments="0.0000" TranPtdDiscTaken="0.0000" TranPtdRGOL="0.0000" TranYtdBalance="0.0000" TranPtdDeposits="0.0000" TranYtdDeposits="0.0000" FinPtdDeposits="0.0000" FinYtdDeposits="0.0000" DetDeleted="0" FinPeriodID="201401" FinPtdWhTax="0.0000" TranPtdWhTax="0.0000" FinPtdRetainageWithheld="0.0000" TranPtdRetainageWithheld="0.0000" FinYtdRetainageWithheld="0.0000" TranYtdRetainageWithheld="0.0000" FinPtdRetainageReleased="0.0000" TranPtdRetainageReleased="0.0000" FinYtdRetainageReleased="0.0000" TranYtdRetainageReleased="0.0000" FinPtdRevalued="0.0000" />
		<row BranchID="1" AccountID="34" SubID="1" VendorID="14" FinBegBalance="0.0000" FinPtdPurchases="0.0000" FinPtdPayments="-10.0000" FinPtdDrAdjustments="10.0000" FinPtdCrAdjustments="0.0000" FinPtdDiscTaken="0.0000" FinPtdRGOL="0.0000" FinYtdBalance="0.0000" TranBegBalance="0.0000" TranPtdPurchases="0.0000" TranPtdPayments="-10.0000" TranPtdDrAdjustments="10.0000" TranPtdCrAdjustments="0.0000" TranPtdDiscTaken="0.0000" TranPtdRGOL="0.0000" TranYtdBalance="0.0000" TranPtdDeposits="0.0000" TranYtdDeposits="0.0000" FinPtdDeposits="0.0000" FinYtdDeposits="0.0000" DetDeleted="0" FinPeriodID="201403" FinPtdWhTax="0.0000" TranPtdWhTax="0.0000" FinPtdRetainageWithheld="0.0000" TranPtdRetainageWithheld="0.0000" FinYtdRetainageWithheld="0.0000" TranYtdRetainageWithheld="0.0000" FinPtdRetainageReleased="0.0000" TranPtdRetainageReleased="0.0000" FinYtdRetainageReleased="0.0000" TranYtdRetainageReleased="0.0000" FinPtdRevalued="0.0000" />
		<row BranchID="1" AccountID="34" SubID="1" VendorID="15" FinBegBalance="0.0000" FinPtdPurchases="2200.0000" FinPtdPayments="1000.0000" FinPtdDrAdjustments="0.0000" FinPtdCrAdjustments="0.0000" FinPtdDiscTaken="0.0000" FinPtdRGOL="0.0000" FinYtdBalance="1200.0000" TranBegBalance="0.0000" TranPtdPurchases="2200.0000" TranPtdPayments="1000.0000" TranPtdDrAdjustments="0.0000" TranPtdCrAdjustments="0.0000" TranPtdDiscTaken="0.0000" TranPtdRGOL="0.0000" TranYtdBalance="1200.0000" TranPtdDeposits="0.0000" TranYtdDeposits="0.0000" FinPtdDeposits="0.0000" FinYtdDeposits="0.0000" DetDeleted="0" FinPeriodID="201401" FinPtdWhTax="0.0000" TranPtdWhTax="0.0000" FinPtdRetainageWithheld="0.0000" TranPtdRetainageWithheld="0.0000" FinYtdRetainageWithheld="0.0000" TranYtdRetainageWithheld="0.0000" FinPtdRetainageReleased="0.0000" TranPtdRetainageReleased="0.0000" FinYtdRetainageReleased="0.0000" TranYtdRetainageReleased="0.0000" FinPtdRevalued="0.0000" />
		<row BranchID="1" AccountID="34" SubID="1" VendorID="15" FinBegBalance="1200.0000" FinPtdPurchases="0.0000" FinPtdPayments="1220.0000" FinPtdDrAdjustments="0.0000" FinPtdCrAdjustments="20.0000" FinPtdDiscTaken="0.0000" FinPtdRGOL="0.0000" FinYtdBalance="0.0000" TranBegBalance="1200.0000" TranPtdPurchases="0.0000" TranPtdPayments="1220.0000" TranPtdDrAdjustments="0.0000" TranPtdCrAdjustments="20.0000" TranPtdDiscTaken="0.0000" TranPtdRGOL="0.0000" TranYtdBalance="0.0000" TranPtdDeposits="0.0000" TranYtdDeposits="0.0000" FinPtdDeposits="0.0000" FinYtdDeposits="0.0000" DetDeleted="0" FinPeriodID="201403" FinPtdWhTax="0.0000" TranPtdWhTax="0.0000" FinPtdRetainageWithheld="0.0000" TranPtdRetainageWithheld="0.0000" FinYtdRetainageWithheld="0.0000" TranYtdRetainageWithheld="0.0000" FinPtdRetainageReleased="0.0000" TranPtdRetainageReleased="0.0000" FinYtdRetainageReleased="0.0000" TranYtdRetainageReleased="0.0000" FinPtdRevalued="0.0000" />
		<row BranchID="1" AccountID="34" SubID="1" VendorID="16" FinBegBalance="0.0000" FinPtdPurchases="100.0000" FinPtdPayments="0.0000" FinPtdDrAdjustments="0.0000" FinPtdCrAdjustments="0.0000" FinPtdDiscTaken="0.0000" FinPtdRGOL="0.0000" FinYtdBalance="100.0000" TranBegBalance="0.0000" TranPtdPurchases="100.0000" TranPtdPayments="0.0000" TranPtdDrAdjustments="0.0000" TranPtdCrAdjustments="0.0000" TranPtdDiscTaken="0.0000" TranPtdRGOL="0.0000" TranYtdBalance="100.0000" TranPtdDeposits="0.0000" TranYtdDeposits="0.0000" FinPtdDeposits="0.0000" FinYtdDeposits="0.0000" DetDeleted="0" FinPeriodID="201401" FinPtdWhTax="0.0000" TranPtdWhTax="0.0000" FinPtdRetainageWithheld="0.0000" TranPtdRetainageWithheld="0.0000" FinYtdRetainageWithheld="0.0000" TranYtdRetainageWithheld="0.0000" FinPtdRetainageReleased="0.0000" TranPtdRetainageReleased="0.0000" FinYtdRetainageReleased="0.0000" TranYtdRetainageReleased="0.0000" FinPtdRevalued="0.0000" />
		<row BranchID="1" AccountID="34" SubID="1" VendorID="16" FinBegBalance="100.0000" FinPtdPurchases="20.0000" FinPtdPayments="0.0000" FinPtdDrAdjustments="20.0000" FinPtdCrAdjustments="0.0000" FinPtdDiscTaken="0.0000" FinPtdRGOL="0.0000" FinYtdBalance="100.0000" TranBegBalance="100.0000" TranPtdPurchases="20.0000" TranPtdPayments="0.0000" TranPtdDrAdjustments="20.0000" TranPtdCrAdjustments="0.0000" TranPtdDiscTaken="0.0000" TranPtdRGOL="0.0000" TranYtdBalance="100.0000" TranPtdDeposits="0.0000" TranYtdDeposits="0.0000" FinPtdDeposits="0.0000" FinYtdDeposits="0.0000" DetDeleted="0" FinPeriodID="201402" FinPtdWhTax="0.0000" TranPtdWhTax="0.0000" FinPtdRetainageWithheld="0.0000" TranPtdRetainageWithheld="0.0000" FinYtdRetainageWithheld="0.0000" TranYtdRetainageWithheld="0.0000" FinPtdRetainageReleased="0.0000" TranPtdRetainageReleased="0.0000" FinYtdRetainageReleased="0.0000" TranYtdRetainageReleased="0.0000" FinPtdRevalued="0.0000" />
		<row BranchID="1" AccountID="34" SubID="1" VendorID="16" FinBegBalance="100.0000" FinPtdPurchases="100.0000" FinPtdPayments="195.0000" FinPtdDrAdjustments="5.0000" FinPtdCrAdjustments="0.0000" FinPtdDiscTaken="0.0000" FinPtdRGOL="0.0000" FinYtdBalance="0.0000" TranBegBalance="100.0000" TranPtdPurchases="100.0000" TranPtdPayments="195.0000" TranPtdDrAdjustments="5.0000" TranPtdCrAdjustments="0.0000" TranPtdDiscTaken="0.0000" TranPtdRGOL="0.0000" TranYtdBalance="0.0000" TranPtdDeposits="0.0000" TranYtdDeposits="0.0000" FinPtdDeposits="0.0000" FinYtdDeposits="0.0000" DetDeleted="0" FinPeriodID="201403" FinPtdWhTax="0.0000" TranPtdWhTax="0.0000" FinPtdRetainageWithheld="0.0000" TranPtdRetainageWithheld="0.0000" FinYtdRetainageWithheld="0.0000" TranYtdRetainageWithheld="0.0000" FinPtdRetainageReleased="0.0000" TranPtdRetainageReleased="0.0000" FinYtdRetainageReleased="0.0000" TranYtdRetainageReleased="0.0000" FinPtdRevalued="0.0000" />
		<row BranchID="1" AccountID="34" SubID="1" VendorID="17" FinBegBalance="0.0000" FinPtdPurchases="180.0000" FinPtdPayments="38.8000" FinPtdDrAdjustments="0.0000" FinPtdCrAdjustments="0.0000" FinPtdDiscTaken="1.2000" FinPtdRGOL="0.0000" FinYtdBalance="140.0000" TranBegBalance="0.0000" TranPtdPurchases="180.0000" TranPtdPayments="38.8000" TranPtdDrAdjustments="0.0000" TranPtdCrAdjustments="0.0000" TranPtdDiscTaken="1.2000" TranPtdRGOL="0.0000" TranYtdBalance="140.0000" TranPtdDeposits="0.0000" TranYtdDeposits="0.0000" FinPtdDeposits="0.0000" FinYtdDeposits="0.0000" DetDeleted="0" FinPeriodID="201402" FinPtdWhTax="0.0000" TranPtdWhTax="0.0000" FinPtdRetainageWithheld="0.0000" TranPtdRetainageWithheld="0.0000" FinYtdRetainageWithheld="0.0000" TranYtdRetainageWithheld="0.0000" FinPtdRetainageReleased="0.0000" TranPtdRetainageReleased="0.0000" FinYtdRetainageReleased="0.0000" TranYtdRetainageReleased="0.0000" FinPtdRevalued="0.0000" />
		<row BranchID="1" AccountID="34" SubID="1" VendorID="17" FinBegBalance="140.0000" FinPtdPurchases="0.0000" FinPtdPayments="137.6000" FinPtdDrAdjustments="0.0000" FinPtdCrAdjustments="0.0000" FinPtdDiscTaken="2.4000" FinPtdRGOL="0.0000" FinYtdBalance="0.0000" TranBegBalance="140.0000" TranPtdPurchases="0.0000" TranPtdPayments="137.6000" TranPtdDrAdjustments="0.0000" TranPtdCrAdjustments="0.0000" TranPtdDiscTaken="2.4000" TranPtdRGOL="0.0000" TranYtdBalance="0.0000" TranPtdDeposits="0.0000" TranYtdDeposits="0.0000" FinPtdDeposits="0.0000" FinYtdDeposits="0.0000" DetDeleted="0" FinPeriodID="201403" FinPtdWhTax="0.0000" TranPtdWhTax="0.0000" FinPtdRetainageWithheld="0.0000" TranPtdRetainageWithheld="0.0000" FinYtdRetainageWithheld="0.0000" TranYtdRetainageWithheld="0.0000" FinPtdRetainageReleased="0.0000" TranPtdRetainageReleased="0.0000" FinYtdRetainageReleased="0.0000" TranYtdRetainageReleased="0.0000" FinPtdRevalued="0.0000" />
		<row BranchID="1" AccountID="35" SubID="1" VendorID="16" FinBegBalance="0.0000" FinPtdPurchases="0.0000" FinPtdPayments="0.0000" FinPtdDrAdjustments="0.0000" FinPtdCrAdjustments="0.0000" FinPtdDiscTaken="0.0000" FinPtdRGOL="0.0000" FinYtdBalance="0.0000" TranBegBalance="0.0000" TranPtdPurchases="0.0000" TranPtdPayments="0.0000" TranPtdDrAdjustments="0.0000" TranPtdCrAdjustments="0.0000" TranPtdDiscTaken="0.0000" TranPtdRGOL="0.0000" TranYtdBalance="0.0000" TranPtdDeposits="0.0000" TranYtdDeposits="0.0000" FinPtdDeposits="0.0000" FinYtdDeposits="0.0000" DetDeleted="0" FinPeriodID="201403" FinPtdWhTax="0.0000" TranPtdWhTax="0.0000" FinPtdRetainageWithheld="0.0000" TranPtdRetainageWithheld="0.0000" FinYtdRetainageWithheld="0.0000" TranYtdRetainageWithheld="0.0000" FinPtdRetainageReleased="0.0000" TranPtdRetainageReleased="0.0000" FinYtdRetainageReleased="0.0000" TranYtdRetainageReleased="0.0000" FinPtdRevalued="0.0000" />
	</rows>
</data>