﻿<?xml version="1.0" encoding="utf-8"?>
<data>
	<table name="APInvoice">
		<col name="CompanyID" type="Int" default="Zero" />
		<col name="DocType" type="Char(3)" />
		<col name="RefNbr" type="NVarChar(15)" />
		<col name="CuryTaxTotal" type="Decimal(19,4)" />
		<col name="TaxTotal" type="Decimal(19,4)" />
		<col name="CuryTaxAmt" type="Decimal(19,4)" default="Zero" />
		<col name="TaxAmt" type="Decimal(19,4)" default="Zero" />
		<col name="DueDate" type="SmallDateTime" nullable="true" />
		<col name="DiscDate" type="SmallDateTime" nullable="true" />
		<col name="TermsID" type="NVarChar(10)" nullable="true" />
		<col name="InvoiceNbr" type="NVarChar(40)" nullable="true" />
		<col name="InvoiceDate" type="SmallDateTime" />
		<col name="TaxZoneID" type="NVarChar(10)" nullable="true" />
		<col name="UsesManualVAT" type="Bit" nullable="true" default="Zero" />
		<col name="MasterRefNbr" type="NVarChar(15)" nullable="true" />
		<col name="InstallmentNbr" type="SmallInt" nullable="true" />
		<col name="InstallmentCntr" type="SmallInt" nullable="true" />
		<col name="SeparateCheck" type="Bit" />
		<col name="CuryLineTotal" type="Decimal(19,4)" />
		<col name="LineTotal" type="Decimal(19,4)" />
		<col name="PaySel" type="Bit" nullable="true" />
		<col name="PayDate" type="SmallDateTime" nullable="true" />
		<col name="PayAccountID" type="Int" nullable="true" />
		<col name="PayTypeID" type="NVarChar(10)" nullable="true" />
		<col name="PayLocationID" type="Int" nullable="true" />
		<col name="PrebookAcctID" type="Int" nullable="true" />
		<col name="PrebookSubID" type="Int" nullable="true" />
		<col name="VatTaxableTotal" type="Decimal(19,4)" default="Zero" />
		<col name="CuryVatTaxableTotal" type="Decimal(19,4)" default="Zero" />
		<col name="VatExemptTotal" type="Decimal(19,4)" default="Zero" />
		<col name="CuryVatExemptTotal" type="Decimal(19,4)" default="Zero" />
		<col name="SuppliedByVendorID" type="Int" />
		<col name="SuppliedByVendorLocationID" type="Int" />
		<col name="DisableAutomaticDiscountCalculation" type="Bit" default="Zero" />
		<col name="IsTaxDocument" type="Bit" nullable="true" />
	</table>
	<rows>
		<row DocType="ACR" RefNbr="000008" CuryTaxTotal="0.0000" TaxTotal="0.0000" CuryTaxAmt="0.0000" TaxAmt="0.0000" DueDate="2014-04-01 00:00:00" DiscDate="2014-03-02 00:00:00" TermsID="30D" InvoiceNbr="03022014CrAdj" InvoiceDate="1900-01-01 00:00:00" UsesManualVAT="0" SeparateCheck="0" CuryLineTotal="20.0000" LineTotal="20.0000" PaySel="0" PayDate="2014-04-01 00:00:00" PayAccountID="9" PayTypeID="CHECK" PayLocationID="15" PrebookSubID="1" VatTaxableTotal="0.0000" CuryVatTaxableTotal="0.0000" VatExemptTotal="0.0000" CuryVatExemptTotal="0.0000" SuppliedByVendorID="15" SuppliedByVendorLocationID="15" DisableAutomaticDiscountCalculation="0" />
		<row DocType="ADR" RefNbr="000009" CuryTaxTotal="0.0000" TaxTotal="0.0000" CuryTaxAmt="0.0000" TaxAmt="0.0000" InvoiceNbr="03022014A" InvoiceDate="1900-01-01 00:00:00" UsesManualVAT="0" SeparateCheck="0" CuryLineTotal="5.0000" LineTotal="5.0000" PaySel="0" PayDate="2014-03-02 00:00:00" PayAccountID="7" PayTypeID="CASH" PayLocationID="16" PrebookSubID="1" VatTaxableTotal="0.0000" CuryVatTaxableTotal="0.0000" VatExemptTotal="0.0000" CuryVatExemptTotal="0.0000" SuppliedByVendorID="16" SuppliedByVendorLocationID="16" DisableAutomaticDiscountCalculation="0" />
		<row DocType="ADR" RefNbr="000010" CuryTaxTotal="0.0000" TaxTotal="0.0000" CuryTaxAmt="0.0000" TaxAmt="0.0000" InvoiceNbr="02152014ARev" InvoiceDate="1900-01-01 00:00:00" UsesManualVAT="0" SeparateCheck="0" CuryLineTotal="20.0000" LineTotal="20.0000" PaySel="0" PayDate="2014-02-22 00:00:00" PayAccountID="7" PayTypeID="CASH" PayLocationID="16" PrebookSubID="1" VatTaxableTotal="0.0000" CuryVatTaxableTotal="0.0000" VatExemptTotal="0.0000" CuryVatExemptTotal="0.0000" SuppliedByVendorID="16" SuppliedByVendorLocationID="16" DisableAutomaticDiscountCalculation="0" />
		<row DocType="ADR" RefNbr="000011" CuryTaxTotal="0.0000" TaxTotal="0.0000" CuryTaxAmt="0.0000" TaxAmt="0.0000" InvoiceNbr="03022014Refund" InvoiceDate="1900-01-01 00:00:00" UsesManualVAT="0" SeparateCheck="0" CuryLineTotal="10.0000" LineTotal="10.0000" PaySel="0" PayDate="2014-03-02 00:00:00" PayAccountID="9" PayTypeID="CHECK" PayLocationID="14" PrebookSubID="1" VatTaxableTotal="0.0000" CuryVatTaxableTotal="0.0000" VatExemptTotal="0.0000" CuryVatExemptTotal="0.0000" SuppliedByVendorID="14" SuppliedByVendorLocationID="14" DisableAutomaticDiscountCalculation="0" />
		<row DocType="INV" RefNbr="000001" CuryTaxTotal="0.0000" TaxTotal="0.0000" CuryTaxAmt="0.0000" TaxAmt="0.0000" DueDate="2014-01-31 00:00:00" DiscDate="2014-01-01 00:00:00" TermsID="30D" InvoiceNbr="01012014OS" InvoiceDate="1900-01-01 00:00:00" UsesManualVAT="0" SeparateCheck="0" CuryLineTotal="30.0000" LineTotal="30.0000" PaySel="0" PayDate="2014-01-28 00:00:00" PayAccountID="9" PayTypeID="CHECK" PayLocationID="14" PrebookSubID="1" VatTaxableTotal="0.0000" CuryVatTaxableTotal="0.0000" VatExemptTotal="0.0000" CuryVatExemptTotal="0.0000" SuppliedByVendorID="14" SuppliedByVendorLocationID="14" DisableAutomaticDiscountCalculation="0" />
		<row DocType="INV" RefNbr="000002" CuryTaxTotal="0.0000" TaxTotal="0.0000" CuryTaxAmt="0.0000" TaxAmt="0.0000" DueDate="2014-01-31 00:00:00" DiscDate="2014-01-01 00:00:00" TermsID="30D" InvoiceNbr="01012014A" InvoiceDate="1900-01-01 00:00:00" UsesManualVAT="0" SeparateCheck="0" CuryLineTotal="100.0000" LineTotal="100.0000" PaySel="0" PayDate="2014-01-31 00:00:00" PayAccountID="7" PayTypeID="CASH" PayLocationID="16" PrebookSubID="1" VatTaxableTotal="0.0000" CuryVatTaxableTotal="0.0000" VatExemptTotal="0.0000" CuryVatExemptTotal="0.0000" SuppliedByVendorID="16" SuppliedByVendorLocationID="16" DisableAutomaticDiscountCalculation="0" />
		<row DocType="INV" RefNbr="000003" CuryTaxTotal="0.0000" TaxTotal="0.0000" CuryTaxAmt="0.0000" TaxAmt="0.0000" DueDate="2014-01-31 00:00:00" DiscDate="2014-01-01 00:00:00" TermsID="30D" InvoiceNbr="01012014U" InvoiceDate="1900-01-01 00:00:00" UsesManualVAT="0" SeparateCheck="0" CuryLineTotal="2200.0000" LineTotal="2200.0000" PaySel="0" PayDate="2014-01-31 00:00:00" PayAccountID="9" PayTypeID="CHECK" PayLocationID="15" PrebookSubID="1" VatTaxableTotal="0.0000" CuryVatTaxableTotal="0.0000" VatExemptTotal="0.0000" CuryVatExemptTotal="0.0000" SuppliedByVendorID="15" SuppliedByVendorLocationID="15" DisableAutomaticDiscountCalculation="0" />
		<row DocType="INV" RefNbr="000004" CuryTaxTotal="0.0000" TaxTotal="0.0000" CuryTaxAmt="0.0000" TaxAmt="0.0000" DueDate="2014-03-03 00:00:00" DiscDate="2014-02-08 00:00:00" TermsID="30D7D3" InvoiceNbr="02012014S" InvoiceDate="1900-01-01 00:00:00" UsesManualVAT="0" SeparateCheck="0" CuryLineTotal="40.0000" LineTotal="40.0000" PaySel="0" PayDate="2014-02-08 00:00:00" PayAccountID="7" PayTypeID="CASH" PayLocationID="17" PrebookSubID="1" VatTaxableTotal="0.0000" CuryVatTaxableTotal="0.0000" VatExemptTotal="0.0000" CuryVatExemptTotal="0.0000" SuppliedByVendorID="17" SuppliedByVendorLocationID="17" DisableAutomaticDiscountCalculation="0" />
		<row DocType="INV" RefNbr="000005" CuryTaxTotal="0.0000" TaxTotal="0.0000" CuryTaxAmt="0.0000" TaxAmt="0.0000" DueDate="2014-03-04 00:00:00" DiscDate="2014-02-09 00:00:00" TermsID="30D7D3" InvoiceNbr="02022014S" InvoiceDate="1900-01-01 00:00:00" UsesManualVAT="0" SeparateCheck="0" CuryLineTotal="60.0000" LineTotal="60.0000" PaySel="0" PayDate="2014-03-04 00:00:00" PayAccountID="7" PayTypeID="CASH" PayLocationID="17" PrebookSubID="1" VatTaxableTotal="0.0000" CuryVatTaxableTotal="0.0000" VatExemptTotal="0.0000" CuryVatExemptTotal="0.0000" SuppliedByVendorID="17" SuppliedByVendorLocationID="17" DisableAutomaticDiscountCalculation="0" />
		<row DocType="INV" RefNbr="000006" CuryTaxTotal="0.0000" TaxTotal="0.0000" CuryTaxAmt="0.0000" TaxAmt="0.0000" DueDate="2014-03-27 00:00:00" DiscDate="2014-03-04 00:00:00" TermsID="30D7D3" InvoiceNbr="02252014S" InvoiceDate="1900-01-01 00:00:00" UsesManualVAT="0" SeparateCheck="0" CuryLineTotal="80.0000" LineTotal="80.0000" PaySel="0" PayDate="2014-03-04 00:00:00" PayAccountID="7" PayTypeID="CASH" PayLocationID="17" PrebookSubID="1" VatTaxableTotal="0.0000" CuryVatTaxableTotal="0.0000" VatExemptTotal="0.0000" CuryVatExemptTotal="0.0000" SuppliedByVendorID="17" SuppliedByVendorLocationID="17" DisableAutomaticDiscountCalculation="0" />
		<row DocType="INV" RefNbr="000007" CuryTaxTotal="0.0000" TaxTotal="0.0000" CuryTaxAmt="0.0000" TaxAmt="0.0000" DueDate="2014-03-17 00:00:00" DiscDate="2014-02-22 00:00:00" TermsID="30D7D3" InvoiceNbr="02152014A" InvoiceDate="1900-01-01 00:00:00" UsesManualVAT="0" SeparateCheck="0" CuryLineTotal="20.0000" LineTotal="20.0000" PaySel="0" PayDate="2014-02-22 00:00:00" PayAccountID="7" PayTypeID="CASH" PayLocationID="16" PrebookSubID="1" VatTaxableTotal="0.0000" CuryVatTaxableTotal="0.0000" VatExemptTotal="0.0000" CuryVatExemptTotal="0.0000" SuppliedByVendorID="16" SuppliedByVendorLocationID="16" DisableAutomaticDiscountCalculation="0" />
		<row DocType="INV" RefNbr="000013" CuryTaxTotal="0.0000" TaxTotal="0.0000" CuryTaxAmt="0.0000" TaxAmt="0.0000" DueDate="2014-04-06 00:00:00" DiscDate="2014-03-07 00:00:00" TermsID="30D" InvoiceNbr="03072014A" InvoiceDate="1900-01-01 00:00:00" UsesManualVAT="0" SeparateCheck="0" CuryLineTotal="40.0000" LineTotal="40.0000" PaySel="0" PayDate="2014-04-06 00:00:00" PayAccountID="7" PayTypeID="CASH" PayLocationID="16" PrebookSubID="1" VatTaxableTotal="0.0000" CuryVatTaxableTotal="0.0000" VatExemptTotal="0.0000" CuryVatExemptTotal="0.0000" SuppliedByVendorID="16" SuppliedByVendorLocationID="16" DisableAutomaticDiscountCalculation="0" />
		<row DocType="INV" RefNbr="000014" CuryTaxTotal="0.0000" TaxTotal="0.0000" CuryTaxAmt="0.0000" TaxAmt="0.0000" DueDate="2014-04-07 00:00:00" DiscDate="2014-03-08 00:00:00" TermsID="30D" InvoiceNbr="03082014A" InvoiceDate="1900-01-01 00:00:00" UsesManualVAT="0" SeparateCheck="0" CuryLineTotal="60.0000" LineTotal="60.0000" PaySel="0" PayDate="2014-04-07 00:00:00" PayAccountID="7" PayTypeID="CASH" PayLocationID="16" PrebookSubID="1" VatTaxableTotal="0.0000" CuryVatTaxableTotal="0.0000" VatExemptTotal="0.0000" CuryVatExemptTotal="0.0000" SuppliedByVendorID="16" SuppliedByVendorLocationID="16" DisableAutomaticDiscountCalculation="0" />
		<row DocType="PPM" RefNbr="000012" CuryTaxTotal="0.0000" TaxTotal="0.0000" CuryTaxAmt="0.0000" TaxAmt="0.0000" DueDate="2014-03-06 00:00:00" InvoiceNbr="03062014A" InvoiceDate="1900-01-01 00:00:00" UsesManualVAT="0" SeparateCheck="0" CuryLineTotal="200.0000" LineTotal="200.0000" PaySel="0" PayDate="2014-03-06 00:00:00" PayAccountID="7" PayTypeID="CASH" PayLocationID="16" PrebookSubID="1" VatTaxableTotal="0.0000" CuryVatTaxableTotal="0.0000" VatExemptTotal="0.0000" CuryVatExemptTotal="0.0000" SuppliedByVendorID="16" SuppliedByVendorLocationID="16" DisableAutomaticDiscountCalculation="0" />
	</rows>
</data>