﻿<?xml version="1.0" encoding="utf-8"?>
<data>
	<table name="APVendorRefNbr">
		<col name="CompanyID" type="Int" default="Zero" />
		<col name="SiblingID" type="UniqueIdentifier" />
		<col name="MasterID" type="UniqueIdentifier" />
		<col name="DetailID" type="Int" />
		<col name="VendorID" type="Int" />
		<col name="VendorDocumentID" type="NVarChar(64)" />
		<col name="tstamp" type="Timestamp" />
	</table>
	<rows>
		<row SiblingID="3c5148d7-735e-e411-8fe6-74d435e7799b" MasterID="3c5148d7-735e-e411-8fe6-74d435e7799b" DetailID="0" VendorID="17" VendorDocumentID="02012014S" />
		<row SiblingID="38a3e73a-745e-e411-8fe6-74d435e7799b" MasterID="38a3e73a-745e-e411-8fe6-74d435e7799b" DetailID="0" VendorID="17" VendorDocumentID="02022014S" />
		<row SiblingID="09885d7a-745e-e411-8fe6-74d435e7799b" MasterID="09885d7a-745e-e411-8fe6-74d435e7799b" DetailID="0" VendorID="17" VendorDocumentID="02252014S" />
		<row SiblingID="2732d3bd-745e-e411-8fe6-74d435e7799b" MasterID="2732d3bd-745e-e411-8fe6-74d435e7799b" DetailID="0" VendorID="16" VendorDocumentID="02152014A" />
		<row SiblingID="f558ff38-ab5a-e411-9189-74d435e7799b" MasterID="f558ff38-ab5a-e411-9189-74d435e7799b" DetailID="0" VendorID="14" VendorDocumentID="01012014OS" />
		<row SiblingID="a2e80977-ab5a-e411-9189-74d435e7799b" MasterID="a2e80977-ab5a-e411-9189-74d435e7799b" DetailID="0" VendorID="16" VendorDocumentID="01012014A" />
		<row SiblingID="0a607e95-ab5a-e411-9189-74d435e7799b" MasterID="0a607e95-ab5a-e411-9189-74d435e7799b" DetailID="0" VendorID="15" VendorDocumentID="01012014U" />
		<row SiblingID="2732d3bd-745e-e411-8fe6-74d435e7799b" MasterID="637045ca-0260-e411-99e1-74d435e7799b" DetailID="0" VendorID="16" VendorDocumentID="02152014ARev" />
		<row SiblingID="ed487a4b-0960-e411-99e1-74d435e7799b" MasterID="ed487a4b-0960-e411-99e1-74d435e7799b" DetailID="0" VendorID="14" VendorDocumentID="03022014Refund" />
		<row SiblingID="a2290d8f-c860-e411-9d94-74d435e7799b" MasterID="a2290d8f-c860-e411-9d94-74d435e7799b" DetailID="0" VendorID="16" VendorDocumentID="03062014A" />
		<row SiblingID="ac604f3f-d560-e411-9d94-74d435e7799b" MasterID="ac604f3f-d560-e411-9d94-74d435e7799b" DetailID="0" VendorID="16" VendorDocumentID="03072014A" />
		<row SiblingID="c7723a6c-d560-e411-9d94-74d435e7799b" MasterID="c7723a6c-d560-e411-9d94-74d435e7799b" DetailID="0" VendorID="16" VendorDocumentID="03082014A" />
		<row SiblingID="163cea7a-645f-e411-b36f-74d435e7799b" MasterID="163cea7a-645f-e411-b36f-74d435e7799b" DetailID="0" VendorID="15" VendorDocumentID="03022014CrAdj" />
		<row SiblingID="459fa81c-755f-e411-b36f-74d435e7799b" MasterID="459fa81c-755f-e411-b36f-74d435e7799b" DetailID="0" VendorID="16" VendorDocumentID="03022014A" />
	</rows>
</data>