﻿<?xml version="1.0" encoding="utf-8"?>
<data>
	<table name="ARAddress">
		<col name="CompanyID" type="Int" default="Zero" />
		<col name="AddressID" type="Int" identity="true" />
		<col name="CustomerID" type="Int" />
		<col name="RevisionID" type="Int" />
		<col name="AddressLine1" type="NVarChar(50)" nullable="true" />
		<col name="AddressLine2" type="NVarChar(50)" nullable="true" />
		<col name="AddressLine3" type="NVarChar(50)" nullable="true" />
		<col name="City" type="NVarChar(50)" nullable="true" />
		<col name="State" type="NVarChar(50)" nullable="true" />
		<col name="CountryID" type="NVarChar(2)" nullable="true" />
		<col name="PostalCode" type="VarChar(20)" nullable="true" />
		<col name="IsValidated" type="Bit" />
		<col name="PseudonymizationStatus" type="Int" nullable="true" default="Zero" />
		<col name="NoteID" type="UniqueIdentifier" />
		<col name="tstamp" type="Timestamp" />
		<col name="CreatedByID" type="UniqueIdentifier" />
		<col name="CreatedByScreenID" type="Char(8)" />
		<col name="CreatedDateTime" type="DateTime" />
		<col name="LastModifiedByID" type="UniqueIdentifier" />
		<col name="LastModifiedByScreenID" type="Char(8)" />
		<col name="LastModifiedDateTime" type="DateTime" />
		<col name="IsDefaultBillAddress" type="Bit" />
		<col name="CustomerAddressID" type="Int" />
	</table>
	<rows>
		<row AddressID="9" CustomerID="19" RevisionID="1" CountryID="US" IsValidated="0" PseudonymizationStatus="0" NoteID="58f699fd-50d3-4276-b72a-f6252d2ea355" CreatedByID="b5344897-037e-4d58-b5c3-1bdfd0f47bf9" CreatedByScreenID="AR301000" CreatedDateTime="2014-11-17 11:34:47.33" LastModifiedByID="b5344897-037e-4d58-b5c3-1bdfd0f47bf9" LastModifiedByScreenID="AR301000" LastModifiedDateTime="2014-11-17 11:34:47.33" IsDefaultBillAddress="1" CustomerAddressID="19" />
		<row AddressID="10" CustomerID="21" RevisionID="1" CountryID="US" IsValidated="0" PseudonymizationStatus="0" NoteID="0262bcfa-3e50-44fe-984e-0bf580e655fb" CreatedByID="b5344897-037e-4d58-b5c3-1bdfd0f47bf9" CreatedByScreenID="AR301000" CreatedDateTime="2014-11-17 11:36:00.837" LastModifiedByID="b5344897-037e-4d58-b5c3-1bdfd0f47bf9" LastModifiedByScreenID="AR301000" LastModifiedDateTime="2014-11-17 11:36:00.837" IsDefaultBillAddress="1" CustomerAddressID="21" />
		<row AddressID="11" CustomerID="18" RevisionID="1" CountryID="US" IsValidated="0" PseudonymizationStatus="0" NoteID="2b6113f7-20e9-4b1a-aac7-30e795120871" CreatedByID="b5344897-037e-4d58-b5c3-1bdfd0f47bf9" CreatedByScreenID="AR301000" CreatedDateTime="2014-11-17 11:37:17.213" LastModifiedByID="b5344897-037e-4d58-b5c3-1bdfd0f47bf9" LastModifiedByScreenID="AR301000" LastModifiedDateTime="2014-11-17 11:37:17.213" IsDefaultBillAddress="1" CustomerAddressID="18" />
		<row AddressID="12" CustomerID="20" RevisionID="1" CountryID="US" IsValidated="0" PseudonymizationStatus="0" NoteID="fcbbf726-11d4-4870-b463-f956be67b329" CreatedByID="b5344897-037e-4d58-b5c3-1bdfd0f47bf9" CreatedByScreenID="AR301000" CreatedDateTime="2014-11-17 11:38:06.793" LastModifiedByID="b5344897-037e-4d58-b5c3-1bdfd0f47bf9" LastModifiedByScreenID="AR301000" LastModifiedDateTime="2014-11-17 11:38:06.793" IsDefaultBillAddress="1" CustomerAddressID="20" />
		<row AddressID="13" CustomerID="30" RevisionID="2" AddressLine1="1727 Bonita Avenue" AddressLine2="Suite 900" City="Mount Prospect" State="ILLINOIS" CountryID="US" PostalCode="60056" IsValidated="0" PseudonymizationStatus="0" NoteID="4a05fb8f-da25-ea11-a6f0-9cb6d0c82c0c" CreatedByID="b5344897-037e-4d58-b5c3-1bdfd0f47bf9" CreatedByScreenID="SO302000" CreatedDateTime="2019-12-23 17:18:45.62" LastModifiedByID="b5344897-037e-4d58-b5c3-1bdfd0f47bf9" LastModifiedByScreenID="SO302000" LastModifiedDateTime="2019-12-23 17:18:45.62" IsDefaultBillAddress="0" CustomerAddressID="39" />
		<row AddressID="14" CustomerID="30" RevisionID="2" AddressLine1="1727 Bonita Avenue" AddressLine2="Suite 900" City="Mount Prospect" State="ILLINOIS" CountryID="US" PostalCode="60056" IsValidated="0" PseudonymizationStatus="0" NoteID="4c05fb8f-da25-ea11-a6f0-9cb6d0c82c0c" CreatedByID="b5344897-037e-4d58-b5c3-1bdfd0f47bf9" CreatedByScreenID="SO302000" CreatedDateTime="2019-12-23 17:18:45.62" LastModifiedByID="b5344897-037e-4d58-b5c3-1bdfd0f47bf9" LastModifiedByScreenID="SO302000" LastModifiedDateTime="2019-12-23 17:18:45.62" IsDefaultBillAddress="0" CustomerAddressID="39" />
		<row AddressID="15" CustomerID="30" RevisionID="3" AddressLine1="1727 Bonita Avenue" AddressLine2="Suite 900" City="Mount Prospect" State="ILLINOIS" CountryID="US" PostalCode="60056" IsValidated="0" PseudonymizationStatus="0" NoteID="13bd2aca-da25-ea11-a6f0-9cb6d0c82c0c" CreatedByID="b5344897-037e-4d58-b5c3-1bdfd0f47bf9" CreatedByScreenID="SO302000" CreatedDateTime="2019-12-23 17:20:22.617" LastModifiedByID="b5344897-037e-4d58-b5c3-1bdfd0f47bf9" LastModifiedByScreenID="SO302000" LastModifiedDateTime="2019-12-23 17:20:22.617" IsDefaultBillAddress="0" CustomerAddressID="39" />
		<row AddressID="16" CustomerID="30" RevisionID="3" AddressLine1="123 Test Street" AddressLine2="Suite A" City="Mount Prosepect" State="ILLINOIS" CountryID="US" PostalCode="60056" IsValidated="0" PseudonymizationStatus="0" NoteID="15bd2aca-da25-ea11-a6f0-9cb6d0c82c0c" CreatedByID="b5344897-037e-4d58-b5c3-1bdfd0f47bf9" CreatedByScreenID="SO302000" CreatedDateTime="2019-12-23 17:20:22.617" LastModifiedByID="b5344897-037e-4d58-b5c3-1bdfd0f47bf9" LastModifiedByScreenID="SO302000" LastModifiedDateTime="2019-12-23 17:20:22.617" IsDefaultBillAddress="0" CustomerAddressID="39" />
		<row AddressID="17" CustomerID="30" RevisionID="3" AddressLine1="1727 Bonita Avenue" AddressLine2="Suite 900" City="Mount Prospect" State="ILLINOIS" CountryID="US" PostalCode="60056" IsValidated="0" PseudonymizationStatus="0" NoteID="80356e94-db25-ea11-a6f0-9cb6d0c82c0c" CreatedByID="b5344897-037e-4d58-b5c3-1bdfd0f47bf9" CreatedByScreenID="SO302000" CreatedDateTime="2019-12-23 17:26:02.24" LastModifiedByID="b5344897-037e-4d58-b5c3-1bdfd0f47bf9" LastModifiedByScreenID="SO302000" LastModifiedDateTime="2019-12-23 17:26:02.24" IsDefaultBillAddress="0" CustomerAddressID="39" />
		<row AddressID="18" CustomerID="30" RevisionID="3" AddressLine1="123 Test Street" AddressLine2="Suite A" City="Mount Prosepect" State="ILLINOIS" CountryID="US" PostalCode="60056" IsValidated="0" PseudonymizationStatus="0" NoteID="82356e94-db25-ea11-a6f0-9cb6d0c82c0c" CreatedByID="b5344897-037e-4d58-b5c3-1bdfd0f47bf9" CreatedByScreenID="SO302000" CreatedDateTime="2019-12-23 17:26:02.24" LastModifiedByID="b5344897-037e-4d58-b5c3-1bdfd0f47bf9" LastModifiedByScreenID="SO302000" LastModifiedDateTime="2019-12-23 17:26:02.24" IsDefaultBillAddress="0" CustomerAddressID="39" />
		<row AddressID="19" CustomerID="30" RevisionID="3" AddressLine1="1727 Bonita Avenue" AddressLine2="Suite 900" City="Mount Prospect" State="ILLINOIS" CountryID="US" PostalCode="60056" IsValidated="0" PseudonymizationStatus="0" NoteID="0fed1c66-dc25-ea11-a6f0-9cb6d0c82c0c" CreatedByID="b5344897-037e-4d58-b5c3-1bdfd0f47bf9" CreatedByScreenID="SO302000" CreatedDateTime="2019-12-23 17:31:53.863" LastModifiedByID="b5344897-037e-4d58-b5c3-1bdfd0f47bf9" LastModifiedByScreenID="SO302000" LastModifiedDateTime="2019-12-23 17:31:53.863" IsDefaultBillAddress="0" CustomerAddressID="39" />
		<row AddressID="20" CustomerID="30" RevisionID="3" AddressLine1="123 Test Street" AddressLine2="Suite A" City="Mount Prosepect" State="ILLINOIS" CountryID="US" PostalCode="60056" IsValidated="0" PseudonymizationStatus="0" NoteID="11ed1c66-dc25-ea11-a6f0-9cb6d0c82c0c" CreatedByID="b5344897-037e-4d58-b5c3-1bdfd0f47bf9" CreatedByScreenID="SO302000" CreatedDateTime="2019-12-23 17:31:53.863" LastModifiedByID="b5344897-037e-4d58-b5c3-1bdfd0f47bf9" LastModifiedByScreenID="SO302000" LastModifiedDateTime="2019-12-23 17:31:53.863" IsDefaultBillAddress="0" CustomerAddressID="39" />
		<row AddressID="21" CustomerID="30" RevisionID="3" AddressLine1="1727 Bonita Avenue" AddressLine2="Suite 900" City="Mount Prospect" State="ILLINOIS" CountryID="US" PostalCode="60056" IsValidated="0" PseudonymizationStatus="0" NoteID="a4336674-dc25-ea11-a6f0-9cb6d0c82c0c" CreatedByID="b5344897-037e-4d58-b5c3-1bdfd0f47bf9" CreatedByScreenID="SO302000" CreatedDateTime="2019-12-23 17:32:17.737" LastModifiedByID="b5344897-037e-4d58-b5c3-1bdfd0f47bf9" LastModifiedByScreenID="SO302000" LastModifiedDateTime="2019-12-23 17:32:17.737" IsDefaultBillAddress="0" CustomerAddressID="39" />
		<row AddressID="22" CustomerID="30" RevisionID="3" AddressLine1="123 Test Street" AddressLine2="Suite A" City="Mount Prosepect" State="ILLINOIS" CountryID="US" PostalCode="60056" IsValidated="0" PseudonymizationStatus="0" NoteID="a6336674-dc25-ea11-a6f0-9cb6d0c82c0c" CreatedByID="b5344897-037e-4d58-b5c3-1bdfd0f47bf9" CreatedByScreenID="SO302000" CreatedDateTime="2019-12-23 17:32:17.74" LastModifiedByID="b5344897-037e-4d58-b5c3-1bdfd0f47bf9" LastModifiedByScreenID="SO302000" LastModifiedDateTime="2019-12-23 17:32:17.74" IsDefaultBillAddress="0" CustomerAddressID="39" />
		<row AddressID="23" CustomerID="30" RevisionID="3" AddressLine1="1727 Bonita Avenue" AddressLine2="Suite 900" City="Mount Prospect" State="ILLINOIS" CountryID="US" PostalCode="60056" IsValidated="0" PseudonymizationStatus="0" NoteID="e94e85f6-dc25-ea11-a6f0-9cb6d0c82c0c" CreatedByID="b5344897-037e-4d58-b5c3-1bdfd0f47bf9" CreatedByScreenID="SO302000" CreatedDateTime="2019-12-23 17:35:56.017" LastModifiedByID="b5344897-037e-4d58-b5c3-1bdfd0f47bf9" LastModifiedByScreenID="SO302000" LastModifiedDateTime="2019-12-23 17:35:56.017" IsDefaultBillAddress="0" CustomerAddressID="39" />
		<row AddressID="24" CustomerID="30" RevisionID="3" AddressLine1="123 Test Street" AddressLine2="Suite A" City="Mount Prosepect" State="ILLINOIS" CountryID="US" PostalCode="60056" IsValidated="0" PseudonymizationStatus="0" NoteID="eb4e85f6-dc25-ea11-a6f0-9cb6d0c82c0c" CreatedByID="b5344897-037e-4d58-b5c3-1bdfd0f47bf9" CreatedByScreenID="SO302000" CreatedDateTime="2019-12-23 17:35:56.02" LastModifiedByID="b5344897-037e-4d58-b5c3-1bdfd0f47bf9" LastModifiedByScreenID="SO302000" LastModifiedDateTime="2019-12-23 17:35:56.02" IsDefaultBillAddress="0" CustomerAddressID="39" />
		<row AddressID="25" CustomerID="30" RevisionID="3" AddressLine1="1727 Bonita Avenue" AddressLine2="Suite 900" City="Mount Prospect" State="ILLINOIS" CountryID="US" PostalCode="60056" IsValidated="0" PseudonymizationStatus="0" NoteID="af2a6108-de25-ea11-a6f0-9cb6d0c82c0c" CreatedByID="b5344897-037e-4d58-b5c3-1bdfd0f47bf9" CreatedByScreenID="SO302000" CreatedDateTime="2019-12-23 17:43:35.487" LastModifiedByID="b5344897-037e-4d58-b5c3-1bdfd0f47bf9" LastModifiedByScreenID="SO302000" LastModifiedDateTime="2019-12-23 17:43:35.487" IsDefaultBillAddress="0" CustomerAddressID="39" />
		<row AddressID="26" CustomerID="30" RevisionID="3" AddressLine1="123 Test Street" AddressLine2="Suite A" City="Mount Prosepect" State="ILLINOIS" CountryID="US" PostalCode="60056" IsValidated="0" PseudonymizationStatus="0" NoteID="b12a6108-de25-ea11-a6f0-9cb6d0c82c0c" CreatedByID="b5344897-037e-4d58-b5c3-1bdfd0f47bf9" CreatedByScreenID="SO302000" CreatedDateTime="2019-12-23 17:43:35.49" LastModifiedByID="b5344897-037e-4d58-b5c3-1bdfd0f47bf9" LastModifiedByScreenID="SO302000" LastModifiedDateTime="2019-12-23 17:43:35.49" IsDefaultBillAddress="0" CustomerAddressID="39" />
		<row AddressID="27" CustomerID="30" RevisionID="3" AddressLine1="1727 Bonita Avenue" AddressLine2="Suite 900" City="Mount Prospect" State="ILLINOIS" CountryID="US" PostalCode="60056" IsValidated="0" PseudonymizationStatus="0" NoteID="253ef013-de25-ea11-a6f0-9cb6d0c82c0c" CreatedByID="b5344897-037e-4d58-b5c3-1bdfd0f47bf9" CreatedByScreenID="SO302000" CreatedDateTime="2019-12-23 17:44:04.333" LastModifiedByID="b5344897-037e-4d58-b5c3-1bdfd0f47bf9" LastModifiedByScreenID="SO302000" LastModifiedDateTime="2019-12-23 17:44:04.333" IsDefaultBillAddress="0" CustomerAddressID="39" />
		<row AddressID="28" CustomerID="30" RevisionID="3" AddressLine1="123 Test Street" AddressLine2="Suite A" City="Mount Prosepect" State="ILLINOIS" CountryID="US" PostalCode="60056" IsValidated="0" PseudonymizationStatus="0" NoteID="273ef013-de25-ea11-a6f0-9cb6d0c82c0c" CreatedByID="b5344897-037e-4d58-b5c3-1bdfd0f47bf9" CreatedByScreenID="SO302000" CreatedDateTime="2019-12-23 17:44:04.333" LastModifiedByID="b5344897-037e-4d58-b5c3-1bdfd0f47bf9" LastModifiedByScreenID="SO302000" LastModifiedDateTime="2019-12-23 17:44:04.333" IsDefaultBillAddress="0" CustomerAddressID="39" />
		<row AddressID="29" CustomerID="30" RevisionID="3" AddressLine1="1727 Bonita Avenue" AddressLine2="Suite 900" City="Mount Prospect" State="ILLINOIS" CountryID="US" PostalCode="60056" IsValidated="0" PseudonymizationStatus="0" NoteID="29163896-de25-ea11-a6f0-9cb6d0c82c0c" CreatedByID="b5344897-037e-4d58-b5c3-1bdfd0f47bf9" CreatedByScreenID="SO302000" CreatedDateTime="2019-12-23 17:47:33.623" LastModifiedByID="b5344897-037e-4d58-b5c3-1bdfd0f47bf9" LastModifiedByScreenID="SO302000" LastModifiedDateTime="2019-12-23 17:47:33.623" IsDefaultBillAddress="0" CustomerAddressID="39" />
		<row AddressID="30" CustomerID="30" RevisionID="3" AddressLine1="123 Test Street" AddressLine2="Suite A" City="Mount Prosepect" State="ILLINOIS" CountryID="US" PostalCode="60056" IsValidated="0" PseudonymizationStatus="0" NoteID="2b163896-de25-ea11-a6f0-9cb6d0c82c0c" CreatedByID="b5344897-037e-4d58-b5c3-1bdfd0f47bf9" CreatedByScreenID="SO302000" CreatedDateTime="2019-12-23 17:47:33.623" LastModifiedByID="b5344897-037e-4d58-b5c3-1bdfd0f47bf9" LastModifiedByScreenID="SO302000" LastModifiedDateTime="2019-12-23 17:47:33.623" IsDefaultBillAddress="0" CustomerAddressID="39" />
		<row AddressID="31" CustomerID="30" RevisionID="3" AddressLine1="1727 Bonita Avenue" AddressLine2="Suite 900" City="Mount Prospect" State="ILLINOIS" CountryID="US" PostalCode="60056" IsValidated="0" PseudonymizationStatus="0" NoteID="9bcab63d-0426-ea11-a6f0-9cb6d0c82c0c" CreatedByID="b5344897-037e-4d58-b5c3-1bdfd0f47bf9" CreatedByScreenID="SO302000" CreatedDateTime="2019-12-23 22:17:07.843" LastModifiedByID="b5344897-037e-4d58-b5c3-1bdfd0f47bf9" LastModifiedByScreenID="SO302000" LastModifiedDateTime="2019-12-23 22:17:07.843" IsDefaultBillAddress="0" CustomerAddressID="39" />
		<row AddressID="32" CustomerID="30" RevisionID="3" AddressLine1="123 Test Street" AddressLine2="Suite A" City="Mount Prosepect" State="ILLINOIS" CountryID="US" PostalCode="60056" IsValidated="0" PseudonymizationStatus="0" NoteID="9dcab63d-0426-ea11-a6f0-9cb6d0c82c0c" CreatedByID="b5344897-037e-4d58-b5c3-1bdfd0f47bf9" CreatedByScreenID="SO302000" CreatedDateTime="2019-12-23 22:17:07.853" LastModifiedByID="b5344897-037e-4d58-b5c3-1bdfd0f47bf9" LastModifiedByScreenID="SO302000" LastModifiedDateTime="2019-12-23 22:17:07.853" IsDefaultBillAddress="0" CustomerAddressID="39" />
		<row AddressID="33" CustomerID="30" RevisionID="3" AddressLine1="1727 Bonita Avenue" AddressLine2="Suite 900" City="Mount Prospect" State="ILLINOIS" CountryID="US" PostalCode="60056" IsValidated="0" PseudonymizationStatus="0" NoteID="3211a0b2-0426-ea11-a6f0-9cb6d0c82c0c" CreatedByID="b5344897-037e-4d58-b5c3-1bdfd0f47bf9" CreatedByScreenID="SO302000" CreatedDateTime="2019-12-23 22:20:23.99" LastModifiedByID="b5344897-037e-4d58-b5c3-1bdfd0f47bf9" LastModifiedByScreenID="SO302000" LastModifiedDateTime="2019-12-23 22:20:23.99" IsDefaultBillAddress="0" CustomerAddressID="39" />
		<row AddressID="34" CustomerID="30" RevisionID="3" AddressLine1="123 Test Street" AddressLine2="Suite A" City="Mount Prosepect" State="ILLINOIS" CountryID="US" PostalCode="60056" IsValidated="0" PseudonymizationStatus="0" NoteID="3411a0b2-0426-ea11-a6f0-9cb6d0c82c0c" CreatedByID="b5344897-037e-4d58-b5c3-1bdfd0f47bf9" CreatedByScreenID="SO302000" CreatedDateTime="2019-12-23 22:20:23.997" LastModifiedByID="b5344897-037e-4d58-b5c3-1bdfd0f47bf9" LastModifiedByScreenID="SO302000" LastModifiedDateTime="2019-12-23 22:20:23.997" IsDefaultBillAddress="0" CustomerAddressID="39" />
		<row AddressID="35" CustomerID="30" RevisionID="3" AddressLine1="1727 Bonita Avenue" AddressLine2="Suite 900" City="Mount Prospect" State="ILLINOIS" CountryID="US" PostalCode="60056" IsValidated="0" PseudonymizationStatus="0" NoteID="058cf26f-0526-ea11-a6f0-9cb6d0c82c0c" CreatedByID="b5344897-037e-4d58-b5c3-1bdfd0f47bf9" CreatedByScreenID="SO302000" CreatedDateTime="2019-12-23 22:25:42.067" LastModifiedByID="b5344897-037e-4d58-b5c3-1bdfd0f47bf9" LastModifiedByScreenID="SO302000" LastModifiedDateTime="2019-12-23 22:25:42.067" IsDefaultBillAddress="0" CustomerAddressID="39" />
		<row AddressID="36" CustomerID="30" RevisionID="3" AddressLine1="123 Test Street" AddressLine2="Suite A" City="Mount Prosepect" State="ILLINOIS" CountryID="US" PostalCode="60056" IsValidated="0" PseudonymizationStatus="0" NoteID="078cf26f-0526-ea11-a6f0-9cb6d0c82c0c" CreatedByID="b5344897-037e-4d58-b5c3-1bdfd0f47bf9" CreatedByScreenID="SO302000" CreatedDateTime="2019-12-23 22:25:42.077" LastModifiedByID="b5344897-037e-4d58-b5c3-1bdfd0f47bf9" LastModifiedByScreenID="SO302000" LastModifiedDateTime="2019-12-23 22:25:42.077" IsDefaultBillAddress="0" CustomerAddressID="39" />
		<row AddressID="37" CustomerID="30" RevisionID="3" AddressLine1="1727 Bonita Avenue" AddressLine2="Suite 900" City="Mount Prospect" State="ILLINOIS" CountryID="US" PostalCode="60056" IsValidated="0" PseudonymizationStatus="0" NoteID="37586a8f-0526-ea11-a6f0-9cb6d0c82c0c" CreatedByID="b5344897-037e-4d58-b5c3-1bdfd0f47bf9" CreatedByScreenID="SO302000" CreatedDateTime="2019-12-23 22:26:34.137" LastModifiedByID="b5344897-037e-4d58-b5c3-1bdfd0f47bf9" LastModifiedByScreenID="SO302000" LastModifiedDateTime="2019-12-23 22:26:34.137" IsDefaultBillAddress="0" CustomerAddressID="39" />
		<row AddressID="38" CustomerID="30" RevisionID="3" AddressLine1="123 Test Street" AddressLine2="Suite A" City="Mount Prosepect" State="ILLINOIS" CountryID="US" PostalCode="60056" IsValidated="0" PseudonymizationStatus="0" NoteID="39586a8f-0526-ea11-a6f0-9cb6d0c82c0c" CreatedByID="b5344897-037e-4d58-b5c3-1bdfd0f47bf9" CreatedByScreenID="SO302000" CreatedDateTime="2019-12-23 22:26:34.143" LastModifiedByID="b5344897-037e-4d58-b5c3-1bdfd0f47bf9" LastModifiedByScreenID="SO302000" LastModifiedDateTime="2019-12-23 22:26:34.143" IsDefaultBillAddress="0" CustomerAddressID="39" />
		<row AddressID="39" CustomerID="30" RevisionID="3" AddressLine1="1727 Bonita Avenue" AddressLine2="Suite 900" City="Mount Prospect" State="ILLINOIS" CountryID="US" PostalCode="60056" IsValidated="0" PseudonymizationStatus="0" NoteID="67fae546-0726-ea11-a6f0-9cb6d0c82c0c" CreatedByID="b5344897-037e-4d58-b5c3-1bdfd0f47bf9" CreatedByScreenID="SO302000" CreatedDateTime="2019-12-23 22:38:52.727" LastModifiedByID="b5344897-037e-4d58-b5c3-1bdfd0f47bf9" LastModifiedByScreenID="SO302000" LastModifiedDateTime="2019-12-23 22:38:52.727" IsDefaultBillAddress="0" CustomerAddressID="39" />
		<row AddressID="40" CustomerID="30" RevisionID="3" AddressLine1="123 Test Street" AddressLine2="Suite A" City="Mount Prosepect" State="ILLINOIS" CountryID="US" PostalCode="60056" IsValidated="0" PseudonymizationStatus="0" NoteID="69fae546-0726-ea11-a6f0-9cb6d0c82c0c" CreatedByID="b5344897-037e-4d58-b5c3-1bdfd0f47bf9" CreatedByScreenID="SO302000" CreatedDateTime="2019-12-23 22:38:52.74" LastModifiedByID="b5344897-037e-4d58-b5c3-1bdfd0f47bf9" LastModifiedByScreenID="SO302000" LastModifiedDateTime="2019-12-23 22:38:52.74" IsDefaultBillAddress="0" CustomerAddressID="39" />
		<row AddressID="41" CustomerID="30" RevisionID="3" AddressLine1="1727 Bonita Avenue" AddressLine2="Suite 900" City="Mount Prospect" State="ILLINOIS" CountryID="US" PostalCode="60056" IsValidated="0" PseudonymizationStatus="0" NoteID="bf56af0e-0826-ea11-a6f0-9cb6d0c82c0c" CreatedByID="b5344897-037e-4d58-b5c3-1bdfd0f47bf9" CreatedByScreenID="SO302000" CreatedDateTime="2019-12-23 22:44:26.703" LastModifiedByID="b5344897-037e-4d58-b5c3-1bdfd0f47bf9" LastModifiedByScreenID="SO302000" LastModifiedDateTime="2019-12-23 22:44:26.703" IsDefaultBillAddress="0" CustomerAddressID="39" />
		<row AddressID="42" CustomerID="30" RevisionID="3" AddressLine1="123 Test Street" AddressLine2="Suite A" City="Mount Prosepect" State="ILLINOIS" CountryID="US" PostalCode="60056" IsValidated="0" PseudonymizationStatus="0" NoteID="c156af0e-0826-ea11-a6f0-9cb6d0c82c0c" CreatedByID="b5344897-037e-4d58-b5c3-1bdfd0f47bf9" CreatedByScreenID="SO302000" CreatedDateTime="2019-12-23 22:44:26.713" LastModifiedByID="b5344897-037e-4d58-b5c3-1bdfd0f47bf9" LastModifiedByScreenID="SO302000" LastModifiedDateTime="2019-12-23 22:44:26.713" IsDefaultBillAddress="0" CustomerAddressID="39" />
		<row AddressID="43" CustomerID="30" RevisionID="3" AddressLine1="1727 Bonita Avenue" AddressLine2="Suite 900" City="Mount Prospect" State="ILLINOIS" CountryID="US" PostalCode="60056" IsValidated="0" PseudonymizationStatus="0" NoteID="9177eb17-0926-ea11-a6f0-9cb6d0c82c0c" CreatedByID="b5344897-037e-4d58-b5c3-1bdfd0f47bf9" CreatedByScreenID="SO302000" CreatedDateTime="2019-12-23 22:51:51.943" LastModifiedByID="b5344897-037e-4d58-b5c3-1bdfd0f47bf9" LastModifiedByScreenID="SO302000" LastModifiedDateTime="2019-12-23 22:51:51.943" IsDefaultBillAddress="0" CustomerAddressID="39" />
		<row AddressID="44" CustomerID="30" RevisionID="3" AddressLine1="123 Test Street" AddressLine2="Suite A" City="Mount Prosepect" State="ILLINOIS" CountryID="US" PostalCode="60056" IsValidated="0" PseudonymizationStatus="0" NoteID="9377eb17-0926-ea11-a6f0-9cb6d0c82c0c" CreatedByID="b5344897-037e-4d58-b5c3-1bdfd0f47bf9" CreatedByScreenID="SO302000" CreatedDateTime="2019-12-23 22:51:51.957" LastModifiedByID="b5344897-037e-4d58-b5c3-1bdfd0f47bf9" LastModifiedByScreenID="SO302000" LastModifiedDateTime="2019-12-23 22:51:51.957" IsDefaultBillAddress="0" CustomerAddressID="39" />
		<row AddressID="45" CustomerID="30" RevisionID="3" AddressLine1="1727 Bonita Avenue" AddressLine2="Suite 900" City="Mount Prospect" State="ILLINOIS" CountryID="US" PostalCode="60056" IsValidated="0" PseudonymizationStatus="0" NoteID="c13b9949-0926-ea11-a6f0-9cb6d0c82c0c" CreatedByID="b5344897-037e-4d58-b5c3-1bdfd0f47bf9" CreatedByScreenID="SO302000" CreatedDateTime="2019-12-23 22:53:15.427" LastModifiedByID="b5344897-037e-4d58-b5c3-1bdfd0f47bf9" LastModifiedByScreenID="SO302000" LastModifiedDateTime="2019-12-23 22:53:15.427" IsDefaultBillAddress="0" CustomerAddressID="39" />
		<row AddressID="46" CustomerID="30" RevisionID="3" AddressLine1="123 Test Street" AddressLine2="Suite A" City="Mount Prosepect" State="ILLINOIS" CountryID="US" PostalCode="60056" IsValidated="0" PseudonymizationStatus="0" NoteID="c33b9949-0926-ea11-a6f0-9cb6d0c82c0c" CreatedByID="b5344897-037e-4d58-b5c3-1bdfd0f47bf9" CreatedByScreenID="SO302000" CreatedDateTime="2019-12-23 22:53:15.433" LastModifiedByID="b5344897-037e-4d58-b5c3-1bdfd0f47bf9" LastModifiedByScreenID="SO302000" LastModifiedDateTime="2019-12-23 22:53:15.433" IsDefaultBillAddress="0" CustomerAddressID="39" />
		<row AddressID="47" CustomerID="30" RevisionID="3" AddressLine1="1727 Bonita Avenue" AddressLine2="Suite 900" City="Mount Prospect" State="ILLINOIS" CountryID="US" PostalCode="60056" IsValidated="0" PseudonymizationStatus="0" NoteID="c8e6ecdc-0a26-ea11-a6f0-9cb6d0c82c0c" CreatedByID="b5344897-037e-4d58-b5c3-1bdfd0f47bf9" CreatedByScreenID="SO302000" CreatedDateTime="2019-12-23 23:04:32.083" LastModifiedByID="b5344897-037e-4d58-b5c3-1bdfd0f47bf9" LastModifiedByScreenID="SO302000" LastModifiedDateTime="2019-12-23 23:04:32.083" IsDefaultBillAddress="0" CustomerAddressID="39" />
		<row AddressID="48" CustomerID="30" RevisionID="3" AddressLine1="123 Test Street" AddressLine2="Suite A" City="Mount Prosepect" State="ILLINOIS" CountryID="US" PostalCode="60056" IsValidated="0" PseudonymizationStatus="0" NoteID="cae6ecdc-0a26-ea11-a6f0-9cb6d0c82c0c" CreatedByID="b5344897-037e-4d58-b5c3-1bdfd0f47bf9" CreatedByScreenID="SO302000" CreatedDateTime="2019-12-23 23:04:32.093" LastModifiedByID="b5344897-037e-4d58-b5c3-1bdfd0f47bf9" LastModifiedByScreenID="SO302000" LastModifiedDateTime="2019-12-23 23:04:32.093" IsDefaultBillAddress="0" CustomerAddressID="39" />
	</rows>
</data>