﻿<?xml version="1.0" encoding="utf-8"?>
<data>
	<table name="ARAdjust">
		<col name="CompanyID" type="Int" default="Zero" />
		<col name="CustomerID" type="Int" />
		<col name="AdjdCustomerID" type="Int" />
		<col name="AdjdBranchID" type="Int" />
		<col name="AdjdDocType" type="Char(3)" />
		<col name="AdjdRefNbr" type="NVarChar(15)" />
		<col name="AdjgBranchID" type="Int" />
		<col name="AdjgDocType" type="Char(3)" />
		<col name="AdjgRefNbr" type="NVarChar(15)" />
		<col name="AdjNbr" type="Int" />
		<col name="AdjdOrderType" type="Char(2)" nullable="true" />
		<col name="AdjdOrderNbr" type="NVarChar(15)" nullable="true" />
		<col name="AdjBatchNbr" type="NVarChar(15)" nullable="true" />
		<col name="AdjdCuryInfoID" type="BigInt" />
		<col name="AdjgCuryInfoID" type="BigInt" />
		<col name="AdjgDocDate" type="SmallDateTime" />
		<col name="AdjdDocDate" type="SmallDateTime" />
		<col name="CuryAdjgAmt" type="Decimal(19,4)" nullable="true" />
		<col name="CuryAdjgDiscAmt" type="Decimal(19,4)" nullable="true" />
		<col name="CuryAdjgPPDAmt" type="Decimal(19,4)" nullable="true" />
		<col name="CuryAdjgWOAmt" type="Decimal(19,4)" default="Zero" />
		<col name="CuryAdjdAmt" type="Decimal(19,4)" nullable="true" />
		<col name="CuryAdjdOrigAmt" type="Decimal(19,4)" nullable="true" />
		<col name="CuryAdjdDiscAmt" type="Decimal(19,4)" nullable="true" />
		<col name="CuryAdjdPPDAmt" type="Decimal(19,4)" nullable="true" />
		<col name="CuryAdjdWOAmt" type="Decimal(19,4)" default="Zero" />
		<col name="AdjAmt" type="Decimal(19,4)" nullable="true" />
		<col name="AdjDiscAmt" type="Decimal(19,4)" nullable="true" />
		<col name="AdjPPDAmt" type="Decimal(19,4)" nullable="true" />
		<col name="AdjWOAmt" type="Decimal(19,4)" default="Zero" />
		<col name="WriteOffReasonCode" type="NVarChar(20)" nullable="true" />
		<col name="RGOLAmt" type="Decimal(19,4)" nullable="true" />
		<col name="Released" type="Bit" />
		<col name="Hold" type="Bit" default="Zero" />
		<col name="AdjdARAcct" type="Int" />
		<col name="AdjdARSub" type="Int" />
		<col name="StatementDate" type="SmallDateTime" nullable="true" />
		<col name="tstamp" type="Timestamp" />
		<col name="CreatedByID" type="UniqueIdentifier" />
		<col name="CreatedByScreenID" type="Char(8)" />
		<col name="CreatedDateTime" type="DateTime" />
		<col name="LastModifiedByID" type="UniqueIdentifier" />
		<col name="LastModifiedByScreenID" type="Char(8)" />
		<col name="LastModifiedDateTime" type="DateTime" />
		<col name="AdjdOrigCuryInfoID" type="BigInt" />
		<col name="AdjgFinPeriodID" type="Char(6)" />
		<col name="AdjdFinPeriodID" type="Char(6)" />
		<col name="AdjgTranPeriodID" type="Char(6)" />
		<col name="AdjdTranPeriodID" type="Char(6)" />
		<col name="Voided" type="Bit" />
		<col name="VoidAdjNbr" type="Int" nullable="true" />
		<col name="PPDCrMemoRefNbr" type="NVarChar(15)" nullable="true" />
		<col name="PendingPPD" type="Bit" default="Zero" />
		<col name="AdjdHasPPDTaxes" type="Bit" default="Zero" />
		<col name="TaxInvoiceNbr" type="NVarChar(15)" nullable="true" />
		<col name="IsMigratedRecord" type="Bit" default="Zero" />
		<col name="IsInitialApplication" type="Bit" default="Zero" />
		<col name="NoteID" type="UniqueIdentifier" nullable="true" />
	</table>
	<rows>
		<row CustomerID="21" AdjdCustomerID="21" AdjdBranchID="1" AdjdDocType="INV" AdjdRefNbr="000002" AdjgBranchID="1" AdjgDocType="CRM" AdjgRefNbr="000007" AdjNbr="1" AdjdCuryInfoID="20233" AdjgCuryInfoID="20231" AdjgDocDate="2014-03-01 00:00:00" AdjdDocDate="2014-02-01 00:00:00" CuryAdjgAmt="80.0000" CuryAdjgDiscAmt="0.0000" CuryAdjgPPDAmt="0.0000" CuryAdjgWOAmt="0.0000" CuryAdjdAmt="80.0000" CuryAdjdOrigAmt="0.0000" CuryAdjdDiscAmt="0.0000" CuryAdjdPPDAmt="0.0000" CuryAdjdWOAmt="0.0000" AdjAmt="80.0000" AdjDiscAmt="0.0000" AdjPPDAmt="0.0000" AdjWOAmt="0.0000" RGOLAmt="0.0000" Released="1" Hold="0" AdjdARAcct="40" AdjdARSub="1" CreatedByID="b5344897-037e-4d58-b5c3-1bdfd0f47bf9" CreatedByScreenID="AR301000" CreatedDateTime="2014-11-18 12:14:36.293" LastModifiedByID="b5344897-037e-4d58-b5c3-1bdfd0f47bf9" LastModifiedByScreenID="AR302000" LastModifiedDateTime="2014-11-18 12:14:36.71" AdjdOrigCuryInfoID="20202" AdjgFinPeriodID="201403" AdjdFinPeriodID="201402" AdjgTranPeriodID="201403" AdjdTranPeriodID="201402" Voided="0" PendingPPD="0" AdjdHasPPDTaxes="0" IsMigratedRecord="0" IsInitialApplication="0" NoteID="85cdbd37-036f-e411-8157-74d435e7799b" />
		<row CustomerID="18" AdjdCustomerID="18" AdjdBranchID="1" AdjdDocType="INV" AdjdRefNbr="000003" AdjgBranchID="1" AdjgDocType="PMT" AdjgRefNbr="000001" AdjNbr="3" AdjdCuryInfoID="20213" AdjgCuryInfoID="20209" AdjgDocDate="2014-03-03 00:00:00" AdjdDocDate="2014-02-01 00:00:00" CuryAdjgAmt="500.0000" CuryAdjgDiscAmt="0.0000" CuryAdjgPPDAmt="0.0000" CuryAdjgWOAmt="0.0000" CuryAdjdAmt="500.0000" CuryAdjdOrigAmt="0.0000" CuryAdjdDiscAmt="0.0000" CuryAdjdPPDAmt="0.0000" CuryAdjdWOAmt="0.0000" AdjAmt="500.0000" AdjDiscAmt="0.0000" AdjPPDAmt="0.0000" AdjWOAmt="0.0000" RGOLAmt="0.0000" Released="1" Hold="0" AdjdARAcct="40" AdjdARSub="1" CreatedByID="b5344897-037e-4d58-b5c3-1bdfd0f47bf9" CreatedByScreenID="AR302000" CreatedDateTime="2014-11-17 13:32:12.653" LastModifiedByID="b5344897-037e-4d58-b5c3-1bdfd0f47bf9" LastModifiedByScreenID="AR302000" LastModifiedDateTime="2014-11-17 13:32:13.013" AdjdOrigCuryInfoID="20203" AdjgFinPeriodID="201403" AdjdFinPeriodID="201402" AdjgTranPeriodID="201403" AdjdTranPeriodID="201402" Voided="0" PendingPPD="0" AdjdHasPPDTaxes="0" IsMigratedRecord="0" IsInitialApplication="0" NoteID="80a614e8-446e-e411-8043-74d435e7799b" />
		<row CustomerID="19" AdjdCustomerID="19" AdjdBranchID="1" AdjdDocType="INV" AdjdRefNbr="000001" AdjgBranchID="1" AdjgDocType="PMT" AdjgRefNbr="000002" AdjNbr="1" AdjBatchNbr="000002" AdjdCuryInfoID="20211" AdjgCuryInfoID="20210" AdjgDocDate="2014-02-28 00:00:00" AdjdDocDate="2014-02-01 00:00:00" CuryAdjgAmt="300.0000" CuryAdjgDiscAmt="0.0000" CuryAdjgPPDAmt="0.0000" CuryAdjgWOAmt="0.0000" CuryAdjdAmt="300.0000" CuryAdjdOrigAmt="0.0000" CuryAdjdDiscAmt="0.0000" CuryAdjdPPDAmt="0.0000" CuryAdjdWOAmt="0.0000" AdjAmt="300.0000" AdjDiscAmt="0.0000" AdjPPDAmt="0.0000" AdjWOAmt="0.0000" RGOLAmt="0.0000" Released="1" Hold="0" AdjdARAcct="40" AdjdARSub="1" CreatedByID="b5344897-037e-4d58-b5c3-1bdfd0f47bf9" CreatedByScreenID="AR301000" CreatedDateTime="2014-11-17 13:28:35.187" LastModifiedByID="b5344897-037e-4d58-b5c3-1bdfd0f47bf9" LastModifiedByScreenID="AR501000" LastModifiedDateTime="2014-11-17 13:29:18.453" AdjdOrigCuryInfoID="20201" AdjgFinPeriodID="201402" AdjdFinPeriodID="201402" AdjgTranPeriodID="201402" AdjdTranPeriodID="201402" Voided="0" PendingPPD="0" AdjdHasPPDTaxes="0" IsMigratedRecord="0" IsInitialApplication="0" NoteID="6f33e85e-446e-e411-8043-74d435e7799b" />
		<row CustomerID="20" AdjdCustomerID="20" AdjdBranchID="1" AdjdDocType="SMC" AdjdRefNbr="000011" AdjgBranchID="1" AdjgDocType="PMT" AdjgRefNbr="000003" AdjNbr="-1" AdjBatchNbr="000016" AdjdCuryInfoID="20246" AdjgCuryInfoID="20216" AdjgDocDate="2014-03-31 00:00:00" AdjdDocDate="2014-03-31 00:00:00" CuryAdjgAmt="5.0000" CuryAdjgDiscAmt="0.0000" CuryAdjgPPDAmt="0.0000" CuryAdjgWOAmt="0.0000" CuryAdjdAmt="5.0000" CuryAdjdOrigAmt="0.0000" CuryAdjdDiscAmt="0.0000" CuryAdjdPPDAmt="0.0000" CuryAdjdWOAmt="0.0000" AdjAmt="5.0000" AdjDiscAmt="0.0000" AdjPPDAmt="0.0000" AdjWOAmt="0.0000" WriteOffReasonCode="BALANCEWO" RGOLAmt="0.0000" Released="1" Hold="0" AdjdARAcct="40" AdjdARSub="1" CreatedByID="b5344897-037e-4d58-b5c3-1bdfd0f47bf9" CreatedByScreenID="AR505000" CreatedDateTime="2014-11-19 16:05:14.15" LastModifiedByID="b5344897-037e-4d58-b5c3-1bdfd0f47bf9" LastModifiedByScreenID="AR505000" LastModifiedDateTime="2014-11-19 16:05:15.38" AdjdOrigCuryInfoID="20246" AdjgFinPeriodID="201403" AdjdFinPeriodID="201403" AdjgTranPeriodID="201403" AdjdTranPeriodID="201403" Voided="0" PendingPPD="0" AdjdHasPPDTaxes="0" IsMigratedRecord="0" IsInitialApplication="0" NoteID="fa5aa6b2-ec6f-e411-99d2-74d435e7799b" />
		<row CustomerID="20" AdjdCustomerID="20" AdjdBranchID="1" AdjdDocType="INV" AdjdRefNbr="000004" AdjgBranchID="1" AdjgDocType="PMT" AdjgRefNbr="000003" AdjNbr="2" AdjBatchNbr="000005" AdjdCuryInfoID="20217" AdjgCuryInfoID="20216" AdjgDocDate="2014-03-04 00:00:00" AdjdDocDate="2014-02-25 00:00:00" CuryAdjgAmt="485.0000" CuryAdjgDiscAmt="15.0000" CuryAdjgPPDAmt="15.0000" CuryAdjgWOAmt="0.0000" CuryAdjdAmt="485.0000" CuryAdjdOrigAmt="0.0000" CuryAdjdDiscAmt="15.0000" CuryAdjdPPDAmt="15.0000" CuryAdjdWOAmt="0.0000" AdjAmt="485.0000" AdjDiscAmt="15.0000" AdjPPDAmt="15.0000" AdjWOAmt="0.0000" RGOLAmt="0.0000" Released="1" Hold="0" AdjdARAcct="40" AdjdARSub="1" CreatedByID="b5344897-037e-4d58-b5c3-1bdfd0f47bf9" CreatedByScreenID="AR302000" CreatedDateTime="2014-11-18 10:41:07.563" LastModifiedByID="b5344897-037e-4d58-b5c3-1bdfd0f47bf9" LastModifiedByScreenID="AR302000" LastModifiedDateTime="2014-11-18 10:41:09.143" AdjdOrigCuryInfoID="20204" AdjgFinPeriodID="201403" AdjdFinPeriodID="201402" AdjgTranPeriodID="201403" AdjdTranPeriodID="201402" Voided="0" PendingPPD="0" AdjdHasPPDTaxes="0" IsMigratedRecord="0" IsInitialApplication="0" NoteID="b9a12ae8-f56e-e411-8157-74d435e7799b" />
		<row CustomerID="18" AdjdCustomerID="18" AdjdBranchID="1" AdjdDocType="DRM" AdjdRefNbr="000006" AdjgBranchID="1" AdjgDocType="PMT" AdjgRefNbr="000005" AdjNbr="1" AdjBatchNbr="000010" AdjdCuryInfoID="20228" AdjgCuryInfoID="20227" AdjgDocDate="2014-03-20 00:00:00" AdjdDocDate="2014-03-01 00:00:00" CuryAdjgAmt="70.0000" CuryAdjgDiscAmt="0.0000" CuryAdjgPPDAmt="0.0000" CuryAdjgWOAmt="0.0000" CuryAdjdAmt="70.0000" CuryAdjdOrigAmt="0.0000" CuryAdjdDiscAmt="0.0000" CuryAdjdPPDAmt="0.0000" CuryAdjdWOAmt="0.0000" AdjAmt="70.0000" AdjDiscAmt="0.0000" AdjPPDAmt="0.0000" AdjWOAmt="0.0000" RGOLAmt="0.0000" Released="1" Hold="0" AdjdARAcct="40" AdjdARSub="1" CreatedByID="b5344897-037e-4d58-b5c3-1bdfd0f47bf9" CreatedByScreenID="AR301000" CreatedDateTime="2014-11-18 12:03:07.497" LastModifiedByID="b5344897-037e-4d58-b5c3-1bdfd0f47bf9" LastModifiedByScreenID="AR302000" LastModifiedDateTime="2014-11-18 12:03:08.057" AdjdOrigCuryInfoID="20225" AdjgFinPeriodID="201403" AdjdFinPeriodID="201403" AdjgTranPeriodID="201403" AdjdTranPeriodID="201403" Voided="0" PendingPPD="0" AdjdHasPPDTaxes="0" IsMigratedRecord="0" IsInitialApplication="0" NoteID="41168e57-016f-e411-8157-74d435e7799b" />
		<row CustomerID="18" AdjdCustomerID="18" AdjdBranchID="1" AdjdDocType="INV" AdjdRefNbr="000003" AdjgBranchID="1" AdjgDocType="PMT" AdjgRefNbr="000005" AdjNbr="1" AdjBatchNbr="000010" AdjdCuryInfoID="20229" AdjgCuryInfoID="20227" AdjgDocDate="2014-03-20 00:00:00" AdjdDocDate="2014-02-01 00:00:00" CuryAdjgAmt="500.0000" CuryAdjgDiscAmt="0.0000" CuryAdjgPPDAmt="0.0000" CuryAdjgWOAmt="0.0000" CuryAdjdAmt="500.0000" CuryAdjdOrigAmt="0.0000" CuryAdjdDiscAmt="0.0000" CuryAdjdPPDAmt="0.0000" CuryAdjdWOAmt="0.0000" AdjAmt="500.0000" AdjDiscAmt="0.0000" AdjPPDAmt="0.0000" AdjWOAmt="0.0000" RGOLAmt="0.0000" Released="1" Hold="0" AdjdARAcct="40" AdjdARSub="1" CreatedByID="b5344897-037e-4d58-b5c3-1bdfd0f47bf9" CreatedByScreenID="AR301000" CreatedDateTime="2014-11-18 12:03:07.5" LastModifiedByID="b5344897-037e-4d58-b5c3-1bdfd0f47bf9" LastModifiedByScreenID="AR302000" LastModifiedDateTime="2014-11-18 12:03:08.06" AdjdOrigCuryInfoID="20203" AdjgFinPeriodID="201403" AdjdFinPeriodID="201402" AdjgTranPeriodID="201403" AdjdTranPeriodID="201402" Voided="0" PendingPPD="0" AdjdHasPPDTaxes="0" IsMigratedRecord="0" IsInitialApplication="0" NoteID="14be7370-016f-e411-8157-74d435e7799b" />
		<row CustomerID="21" AdjdCustomerID="21" AdjdBranchID="1" AdjdDocType="FCH" AdjdRefNbr="000010" AdjgBranchID="1" AdjgDocType="PMT" AdjgRefNbr="000007" AdjNbr="1" AdjBatchNbr="000015" AdjdCuryInfoID="20244" AdjgCuryInfoID="20242" AdjgDocDate="2014-03-31 00:00:00" AdjdDocDate="2014-03-31 00:00:00" CuryAdjgAmt="10.0000" CuryAdjgDiscAmt="0.0000" CuryAdjgPPDAmt="0.0000" CuryAdjgWOAmt="0.0000" CuryAdjdAmt="10.0000" CuryAdjdOrigAmt="0.0000" CuryAdjdDiscAmt="0.0000" CuryAdjdPPDAmt="0.0000" CuryAdjdWOAmt="0.0000" AdjAmt="10.0000" AdjDiscAmt="0.0000" AdjPPDAmt="0.0000" AdjWOAmt="0.0000" RGOLAmt="0.0000" Released="1" Hold="0" AdjdARAcct="40" AdjdARSub="1" CreatedByID="b5344897-037e-4d58-b5c3-1bdfd0f47bf9" CreatedByScreenID="AR302000" CreatedDateTime="2014-11-18 16:55:55.517" LastModifiedByID="b5344897-037e-4d58-b5c3-1bdfd0f47bf9" LastModifiedByScreenID="AR302000" LastModifiedDateTime="2014-11-18 16:55:56.11" AdjdOrigCuryInfoID="20240" AdjgFinPeriodID="201403" AdjdFinPeriodID="201403" AdjgTranPeriodID="201403" AdjdTranPeriodID="201403" Voided="0" PendingPPD="0" AdjdHasPPDTaxes="0" IsMigratedRecord="0" IsInitialApplication="0" NoteID="385b7f70-2a6f-e411-8157-74d435e7799b" />
		<row CustomerID="21" AdjdCustomerID="21" AdjdBranchID="1" AdjdDocType="INV" AdjdRefNbr="000002" AdjgBranchID="1" AdjgDocType="PMT" AdjgRefNbr="000007" AdjNbr="1" AdjBatchNbr="000015" AdjdCuryInfoID="20243" AdjgCuryInfoID="20242" AdjgDocDate="2014-03-31 00:00:00" AdjdDocDate="2014-02-01 00:00:00" CuryAdjgAmt="720.0000" CuryAdjgDiscAmt="0.0000" CuryAdjgPPDAmt="0.0000" CuryAdjgWOAmt="0.0000" CuryAdjdAmt="720.0000" CuryAdjdOrigAmt="0.0000" CuryAdjdDiscAmt="0.0000" CuryAdjdPPDAmt="0.0000" CuryAdjdWOAmt="0.0000" AdjAmt="720.0000" AdjDiscAmt="0.0000" AdjPPDAmt="0.0000" AdjWOAmt="0.0000" RGOLAmt="0.0000" Released="1" Hold="0" AdjdARAcct="40" AdjdARSub="1" CreatedByID="b5344897-037e-4d58-b5c3-1bdfd0f47bf9" CreatedByScreenID="AR302000" CreatedDateTime="2014-11-18 16:55:55.51" LastModifiedByID="b5344897-037e-4d58-b5c3-1bdfd0f47bf9" LastModifiedByScreenID="AR302000" LastModifiedDateTime="2014-11-18 16:55:56.117" AdjdOrigCuryInfoID="20202" AdjgFinPeriodID="201403" AdjdFinPeriodID="201402" AdjgTranPeriodID="201403" AdjdTranPeriodID="201402" Voided="0" PendingPPD="0" AdjdHasPPDTaxes="0" IsMigratedRecord="0" IsInitialApplication="0" NoteID="375b7f70-2a6f-e411-8157-74d435e7799b" />
		<row CustomerID="18" AdjdCustomerID="18" AdjdBranchID="1" AdjdDocType="INV" AdjdRefNbr="000009" AdjgBranchID="1" AdjgDocType="PMT" AdjgRefNbr="000008" AdjNbr="1" AdjBatchNbr="000018" AdjdCuryInfoID="20254" AdjgCuryInfoID="20253" AdjgDocDate="2014-04-10 00:00:00" AdjdDocDate="2014-03-15 00:00:00" CuryAdjgAmt="59.9000" CuryAdjgDiscAmt="0.0000" CuryAdjgPPDAmt="0.0000" CuryAdjgWOAmt="0.1000" CuryAdjdAmt="59.9000" CuryAdjdOrigAmt="0.0000" CuryAdjdDiscAmt="0.0000" CuryAdjdPPDAmt="0.0000" CuryAdjdWOAmt="0.1000" AdjAmt="59.9000" AdjDiscAmt="0.0000" AdjPPDAmt="0.0000" AdjWOAmt="0.1000" WriteOffReasonCode="BALANCEWO" RGOLAmt="0.0000" Released="1" Hold="0" AdjdARAcct="40" AdjdARSub="1" CreatedByID="b5344897-037e-4d58-b5c3-1bdfd0f47bf9" CreatedByScreenID="AR302000" CreatedDateTime="2014-11-19 16:25:50.807" LastModifiedByID="b5344897-037e-4d58-b5c3-1bdfd0f47bf9" LastModifiedByScreenID="AR302000" LastModifiedDateTime="2014-11-19 16:25:51.497" AdjdOrigCuryInfoID="20238" AdjgFinPeriodID="201404" AdjdFinPeriodID="201403" AdjgTranPeriodID="201404" AdjdTranPeriodID="201403" Voided="0" PendingPPD="0" AdjdHasPPDTaxes="0" IsMigratedRecord="0" IsInitialApplication="0" NoteID="c88aec4b-ef6f-e411-99d2-74d435e7799b" />
		<row CustomerID="30" AdjdCustomerID="30" AdjdBranchID="1" AdjdDocType="INV" AdjdRefNbr="000013" AdjgBranchID="1" AdjgDocType="PMT" AdjgRefNbr="000011" AdjNbr="1" AdjdOrderType="SO" AdjdOrderNbr="000005" AdjdCuryInfoID="663985" AdjgCuryInfoID="663970" AdjgDocDate="2019-12-23 00:00:00" AdjdDocDate="2019-12-23 00:00:00" CuryAdjgAmt="379.3300" CuryAdjgDiscAmt="0.0000" CuryAdjgPPDAmt="0.0000" CuryAdjgWOAmt="0.0000" CuryAdjdAmt="379.3300" CuryAdjdOrigAmt="379.3300" CuryAdjdDiscAmt="0.0000" CuryAdjdPPDAmt="0.0000" CuryAdjdWOAmt="0.0000" AdjAmt="379.3300" AdjDiscAmt="0.0000" AdjPPDAmt="0.0000" AdjWOAmt="0.0000" WriteOffReasonCode="BALANCEWO" RGOLAmt="0.0000" Released="1" Hold="0" AdjdARAcct="40" AdjdARSub="1" CreatedByID="b5344897-037e-4d58-b5c3-1bdfd0f47bf9" CreatedByScreenID="SO302000" CreatedDateTime="2019-12-23 17:18:45.61" LastModifiedByID="b5344897-037e-4d58-b5c3-1bdfd0f47bf9" LastModifiedByScreenID="SO303000" LastModifiedDateTime="2019-12-23 17:18:51.363" AdjdOrigCuryInfoID="663985" AdjgFinPeriodID="201912" AdjdFinPeriodID="201912" AdjgTranPeriodID="201912" AdjdTranPeriodID="201912" Voided="0" PendingPPD="0" AdjdHasPPDTaxes="0" IsMigratedRecord="0" IsInitialApplication="0" NoteID="5205fb8f-da25-ea11-a6f0-9cb6d0c82c0c" />
		<row CustomerID="30" AdjdCustomerID="30" AdjdBranchID="1" AdjdDocType="INV" AdjdRefNbr="000014" AdjgBranchID="1" AdjgDocType="PMT" AdjgRefNbr="000014" AdjNbr="1" AdjdOrderType="SO" AdjdOrderNbr="000007" AdjdCuryInfoID="663988" AdjgCuryInfoID="663982" AdjgDocDate="2019-12-23 00:00:00" AdjdDocDate="2019-12-23 00:00:00" CuryAdjgAmt="401.3300" CuryAdjgDiscAmt="0.0000" CuryAdjgPPDAmt="0.0000" CuryAdjgWOAmt="0.0000" CuryAdjdAmt="401.3300" CuryAdjdOrigAmt="401.3300" CuryAdjdDiscAmt="0.0000" CuryAdjdPPDAmt="0.0000" CuryAdjdWOAmt="0.0000" AdjAmt="401.3300" AdjDiscAmt="0.0000" AdjPPDAmt="0.0000" AdjWOAmt="0.0000" WriteOffReasonCode="BALANCEWO" RGOLAmt="0.0000" Released="1" Hold="0" AdjdARAcct="40" AdjdARSub="1" CreatedByID="b5344897-037e-4d58-b5c3-1bdfd0f47bf9" CreatedByScreenID="SO302000" CreatedDateTime="2019-12-23 17:20:22.613" LastModifiedByID="b5344897-037e-4d58-b5c3-1bdfd0f47bf9" LastModifiedByScreenID="SO303000" LastModifiedDateTime="2019-12-23 17:20:28.19" AdjdOrigCuryInfoID="663988" AdjgFinPeriodID="201912" AdjdFinPeriodID="201912" AdjgTranPeriodID="201912" AdjdTranPeriodID="201912" Voided="0" PendingPPD="0" AdjdHasPPDTaxes="0" IsMigratedRecord="0" IsInitialApplication="0" NoteID="1bbd2aca-da25-ea11-a6f0-9cb6d0c82c0c" />
		<row CustomerID="30" AdjdCustomerID="30" AdjdBranchID="1" AdjdDocType="INV" AdjdRefNbr="000015" AdjgBranchID="1" AdjgDocType="PMT" AdjgRefNbr="000015" AdjNbr="1" AdjdOrderType="SO" AdjdOrderNbr="000008" AdjdCuryInfoID="663995" AdjgCuryInfoID="663991" AdjgDocDate="2019-12-23 00:00:00" AdjdDocDate="2019-12-23 00:00:00" CuryAdjgAmt="313.3300" CuryAdjgDiscAmt="0.0000" CuryAdjgPPDAmt="0.0000" CuryAdjgWOAmt="0.0000" CuryAdjdAmt="313.3300" CuryAdjdOrigAmt="313.3300" CuryAdjdDiscAmt="0.0000" CuryAdjdPPDAmt="0.0000" CuryAdjdWOAmt="0.0000" AdjAmt="313.3300" AdjDiscAmt="0.0000" AdjPPDAmt="0.0000" AdjWOAmt="0.0000" WriteOffReasonCode="BALANCEWO" RGOLAmt="0.0000" Released="1" Hold="0" AdjdARAcct="40" AdjdARSub="1" CreatedByID="b5344897-037e-4d58-b5c3-1bdfd0f47bf9" CreatedByScreenID="SO302000" CreatedDateTime="2019-12-23 17:26:02.237" LastModifiedByID="b5344897-037e-4d58-b5c3-1bdfd0f47bf9" LastModifiedByScreenID="SO303000" LastModifiedDateTime="2019-12-23 17:26:07.31" AdjdOrigCuryInfoID="663995" AdjgFinPeriodID="201912" AdjdFinPeriodID="201912" AdjgTranPeriodID="201912" AdjdTranPeriodID="201912" Voided="0" PendingPPD="0" AdjdHasPPDTaxes="0" IsMigratedRecord="0" IsInitialApplication="0" NoteID="88356e94-db25-ea11-a6f0-9cb6d0c82c0c" />
		<row CustomerID="30" AdjdCustomerID="30" AdjdBranchID="1" AdjdDocType="INV" AdjdRefNbr="000016" AdjgBranchID="1" AdjgDocType="PMT" AdjgRefNbr="000016" AdjNbr="1" AdjdOrderType="SO" AdjdOrderNbr="000009" AdjdCuryInfoID="664002" AdjgCuryInfoID="663998" AdjgDocDate="2019-12-23 00:00:00" AdjdDocDate="2019-12-23 00:00:00" CuryAdjgAmt="137.4500" CuryAdjgDiscAmt="0.0000" CuryAdjgPPDAmt="0.0000" CuryAdjgWOAmt="0.0000" CuryAdjdAmt="137.4500" CuryAdjdOrigAmt="390.3400" CuryAdjdDiscAmt="0.0000" CuryAdjdPPDAmt="0.0000" CuryAdjdWOAmt="0.0000" AdjAmt="137.4500" AdjDiscAmt="0.0000" AdjPPDAmt="0.0000" AdjWOAmt="0.0000" WriteOffReasonCode="BALANCEWO" RGOLAmt="0.0000" Released="1" Hold="0" AdjdARAcct="40" AdjdARSub="1" CreatedByID="b5344897-037e-4d58-b5c3-1bdfd0f47bf9" CreatedByScreenID="SO302000" CreatedDateTime="2019-12-23 17:31:53.86" LastModifiedByID="b5344897-037e-4d58-b5c3-1bdfd0f47bf9" LastModifiedByScreenID="SO303000" LastModifiedDateTime="2019-12-23 17:31:58.21" AdjdOrigCuryInfoID="664002" AdjgFinPeriodID="201912" AdjdFinPeriodID="201912" AdjgTranPeriodID="201912" AdjdTranPeriodID="201912" Voided="0" PendingPPD="0" AdjdHasPPDTaxes="0" IsMigratedRecord="0" IsInitialApplication="0" NoteID="17ed1c66-dc25-ea11-a6f0-9cb6d0c82c0c" />
		<row CustomerID="30" AdjdCustomerID="30" AdjdBranchID="1" AdjdDocType="INV" AdjdRefNbr="000017" AdjgBranchID="1" AdjgDocType="PMT" AdjgRefNbr="000016" AdjNbr="2" AdjdOrderType="SO" AdjdOrderNbr="000009" AdjdCuryInfoID="664005" AdjgCuryInfoID="663998" AdjgDocDate="2019-12-23 00:00:00" AdjdDocDate="2019-12-23 00:00:00" CuryAdjgAmt="252.8900" CuryAdjgDiscAmt="0.0000" CuryAdjgPPDAmt="0.0000" CuryAdjgWOAmt="0.0000" CuryAdjdAmt="252.8900" CuryAdjdOrigAmt="252.8900" CuryAdjdDiscAmt="0.0000" CuryAdjdPPDAmt="0.0000" CuryAdjdWOAmt="0.0000" AdjAmt="252.8900" AdjDiscAmt="0.0000" AdjPPDAmt="0.0000" AdjWOAmt="0.0000" WriteOffReasonCode="BALANCEWO" RGOLAmt="0.0000" Released="1" Hold="0" AdjdARAcct="40" AdjdARSub="1" CreatedByID="b5344897-037e-4d58-b5c3-1bdfd0f47bf9" CreatedByScreenID="SO302000" CreatedDateTime="2019-12-23 17:32:17.733" LastModifiedByID="b5344897-037e-4d58-b5c3-1bdfd0f47bf9" LastModifiedByScreenID="SO303000" LastModifiedDateTime="2019-12-23 17:32:22.777" AdjdOrigCuryInfoID="664005" AdjgFinPeriodID="201912" AdjdFinPeriodID="201912" AdjgTranPeriodID="201912" AdjdTranPeriodID="201912" Voided="0" PendingPPD="0" AdjdHasPPDTaxes="0" IsMigratedRecord="0" IsInitialApplication="0" NoteID="ac336674-dc25-ea11-a6f0-9cb6d0c82c0c" />
		<row CustomerID="30" AdjdCustomerID="30" AdjdBranchID="1" AdjdDocType="INV" AdjdRefNbr="000018" AdjgBranchID="1" AdjgDocType="PMT" AdjgRefNbr="000017" AdjNbr="1" AdjdOrderType="SO" AdjdOrderNbr="000010" AdjdCuryInfoID="664015" AdjgCuryInfoID="664008" AdjgDocDate="2019-12-23 00:00:00" AdjdDocDate="2019-12-23 00:00:00" CuryAdjgAmt="252.8800" CuryAdjgDiscAmt="0.0000" CuryAdjgPPDAmt="0.0000" CuryAdjgWOAmt="0.0000" CuryAdjdAmt="252.8800" CuryAdjdOrigAmt="252.8800" CuryAdjdDiscAmt="0.0000" CuryAdjdPPDAmt="0.0000" CuryAdjdWOAmt="0.0000" AdjAmt="252.8800" AdjDiscAmt="0.0000" AdjPPDAmt="0.0000" AdjWOAmt="0.0000" WriteOffReasonCode="BALANCEWO" RGOLAmt="0.0000" Released="1" Hold="0" AdjdARAcct="40" AdjdARSub="1" CreatedByID="b5344897-037e-4d58-b5c3-1bdfd0f47bf9" CreatedByScreenID="SO302000" CreatedDateTime="2019-12-23 17:35:56.013" LastModifiedByID="b5344897-037e-4d58-b5c3-1bdfd0f47bf9" LastModifiedByScreenID="SO303000" LastModifiedDateTime="2019-12-23 17:35:59.53" AdjdOrigCuryInfoID="664015" AdjgFinPeriodID="201912" AdjdFinPeriodID="201912" AdjgTranPeriodID="201912" AdjdTranPeriodID="201912" Voided="0" PendingPPD="0" AdjdHasPPDTaxes="0" IsMigratedRecord="0" IsInitialApplication="0" NoteID="f14e85f6-dc25-ea11-a6f0-9cb6d0c82c0c" />
		<row CustomerID="30" AdjdCustomerID="30" AdjdBranchID="1" AdjdDocType="INV" AdjdRefNbr="000019" AdjgBranchID="1" AdjgDocType="PMT" AdjgRefNbr="000019" AdjNbr="1" AdjdOrderType="SO" AdjdOrderNbr="000011" AdjdCuryInfoID="664026" AdjgCuryInfoID="664018" AdjgDocDate="2019-12-23 00:00:00" AdjdDocDate="2019-12-23 00:00:00" CuryAdjgAmt="148.4400" CuryAdjgDiscAmt="0.0000" CuryAdjgPPDAmt="0.0000" CuryAdjgWOAmt="0.0000" CuryAdjdAmt="148.4400" CuryAdjdOrigAmt="274.8800" CuryAdjdDiscAmt="0.0000" CuryAdjdPPDAmt="0.0000" CuryAdjdWOAmt="0.0000" AdjAmt="148.4400" AdjDiscAmt="0.0000" AdjPPDAmt="0.0000" AdjWOAmt="0.0000" WriteOffReasonCode="BALANCEWO" RGOLAmt="0.0000" Released="1" Hold="0" AdjdARAcct="40" AdjdARSub="1" CreatedByID="b5344897-037e-4d58-b5c3-1bdfd0f47bf9" CreatedByScreenID="SO302000" CreatedDateTime="2019-12-23 17:43:35.483" LastModifiedByID="b5344897-037e-4d58-b5c3-1bdfd0f47bf9" LastModifiedByScreenID="SO303000" LastModifiedDateTime="2019-12-23 17:43:39.283" AdjdOrigCuryInfoID="664026" AdjgFinPeriodID="201912" AdjdFinPeriodID="201912" AdjgTranPeriodID="201912" AdjdTranPeriodID="201912" Voided="0" PendingPPD="0" AdjdHasPPDTaxes="0" IsMigratedRecord="0" IsInitialApplication="0" NoteID="b72a6108-de25-ea11-a6f0-9cb6d0c82c0c" />
		<row CustomerID="30" AdjdCustomerID="30" AdjdBranchID="1" AdjdDocType="INV" AdjdRefNbr="000020" AdjgBranchID="1" AdjgDocType="PMT" AdjgRefNbr="000019" AdjNbr="2" AdjdOrderType="SO" AdjdOrderNbr="000011" AdjdCuryInfoID="664029" AdjgCuryInfoID="664018" AdjgDocDate="2019-12-23 00:00:00" AdjdDocDate="2019-12-23 00:00:00" CuryAdjgAmt="126.4400" CuryAdjgDiscAmt="0.0000" CuryAdjgPPDAmt="0.0000" CuryAdjgWOAmt="0.0000" CuryAdjdAmt="126.4400" CuryAdjdOrigAmt="126.4400" CuryAdjdDiscAmt="0.0000" CuryAdjdPPDAmt="0.0000" CuryAdjdWOAmt="0.0000" AdjAmt="126.4400" AdjDiscAmt="0.0000" AdjPPDAmt="0.0000" AdjWOAmt="0.0000" WriteOffReasonCode="BALANCEWO" RGOLAmt="0.0000" Released="1" Hold="0" AdjdARAcct="40" AdjdARSub="1" CreatedByID="b5344897-037e-4d58-b5c3-1bdfd0f47bf9" CreatedByScreenID="SO302000" CreatedDateTime="2019-12-23 17:44:04.33" LastModifiedByID="b5344897-037e-4d58-b5c3-1bdfd0f47bf9" LastModifiedByScreenID="SO303000" LastModifiedDateTime="2019-12-23 17:44:08.137" AdjdOrigCuryInfoID="664029" AdjgFinPeriodID="201912" AdjdFinPeriodID="201912" AdjgTranPeriodID="201912" AdjdTranPeriodID="201912" Voided="0" PendingPPD="0" AdjdHasPPDTaxes="0" IsMigratedRecord="0" IsInitialApplication="0" NoteID="2d3ef013-de25-ea11-a6f0-9cb6d0c82c0c" />
		<row CustomerID="30" AdjdCustomerID="30" AdjdBranchID="1" AdjdDocType="INV" AdjdRefNbr="000021" AdjgBranchID="1" AdjgDocType="PMT" AdjgRefNbr="000021" AdjNbr="1" AdjdOrderType="SO" AdjdOrderNbr="000012" AdjdCuryInfoID="664039" AdjgCuryInfoID="664032" AdjgDocDate="2019-12-23 00:00:00" AdjdDocDate="2019-12-23 00:00:00" CuryAdjgAmt="266.8800" CuryAdjgDiscAmt="0.0000" CuryAdjgPPDAmt="0.0000" CuryAdjgWOAmt="0.0000" CuryAdjdAmt="266.8800" CuryAdjdOrigAmt="266.8800" CuryAdjdDiscAmt="0.0000" CuryAdjdPPDAmt="0.0000" CuryAdjdWOAmt="0.0000" AdjAmt="266.8800" AdjDiscAmt="0.0000" AdjPPDAmt="0.0000" AdjWOAmt="0.0000" WriteOffReasonCode="BALANCEWO" RGOLAmt="0.0000" Released="1" Hold="0" AdjdARAcct="40" AdjdARSub="1" CreatedByID="b5344897-037e-4d58-b5c3-1bdfd0f47bf9" CreatedByScreenID="SO302000" CreatedDateTime="2019-12-23 17:47:33.62" LastModifiedByID="b5344897-037e-4d58-b5c3-1bdfd0f47bf9" LastModifiedByScreenID="SO303000" LastModifiedDateTime="2019-12-23 17:47:37.303" AdjdOrigCuryInfoID="664039" AdjgFinPeriodID="201912" AdjdFinPeriodID="201912" AdjgTranPeriodID="201912" AdjdTranPeriodID="201912" Voided="0" PendingPPD="0" AdjdHasPPDTaxes="0" IsMigratedRecord="0" IsInitialApplication="0" NoteID="31163896-de25-ea11-a6f0-9cb6d0c82c0c" />
		<row CustomerID="30" AdjdCustomerID="30" AdjdBranchID="1" AdjdDocType="INV" AdjdRefNbr="000023" AdjgBranchID="1" AdjgDocType="PMT" AdjgRefNbr="000023" AdjNbr="1" AdjdOrderType="SO" AdjdOrderNbr="000013" AdjdCuryInfoID="664066" AdjgCuryInfoID="664042" AdjgDocDate="2019-12-24 00:00:00" AdjdDocDate="2019-12-24 00:00:00" CuryAdjgAmt="274.8800" CuryAdjgDiscAmt="0.0000" CuryAdjgPPDAmt="0.0000" CuryAdjgWOAmt="0.0000" CuryAdjdAmt="274.8800" CuryAdjdOrigAmt="274.8800" CuryAdjdDiscAmt="0.0000" CuryAdjdPPDAmt="0.0000" CuryAdjdWOAmt="0.0000" AdjAmt="274.8800" AdjDiscAmt="0.0000" AdjPPDAmt="0.0000" AdjWOAmt="0.0000" WriteOffReasonCode="BALANCEWO" RGOLAmt="0.0000" Released="1" Hold="0" AdjdARAcct="40" AdjdARSub="1" CreatedByID="b5344897-037e-4d58-b5c3-1bdfd0f47bf9" CreatedByScreenID="SO302000" CreatedDateTime="2019-12-23 22:20:23.963" LastModifiedByID="b5344897-037e-4d58-b5c3-1bdfd0f47bf9" LastModifiedByScreenID="SO303000" LastModifiedDateTime="2019-12-23 22:20:36.26" AdjdOrigCuryInfoID="664066" AdjgFinPeriodID="201912" AdjdFinPeriodID="201912" AdjgTranPeriodID="201912" AdjdTranPeriodID="201912" Voided="0" PendingPPD="0" AdjdHasPPDTaxes="0" IsMigratedRecord="0" IsInitialApplication="0" NoteID="3a11a0b2-0426-ea11-a6f0-9cb6d0c82c0c" />
		<row CustomerID="30" AdjdCustomerID="30" AdjdBranchID="1" AdjdDocType="INV" AdjdRefNbr="000024" AdjgBranchID="1" AdjgDocType="PMT" AdjgRefNbr="000025" AdjNbr="1" AdjdOrderType="SO" AdjdOrderNbr="000014" AdjdCuryInfoID="664069" AdjgCuryInfoID="664049" AdjgDocDate="2019-12-24 00:00:00" AdjdDocDate="2019-12-24 00:00:00" CuryAdjgAmt="126.4400" CuryAdjgDiscAmt="0.0000" CuryAdjgPPDAmt="0.0000" CuryAdjgWOAmt="0.0000" CuryAdjdAmt="126.4400" CuryAdjdOrigAmt="252.8800" CuryAdjdDiscAmt="0.0000" CuryAdjdPPDAmt="0.0000" CuryAdjdWOAmt="0.0000" AdjAmt="126.4400" AdjDiscAmt="0.0000" AdjPPDAmt="0.0000" AdjWOAmt="0.0000" WriteOffReasonCode="BALANCEWO" RGOLAmt="0.0000" Released="1" Hold="0" AdjdARAcct="40" AdjdARSub="1" CreatedByID="b5344897-037e-4d58-b5c3-1bdfd0f47bf9" CreatedByScreenID="SO302000" CreatedDateTime="2019-12-23 22:25:42.037" LastModifiedByID="b5344897-037e-4d58-b5c3-1bdfd0f47bf9" LastModifiedByScreenID="SO303000" LastModifiedDateTime="2019-12-23 22:25:55.23" AdjdOrigCuryInfoID="664069" AdjgFinPeriodID="201912" AdjdFinPeriodID="201912" AdjgTranPeriodID="201912" AdjdTranPeriodID="201912" Voided="0" PendingPPD="0" AdjdHasPPDTaxes="0" IsMigratedRecord="0" IsInitialApplication="0" NoteID="0d8cf26f-0526-ea11-a6f0-9cb6d0c82c0c" />
		<row CustomerID="30" AdjdCustomerID="30" AdjdBranchID="1" AdjdDocType="INV" AdjdRefNbr="000025" AdjgBranchID="1" AdjgDocType="PMT" AdjgRefNbr="000025" AdjNbr="2" AdjdOrderType="SO" AdjdOrderNbr="000014" AdjdCuryInfoID="664072" AdjgCuryInfoID="664049" AdjgDocDate="2019-12-24 00:00:00" AdjdDocDate="2019-12-24 00:00:00" CuryAdjgAmt="126.4400" CuryAdjgDiscAmt="0.0000" CuryAdjgPPDAmt="0.0000" CuryAdjgWOAmt="0.0000" CuryAdjdAmt="126.4400" CuryAdjdOrigAmt="126.4400" CuryAdjdDiscAmt="0.0000" CuryAdjdPPDAmt="0.0000" CuryAdjdWOAmt="0.0000" AdjAmt="126.4400" AdjDiscAmt="0.0000" AdjPPDAmt="0.0000" AdjWOAmt="0.0000" WriteOffReasonCode="BALANCEWO" RGOLAmt="0.0000" Released="1" Hold="0" AdjdARAcct="40" AdjdARSub="1" CreatedByID="b5344897-037e-4d58-b5c3-1bdfd0f47bf9" CreatedByScreenID="SO302000" CreatedDateTime="2019-12-23 22:26:34.11" LastModifiedByID="b5344897-037e-4d58-b5c3-1bdfd0f47bf9" LastModifiedByScreenID="SO303000" LastModifiedDateTime="2019-12-23 22:26:51.93" AdjdOrigCuryInfoID="664072" AdjgFinPeriodID="201912" AdjdFinPeriodID="201912" AdjgTranPeriodID="201912" AdjdTranPeriodID="201912" Voided="0" PendingPPD="0" AdjdHasPPDTaxes="0" IsMigratedRecord="0" IsInitialApplication="0" NoteID="3f586a8f-0526-ea11-a6f0-9cb6d0c82c0c" />
		<row CustomerID="30" AdjdCustomerID="30" AdjdBranchID="1" AdjdDocType="INV" AdjdRefNbr="000022" AdjgBranchID="1" AdjgDocType="PMT" AdjgRefNbr="000027" AdjNbr="1" AdjdOrderType="SO" AdjdOrderNbr="000015" AdjdCuryInfoID="664064" AdjgCuryInfoID="664056" AdjgDocDate="2019-12-24 00:00:00" AdjdDocDate="2019-12-24 00:00:00" CuryAdjgAmt="379.3400" CuryAdjgDiscAmt="0.0000" CuryAdjgPPDAmt="0.0000" CuryAdjgWOAmt="0.0000" CuryAdjdAmt="379.3400" CuryAdjdOrigAmt="379.3400" CuryAdjdDiscAmt="0.0000" CuryAdjdPPDAmt="0.0000" CuryAdjdWOAmt="0.0000" AdjAmt="379.3400" AdjDiscAmt="0.0000" AdjPPDAmt="0.0000" AdjWOAmt="0.0000" WriteOffReasonCode="BALANCEWO" RGOLAmt="0.0000" Released="0" Hold="1" AdjdARAcct="40" AdjdARSub="1" CreatedByID="b5344897-037e-4d58-b5c3-1bdfd0f47bf9" CreatedByScreenID="SO302000" CreatedDateTime="2019-12-23 22:17:07.807" LastModifiedByID="b5344897-037e-4d58-b5c3-1bdfd0f47bf9" LastModifiedByScreenID="SO302000" LastModifiedDateTime="2019-12-23 22:17:09.157" AdjdOrigCuryInfoID="664064" AdjgFinPeriodID="201912" AdjdFinPeriodID="201912" AdjgTranPeriodID="201912" AdjdTranPeriodID="201912" Voided="0" PendingPPD="0" AdjdHasPPDTaxes="0" IsMigratedRecord="0" IsInitialApplication="0" NoteID="a3cab63d-0426-ea11-a6f0-9cb6d0c82c0c" />
		<row CustomerID="30" AdjdCustomerID="30" AdjdBranchID="1" AdjdDocType="INV" AdjdRefNbr="000026" AdjgBranchID="1" AdjgDocType="PMT" AdjgRefNbr="000029" AdjNbr="1" AdjdOrderType="SO" AdjdOrderNbr="000016" AdjdCuryInfoID="664083" AdjgCuryInfoID="664075" AdjgDocDate="2019-12-24 00:00:00" AdjdDocDate="2019-12-24 00:00:00" CuryAdjgAmt="379.3300" CuryAdjgDiscAmt="0.0000" CuryAdjgPPDAmt="0.0000" CuryAdjgWOAmt="0.0000" CuryAdjdAmt="379.3300" CuryAdjdOrigAmt="379.3300" CuryAdjdDiscAmt="0.0000" CuryAdjdPPDAmt="0.0000" CuryAdjdWOAmt="0.0000" AdjAmt="379.3300" AdjDiscAmt="0.0000" AdjPPDAmt="0.0000" AdjWOAmt="0.0000" WriteOffReasonCode="BALANCEWO" RGOLAmt="0.0000" Released="1" Hold="0" AdjdARAcct="40" AdjdARSub="1" CreatedByID="b5344897-037e-4d58-b5c3-1bdfd0f47bf9" CreatedByScreenID="SO302000" CreatedDateTime="2019-12-23 22:38:52.69" LastModifiedByID="b5344897-037e-4d58-b5c3-1bdfd0f47bf9" LastModifiedByScreenID="SO303000" LastModifiedDateTime="2019-12-23 22:39:05.76" AdjdOrigCuryInfoID="664083" AdjgFinPeriodID="201912" AdjdFinPeriodID="201912" AdjgTranPeriodID="201912" AdjdTranPeriodID="201912" Voided="0" PendingPPD="0" AdjdHasPPDTaxes="0" IsMigratedRecord="0" IsInitialApplication="0" NoteID="6ffae546-0726-ea11-a6f0-9cb6d0c82c0c" />
		<row CustomerID="30" AdjdCustomerID="30" AdjdBranchID="1" AdjdDocType="INV" AdjdRefNbr="000027" AdjgBranchID="1" AdjgDocType="PMT" AdjgRefNbr="000031" AdjNbr="1" AdjdOrderType="SO" AdjdOrderNbr="000017" AdjdCuryInfoID="664094" AdjgCuryInfoID="664086" AdjgDocDate="2019-12-24 00:00:00" AdjdDocDate="2019-12-24 00:00:00" CuryAdjgAmt="329.3300" CuryAdjgDiscAmt="0.0000" CuryAdjgPPDAmt="0.0000" CuryAdjgWOAmt="0.0000" CuryAdjdAmt="329.3300" CuryAdjdOrigAmt="329.3300" CuryAdjdDiscAmt="0.0000" CuryAdjdPPDAmt="0.0000" CuryAdjdWOAmt="0.0000" AdjAmt="329.3300" AdjDiscAmt="0.0000" AdjPPDAmt="0.0000" AdjWOAmt="0.0000" WriteOffReasonCode="BALANCEWO" RGOLAmt="0.0000" Released="1" Hold="0" AdjdARAcct="40" AdjdARSub="1" CreatedByID="b5344897-037e-4d58-b5c3-1bdfd0f47bf9" CreatedByScreenID="SO302000" CreatedDateTime="2019-12-23 22:44:26.677" LastModifiedByID="b5344897-037e-4d58-b5c3-1bdfd0f47bf9" LastModifiedByScreenID="SO303000" LastModifiedDateTime="2019-12-23 22:44:39.083" AdjdOrigCuryInfoID="664094" AdjgFinPeriodID="201912" AdjdFinPeriodID="201912" AdjgTranPeriodID="201912" AdjdTranPeriodID="201912" Voided="0" PendingPPD="0" AdjdHasPPDTaxes="0" IsMigratedRecord="0" IsInitialApplication="0" NoteID="c756af0e-0826-ea11-a6f0-9cb6d0c82c0c" />
		<row CustomerID="30" AdjdCustomerID="30" AdjdBranchID="1" AdjdDocType="INV" AdjdRefNbr="000028" AdjgBranchID="1" AdjgDocType="PMT" AdjgRefNbr="000033" AdjNbr="1" AdjdOrderType="SO" AdjdOrderNbr="000018" AdjdCuryInfoID="664101" AdjgCuryInfoID="664097" AdjgDocDate="2019-12-24 00:00:00" AdjdDocDate="2019-12-24 00:00:00" CuryAdjgAmt="245.9300" CuryAdjgDiscAmt="0.0000" CuryAdjgPPDAmt="0.0000" CuryAdjgWOAmt="0.0000" CuryAdjdAmt="245.9300" CuryAdjdOrigAmt="355.1400" CuryAdjdDiscAmt="0.0000" CuryAdjdPPDAmt="0.0000" CuryAdjdWOAmt="0.0000" AdjAmt="245.9300" AdjDiscAmt="0.0000" AdjPPDAmt="0.0000" AdjWOAmt="0.0000" WriteOffReasonCode="BALANCEWO" RGOLAmt="0.0000" Released="1" Hold="0" AdjdARAcct="40" AdjdARSub="1" CreatedByID="b5344897-037e-4d58-b5c3-1bdfd0f47bf9" CreatedByScreenID="SO302000" CreatedDateTime="2019-12-23 22:51:51.907" LastModifiedByID="b5344897-037e-4d58-b5c3-1bdfd0f47bf9" LastModifiedByScreenID="SO303000" LastModifiedDateTime="2019-12-23 22:52:07.957" AdjdOrigCuryInfoID="664101" AdjgFinPeriodID="201912" AdjdFinPeriodID="201912" AdjgTranPeriodID="201912" AdjdTranPeriodID="201912" Voided="0" PendingPPD="0" AdjdHasPPDTaxes="0" IsMigratedRecord="0" IsInitialApplication="0" NoteID="9977eb17-0926-ea11-a6f0-9cb6d0c82c0c" />
		<row CustomerID="30" AdjdCustomerID="30" AdjdBranchID="1" AdjdDocType="INV" AdjdRefNbr="000029" AdjgBranchID="1" AdjgDocType="PMT" AdjgRefNbr="000033" AdjNbr="2" AdjdOrderType="SO" AdjdOrderNbr="000018" AdjdCuryInfoID="664104" AdjgCuryInfoID="664097" AdjgDocDate="2019-12-24 00:00:00" AdjdDocDate="2019-12-24 00:00:00" CuryAdjgAmt="109.2100" CuryAdjgDiscAmt="0.0000" CuryAdjgPPDAmt="0.0000" CuryAdjgWOAmt="0.0000" CuryAdjdAmt="109.2100" CuryAdjdOrigAmt="109.2100" CuryAdjdDiscAmt="0.0000" CuryAdjdPPDAmt="0.0000" CuryAdjdWOAmt="0.0000" AdjAmt="109.2100" AdjDiscAmt="0.0000" AdjPPDAmt="0.0000" AdjWOAmt="0.0000" WriteOffReasonCode="BALANCEWO" RGOLAmt="0.0000" Released="1" Hold="0" AdjdARAcct="40" AdjdARSub="1" CreatedByID="b5344897-037e-4d58-b5c3-1bdfd0f47bf9" CreatedByScreenID="SO302000" CreatedDateTime="2019-12-23 22:53:15.4" LastModifiedByID="b5344897-037e-4d58-b5c3-1bdfd0f47bf9" LastModifiedByScreenID="SO303000" LastModifiedDateTime="2019-12-23 22:53:29.147" AdjdOrigCuryInfoID="664104" AdjgFinPeriodID="201912" AdjdFinPeriodID="201912" AdjgTranPeriodID="201912" AdjdTranPeriodID="201912" Voided="0" PendingPPD="0" AdjdHasPPDTaxes="0" IsMigratedRecord="0" IsInitialApplication="0" NoteID="c93b9949-0926-ea11-a6f0-9cb6d0c82c0c" />
		<row CustomerID="30" AdjdCustomerID="30" AdjdBranchID="1" AdjdDocType="INV" AdjdRefNbr="000030" AdjgBranchID="1" AdjgDocType="PMT" AdjgRefNbr="000034" AdjNbr="1" AdjdOrderType="SO" AdjdOrderNbr="000019" AdjdCuryInfoID="664115" AdjgCuryInfoID="664108" AdjgDocDate="2019-12-24 00:00:00" AdjdDocDate="2019-12-24 00:00:00" CuryAdjgAmt="198.3900" CuryAdjgDiscAmt="0.0000" CuryAdjgPPDAmt="0.0000" CuryAdjgWOAmt="0.0000" CuryAdjdAmt="198.3900" CuryAdjdOrigAmt="324.8300" CuryAdjdDiscAmt="0.0000" CuryAdjdPPDAmt="0.0000" CuryAdjdWOAmt="0.0000" AdjAmt="198.3900" AdjDiscAmt="0.0000" AdjPPDAmt="0.0000" AdjWOAmt="0.0000" WriteOffReasonCode="BALANCEWO" RGOLAmt="0.0000" Released="1" Hold="0" AdjdARAcct="40" AdjdARSub="1" CreatedByID="b5344897-037e-4d58-b5c3-1bdfd0f47bf9" CreatedByScreenID="SO302000" CreatedDateTime="2019-12-23 23:04:32.057" LastModifiedByID="b5344897-037e-4d58-b5c3-1bdfd0f47bf9" LastModifiedByScreenID="SO303000" LastModifiedDateTime="2019-12-23 23:05:00.207" AdjdOrigCuryInfoID="664115" AdjgFinPeriodID="201912" AdjdFinPeriodID="201912" AdjgTranPeriodID="201912" AdjdTranPeriodID="201912" Voided="0" PendingPPD="0" AdjdHasPPDTaxes="0" IsMigratedRecord="0" IsInitialApplication="0" NoteID="d1e6ecdc-0a26-ea11-a6f0-9cb6d0c82c0c" />
		<row CustomerID="19" AdjdCustomerID="19" AdjdBranchID="1" AdjdDocType="INV" AdjdRefNbr="000005" AdjgBranchID="1" AdjgDocType="PPM" AdjgRefNbr="000004" AdjNbr="4" AdjBatchNbr="000008" AdjdCuryInfoID="20223" AdjgCuryInfoID="20219" AdjgDocDate="2014-03-15 00:00:00" AdjdDocDate="2014-03-15 00:00:00" CuryAdjgAmt="50.0000" CuryAdjgDiscAmt="0.0000" CuryAdjgPPDAmt="0.0000" CuryAdjgWOAmt="0.0000" CuryAdjdAmt="50.0000" CuryAdjdOrigAmt="0.0000" CuryAdjdDiscAmt="0.0000" CuryAdjdPPDAmt="0.0000" CuryAdjdWOAmt="0.0000" AdjAmt="50.0000" AdjDiscAmt="0.0000" AdjPPDAmt="0.0000" AdjWOAmt="0.0000" RGOLAmt="0.0000" Released="1" Hold="0" AdjdARAcct="40" AdjdARSub="1" CreatedByID="b5344897-037e-4d58-b5c3-1bdfd0f47bf9" CreatedByScreenID="AR302000" CreatedDateTime="2014-11-18 11:09:40.54" LastModifiedByID="b5344897-037e-4d58-b5c3-1bdfd0f47bf9" LastModifiedByScreenID="AR302000" LastModifiedDateTime="2014-11-18 11:09:40.767" AdjdOrigCuryInfoID="20221" AdjgFinPeriodID="201403" AdjdFinPeriodID="201403" AdjgTranPeriodID="201403" AdjdTranPeriodID="201403" Voided="0" PendingPPD="0" AdjdHasPPDTaxes="0" IsMigratedRecord="0" IsInitialApplication="0" NoteID="98795f38-fa6e-e411-8157-74d435e7799b" />
		<row CustomerID="19" AdjdCustomerID="19" AdjdBranchID="1" AdjdDocType="PPM" AdjdRefNbr="000004" AdjgBranchID="1" AdjgDocType="REF" AdjgRefNbr="000006" AdjNbr="0" AdjBatchNbr="000012" AdjdCuryInfoID="20235" AdjgCuryInfoID="20234" AdjgDocDate="2014-03-31 00:00:00" AdjdDocDate="2014-03-01 00:00:00" CuryAdjgAmt="50.0000" CuryAdjgDiscAmt="0.0000" CuryAdjgPPDAmt="0.0000" CuryAdjgWOAmt="0.0000" CuryAdjdAmt="50.0000" CuryAdjdOrigAmt="0.0000" CuryAdjdDiscAmt="0.0000" CuryAdjdPPDAmt="0.0000" CuryAdjdWOAmt="0.0000" AdjAmt="50.0000" AdjDiscAmt="0.0000" AdjPPDAmt="0.0000" AdjWOAmt="0.0000" RGOLAmt="0.0000" Released="1" Hold="0" AdjdARAcct="41" AdjdARSub="1" CreatedByID="b5344897-037e-4d58-b5c3-1bdfd0f47bf9" CreatedByScreenID="AR302000" CreatedDateTime="2014-11-18 12:29:15.893" LastModifiedByID="b5344897-037e-4d58-b5c3-1bdfd0f47bf9" LastModifiedByScreenID="AR302000" LastModifiedDateTime="2014-11-18 12:29:16.17" AdjdOrigCuryInfoID="20219" AdjgFinPeriodID="201403" AdjdFinPeriodID="201403" AdjgTranPeriodID="201403" AdjdTranPeriodID="201403" Voided="0" PendingPPD="0" AdjdHasPPDTaxes="0" IsMigratedRecord="0" IsInitialApplication="0" NoteID="3420bb01-056f-e411-8157-74d435e7799b" />
		<row CustomerID="30" AdjdCustomerID="30" AdjdBranchID="1" AdjdDocType="PMT" AdjdRefNbr="000017" AdjgBranchID="1" AdjgDocType="REF" AdjgRefNbr="000018" AdjNbr="0" AdjBatchNbr="000033" AdjdCuryInfoID="664012" AdjgCuryInfoID="664011" AdjgDocDate="2019-12-23 00:00:00" AdjdDocDate="2019-12-23 00:00:00" CuryAdjgAmt="126.4500" CuryAdjgDiscAmt="0.0000" CuryAdjgPPDAmt="0.0000" CuryAdjgWOAmt="0.0000" CuryAdjdAmt="126.4500" CuryAdjdOrigAmt="0.0000" CuryAdjdDiscAmt="0.0000" CuryAdjdPPDAmt="0.0000" CuryAdjdWOAmt="0.0000" AdjAmt="126.4500" AdjDiscAmt="0.0000" AdjPPDAmt="0.0000" AdjWOAmt="0.0000" WriteOffReasonCode="BALANCEWO" RGOLAmt="0.0000" Released="1" Hold="0" AdjdARAcct="40" AdjdARSub="1" CreatedByID="b5344897-037e-4d58-b5c3-1bdfd0f47bf9" CreatedByScreenID="AR302000" CreatedDateTime="2019-12-23 17:33:26.233" LastModifiedByID="b5344897-037e-4d58-b5c3-1bdfd0f47bf9" LastModifiedByScreenID="AR302000" LastModifiedDateTime="2019-12-23 17:33:27.937" AdjdOrigCuryInfoID="664008" AdjgFinPeriodID="201912" AdjdFinPeriodID="201912" AdjgTranPeriodID="201912" AdjdTranPeriodID="201912" Voided="0" PendingPPD="0" AdjdHasPPDTaxes="0" IsMigratedRecord="0" IsInitialApplication="0" NoteID="d9170699-dc25-ea11-a6f0-9cb6d0c82c0c" />
		<row CustomerID="30" AdjdCustomerID="30" AdjdBranchID="1" AdjdDocType="PMT" AdjdRefNbr="000019" AdjgBranchID="1" AdjgDocType="REF" AdjgRefNbr="000020" AdjNbr="0" AdjBatchNbr="000036" AdjdCuryInfoID="664023" AdjgCuryInfoID="664022" AdjgDocDate="2019-12-23 00:00:00" AdjdDocDate="2019-12-23 00:00:00" CuryAdjgAmt="126.4500" CuryAdjgDiscAmt="0.0000" CuryAdjgPPDAmt="0.0000" CuryAdjgWOAmt="0.0000" CuryAdjdAmt="126.4500" CuryAdjdOrigAmt="0.0000" CuryAdjdDiscAmt="0.0000" CuryAdjdPPDAmt="0.0000" CuryAdjdWOAmt="0.0000" AdjAmt="126.4500" AdjDiscAmt="0.0000" AdjPPDAmt="0.0000" AdjWOAmt="0.0000" WriteOffReasonCode="BALANCEWO" RGOLAmt="0.0000" Released="1" Hold="0" AdjdARAcct="40" AdjdARSub="1" CreatedByID="b5344897-037e-4d58-b5c3-1bdfd0f47bf9" CreatedByScreenID="AR302000" CreatedDateTime="2019-12-23 17:38:22.81" LastModifiedByID="b5344897-037e-4d58-b5c3-1bdfd0f47bf9" LastModifiedByScreenID="AR302000" LastModifiedDateTime="2019-12-23 17:38:24.33" AdjdOrigCuryInfoID="664018" AdjgFinPeriodID="201912" AdjdFinPeriodID="201912" AdjgTranPeriodID="201912" AdjdTranPeriodID="201912" Voided="0" PendingPPD="0" AdjdHasPPDTaxes="0" IsMigratedRecord="0" IsInitialApplication="0" NoteID="9220504d-dd25-ea11-a6f0-9cb6d0c82c0c" />
		<row CustomerID="30" AdjdCustomerID="30" AdjdBranchID="1" AdjdDocType="PMT" AdjdRefNbr="000021" AdjgBranchID="1" AdjgDocType="REF" AdjgRefNbr="000022" AdjNbr="0" AdjBatchNbr="000040" AdjdCuryInfoID="664036" AdjgCuryInfoID="664035" AdjgDocDate="2019-12-23 00:00:00" AdjdDocDate="2019-12-23 00:00:00" CuryAdjgAmt="156.4500" CuryAdjgDiscAmt="0.0000" CuryAdjgPPDAmt="0.0000" CuryAdjgWOAmt="0.0000" CuryAdjdAmt="156.4500" CuryAdjdOrigAmt="0.0000" CuryAdjdDiscAmt="0.0000" CuryAdjdPPDAmt="0.0000" CuryAdjdWOAmt="0.0000" AdjAmt="156.4500" AdjDiscAmt="0.0000" AdjPPDAmt="0.0000" AdjWOAmt="0.0000" WriteOffReasonCode="BALANCEWO" RGOLAmt="0.0000" Released="1" Hold="0" AdjdARAcct="40" AdjdARSub="1" CreatedByID="b5344897-037e-4d58-b5c3-1bdfd0f47bf9" CreatedByScreenID="AR302000" CreatedDateTime="2019-12-23 17:46:19.9" LastModifiedByID="b5344897-037e-4d58-b5c3-1bdfd0f47bf9" LastModifiedByScreenID="AR302000" LastModifiedDateTime="2019-12-23 17:46:21.53" AdjdOrigCuryInfoID="664032" AdjgFinPeriodID="201912" AdjdFinPeriodID="201912" AdjgTranPeriodID="201912" AdjdTranPeriodID="201912" Voided="0" PendingPPD="0" AdjdHasPPDTaxes="0" IsMigratedRecord="0" IsInitialApplication="0" NoteID="27d85468-de25-ea11-a6f0-9cb6d0c82c0c" />
		<row CustomerID="30" AdjdCustomerID="30" AdjdBranchID="1" AdjdDocType="PMT" AdjdRefNbr="000023" AdjgBranchID="1" AdjgDocType="REF" AdjgRefNbr="000024" AdjNbr="0" AdjBatchNbr="000043" AdjdCuryInfoID="664046" AdjgCuryInfoID="664045" AdjgDocDate="2019-12-23 00:00:00" AdjdDocDate="2019-12-23 00:00:00" CuryAdjgAmt="96.4500" CuryAdjgDiscAmt="0.0000" CuryAdjgPPDAmt="0.0000" CuryAdjgWOAmt="0.0000" CuryAdjdAmt="96.4500" CuryAdjdOrigAmt="0.0000" CuryAdjdDiscAmt="0.0000" CuryAdjdPPDAmt="0.0000" CuryAdjdWOAmt="0.0000" AdjAmt="96.4500" AdjDiscAmt="0.0000" AdjPPDAmt="0.0000" AdjWOAmt="0.0000" WriteOffReasonCode="BALANCEWO" RGOLAmt="0.0000" Released="1" Hold="0" AdjdARAcct="40" AdjdARSub="1" CreatedByID="b5344897-037e-4d58-b5c3-1bdfd0f47bf9" CreatedByScreenID="AR302000" CreatedDateTime="2019-12-23 17:52:37.32" LastModifiedByID="b5344897-037e-4d58-b5c3-1bdfd0f47bf9" LastModifiedByScreenID="AR302000" LastModifiedDateTime="2019-12-23 17:52:38.88" AdjdOrigCuryInfoID="664042" AdjgFinPeriodID="201912" AdjdFinPeriodID="201912" AdjgTranPeriodID="201912" AdjdTranPeriodID="201912" Voided="0" PendingPPD="0" AdjdHasPPDTaxes="0" IsMigratedRecord="0" IsInitialApplication="0" NoteID="2f413b49-df25-ea11-a6f0-9cb6d0c82c0c" />
		<row CustomerID="30" AdjdCustomerID="30" AdjdBranchID="1" AdjdDocType="PMT" AdjdRefNbr="000025" AdjgBranchID="1" AdjgDocType="REF" AdjgRefNbr="000026" AdjNbr="0" AdjBatchNbr="000045" AdjdCuryInfoID="664053" AdjgCuryInfoID="664052" AdjgDocDate="2019-12-24 00:00:00" AdjdDocDate="2019-12-23 00:00:00" CuryAdjgAmt="96.4500" CuryAdjgDiscAmt="0.0000" CuryAdjgPPDAmt="0.0000" CuryAdjgWOAmt="0.0000" CuryAdjdAmt="96.4500" CuryAdjdOrigAmt="0.0000" CuryAdjdDiscAmt="0.0000" CuryAdjdPPDAmt="0.0000" CuryAdjdWOAmt="0.0000" AdjAmt="96.4500" AdjDiscAmt="0.0000" AdjPPDAmt="0.0000" AdjWOAmt="0.0000" WriteOffReasonCode="BALANCEWO" RGOLAmt="0.0000" Released="1" Hold="0" AdjdARAcct="40" AdjdARSub="1" CreatedByID="b5344897-037e-4d58-b5c3-1bdfd0f47bf9" CreatedByScreenID="AR302000" CreatedDateTime="2019-12-23 22:08:57.547" LastModifiedByID="b5344897-037e-4d58-b5c3-1bdfd0f47bf9" LastModifiedByScreenID="AR302000" LastModifiedDateTime="2019-12-23 22:09:02.273" AdjdOrigCuryInfoID="664049" AdjgFinPeriodID="201912" AdjdFinPeriodID="201912" AdjgTranPeriodID="201912" AdjdTranPeriodID="201912" Voided="0" PendingPPD="0" AdjdHasPPDTaxes="0" IsMigratedRecord="0" IsInitialApplication="0" NoteID="ca9e4d17-0326-ea11-a6f0-9cb6d0c82c0c" />
		<row CustomerID="30" AdjdCustomerID="30" AdjdBranchID="1" AdjdDocType="PMT" AdjdRefNbr="000027" AdjgBranchID="1" AdjgDocType="REF" AdjgRefNbr="000028" AdjNbr="0" AdjBatchNbr="000047" AdjdCuryInfoID="664061" AdjgCuryInfoID="664060" AdjgDocDate="2019-12-24 00:00:00" AdjdDocDate="2019-12-23 00:00:00" CuryAdjgAmt="27.5000" CuryAdjgDiscAmt="0.0000" CuryAdjgPPDAmt="0.0000" CuryAdjgWOAmt="0.0000" CuryAdjdAmt="27.5000" CuryAdjdOrigAmt="0.0000" CuryAdjdDiscAmt="0.0000" CuryAdjdPPDAmt="0.0000" CuryAdjdWOAmt="0.0000" AdjAmt="27.5000" AdjDiscAmt="0.0000" AdjPPDAmt="0.0000" AdjWOAmt="0.0000" WriteOffReasonCode="BALANCEWO" RGOLAmt="0.0000" Released="1" Hold="0" AdjdARAcct="40" AdjdARSub="1" CreatedByID="b5344897-037e-4d58-b5c3-1bdfd0f47bf9" CreatedByScreenID="AR302000" CreatedDateTime="2019-12-23 22:15:35.76" LastModifiedByID="b5344897-037e-4d58-b5c3-1bdfd0f47bf9" LastModifiedByScreenID="AR302000" LastModifiedDateTime="2019-12-23 22:15:40.45" AdjdOrigCuryInfoID="664056" AdjgFinPeriodID="201912" AdjdFinPeriodID="201912" AdjgTranPeriodID="201912" AdjdTranPeriodID="201912" Voided="0" PendingPPD="0" AdjdHasPPDTaxes="0" IsMigratedRecord="0" IsInitialApplication="0" NoteID="8e9aaa05-0426-ea11-a6f0-9cb6d0c82c0c" />
		<row CustomerID="30" AdjdCustomerID="30" AdjdBranchID="1" AdjdDocType="PMT" AdjdRefNbr="000029" AdjgBranchID="1" AdjgDocType="REF" AdjgRefNbr="000030" AdjNbr="0" AdjBatchNbr="000052" AdjdCuryInfoID="664080" AdjgCuryInfoID="664079" AdjgDocDate="2019-12-24 00:00:00" AdjdDocDate="2019-12-23 00:00:00" CuryAdjgAmt="33.0100" CuryAdjgDiscAmt="0.0000" CuryAdjgPPDAmt="0.0000" CuryAdjgWOAmt="0.0000" CuryAdjdAmt="33.0100" CuryAdjdOrigAmt="0.0000" CuryAdjdDiscAmt="0.0000" CuryAdjdPPDAmt="0.0000" CuryAdjdWOAmt="0.0000" AdjAmt="33.0100" AdjDiscAmt="0.0000" AdjPPDAmt="0.0000" AdjWOAmt="0.0000" WriteOffReasonCode="BALANCEWO" RGOLAmt="0.0000" Released="1" Hold="0" AdjdARAcct="40" AdjdARSub="1" CreatedByID="b5344897-037e-4d58-b5c3-1bdfd0f47bf9" CreatedByScreenID="AR302000" CreatedDateTime="2019-12-23 22:33:32.047" LastModifiedByID="b5344897-037e-4d58-b5c3-1bdfd0f47bf9" LastModifiedByScreenID="AR302000" LastModifiedDateTime="2019-12-23 22:33:35.86" AdjdOrigCuryInfoID="664075" AdjgFinPeriodID="201912" AdjdFinPeriodID="201912" AdjgTranPeriodID="201912" AdjdTranPeriodID="201912" Voided="0" PendingPPD="0" AdjdHasPPDTaxes="0" IsMigratedRecord="0" IsInitialApplication="0" NoteID="5fbf1e87-0626-ea11-a6f0-9cb6d0c82c0c" />
		<row CustomerID="30" AdjdCustomerID="30" AdjdBranchID="1" AdjdDocType="PMT" AdjdRefNbr="000031" AdjgBranchID="1" AdjgDocType="REF" AdjgRefNbr="000032" AdjNbr="0" AdjBatchNbr="000055" AdjdCuryInfoID="664091" AdjgCuryInfoID="664090" AdjgDocDate="2019-12-24 00:00:00" AdjdDocDate="2019-12-23 00:00:00" CuryAdjgAmt="50.0000" CuryAdjgDiscAmt="0.0000" CuryAdjgPPDAmt="0.0000" CuryAdjgWOAmt="0.0000" CuryAdjdAmt="50.0000" CuryAdjdOrigAmt="0.0000" CuryAdjdDiscAmt="0.0000" CuryAdjdPPDAmt="0.0000" CuryAdjdWOAmt="0.0000" AdjAmt="50.0000" AdjDiscAmt="0.0000" AdjPPDAmt="0.0000" AdjWOAmt="0.0000" WriteOffReasonCode="BALANCEWO" RGOLAmt="0.0000" Released="1" Hold="0" AdjdARAcct="40" AdjdARSub="1" CreatedByID="b5344897-037e-4d58-b5c3-1bdfd0f47bf9" CreatedByScreenID="AR302000" CreatedDateTime="2019-12-23 22:43:27.29" LastModifiedByID="b5344897-037e-4d58-b5c3-1bdfd0f47bf9" LastModifiedByScreenID="AR302000" LastModifiedDateTime="2019-12-23 22:43:31.677" AdjdOrigCuryInfoID="664086" AdjgFinPeriodID="201912" AdjdFinPeriodID="201912" AdjgTranPeriodID="201912" AdjdTranPeriodID="201912" Voided="0" PendingPPD="0" AdjdHasPPDTaxes="0" IsMigratedRecord="0" IsInitialApplication="0" NoteID="7fa11cea-0726-ea11-a6f0-9cb6d0c82c0c" />
		<row CustomerID="30" AdjdCustomerID="30" AdjdBranchID="1" AdjdDocType="PMT" AdjdRefNbr="000034" AdjgBranchID="1" AdjgDocType="REF" AdjgRefNbr="000035" AdjNbr="0" AdjBatchNbr="000061" AdjdCuryInfoID="664112" AdjgCuryInfoID="664111" AdjgDocDate="2019-12-24 00:00:00" AdjdDocDate="2019-12-23 00:00:00" CuryAdjgAmt="126.4500" CuryAdjgDiscAmt="0.0000" CuryAdjgPPDAmt="0.0000" CuryAdjgWOAmt="0.0000" CuryAdjdAmt="126.4500" CuryAdjdOrigAmt="0.0000" CuryAdjdDiscAmt="0.0000" CuryAdjdPPDAmt="0.0000" CuryAdjdWOAmt="0.0000" AdjAmt="126.4500" AdjDiscAmt="0.0000" AdjPPDAmt="0.0000" AdjWOAmt="0.0000" WriteOffReasonCode="BALANCEWO" RGOLAmt="0.0000" Released="1" Hold="0" AdjdARAcct="40" AdjdARSub="1" CreatedByID="b5344897-037e-4d58-b5c3-1bdfd0f47bf9" CreatedByScreenID="AR302000" CreatedDateTime="2019-12-23 23:03:41.403" LastModifiedByID="b5344897-037e-4d58-b5c3-1bdfd0f47bf9" LastModifiedByScreenID="AR302000" LastModifiedDateTime="2019-12-23 23:03:45.81" AdjdOrigCuryInfoID="664108" AdjgFinPeriodID="201912" AdjdFinPeriodID="201912" AdjgTranPeriodID="201912" AdjdTranPeriodID="201912" Voided="0" PendingPPD="0" AdjdHasPPDTaxes="0" IsMigratedRecord="0" IsInitialApplication="0" NoteID="41d22fba-0a26-ea11-a6f0-9cb6d0c82c0c" />
		<row CustomerID="30" AdjdCustomerID="30" AdjdBranchID="1" AdjdDocType="PMT" AdjdRefNbr="000036" AdjgBranchID="1" AdjgDocType="REF" AdjgRefNbr="000037" AdjNbr="0" AdjBatchNbr="000064" AdjdCuryInfoID="664121" AdjgCuryInfoID="664120" AdjgDocDate="2019-12-24 00:00:00" AdjdDocDate="2019-12-23 00:00:00" CuryAdjgAmt="379.3300" CuryAdjgDiscAmt="0.0000" CuryAdjgPPDAmt="0.0000" CuryAdjgWOAmt="0.0000" CuryAdjdAmt="379.3300" CuryAdjdOrigAmt="0.0000" CuryAdjdDiscAmt="0.0000" CuryAdjdPPDAmt="0.0000" CuryAdjdWOAmt="0.0000" AdjAmt="379.3300" AdjDiscAmt="0.0000" AdjPPDAmt="0.0000" AdjWOAmt="0.0000" WriteOffReasonCode="BALANCEWO" RGOLAmt="0.0000" Released="1" Hold="0" AdjdARAcct="40" AdjdARSub="1" CreatedByID="b5344897-037e-4d58-b5c3-1bdfd0f47bf9" CreatedByScreenID="AR302000" CreatedDateTime="2019-12-23 23:16:05.973" LastModifiedByID="b5344897-037e-4d58-b5c3-1bdfd0f47bf9" LastModifiedByScreenID="AR302000" LastModifiedDateTime="2019-12-23 23:16:10.573" AdjdOrigCuryInfoID="664118" AdjgFinPeriodID="201912" AdjdFinPeriodID="201912" AdjgTranPeriodID="201912" AdjdTranPeriodID="201912" Voided="0" PendingPPD="0" AdjdHasPPDTaxes="0" IsMigratedRecord="0" IsInitialApplication="0" NoteID="d37c5e7b-0c26-ea11-a6f0-9cb6d0c82c0c" />
		<row CustomerID="30" AdjdCustomerID="30" AdjdBranchID="1" AdjdDocType="PMT" AdjdRefNbr="000038" AdjgBranchID="1" AdjgDocType="REF" AdjgRefNbr="000039" AdjNbr="0" AdjBatchNbr="000066" AdjdCuryInfoID="664129" AdjgCuryInfoID="664128" AdjgDocDate="2019-12-24 00:00:00" AdjdDocDate="2019-12-23 00:00:00" CuryAdjgAmt="379.3300" CuryAdjgDiscAmt="0.0000" CuryAdjgPPDAmt="0.0000" CuryAdjgWOAmt="0.0000" CuryAdjdAmt="379.3300" CuryAdjdOrigAmt="0.0000" CuryAdjdDiscAmt="0.0000" CuryAdjdPPDAmt="0.0000" CuryAdjdWOAmt="0.0000" AdjAmt="379.3300" AdjDiscAmt="0.0000" AdjPPDAmt="0.0000" AdjWOAmt="0.0000" WriteOffReasonCode="BALANCEWO" RGOLAmt="0.0000" Released="1" Hold="0" AdjdARAcct="40" AdjdARSub="1" CreatedByID="b5344897-037e-4d58-b5c3-1bdfd0f47bf9" CreatedByScreenID="AR302000" CreatedDateTime="2019-12-23 23:32:45.247" LastModifiedByID="b5344897-037e-4d58-b5c3-1bdfd0f47bf9" LastModifiedByScreenID="AR302000" LastModifiedDateTime="2019-12-23 23:32:50.26" AdjdOrigCuryInfoID="664124" AdjgFinPeriodID="201912" AdjdFinPeriodID="201912" AdjgTranPeriodID="201912" AdjdTranPeriodID="201912" Voided="0" PendingPPD="0" AdjdHasPPDTaxes="0" IsMigratedRecord="0" IsInitialApplication="0" NoteID="00028fcc-0e26-ea11-a6f0-9cb6d0c82c0c" />
		<row CustomerID="30" AdjdCustomerID="30" AdjdBranchID="1" AdjdDocType="PMT" AdjdRefNbr="000040" AdjgBranchID="1" AdjgDocType="REF" AdjgRefNbr="000041" AdjNbr="0" AdjBatchNbr="000068" AdjdCuryInfoID="664134" AdjgCuryInfoID="664133" AdjgDocDate="2019-12-24 00:00:00" AdjdDocDate="2019-12-23 00:00:00" CuryAdjgAmt="329.3300" CuryAdjgDiscAmt="0.0000" CuryAdjgPPDAmt="0.0000" CuryAdjgWOAmt="0.0000" CuryAdjdAmt="329.3300" CuryAdjdOrigAmt="0.0000" CuryAdjdDiscAmt="0.0000" CuryAdjdPPDAmt="0.0000" CuryAdjdWOAmt="0.0000" AdjAmt="329.3300" AdjDiscAmt="0.0000" AdjPPDAmt="0.0000" AdjWOAmt="0.0000" WriteOffReasonCode="BALANCEWO" RGOLAmt="0.0000" Released="1" Hold="0" AdjdARAcct="40" AdjdARSub="1" CreatedByID="b5344897-037e-4d58-b5c3-1bdfd0f47bf9" CreatedByScreenID="AR302000" CreatedDateTime="2019-12-23 23:53:44.667" LastModifiedByID="b5344897-037e-4d58-b5c3-1bdfd0f47bf9" LastModifiedByScreenID="AR302000" LastModifiedDateTime="2019-12-23 23:53:50.707" AdjdOrigCuryInfoID="664131" AdjgFinPeriodID="201912" AdjdFinPeriodID="201912" AdjgTranPeriodID="201912" AdjdTranPeriodID="201912" Voided="0" PendingPPD="0" AdjdHasPPDTaxes="0" IsMigratedRecord="0" IsInitialApplication="0" NoteID="6af7cebb-1126-ea11-a6f0-9cb6d0c82c0c" />
		<row CustomerID="30" AdjdCustomerID="30" AdjdBranchID="1" AdjdDocType="PMT" AdjdRefNbr="000042" AdjgBranchID="1" AdjgDocType="REF" AdjgRefNbr="000043" AdjNbr="0" AdjBatchNbr="000070" AdjdCuryInfoID="664142" AdjgCuryInfoID="664141" AdjgDocDate="2019-12-24 00:00:00" AdjdDocDate="2019-12-24 00:00:00" CuryAdjgAmt="329.3300" CuryAdjgDiscAmt="0.0000" CuryAdjgPPDAmt="0.0000" CuryAdjgWOAmt="0.0000" CuryAdjdAmt="329.3300" CuryAdjdOrigAmt="0.0000" CuryAdjdDiscAmt="0.0000" CuryAdjdPPDAmt="0.0000" CuryAdjdWOAmt="0.0000" AdjAmt="329.3300" AdjDiscAmt="0.0000" AdjPPDAmt="0.0000" AdjWOAmt="0.0000" WriteOffReasonCode="BALANCEWO" RGOLAmt="0.0000" Released="1" Hold="0" AdjdARAcct="40" AdjdARSub="1" CreatedByID="b5344897-037e-4d58-b5c3-1bdfd0f47bf9" CreatedByScreenID="AR302000" CreatedDateTime="2019-12-24 00:13:52.113" LastModifiedByID="b5344897-037e-4d58-b5c3-1bdfd0f47bf9" LastModifiedByScreenID="AR302000" LastModifiedDateTime="2019-12-24 00:13:56.103" AdjdOrigCuryInfoID="664137" AdjgFinPeriodID="201912" AdjdFinPeriodID="201912" AdjgTranPeriodID="201912" AdjdTranPeriodID="201912" Voided="0" PendingPPD="0" AdjdHasPPDTaxes="0" IsMigratedRecord="0" IsInitialApplication="0" NoteID="c7cc968b-1426-ea11-a6f0-9cb6d0c82c0c" />
		<row CustomerID="21" AdjdCustomerID="21" AdjdBranchID="1" AdjdDocType="FCH" AdjdRefNbr="000010" AdjgBranchID="1" AdjgDocType="SMB" AdjgRefNbr="000012" AdjNbr="0" AdjBatchNbr="000017" AdjdCuryInfoID="20249" AdjgCuryInfoID="20248" AdjgDocDate="2014-03-31 00:00:00" AdjdDocDate="2014-03-31 00:00:00" CuryAdjgAmt="3.8100" CuryAdjgDiscAmt="0.0000" CuryAdjgPPDAmt="0.0000" CuryAdjgWOAmt="0.0000" CuryAdjdAmt="3.8100" CuryAdjdOrigAmt="0.0000" CuryAdjdDiscAmt="0.0000" CuryAdjdPPDAmt="0.0000" CuryAdjdWOAmt="0.0000" AdjAmt="3.8100" AdjDiscAmt="0.0000" AdjPPDAmt="0.0000" AdjWOAmt="0.0000" WriteOffReasonCode="BALANCEWO" RGOLAmt="0.0000" Released="1" Hold="0" AdjdARAcct="40" AdjdARSub="1" CreatedByID="b5344897-037e-4d58-b5c3-1bdfd0f47bf9" CreatedByScreenID="AR505000" CreatedDateTime="2014-11-19 16:16:35.513" LastModifiedByID="b5344897-037e-4d58-b5c3-1bdfd0f47bf9" LastModifiedByScreenID="AR505000" LastModifiedDateTime="2014-11-19 16:16:35.953" AdjdOrigCuryInfoID="20240" AdjgFinPeriodID="201403" AdjdFinPeriodID="201403" AdjgTranPeriodID="201403" AdjdTranPeriodID="201403" Voided="0" PendingPPD="0" AdjdHasPPDTaxes="0" IsMigratedRecord="0" IsInitialApplication="0" NoteID="db53eb48-ee6f-e411-99d2-74d435e7799b" />
	</rows>
</data>