﻿<?xml version="1.0" encoding="utf-8"?>
<data>
	<table name="ARContact">
		<col name="CompanyID" type="Int" default="Zero" />
		<col name="ContactID" type="Int" identity="true" />
		<col name="CustomerID" type="Int" />
		<col name="CustomerContactID" type="Int" nullable="true" />
		<col name="RevisionID" type="Int" />
		<col name="IsDefaultContact" type="Bit" />
		<col name="Title" type="NVarChar(50)" nullable="true" />
		<col name="Salutation" type="NVarChar(255)" nullable="true" />
		<col name="Attention" type="NVarChar(255)" nullable="true" />
		<col name="FullName" type="NVarChar(255)" nullable="true" />
		<col name="Email" type="NVarChar(255)" nullable="true" />
		<col name="Phone1" type="VarChar(50)" nullable="true" />
		<col name="Phone1Type" type="VarChar(3)" nullable="true" />
		<col name="Phone2" type="VarChar(50)" nullable="true" />
		<col name="Phone2Type" type="VarChar(3)" nullable="true" />
		<col name="Phone3" type="VarChar(50)" nullable="true" />
		<col name="Phone3Type" type="VarChar(3)" nullable="true" />
		<col name="Fax" type="VarChar(50)" nullable="true" />
		<col name="FaxType" type="VarChar(3)" nullable="true" />
		<col name="PseudonymizationStatus" type="Int" nullable="true" default="Zero" />
		<col name="NoteID" type="UniqueIdentifier" />
		<col name="CreatedByID" type="UniqueIdentifier" />
		<col name="CreatedByScreenID" type="Char(8)" />
		<col name="CreatedDateTime" type="DateTime" />
		<col name="LastModifiedByID" type="UniqueIdentifier" />
		<col name="LastModifiedByScreenID" type="Char(8)" />
		<col name="LastModifiedDateTime" type="DateTime" />
		<col name="tstamp" type="Timestamp" />
	</table>
	<rows>
		<row ContactID="9" CustomerID="19" CustomerContactID="19" RevisionID="1" IsDefaultContact="1" FullName="GoodCo" Phone1Type="B1" Phone2Type="B2" Phone3Type="H1" FaxType="BF" PseudonymizationStatus="0" NoteID="6051a7c1-ae55-4532-86e4-75a3e16a0c97" CreatedByID="b5344897-037e-4d58-b5c3-1bdfd0f47bf9" CreatedByScreenID="AR301000" CreatedDateTime="2014-11-17 11:34:47.333" LastModifiedByID="b5344897-037e-4d58-b5c3-1bdfd0f47bf9" LastModifiedByScreenID="AR301000" LastModifiedDateTime="2014-11-17 11:34:47.333" />
		<row ContactID="10" CustomerID="21" CustomerContactID="21" RevisionID="1" IsDefaultContact="1" FullName="LateCo" Phone1Type="B1" Phone2Type="B2" Phone3Type="H1" FaxType="BF" PseudonymizationStatus="0" NoteID="412e5c6d-eb76-4d7e-8c2f-1e565727f5f9" CreatedByID="b5344897-037e-4d58-b5c3-1bdfd0f47bf9" CreatedByScreenID="AR301000" CreatedDateTime="2014-11-17 11:36:00.837" LastModifiedByID="b5344897-037e-4d58-b5c3-1bdfd0f47bf9" LastModifiedByScreenID="AR301000" LastModifiedDateTime="2014-11-17 11:36:00.837" />
		<row ContactID="11" CustomerID="18" CustomerContactID="18" RevisionID="1" IsDefaultContact="1" Attention="Sales Manager" FullName="RegularCo" Phone1Type="B1" Phone2Type="B2" Phone3Type="H1" FaxType="BF" PseudonymizationStatus="0" NoteID="4dc84468-427d-403f-a357-2dd658493986" CreatedByID="b5344897-037e-4d58-b5c3-1bdfd0f47bf9" CreatedByScreenID="AR301000" CreatedDateTime="2014-11-17 11:37:17.213" LastModifiedByID="b5344897-037e-4d58-b5c3-1bdfd0f47bf9" LastModifiedByScreenID="AR301000" LastModifiedDateTime="2014-11-17 11:37:17.213" />
		<row ContactID="12" CustomerID="20" CustomerContactID="20" RevisionID="1" IsDefaultContact="1" Attention="Telemarketer" FullName="EarlyCo" Phone1Type="B1" Phone2Type="B2" Phone3Type="H1" FaxType="BF" PseudonymizationStatus="0" NoteID="d933015f-9cae-4fa0-b818-5e84cdea7778" CreatedByID="b5344897-037e-4d58-b5c3-1bdfd0f47bf9" CreatedByScreenID="AR301000" CreatedDateTime="2014-11-17 11:38:06.793" LastModifiedByID="b5344897-037e-4d58-b5c3-1bdfd0f47bf9" LastModifiedByScreenID="AR301000" LastModifiedDateTime="2014-11-17 11:38:06.793" />
		<row ContactID="13" CustomerID="30" CustomerContactID="30" RevisionID="2" IsDefaultContact="0" Attention="Aleksandr Jones" FullName="Jones Co" Email="aleks@logicautomated.com" Phone1="847-434-6014" Phone1Type="B1" Phone2Type="C" Phone3Type="H1" FaxType="BF" PseudonymizationStatus="0" NoteID="5305fb8f-da25-ea11-a6f0-9cb6d0c82c0c" CreatedByID="b5344897-037e-4d58-b5c3-1bdfd0f47bf9" CreatedByScreenID="SO302000" CreatedDateTime="2019-12-23 17:18:45.62" LastModifiedByID="b5344897-037e-4d58-b5c3-1bdfd0f47bf9" LastModifiedByScreenID="SO302000" LastModifiedDateTime="2019-12-23 17:18:45.62" />
		<row ContactID="14" CustomerID="30" CustomerContactID="30" RevisionID="2" IsDefaultContact="0" FullName="Aleks Jones" Email="aleks@logicautomated.com" Phone1="+15107175555" Phone1Type="B1" Phone2Type="C" Phone3Type="H1" FaxType="BF" PseudonymizationStatus="0" NoteID="5405fb8f-da25-ea11-a6f0-9cb6d0c82c0c" CreatedByID="b5344897-037e-4d58-b5c3-1bdfd0f47bf9" CreatedByScreenID="SO302000" CreatedDateTime="2019-12-23 17:18:45.623" LastModifiedByID="b5344897-037e-4d58-b5c3-1bdfd0f47bf9" LastModifiedByScreenID="SO302000" LastModifiedDateTime="2019-12-23 17:18:45.623" />
		<row ContactID="15" CustomerID="30" CustomerContactID="30" RevisionID="3" IsDefaultContact="0" Attention="Aleksandr Jones" FullName="Jones Co" Email="aleks@logicautomated.com" Phone1="847-434-6014" Phone1Type="B1" Phone2Type="C" Phone3Type="H1" FaxType="BF" PseudonymizationStatus="0" NoteID="1cbd2aca-da25-ea11-a6f0-9cb6d0c82c0c" CreatedByID="b5344897-037e-4d58-b5c3-1bdfd0f47bf9" CreatedByScreenID="SO302000" CreatedDateTime="2019-12-23 17:20:22.617" LastModifiedByID="b5344897-037e-4d58-b5c3-1bdfd0f47bf9" LastModifiedByScreenID="SO302000" LastModifiedDateTime="2019-12-23 17:20:22.617" />
		<row ContactID="16" CustomerID="30" CustomerContactID="30" RevisionID="3" IsDefaultContact="0" Attention="Pop-up Test Jones" FullName="Logic Automated LLC" Email="aleks@logicautomated.com" Phone1="847-123-1234" Phone1Type="B1" Phone2Type="C" Phone3Type="H1" FaxType="BF" PseudonymizationStatus="0" NoteID="1dbd2aca-da25-ea11-a6f0-9cb6d0c82c0c" CreatedByID="b5344897-037e-4d58-b5c3-1bdfd0f47bf9" CreatedByScreenID="SO302000" CreatedDateTime="2019-12-23 17:20:22.62" LastModifiedByID="b5344897-037e-4d58-b5c3-1bdfd0f47bf9" LastModifiedByScreenID="SO302000" LastModifiedDateTime="2019-12-23 17:20:22.62" />
		<row ContactID="17" CustomerID="30" CustomerContactID="30" RevisionID="3" IsDefaultContact="0" Attention="Aleksandr Jones" FullName="Jones Co" Email="aleks@logicautomated.com" Phone1="847-434-6014" Phone1Type="B1" Phone2Type="C" Phone3Type="H1" FaxType="BF" PseudonymizationStatus="0" NoteID="89356e94-db25-ea11-a6f0-9cb6d0c82c0c" CreatedByID="b5344897-037e-4d58-b5c3-1bdfd0f47bf9" CreatedByScreenID="SO302000" CreatedDateTime="2019-12-23 17:26:02.24" LastModifiedByID="b5344897-037e-4d58-b5c3-1bdfd0f47bf9" LastModifiedByScreenID="SO302000" LastModifiedDateTime="2019-12-23 17:26:02.24" />
		<row ContactID="18" CustomerID="30" CustomerContactID="30" RevisionID="3" IsDefaultContact="0" Attention="Pop-up Test Jones" FullName="Logic Automated LLC" Email="aleks@logicautomated.com" Phone1="847-123-1234" Phone1Type="B1" Phone2Type="C" Phone3Type="H1" FaxType="BF" PseudonymizationStatus="0" NoteID="8a356e94-db25-ea11-a6f0-9cb6d0c82c0c" CreatedByID="b5344897-037e-4d58-b5c3-1bdfd0f47bf9" CreatedByScreenID="SO302000" CreatedDateTime="2019-12-23 17:26:02.24" LastModifiedByID="b5344897-037e-4d58-b5c3-1bdfd0f47bf9" LastModifiedByScreenID="SO302000" LastModifiedDateTime="2019-12-23 17:26:02.24" />
		<row ContactID="19" CustomerID="30" CustomerContactID="30" RevisionID="3" IsDefaultContact="0" Attention="Aleksandr Jones" FullName="Jones Co" Email="aleks@logicautomated.com" Phone1="847-434-6014" Phone1Type="B1" Phone2Type="C" Phone3Type="H1" FaxType="BF" PseudonymizationStatus="0" NoteID="18ed1c66-dc25-ea11-a6f0-9cb6d0c82c0c" CreatedByID="b5344897-037e-4d58-b5c3-1bdfd0f47bf9" CreatedByScreenID="SO302000" CreatedDateTime="2019-12-23 17:31:53.863" LastModifiedByID="b5344897-037e-4d58-b5c3-1bdfd0f47bf9" LastModifiedByScreenID="SO302000" LastModifiedDateTime="2019-12-23 17:31:53.863" />
		<row ContactID="20" CustomerID="30" CustomerContactID="30" RevisionID="3" IsDefaultContact="0" Attention="Pop-up Test Jones" FullName="Logic Automated LLC" Email="aleks@logicautomated.com" Phone1="847-123-1234" Phone1Type="B1" Phone2Type="C" Phone3Type="H1" FaxType="BF" PseudonymizationStatus="0" NoteID="19ed1c66-dc25-ea11-a6f0-9cb6d0c82c0c" CreatedByID="b5344897-037e-4d58-b5c3-1bdfd0f47bf9" CreatedByScreenID="SO302000" CreatedDateTime="2019-12-23 17:31:53.867" LastModifiedByID="b5344897-037e-4d58-b5c3-1bdfd0f47bf9" LastModifiedByScreenID="SO302000" LastModifiedDateTime="2019-12-23 17:31:53.867" />
		<row ContactID="21" CustomerID="30" CustomerContactID="30" RevisionID="3" IsDefaultContact="0" Attention="Aleksandr Jones" FullName="Jones Co" Email="aleks@logicautomated.com" Phone1="847-434-6014" Phone1Type="B1" Phone2Type="C" Phone3Type="H1" FaxType="BF" PseudonymizationStatus="0" NoteID="ad336674-dc25-ea11-a6f0-9cb6d0c82c0c" CreatedByID="b5344897-037e-4d58-b5c3-1bdfd0f47bf9" CreatedByScreenID="SO302000" CreatedDateTime="2019-12-23 17:32:17.737" LastModifiedByID="b5344897-037e-4d58-b5c3-1bdfd0f47bf9" LastModifiedByScreenID="SO302000" LastModifiedDateTime="2019-12-23 17:32:17.737" />
		<row ContactID="22" CustomerID="30" CustomerContactID="30" RevisionID="3" IsDefaultContact="0" Attention="Pop-up Test Jones" FullName="Logic Automated LLC" Email="aleks@logicautomated.com" Phone1="847-123-1234" Phone1Type="B1" Phone2Type="C" Phone3Type="H1" FaxType="BF" PseudonymizationStatus="0" NoteID="ae336674-dc25-ea11-a6f0-9cb6d0c82c0c" CreatedByID="b5344897-037e-4d58-b5c3-1bdfd0f47bf9" CreatedByScreenID="SO302000" CreatedDateTime="2019-12-23 17:32:17.74" LastModifiedByID="b5344897-037e-4d58-b5c3-1bdfd0f47bf9" LastModifiedByScreenID="SO302000" LastModifiedDateTime="2019-12-23 17:32:17.74" />
		<row ContactID="23" CustomerID="30" CustomerContactID="30" RevisionID="3" IsDefaultContact="0" Attention="Aleksandr Jones" FullName="Jones Co" Email="aleks@logicautomated.com" Phone1="847-434-6014" Phone1Type="B1" Phone2Type="C" Phone3Type="H1" FaxType="BF" PseudonymizationStatus="0" NoteID="f24e85f6-dc25-ea11-a6f0-9cb6d0c82c0c" CreatedByID="b5344897-037e-4d58-b5c3-1bdfd0f47bf9" CreatedByScreenID="SO302000" CreatedDateTime="2019-12-23 17:35:56.02" LastModifiedByID="b5344897-037e-4d58-b5c3-1bdfd0f47bf9" LastModifiedByScreenID="SO302000" LastModifiedDateTime="2019-12-23 17:35:56.02" />
		<row ContactID="24" CustomerID="30" CustomerContactID="30" RevisionID="3" IsDefaultContact="0" Attention="Pop-up Test Jones" FullName="Logic Automated LLC" Email="aleks@logicautomated.com" Phone1="847-123-1234" Phone1Type="B1" Phone2Type="C" Phone3Type="H1" FaxType="BF" PseudonymizationStatus="0" NoteID="f34e85f6-dc25-ea11-a6f0-9cb6d0c82c0c" CreatedByID="b5344897-037e-4d58-b5c3-1bdfd0f47bf9" CreatedByScreenID="SO302000" CreatedDateTime="2019-12-23 17:35:56.02" LastModifiedByID="b5344897-037e-4d58-b5c3-1bdfd0f47bf9" LastModifiedByScreenID="SO302000" LastModifiedDateTime="2019-12-23 17:35:56.02" />
		<row ContactID="25" CustomerID="30" CustomerContactID="30" RevisionID="3" IsDefaultContact="0" Attention="Aleksandr Jones" FullName="Jones Co" Email="aleks@logicautomated.com" Phone1="847-434-6014" Phone1Type="B1" Phone2Type="C" Phone3Type="H1" FaxType="BF" PseudonymizationStatus="0" NoteID="b82a6108-de25-ea11-a6f0-9cb6d0c82c0c" CreatedByID="b5344897-037e-4d58-b5c3-1bdfd0f47bf9" CreatedByScreenID="SO302000" CreatedDateTime="2019-12-23 17:43:35.487" LastModifiedByID="b5344897-037e-4d58-b5c3-1bdfd0f47bf9" LastModifiedByScreenID="SO302000" LastModifiedDateTime="2019-12-23 17:43:35.487" />
		<row ContactID="26" CustomerID="30" CustomerContactID="30" RevisionID="3" IsDefaultContact="0" Attention="Pop-up Test Jones" FullName="Logic Automated LLC" Email="aleks@logicautomated.com" Phone1="847-123-1234" Phone1Type="B1" Phone2Type="C" Phone3Type="H1" FaxType="BF" PseudonymizationStatus="0" NoteID="b92a6108-de25-ea11-a6f0-9cb6d0c82c0c" CreatedByID="b5344897-037e-4d58-b5c3-1bdfd0f47bf9" CreatedByScreenID="SO302000" CreatedDateTime="2019-12-23 17:43:35.49" LastModifiedByID="b5344897-037e-4d58-b5c3-1bdfd0f47bf9" LastModifiedByScreenID="SO302000" LastModifiedDateTime="2019-12-23 17:43:35.49" />
		<row ContactID="27" CustomerID="30" CustomerContactID="30" RevisionID="3" IsDefaultContact="0" Attention="Aleksandr Jones" FullName="Jones Co" Email="aleks@logicautomated.com" Phone1="847-434-6014" Phone1Type="B1" Phone2Type="C" Phone3Type="H1" FaxType="BF" PseudonymizationStatus="0" NoteID="2e3ef013-de25-ea11-a6f0-9cb6d0c82c0c" CreatedByID="b5344897-037e-4d58-b5c3-1bdfd0f47bf9" CreatedByScreenID="SO302000" CreatedDateTime="2019-12-23 17:44:04.333" LastModifiedByID="b5344897-037e-4d58-b5c3-1bdfd0f47bf9" LastModifiedByScreenID="SO302000" LastModifiedDateTime="2019-12-23 17:44:04.333" />
		<row ContactID="28" CustomerID="30" CustomerContactID="30" RevisionID="3" IsDefaultContact="0" Attention="Pop-up Test Jones" FullName="Logic Automated LLC" Email="aleks@logicautomated.com" Phone1="847-123-1234" Phone1Type="B1" Phone2Type="C" Phone3Type="H1" FaxType="BF" PseudonymizationStatus="0" NoteID="2f3ef013-de25-ea11-a6f0-9cb6d0c82c0c" CreatedByID="b5344897-037e-4d58-b5c3-1bdfd0f47bf9" CreatedByScreenID="SO302000" CreatedDateTime="2019-12-23 17:44:04.337" LastModifiedByID="b5344897-037e-4d58-b5c3-1bdfd0f47bf9" LastModifiedByScreenID="SO302000" LastModifiedDateTime="2019-12-23 17:44:04.337" />
		<row ContactID="29" CustomerID="30" CustomerContactID="30" RevisionID="3" IsDefaultContact="0" Attention="Aleksandr Jones" FullName="Jones Co" Email="aleks@logicautomated.com" Phone1="847-434-6014" Phone1Type="B1" Phone2Type="C" Phone3Type="H1" FaxType="BF" PseudonymizationStatus="0" NoteID="32163896-de25-ea11-a6f0-9cb6d0c82c0c" CreatedByID="b5344897-037e-4d58-b5c3-1bdfd0f47bf9" CreatedByScreenID="SO302000" CreatedDateTime="2019-12-23 17:47:33.623" LastModifiedByID="b5344897-037e-4d58-b5c3-1bdfd0f47bf9" LastModifiedByScreenID="SO302000" LastModifiedDateTime="2019-12-23 17:47:33.623" />
		<row ContactID="30" CustomerID="30" CustomerContactID="30" RevisionID="3" IsDefaultContact="0" Attention="Pop-up Test Jones" FullName="Logic Automated LLC" Email="aleks@logicautomated.com" Phone1="847-123-1234" Phone1Type="B1" Phone2Type="C" Phone3Type="H1" FaxType="BF" PseudonymizationStatus="0" NoteID="33163896-de25-ea11-a6f0-9cb6d0c82c0c" CreatedByID="b5344897-037e-4d58-b5c3-1bdfd0f47bf9" CreatedByScreenID="SO302000" CreatedDateTime="2019-12-23 17:47:33.623" LastModifiedByID="b5344897-037e-4d58-b5c3-1bdfd0f47bf9" LastModifiedByScreenID="SO302000" LastModifiedDateTime="2019-12-23 17:47:33.623" />
		<row ContactID="31" CustomerID="30" CustomerContactID="30" RevisionID="3" IsDefaultContact="0" Attention="Aleksandr Jones" FullName="Jones Co" Email="aleks@logicautomated.com" Phone1="847-434-6014" Phone1Type="B1" Phone2Type="C" Phone3Type="H1" FaxType="BF" PseudonymizationStatus="0" NoteID="a4cab63d-0426-ea11-a6f0-9cb6d0c82c0c" CreatedByID="b5344897-037e-4d58-b5c3-1bdfd0f47bf9" CreatedByScreenID="SO302000" CreatedDateTime="2019-12-23 22:17:07.85" LastModifiedByID="b5344897-037e-4d58-b5c3-1bdfd0f47bf9" LastModifiedByScreenID="SO302000" LastModifiedDateTime="2019-12-23 22:17:07.85" />
		<row ContactID="32" CustomerID="30" CustomerContactID="30" RevisionID="3" IsDefaultContact="0" Attention="Pop-up Test Jones" FullName="Logic Automated LLC" Email="aleks@logicautomated.com" Phone1="847-123-1234" Phone1Type="B1" Phone2Type="C" Phone3Type="H1" FaxType="BF" PseudonymizationStatus="0" NoteID="a5cab63d-0426-ea11-a6f0-9cb6d0c82c0c" CreatedByID="b5344897-037e-4d58-b5c3-1bdfd0f47bf9" CreatedByScreenID="SO302000" CreatedDateTime="2019-12-23 22:17:07.857" LastModifiedByID="b5344897-037e-4d58-b5c3-1bdfd0f47bf9" LastModifiedByScreenID="SO302000" LastModifiedDateTime="2019-12-23 22:17:07.857" />
		<row ContactID="33" CustomerID="30" CustomerContactID="30" RevisionID="3" IsDefaultContact="0" Attention="Aleksandr Jones" FullName="Jones Co" Email="aleks@logicautomated.com" Phone1="847-434-6014" Phone1Type="B1" Phone2Type="C" Phone3Type="H1" FaxType="BF" PseudonymizationStatus="0" NoteID="3b11a0b2-0426-ea11-a6f0-9cb6d0c82c0c" CreatedByID="b5344897-037e-4d58-b5c3-1bdfd0f47bf9" CreatedByScreenID="SO302000" CreatedDateTime="2019-12-23 22:20:23.993" LastModifiedByID="b5344897-037e-4d58-b5c3-1bdfd0f47bf9" LastModifiedByScreenID="SO302000" LastModifiedDateTime="2019-12-23 22:20:23.993" />
		<row ContactID="34" CustomerID="30" CustomerContactID="30" RevisionID="3" IsDefaultContact="0" Attention="Pop-up Test Jones" FullName="Logic Automated LLC" Email="aleks@logicautomated.com" Phone1="847-123-1234" Phone1Type="B1" Phone2Type="C" Phone3Type="H1" FaxType="BF" PseudonymizationStatus="0" NoteID="3c11a0b2-0426-ea11-a6f0-9cb6d0c82c0c" CreatedByID="b5344897-037e-4d58-b5c3-1bdfd0f47bf9" CreatedByScreenID="SO302000" CreatedDateTime="2019-12-23 22:20:24" LastModifiedByID="b5344897-037e-4d58-b5c3-1bdfd0f47bf9" LastModifiedByScreenID="SO302000" LastModifiedDateTime="2019-12-23 22:20:24" />
		<row ContactID="35" CustomerID="30" CustomerContactID="30" RevisionID="3" IsDefaultContact="0" Attention="Aleksandr Jones" FullName="Jones Co" Email="aleks@logicautomated.com" Phone1="847-434-6014" Phone1Type="B1" Phone2Type="C" Phone3Type="H1" FaxType="BF" PseudonymizationStatus="0" NoteID="0e8cf26f-0526-ea11-a6f0-9cb6d0c82c0c" CreatedByID="b5344897-037e-4d58-b5c3-1bdfd0f47bf9" CreatedByScreenID="SO302000" CreatedDateTime="2019-12-23 22:25:42.07" LastModifiedByID="b5344897-037e-4d58-b5c3-1bdfd0f47bf9" LastModifiedByScreenID="SO302000" LastModifiedDateTime="2019-12-23 22:25:42.07" />
		<row ContactID="36" CustomerID="30" CustomerContactID="30" RevisionID="3" IsDefaultContact="0" Attention="Pop-up Test Jones" FullName="Logic Automated LLC" Email="aleks@logicautomated.com" Phone1="847-123-1234" Phone1Type="B1" Phone2Type="C" Phone3Type="H1" FaxType="BF" PseudonymizationStatus="0" NoteID="0f8cf26f-0526-ea11-a6f0-9cb6d0c82c0c" CreatedByID="b5344897-037e-4d58-b5c3-1bdfd0f47bf9" CreatedByScreenID="SO302000" CreatedDateTime="2019-12-23 22:25:42.08" LastModifiedByID="b5344897-037e-4d58-b5c3-1bdfd0f47bf9" LastModifiedByScreenID="SO302000" LastModifiedDateTime="2019-12-23 22:25:42.08" />
		<row ContactID="37" CustomerID="30" CustomerContactID="30" RevisionID="3" IsDefaultContact="0" Attention="Aleksandr Jones" FullName="Jones Co" Email="aleks@logicautomated.com" Phone1="847-434-6014" Phone1Type="B1" Phone2Type="C" Phone3Type="H1" FaxType="BF" PseudonymizationStatus="0" NoteID="40586a8f-0526-ea11-a6f0-9cb6d0c82c0c" CreatedByID="b5344897-037e-4d58-b5c3-1bdfd0f47bf9" CreatedByScreenID="SO302000" CreatedDateTime="2019-12-23 22:26:34.14" LastModifiedByID="b5344897-037e-4d58-b5c3-1bdfd0f47bf9" LastModifiedByScreenID="SO302000" LastModifiedDateTime="2019-12-23 22:26:34.14" />
		<row ContactID="38" CustomerID="30" CustomerContactID="30" RevisionID="3" IsDefaultContact="0" Attention="Pop-up Test Jones" FullName="Logic Automated LLC" Email="aleks@logicautomated.com" Phone1="847-123-1234" Phone1Type="B1" Phone2Type="C" Phone3Type="H1" FaxType="BF" PseudonymizationStatus="0" NoteID="41586a8f-0526-ea11-a6f0-9cb6d0c82c0c" CreatedByID="b5344897-037e-4d58-b5c3-1bdfd0f47bf9" CreatedByScreenID="SO302000" CreatedDateTime="2019-12-23 22:26:34.147" LastModifiedByID="b5344897-037e-4d58-b5c3-1bdfd0f47bf9" LastModifiedByScreenID="SO302000" LastModifiedDateTime="2019-12-23 22:26:34.147" />
		<row ContactID="39" CustomerID="30" CustomerContactID="30" RevisionID="3" IsDefaultContact="0" Attention="Aleksandr Jones" FullName="Jones Co" Email="aleks@logicautomated.com" Phone1="847-434-6014" Phone1Type="B1" Phone2Type="C" Phone3Type="H1" FaxType="BF" PseudonymizationStatus="0" NoteID="70fae546-0726-ea11-a6f0-9cb6d0c82c0c" CreatedByID="b5344897-037e-4d58-b5c3-1bdfd0f47bf9" CreatedByScreenID="SO302000" CreatedDateTime="2019-12-23 22:38:52.733" LastModifiedByID="b5344897-037e-4d58-b5c3-1bdfd0f47bf9" LastModifiedByScreenID="SO302000" LastModifiedDateTime="2019-12-23 22:38:52.733" />
		<row ContactID="40" CustomerID="30" CustomerContactID="30" RevisionID="3" IsDefaultContact="0" Attention="Pop-up Test Jones" FullName="Logic Automated LLC" Email="aleks@logicautomated.com" Phone1="847-123-1234" Phone1Type="B1" Phone2Type="C" Phone3Type="H1" FaxType="BF" PseudonymizationStatus="0" NoteID="71fae546-0726-ea11-a6f0-9cb6d0c82c0c" CreatedByID="b5344897-037e-4d58-b5c3-1bdfd0f47bf9" CreatedByScreenID="SO302000" CreatedDateTime="2019-12-23 22:38:52.743" LastModifiedByID="b5344897-037e-4d58-b5c3-1bdfd0f47bf9" LastModifiedByScreenID="SO302000" LastModifiedDateTime="2019-12-23 22:38:52.743" />
		<row ContactID="41" CustomerID="30" CustomerContactID="30" RevisionID="3" IsDefaultContact="0" Attention="Aleksandr Jones" FullName="Jones Co" Email="aleks@logicautomated.com" Phone1="847-434-6014" Phone1Type="B1" Phone2Type="C" Phone3Type="H1" FaxType="BF" PseudonymizationStatus="0" NoteID="c856af0e-0826-ea11-a6f0-9cb6d0c82c0c" CreatedByID="b5344897-037e-4d58-b5c3-1bdfd0f47bf9" CreatedByScreenID="SO302000" CreatedDateTime="2019-12-23 22:44:26.71" LastModifiedByID="b5344897-037e-4d58-b5c3-1bdfd0f47bf9" LastModifiedByScreenID="SO302000" LastModifiedDateTime="2019-12-23 22:44:26.71" />
		<row ContactID="42" CustomerID="30" CustomerContactID="30" RevisionID="3" IsDefaultContact="0" Attention="Pop-up Test Jones" FullName="Logic Automated LLC" Email="aleks@logicautomated.com" Phone1="847-123-1234" Phone1Type="B1" Phone2Type="C" Phone3Type="H1" FaxType="BF" PseudonymizationStatus="0" NoteID="c956af0e-0826-ea11-a6f0-9cb6d0c82c0c" CreatedByID="b5344897-037e-4d58-b5c3-1bdfd0f47bf9" CreatedByScreenID="SO302000" CreatedDateTime="2019-12-23 22:44:26.717" LastModifiedByID="b5344897-037e-4d58-b5c3-1bdfd0f47bf9" LastModifiedByScreenID="SO302000" LastModifiedDateTime="2019-12-23 22:44:26.717" />
		<row ContactID="43" CustomerID="30" CustomerContactID="30" RevisionID="3" IsDefaultContact="0" Attention="Aleksandr Jones" FullName="Jones Co" Email="aleks@logicautomated.com" Phone1="847-434-6014" Phone1Type="B1" Phone2Type="C" Phone3Type="H1" FaxType="BF" PseudonymizationStatus="0" NoteID="9a77eb17-0926-ea11-a6f0-9cb6d0c82c0c" CreatedByID="b5344897-037e-4d58-b5c3-1bdfd0f47bf9" CreatedByScreenID="SO302000" CreatedDateTime="2019-12-23 22:51:51.95" LastModifiedByID="b5344897-037e-4d58-b5c3-1bdfd0f47bf9" LastModifiedByScreenID="SO302000" LastModifiedDateTime="2019-12-23 22:51:51.95" />
		<row ContactID="44" CustomerID="30" CustomerContactID="30" RevisionID="3" IsDefaultContact="0" Attention="Pop-up Test Jones" FullName="Logic Automated LLC" Email="aleks@logicautomated.com" Phone1="847-123-1234" Phone1Type="B1" Phone2Type="C" Phone3Type="H1" FaxType="BF" PseudonymizationStatus="0" NoteID="9b77eb17-0926-ea11-a6f0-9cb6d0c82c0c" CreatedByID="b5344897-037e-4d58-b5c3-1bdfd0f47bf9" CreatedByScreenID="SO302000" CreatedDateTime="2019-12-23 22:51:51.957" LastModifiedByID="b5344897-037e-4d58-b5c3-1bdfd0f47bf9" LastModifiedByScreenID="SO302000" LastModifiedDateTime="2019-12-23 22:51:51.957" />
		<row ContactID="45" CustomerID="30" CustomerContactID="30" RevisionID="3" IsDefaultContact="0" Attention="Aleksandr Jones" FullName="Jones Co" Email="aleks@logicautomated.com" Phone1="847-434-6014" Phone1Type="B1" Phone2Type="C" Phone3Type="H1" FaxType="BF" PseudonymizationStatus="0" NoteID="ca3b9949-0926-ea11-a6f0-9cb6d0c82c0c" CreatedByID="b5344897-037e-4d58-b5c3-1bdfd0f47bf9" CreatedByScreenID="SO302000" CreatedDateTime="2019-12-23 22:53:15.43" LastModifiedByID="b5344897-037e-4d58-b5c3-1bdfd0f47bf9" LastModifiedByScreenID="SO302000" LastModifiedDateTime="2019-12-23 22:53:15.43" />
		<row ContactID="46" CustomerID="30" CustomerContactID="30" RevisionID="3" IsDefaultContact="0" Attention="Pop-up Test Jones" FullName="Logic Automated LLC" Email="aleks@logicautomated.com" Phone1="847-123-1234" Phone1Type="B1" Phone2Type="C" Phone3Type="H1" FaxType="BF" PseudonymizationStatus="0" NoteID="cb3b9949-0926-ea11-a6f0-9cb6d0c82c0c" CreatedByID="b5344897-037e-4d58-b5c3-1bdfd0f47bf9" CreatedByScreenID="SO302000" CreatedDateTime="2019-12-23 22:53:15.437" LastModifiedByID="b5344897-037e-4d58-b5c3-1bdfd0f47bf9" LastModifiedByScreenID="SO302000" LastModifiedDateTime="2019-12-23 22:53:15.437" />
		<row ContactID="47" CustomerID="30" CustomerContactID="30" RevisionID="3" IsDefaultContact="0" Attention="Aleksandr Jones" FullName="Jones Co" Email="aleks@logicautomated.com" Phone1="847-434-6014" Phone1Type="B1" Phone2Type="C" Phone3Type="H1" FaxType="BF" PseudonymizationStatus="0" NoteID="d2e6ecdc-0a26-ea11-a6f0-9cb6d0c82c0c" CreatedByID="b5344897-037e-4d58-b5c3-1bdfd0f47bf9" CreatedByScreenID="SO302000" CreatedDateTime="2019-12-23 23:04:32.09" LastModifiedByID="b5344897-037e-4d58-b5c3-1bdfd0f47bf9" LastModifiedByScreenID="SO302000" LastModifiedDateTime="2019-12-23 23:04:32.09" />
		<row ContactID="48" CustomerID="30" CustomerContactID="30" RevisionID="3" IsDefaultContact="0" Attention="Pop-up Test Jones" FullName="Logic Automated LLC" Email="aleks@logicautomated.com" Phone1="847-123-1234" Phone1Type="B1" Phone2Type="C" Phone3Type="H1" FaxType="BF" PseudonymizationStatus="0" NoteID="d3e6ecdc-0a26-ea11-a6f0-9cb6d0c82c0c" CreatedByID="b5344897-037e-4d58-b5c3-1bdfd0f47bf9" CreatedByScreenID="SO302000" CreatedDateTime="2019-12-23 23:04:32.093" LastModifiedByID="b5344897-037e-4d58-b5c3-1bdfd0f47bf9" LastModifiedByScreenID="SO302000" LastModifiedDateTime="2019-12-23 23:04:32.093" />
	</rows>
</data>