﻿<?xml version="1.0" encoding="utf-8"?>
<data>
	<table name="ARDunningLetterDetail">
		<col name="DunningLetterID" type="Int" />
		<col name="CompanyID" type="Int" default="Zero" />
		<col name="BAccountID" type="Int" />
		<col name="DunningLetterBAccountID" type="Int" />
		<col name="DocType" type="Char(3)" />
		<col name="RefNbr" type="NVarChar(15)" />
		<col name="DocDate" type="SmallDateTime" />
		<col name="DueDate" type="SmallDateTime" />
		<col name="CuryOrigDocAmt" type="Decimal(19,4)" />
		<col name="CuryDocBal" type="Decimal(19,4)" />
		<col name="CuryID" type="NVarChar(5)" />
		<col name="OrigDocAmt" type="Decimal(19,4)" />
		<col name="DocBal" type="Decimal(19,4)" />
		<col name="Overdue" type="Bit" />
		<col name="DunningLetterLevel" type="Int" nullable="true" />
		<col name="Voided" type="Bit" default="Zero" />
		<col name="Released" type="Bit" />
		<col name="tstamp" type="Timestamp" />
	</table>
	<rows>
		<row DunningLetterID="1" BAccountID="21" DunningLetterBAccountID="21" DocType="INV" RefNbr="000002" DocDate="2014-02-01 00:00:00" DueDate="2014-03-03 00:00:00" CuryOrigDocAmt="800.0000" CuryDocBal="720.0000" CuryID="USD" OrigDocAmt="800.0000" DocBal="720.0000" Overdue="1" DunningLetterLevel="1" Voided="0" Released="1" />
		<row DunningLetterID="2" BAccountID="21" DunningLetterBAccountID="21" DocType="INV" RefNbr="000002" DocDate="2014-02-01 00:00:00" DueDate="2014-03-03 00:00:00" CuryOrigDocAmt="800.0000" CuryDocBal="720.0000" CuryID="USD" OrigDocAmt="800.0000" DocBal="720.0000" Overdue="1" DunningLetterLevel="2" Voided="0" Released="1" />
	</rows>
</data>