﻿<?xml version="1.0" encoding="utf-8"?>
<data>
	<table name="ARHistory">
		<col name="CompanyID" type="Int" default="Zero" />
		<col name="BranchID" type="Int" />
		<col name="AccountID" type="Int" />
		<col name="SubID" type="Int" />
		<col name="CustomerID" type="Int" />
		<col name="FinBegBalance" type="Decimal(19,4)" />
		<col name="FinPtdSales" type="Decimal(19,4)" />
		<col name="FinPtdPayments" type="Decimal(19,4)" />
		<col name="FinPtdDrAdjustments" type="Decimal(19,4)" />
		<col name="FinPtdCrAdjustments" type="Decimal(19,4)" />
		<col name="FinPtdDiscounts" type="Decimal(19,4)" />
		<col name="FinPtdCOGS" type="Decimal(19,4)" />
		<col name="FinPtdRGOL" type="Decimal(19,4)" />
		<col name="FinPtdFinCharges" type="Decimal(19,4)" />
		<col name="FinYtdBalance" type="Decimal(19,4)" />
		<col name="FinPtdDeposits" type="Decimal(19,4)" />
		<col name="FinYtdDeposits" type="Decimal(19,4)" />
		<col name="FinPtdItemDiscounts" type="Decimal(19,4)" />
		<col name="TranBegBalance" type="Decimal(19,4)" />
		<col name="TranPtdSales" type="Decimal(19,4)" />
		<col name="TranPtdPayments" type="Decimal(19,4)" />
		<col name="TranPtdDrAdjustments" type="Decimal(19,4)" />
		<col name="TranPtdCrAdjustments" type="Decimal(19,4)" />
		<col name="TranPtdDiscounts" type="Decimal(19,4)" />
		<col name="TranPtdRGOL" type="Decimal(19,4)" />
		<col name="TranPtdCOGS" type="Decimal(19,4)" />
		<col name="TranPtdFinCharges" type="Decimal(19,4)" />
		<col name="TranYtdBalance" type="Decimal(19,4)" />
		<col name="TranPtdDeposits" type="Decimal(19,4)" />
		<col name="TranYtdDeposits" type="Decimal(19,4)" />
		<col name="TranPtdItemDiscounts" type="Decimal(19,4)" />
		<col name="FinPtdRetainageWithheld" type="Decimal(19,4)" default="Zero" />
		<col name="TranPtdRetainageWithheld" type="Decimal(19,4)" default="Zero" />
		<col name="FinYtdRetainageWithheld" type="Decimal(19,4)" default="Zero" />
		<col name="TranYtdRetainageWithheld" type="Decimal(19,4)" default="Zero" />
		<col name="FinPtdRetainageReleased" type="Decimal(19,4)" default="Zero" />
		<col name="TranPtdRetainageReleased" type="Decimal(19,4)" default="Zero" />
		<col name="FinYtdRetainageReleased" type="Decimal(19,4)" default="Zero" />
		<col name="TranYtdRetainageReleased" type="Decimal(19,4)" default="Zero" />
		<col name="NumberInvoicePaid" type="Int" />
		<col name="PaidInvoiceDays" type="SmallInt" />
		<col name="tstamp" type="Timestamp" />
		<col name="DetDeleted" type="Bit" default="Zero" />
		<col name="FinPeriodID" type="Char(6)" />
		<col name="FinPtdRevalued" type="Decimal(19,4)" default="Zero" />
	</table>
	<rows>
		<row BranchID="1" AccountID="40" SubID="1" CustomerID="18" FinBegBalance="0.0000" FinPtdSales="1000.0000" FinPtdPayments="500.0000" FinPtdDrAdjustments="0.0000" FinPtdCrAdjustments="0.0000" FinPtdDiscounts="0.0000" FinPtdCOGS="0.0000" FinPtdRGOL="0.0000" FinPtdFinCharges="0.0000" FinYtdBalance="500.0000" FinPtdDeposits="0.0000" FinYtdDeposits="0.0000" FinPtdItemDiscounts="0.0000" TranBegBalance="0.0000" TranPtdSales="1000.0000" TranPtdPayments="500.0000" TranPtdDrAdjustments="0.0000" TranPtdCrAdjustments="0.0000" TranPtdDiscounts="0.0000" TranPtdRGOL="0.0000" TranPtdCOGS="0.0000" TranPtdFinCharges="0.0000" TranYtdBalance="500.0000" TranPtdDeposits="0.0000" TranYtdDeposits="0.0000" TranPtdItemDiscounts="0.0000" FinPtdRetainageWithheld="0.0000" TranPtdRetainageWithheld="0.0000" FinYtdRetainageWithheld="0.0000" TranYtdRetainageWithheld="0.0000" FinPtdRetainageReleased="0.0000" TranPtdRetainageReleased="0.0000" FinYtdRetainageReleased="0.0000" TranYtdRetainageReleased="0.0000" NumberInvoicePaid="0" PaidInvoiceDays="0" DetDeleted="0" FinPeriodID="201402" FinPtdRevalued="0.0000" />
		<row BranchID="1" AccountID="40" SubID="1" CustomerID="18" FinBegBalance="500.0000" FinPtdSales="60.0000" FinPtdPayments="570.0000" FinPtdDrAdjustments="70.0000" FinPtdCrAdjustments="0.0000" FinPtdDiscounts="0.0000" FinPtdCOGS="0.0000" FinPtdRGOL="0.0000" FinPtdFinCharges="0.0000" FinYtdBalance="60.0000" FinPtdDeposits="0.0000" FinYtdDeposits="0.0000" FinPtdItemDiscounts="0.0000" TranBegBalance="500.0000" TranPtdSales="60.0000" TranPtdPayments="570.0000" TranPtdDrAdjustments="70.0000" TranPtdCrAdjustments="0.0000" TranPtdDiscounts="0.0000" TranPtdRGOL="0.0000" TranPtdCOGS="0.0000" TranPtdFinCharges="0.0000" TranYtdBalance="60.0000" TranPtdDeposits="0.0000" TranYtdDeposits="0.0000" TranPtdItemDiscounts="0.0000" FinPtdRetainageWithheld="0.0000" TranPtdRetainageWithheld="0.0000" FinYtdRetainageWithheld="0.0000" TranYtdRetainageWithheld="0.0000" FinPtdRetainageReleased="0.0000" TranPtdRetainageReleased="0.0000" FinYtdRetainageReleased="0.0000" TranYtdRetainageReleased="0.0000" NumberInvoicePaid="0" PaidInvoiceDays="0" DetDeleted="0" FinPeriodID="201403" FinPtdRevalued="0.0000" />
		<row BranchID="1" AccountID="40" SubID="1" CustomerID="18" FinBegBalance="60.0000" FinPtdSales="0.0000" FinPtdPayments="59.9000" FinPtdDrAdjustments="0.0000" FinPtdCrAdjustments="0.1000" FinPtdDiscounts="0.0000" FinPtdCOGS="0.0000" FinPtdRGOL="0.0000" FinPtdFinCharges="0.0000" FinYtdBalance="0.0000" FinPtdDeposits="0.0000" FinYtdDeposits="0.0000" FinPtdItemDiscounts="0.0000" TranBegBalance="60.0000" TranPtdSales="0.0000" TranPtdPayments="59.9000" TranPtdDrAdjustments="0.0000" TranPtdCrAdjustments="0.1000" TranPtdDiscounts="0.0000" TranPtdRGOL="0.0000" TranPtdCOGS="0.0000" TranPtdFinCharges="0.0000" TranYtdBalance="0.0000" TranPtdDeposits="0.0000" TranYtdDeposits="0.0000" TranPtdItemDiscounts="0.0000" FinPtdRetainageWithheld="0.0000" TranPtdRetainageWithheld="0.0000" FinYtdRetainageWithheld="0.0000" TranYtdRetainageWithheld="0.0000" FinPtdRetainageReleased="0.0000" TranPtdRetainageReleased="0.0000" FinYtdRetainageReleased="0.0000" TranYtdRetainageReleased="0.0000" NumberInvoicePaid="0" PaidInvoiceDays="0" DetDeleted="0" FinPeriodID="201404" FinPtdRevalued="0.0000" />
		<row BranchID="1" AccountID="40" SubID="1" CustomerID="19" FinBegBalance="0.0000" FinPtdSales="300.0000" FinPtdPayments="300.0000" FinPtdDrAdjustments="0.0000" FinPtdCrAdjustments="0.0000" FinPtdDiscounts="0.0000" FinPtdCOGS="0.0000" FinPtdRGOL="0.0000" FinPtdFinCharges="0.0000" FinYtdBalance="0.0000" FinPtdDeposits="0.0000" FinYtdDeposits="0.0000" FinPtdItemDiscounts="0.0000" TranBegBalance="0.0000" TranPtdSales="300.0000" TranPtdPayments="300.0000" TranPtdDrAdjustments="0.0000" TranPtdCrAdjustments="0.0000" TranPtdDiscounts="0.0000" TranPtdRGOL="0.0000" TranPtdCOGS="0.0000" TranPtdFinCharges="0.0000" TranYtdBalance="0.0000" TranPtdDeposits="0.0000" TranYtdDeposits="0.0000" TranPtdItemDiscounts="0.0000" FinPtdRetainageWithheld="0.0000" TranPtdRetainageWithheld="0.0000" FinYtdRetainageWithheld="0.0000" TranYtdRetainageWithheld="0.0000" FinPtdRetainageReleased="0.0000" TranPtdRetainageReleased="0.0000" FinYtdRetainageReleased="0.0000" TranYtdRetainageReleased="0.0000" NumberInvoicePaid="0" PaidInvoiceDays="0" DetDeleted="0" FinPeriodID="201402" FinPtdRevalued="0.0000" />
		<row BranchID="1" AccountID="40" SubID="1" CustomerID="19" FinBegBalance="0.0000" FinPtdSales="50.0000" FinPtdPayments="50.0000" FinPtdDrAdjustments="0.0000" FinPtdCrAdjustments="0.0000" FinPtdDiscounts="0.0000" FinPtdCOGS="0.0000" FinPtdRGOL="0.0000" FinPtdFinCharges="0.0000" FinYtdBalance="0.0000" FinPtdDeposits="0.0000" FinYtdDeposits="0.0000" FinPtdItemDiscounts="0.0000" TranBegBalance="0.0000" TranPtdSales="50.0000" TranPtdPayments="50.0000" TranPtdDrAdjustments="0.0000" TranPtdCrAdjustments="0.0000" TranPtdDiscounts="0.0000" TranPtdRGOL="0.0000" TranPtdCOGS="0.0000" TranPtdFinCharges="0.0000" TranYtdBalance="0.0000" TranPtdDeposits="0.0000" TranYtdDeposits="0.0000" TranPtdItemDiscounts="0.0000" FinPtdRetainageWithheld="0.0000" TranPtdRetainageWithheld="0.0000" FinYtdRetainageWithheld="0.0000" TranYtdRetainageWithheld="0.0000" FinPtdRetainageReleased="0.0000" TranPtdRetainageReleased="0.0000" FinYtdRetainageReleased="0.0000" TranYtdRetainageReleased="0.0000" NumberInvoicePaid="0" PaidInvoiceDays="0" DetDeleted="0" FinPeriodID="201403" FinPtdRevalued="0.0000" />
		<row BranchID="1" AccountID="40" SubID="1" CustomerID="20" FinBegBalance="0.0000" FinPtdSales="500.0000" FinPtdPayments="0.0000" FinPtdDrAdjustments="0.0000" FinPtdCrAdjustments="0.0000" FinPtdDiscounts="0.0000" FinPtdCOGS="0.0000" FinPtdRGOL="0.0000" FinPtdFinCharges="0.0000" FinYtdBalance="500.0000" FinPtdDeposits="0.0000" FinYtdDeposits="0.0000" FinPtdItemDiscounts="0.0000" TranBegBalance="0.0000" TranPtdSales="500.0000" TranPtdPayments="0.0000" TranPtdDrAdjustments="0.0000" TranPtdCrAdjustments="0.0000" TranPtdDiscounts="0.0000" TranPtdRGOL="0.0000" TranPtdCOGS="0.0000" TranPtdFinCharges="0.0000" TranYtdBalance="500.0000" TranPtdDeposits="0.0000" TranYtdDeposits="0.0000" TranPtdItemDiscounts="0.0000" FinPtdRetainageWithheld="0.0000" TranPtdRetainageWithheld="0.0000" FinYtdRetainageWithheld="0.0000" TranYtdRetainageWithheld="0.0000" FinPtdRetainageReleased="0.0000" TranPtdRetainageReleased="0.0000" FinYtdRetainageReleased="0.0000" TranYtdRetainageReleased="0.0000" NumberInvoicePaid="0" PaidInvoiceDays="0" DetDeleted="0" FinPeriodID="201402" FinPtdRevalued="0.0000" />
		<row BranchID="1" AccountID="40" SubID="1" CustomerID="20" FinBegBalance="500.0000" FinPtdSales="0.0000" FinPtdPayments="490.0000" FinPtdDrAdjustments="5.0000" FinPtdCrAdjustments="0.0000" FinPtdDiscounts="15.0000" FinPtdCOGS="0.0000" FinPtdRGOL="0.0000" FinPtdFinCharges="0.0000" FinYtdBalance="0.0000" FinPtdDeposits="0.0000" FinYtdDeposits="0.0000" FinPtdItemDiscounts="0.0000" TranBegBalance="500.0000" TranPtdSales="0.0000" TranPtdPayments="490.0000" TranPtdDrAdjustments="5.0000" TranPtdCrAdjustments="0.0000" TranPtdDiscounts="15.0000" TranPtdRGOL="0.0000" TranPtdCOGS="0.0000" TranPtdFinCharges="0.0000" TranYtdBalance="0.0000" TranPtdDeposits="0.0000" TranYtdDeposits="0.0000" TranPtdItemDiscounts="0.0000" FinPtdRetainageWithheld="0.0000" TranPtdRetainageWithheld="0.0000" FinYtdRetainageWithheld="0.0000" TranYtdRetainageWithheld="0.0000" FinPtdRetainageReleased="0.0000" TranPtdRetainageReleased="0.0000" FinYtdRetainageReleased="0.0000" TranYtdRetainageReleased="0.0000" NumberInvoicePaid="0" PaidInvoiceDays="0" DetDeleted="0" FinPeriodID="201403" FinPtdRevalued="0.0000" />
		<row BranchID="1" AccountID="40" SubID="1" CustomerID="21" FinBegBalance="0.0000" FinPtdSales="800.0000" FinPtdPayments="0.0000" FinPtdDrAdjustments="0.0000" FinPtdCrAdjustments="0.0000" FinPtdDiscounts="0.0000" FinPtdCOGS="0.0000" FinPtdRGOL="0.0000" FinPtdFinCharges="0.0000" FinYtdBalance="800.0000" FinPtdDeposits="0.0000" FinYtdDeposits="0.0000" FinPtdItemDiscounts="0.0000" TranBegBalance="0.0000" TranPtdSales="800.0000" TranPtdPayments="0.0000" TranPtdDrAdjustments="0.0000" TranPtdCrAdjustments="0.0000" TranPtdDiscounts="0.0000" TranPtdRGOL="0.0000" TranPtdCOGS="0.0000" TranPtdFinCharges="0.0000" TranYtdBalance="800.0000" TranPtdDeposits="0.0000" TranYtdDeposits="0.0000" TranPtdItemDiscounts="0.0000" FinPtdRetainageWithheld="0.0000" TranPtdRetainageWithheld="0.0000" FinYtdRetainageWithheld="0.0000" TranYtdRetainageWithheld="0.0000" FinPtdRetainageReleased="0.0000" TranPtdRetainageReleased="0.0000" FinYtdRetainageReleased="0.0000" TranYtdRetainageReleased="0.0000" NumberInvoicePaid="0" PaidInvoiceDays="0" DetDeleted="0" FinPeriodID="201402" FinPtdRevalued="0.0000" />
		<row BranchID="1" AccountID="40" SubID="1" CustomerID="21" FinBegBalance="800.0000" FinPtdSales="0.0000" FinPtdPayments="730.0000" FinPtdDrAdjustments="0.0000" FinPtdCrAdjustments="83.8100" FinPtdDiscounts="0.0000" FinPtdCOGS="0.0000" FinPtdRGOL="0.0000" FinPtdFinCharges="13.8100" FinYtdBalance="0.0000" FinPtdDeposits="0.0000" FinYtdDeposits="0.0000" FinPtdItemDiscounts="0.0000" TranBegBalance="800.0000" TranPtdSales="0.0000" TranPtdPayments="730.0000" TranPtdDrAdjustments="0.0000" TranPtdCrAdjustments="83.8100" TranPtdDiscounts="0.0000" TranPtdRGOL="0.0000" TranPtdCOGS="0.0000" TranPtdFinCharges="13.8100" TranYtdBalance="0.0000" TranPtdDeposits="0.0000" TranYtdDeposits="0.0000" TranPtdItemDiscounts="0.0000" FinPtdRetainageWithheld="0.0000" TranPtdRetainageWithheld="0.0000" FinYtdRetainageWithheld="0.0000" TranYtdRetainageWithheld="0.0000" FinPtdRetainageReleased="0.0000" TranPtdRetainageReleased="0.0000" FinYtdRetainageReleased="0.0000" TranYtdRetainageReleased="0.0000" NumberInvoicePaid="0" PaidInvoiceDays="0" DetDeleted="0" FinPeriodID="201403" FinPtdRevalued="0.0000" />
		<row BranchID="1" AccountID="40" SubID="1" CustomerID="30" FinBegBalance="0.0000" FinPtdSales="4148.9700" FinPtdPayments="6623.6000" FinPtdDrAdjustments="0.0000" FinPtdCrAdjustments="0.0000" FinPtdDiscounts="0.0000" FinPtdCOGS="0.0000" FinPtdRGOL="0.0000" FinPtdFinCharges="0.0000" FinYtdBalance="-2474.6300" FinPtdDeposits="0.0000" FinYtdDeposits="0.0000" FinPtdItemDiscounts="137.0000" TranBegBalance="0.0000" TranPtdSales="4148.9700" TranPtdPayments="6623.6000" TranPtdDrAdjustments="0.0000" TranPtdCrAdjustments="0.0000" TranPtdDiscounts="0.0000" TranPtdRGOL="0.0000" TranPtdCOGS="0.0000" TranPtdFinCharges="0.0000" TranYtdBalance="-2474.6300" TranPtdDeposits="0.0000" TranYtdDeposits="0.0000" TranPtdItemDiscounts="137.0000" FinPtdRetainageWithheld="0.0000" TranPtdRetainageWithheld="0.0000" FinYtdRetainageWithheld="0.0000" TranYtdRetainageWithheld="0.0000" FinPtdRetainageReleased="0.0000" TranPtdRetainageReleased="0.0000" FinYtdRetainageReleased="0.0000" TranYtdRetainageReleased="0.0000" NumberInvoicePaid="0" PaidInvoiceDays="0" DetDeleted="0" FinPeriodID="201912" FinPtdRevalued="0.0000" />
		<row BranchID="1" AccountID="41" SubID="1" CustomerID="19" FinBegBalance="0.0000" FinPtdSales="0.0000" FinPtdPayments="0.0000" FinPtdDrAdjustments="0.0000" FinPtdCrAdjustments="0.0000" FinPtdDiscounts="0.0000" FinPtdCOGS="0.0000" FinPtdRGOL="0.0000" FinPtdFinCharges="0.0000" FinYtdBalance="0.0000" FinPtdDeposits="0.0000" FinYtdDeposits="0.0000" FinPtdItemDiscounts="0.0000" TranBegBalance="0.0000" TranPtdSales="0.0000" TranPtdPayments="0.0000" TranPtdDrAdjustments="0.0000" TranPtdCrAdjustments="0.0000" TranPtdDiscounts="0.0000" TranPtdRGOL="0.0000" TranPtdCOGS="0.0000" TranPtdFinCharges="0.0000" TranYtdBalance="0.0000" TranPtdDeposits="0.0000" TranYtdDeposits="0.0000" TranPtdItemDiscounts="0.0000" FinPtdRetainageWithheld="0.0000" TranPtdRetainageWithheld="0.0000" FinYtdRetainageWithheld="0.0000" TranYtdRetainageWithheld="0.0000" FinPtdRetainageReleased="0.0000" TranPtdRetainageReleased="0.0000" FinYtdRetainageReleased="0.0000" TranYtdRetainageReleased="0.0000" NumberInvoicePaid="0" PaidInvoiceDays="0" DetDeleted="0" FinPeriodID="201403" FinPtdRevalued="0.0000" />
		<row BranchID="1" AccountID="44" SubID="1" CustomerID="20" FinBegBalance="0.0000" FinPtdSales="0.0000" FinPtdPayments="0.0000" FinPtdDrAdjustments="0.0000" FinPtdCrAdjustments="0.0000" FinPtdDiscounts="0.0000" FinPtdCOGS="0.0000" FinPtdRGOL="0.0000" FinPtdFinCharges="0.0000" FinYtdBalance="0.0000" FinPtdDeposits="0.0000" FinYtdDeposits="0.0000" FinPtdItemDiscounts="0.0000" TranBegBalance="0.0000" TranPtdSales="0.0000" TranPtdPayments="0.0000" TranPtdDrAdjustments="0.0000" TranPtdCrAdjustments="0.0000" TranPtdDiscounts="0.0000" TranPtdRGOL="0.0000" TranPtdCOGS="0.0000" TranPtdFinCharges="0.0000" TranYtdBalance="0.0000" TranPtdDeposits="0.0000" TranYtdDeposits="0.0000" TranPtdItemDiscounts="0.0000" FinPtdRetainageWithheld="0.0000" TranPtdRetainageWithheld="0.0000" FinYtdRetainageWithheld="0.0000" TranYtdRetainageWithheld="0.0000" FinPtdRetainageReleased="0.0000" TranPtdRetainageReleased="0.0000" FinYtdRetainageReleased="0.0000" TranYtdRetainageReleased="0.0000" NumberInvoicePaid="0" PaidInvoiceDays="0" DetDeleted="0" FinPeriodID="201403" FinPtdRevalued="0.0000" />
		<row BranchID="1" AccountID="44" SubID="1" CustomerID="21" FinBegBalance="0.0000" FinPtdSales="0.0000" FinPtdPayments="0.0000" FinPtdDrAdjustments="0.0000" FinPtdCrAdjustments="0.0000" FinPtdDiscounts="0.0000" FinPtdCOGS="0.0000" FinPtdRGOL="0.0000" FinPtdFinCharges="0.0000" FinYtdBalance="0.0000" FinPtdDeposits="0.0000" FinYtdDeposits="0.0000" FinPtdItemDiscounts="0.0000" TranBegBalance="0.0000" TranPtdSales="0.0000" TranPtdPayments="0.0000" TranPtdDrAdjustments="0.0000" TranPtdCrAdjustments="0.0000" TranPtdDiscounts="0.0000" TranPtdRGOL="0.0000" TranPtdCOGS="0.0000" TranPtdFinCharges="0.0000" TranYtdBalance="0.0000" TranPtdDeposits="0.0000" TranYtdDeposits="0.0000" TranPtdItemDiscounts="0.0000" FinPtdRetainageWithheld="0.0000" TranPtdRetainageWithheld="0.0000" FinYtdRetainageWithheld="0.0000" TranYtdRetainageWithheld="0.0000" FinPtdRetainageReleased="0.0000" TranPtdRetainageReleased="0.0000" FinYtdRetainageReleased="0.0000" TranYtdRetainageReleased="0.0000" NumberInvoicePaid="0" PaidInvoiceDays="0" DetDeleted="0" FinPeriodID="201403" FinPtdRevalued="0.0000" />
	</rows>
</data>