﻿<?xml version="1.0" encoding="utf-8"?>
<data>
	<table name="ARInvoice">
		<col name="CompanyID" type="Int" default="Zero" />
		<col name="DocType" type="Char(3)" />
		<col name="RefNbr" type="NVarChar(15)" />
		<col name="CuryTaxTotal" type="Decimal(19,4)" />
		<col name="TaxTotal" type="Decimal(19,4)" />
		<col name="DiscDate" type="SmallDateTime" nullable="true" />
		<col name="TermsID" type="NVarChar(10)" nullable="true" />
		<col name="InvoiceNbr" type="NVarChar(40)" nullable="true" />
		<col name="InvoiceDate" type="SmallDateTime" />
		<col name="TaxZoneID" type="NVarChar(10)" nullable="true" />
		<col name="AvalaraCustomerUsageType" type="Char(1)" nullable="true" />
		<col name="MasterRefNbr" type="NVarChar(15)" nullable="true" />
		<col name="InstallmentNbr" type="SmallInt" nullable="true" />
		<col name="InstallmentCntr" type="SmallInt" nullable="true" />
		<col name="CuryLineTotal" type="Decimal(19,4)" />
		<col name="LineTotal" type="Decimal(19,4)" />
		<col name="CommnPct" type="Decimal(9,6)" default="Zero" />
		<col name="CommnAmt" type="Decimal(19,4)" default="Zero" />
		<col name="CuryCommnAmt" type="Decimal(19,4)" default="Zero" />
		<col name="CommnblAmt" type="Decimal(19,4)" default="Zero" />
		<col name="CuryCommnblAmt" type="Decimal(19,4)" default="Zero" />
		<col name="BillAddressID" type="Int" nullable="true" />
		<col name="MultiShipAddress" type="Bit" default="Zero" />
		<col name="ShipAddressID" type="Int" nullable="true" />
		<col name="DontPrint" type="Bit" />
		<col name="Printed" type="Bit" />
		<col name="DontEmail" type="Bit" />
		<col name="Emailed" type="Bit" />
		<col name="CreditHold" type="Bit" default="Zero" />
		<col name="ApprovedCredit" type="Bit" default="Zero" />
		<col name="ApprovedCreditAmt" type="Decimal(19,4)" default="Zero" />
		<col name="WorkGroupID" type="Int" nullable="true" />
		<col name="OwnerID" type="UniqueIdentifier" nullable="true" />
		<col name="BillContactID" type="Int" nullable="true" />
		<col name="ShipContactID" type="Int" nullable="true" />
		<col name="PMInstanceID" type="Int" nullable="true" />
		<col name="PaymentMethodID" type="NVarChar(10)" nullable="true" />
		<col name="CashAccountID" type="Int" nullable="true" />
		<col name="ProjectID" type="Int" nullable="true" />
		<col name="ProformaExists" type="Bit" default="Zero" />
		<col name="VatTaxableTotal" type="Decimal(19,4)" default="Zero" />
		<col name="CuryVatTaxableTotal" type="Decimal(19,4)" default="Zero" />
		<col name="VatExemptTotal" type="Decimal(19,4)" default="Zero" />
		<col name="CuryVatExemptTotal" type="Decimal(19,4)" default="Zero" />
		<col name="Revoked" type="Bit" default="Zero" />
		<col name="ApplyOverdueCharge" type="Bit" />
		<col name="IsRUTROTDeductible" type="Bit" default="Zero" />
		<col name="DisableAutomaticDiscountCalculation" type="Bit" default="Zero" />
		<col name="CuryFreightCost" type="Decimal(19,4)" default="Zero" />
		<col name="FreightCost" type="Decimal(19,4)" default="Zero" />
		<col name="CuryDiscTot" type="Decimal(19,4)" default="Zero" />
		<col name="DiscTot" type="Decimal(19,4)" default="Zero" />
		<col name="CuryGoodsTotal" type="Decimal(19,4)" default="Zero" />
		<col name="GoodsTotal" type="Decimal(19,4)" default="Zero" />
		<col name="CuryPremiumFreightAmt" type="Decimal(19,4)" default="Zero" />
		<col name="PremiumFreightAmt" type="Decimal(19,4)" default="Zero" />
		<col name="CuryFreightAmt" type="Decimal(19,4)" default="Zero" />
		<col name="FreightAmt" type="Decimal(19,4)" default="Zero" />
		<col name="CuryFreightTot" type="Decimal(19,4)" default="Zero" />
		<col name="FreightTot" type="Decimal(19,4)" default="Zero" />
		<col name="CuryMiscTot" type="Decimal(19,4)" default="Zero" />
		<col name="MiscTot" type="Decimal(19,4)" default="Zero" />
		<col name="RefNoteID" type="UniqueIdentifier" nullable="true" />
		<col name="CampaignID" type="NVarChar(10)" nullable="true" />
	</table>
	<rows>
		<row DocType="CRM" RefNbr="000007" CuryTaxTotal="0.0000" TaxTotal="0.0000" InvoiceDate="1900-01-01 00:00:00" CuryLineTotal="80.0000" LineTotal="80.0000" CommnPct="0.000000" CommnAmt="0.0000" CuryCommnAmt="0.0000" CommnblAmt="0.0000" CuryCommnblAmt="0.0000" BillAddressID="10" MultiShipAddress="0" ShipAddressID="10" DontPrint="1" Printed="0" DontEmail="1" Emailed="0" CreditHold="0" ApprovedCredit="0" ApprovedCreditAmt="0.0000" BillContactID="10" ShipContactID="10" PaymentMethodID="CHECK" CashAccountID="9" ProjectID="0" ProformaExists="0" VatTaxableTotal="0.0000" CuryVatTaxableTotal="0.0000" VatExemptTotal="0.0000" CuryVatExemptTotal="0.0000" Revoked="0" ApplyOverdueCharge="1" IsRUTROTDeductible="0" DisableAutomaticDiscountCalculation="0" CuryFreightCost="0.0000" FreightCost="0.0000" CuryDiscTot="0.0000" DiscTot="0.0000" CuryGoodsTotal="0.0000" GoodsTotal="0.0000" CuryPremiumFreightAmt="0.0000" PremiumFreightAmt="0.0000" CuryFreightAmt="0.0000" FreightAmt="0.0000" CuryFreightTot="0.0000" FreightTot="0.0000" CuryMiscTot="0.0000" MiscTot="0.0000" />
		<row DocType="DRM" RefNbr="000006" CuryTaxTotal="0.0000" TaxTotal="0.0000" DiscDate="2014-03-01 00:00:00" TermsID="30D" InvoiceDate="1900-01-01 00:00:00" CuryLineTotal="70.0000" LineTotal="70.0000" CommnPct="0.000000" CommnAmt="0.0000" CuryCommnAmt="0.0000" CommnblAmt="0.0000" CuryCommnblAmt="0.0000" BillAddressID="11" MultiShipAddress="0" ShipAddressID="11" DontPrint="1" Printed="0" DontEmail="1" Emailed="0" CreditHold="0" ApprovedCredit="0" ApprovedCreditAmt="0.0000" BillContactID="11" ShipContactID="11" PaymentMethodID="CHECK" CashAccountID="9" ProjectID="0" ProformaExists="0" VatTaxableTotal="0.0000" CuryVatTaxableTotal="0.0000" VatExemptTotal="0.0000" CuryVatExemptTotal="0.0000" Revoked="0" ApplyOverdueCharge="0" IsRUTROTDeductible="0" DisableAutomaticDiscountCalculation="0" CuryFreightCost="0.0000" FreightCost="0.0000" CuryDiscTot="0.0000" DiscTot="0.0000" CuryGoodsTotal="0.0000" GoodsTotal="0.0000" CuryPremiumFreightAmt="0.0000" PremiumFreightAmt="0.0000" CuryFreightAmt="0.0000" FreightAmt="0.0000" CuryFreightTot="0.0000" FreightTot="0.0000" CuryMiscTot="0.0000" MiscTot="0.0000" />
		<row DocType="FCH" RefNbr="000010" CuryTaxTotal="0.0000" TaxTotal="0.0000" DiscDate="2014-03-31 00:00:00" TermsID="30D" InvoiceDate="1900-01-01 00:00:00" CuryLineTotal="13.8100" LineTotal="13.8100" CommnPct="0.000000" CommnAmt="0.0000" CuryCommnAmt="0.0000" CommnblAmt="0.0000" CuryCommnblAmt="0.0000" BillAddressID="10" MultiShipAddress="0" ShipAddressID="10" DontPrint="1" Printed="0" DontEmail="1" Emailed="0" CreditHold="0" ApprovedCredit="0" ApprovedCreditAmt="0.0000" BillContactID="10" ShipContactID="10" PaymentMethodID="CHECK" CashAccountID="9" ProjectID="0" ProformaExists="0" VatTaxableTotal="0.0000" CuryVatTaxableTotal="0.0000" VatExemptTotal="0.0000" CuryVatExemptTotal="0.0000" Revoked="0" ApplyOverdueCharge="0" IsRUTROTDeductible="0" DisableAutomaticDiscountCalculation="0" CuryFreightCost="0.0000" FreightCost="0.0000" CuryDiscTot="0.0000" DiscTot="0.0000" CuryGoodsTotal="0.0000" GoodsTotal="0.0000" CuryPremiumFreightAmt="0.0000" PremiumFreightAmt="0.0000" CuryFreightAmt="0.0000" FreightAmt="0.0000" CuryFreightTot="0.0000" FreightTot="0.0000" CuryMiscTot="0.0000" MiscTot="0.0000" />
		<row DocType="INV" RefNbr="000001" CuryTaxTotal="0.0000" TaxTotal="0.0000" DiscDate="2014-02-01 00:00:00" TermsID="30D" InvoiceDate="1900-01-01 00:00:00" CuryLineTotal="300.0000" LineTotal="300.0000" CommnPct="0.000000" CommnAmt="0.0000" CuryCommnAmt="0.0000" CommnblAmt="0.0000" CuryCommnblAmt="0.0000" BillAddressID="9" MultiShipAddress="0" ShipAddressID="9" DontPrint="0" Printed="1" DontEmail="1" Emailed="0" CreditHold="0" ApprovedCredit="0" ApprovedCreditAmt="0.0000" BillContactID="9" ShipContactID="9" PaymentMethodID="CHECK" CashAccountID="9" ProjectID="0" ProformaExists="0" VatTaxableTotal="0.0000" CuryVatTaxableTotal="0.0000" VatExemptTotal="0.0000" CuryVatExemptTotal="0.0000" Revoked="0" ApplyOverdueCharge="0" IsRUTROTDeductible="0" DisableAutomaticDiscountCalculation="0" CuryFreightCost="0.0000" FreightCost="0.0000" CuryDiscTot="0.0000" DiscTot="0.0000" CuryGoodsTotal="0.0000" GoodsTotal="0.0000" CuryPremiumFreightAmt="0.0000" PremiumFreightAmt="0.0000" CuryFreightAmt="0.0000" FreightAmt="0.0000" CuryFreightTot="0.0000" FreightTot="0.0000" CuryMiscTot="0.0000" MiscTot="0.0000" />
		<row DocType="INV" RefNbr="000002" CuryTaxTotal="0.0000" TaxTotal="0.0000" DiscDate="2014-02-01 00:00:00" TermsID="30D" InvoiceDate="1900-01-01 00:00:00" CuryLineTotal="800.0000" LineTotal="800.0000" CommnPct="0.000000" CommnAmt="0.0000" CuryCommnAmt="0.0000" CommnblAmt="0.0000" CuryCommnblAmt="0.0000" BillAddressID="10" MultiShipAddress="0" ShipAddressID="10" DontPrint="1" Printed="0" DontEmail="1" Emailed="0" CreditHold="0" ApprovedCredit="0" ApprovedCreditAmt="0.0000" BillContactID="10" ShipContactID="10" PaymentMethodID="CHECK" CashAccountID="9" ProjectID="0" ProformaExists="0" VatTaxableTotal="0.0000" CuryVatTaxableTotal="0.0000" VatExemptTotal="0.0000" CuryVatExemptTotal="0.0000" Revoked="0" ApplyOverdueCharge="0" IsRUTROTDeductible="0" DisableAutomaticDiscountCalculation="0" CuryFreightCost="0.0000" FreightCost="0.0000" CuryDiscTot="0.0000" DiscTot="0.0000" CuryGoodsTotal="0.0000" GoodsTotal="0.0000" CuryPremiumFreightAmt="0.0000" PremiumFreightAmt="0.0000" CuryFreightAmt="0.0000" FreightAmt="0.0000" CuryFreightTot="0.0000" FreightTot="0.0000" CuryMiscTot="0.0000" MiscTot="0.0000" />
		<row DocType="INV" RefNbr="000003" CuryTaxTotal="0.0000" TaxTotal="0.0000" DiscDate="2014-02-01 00:00:00" TermsID="30D" InvoiceDate="1900-01-01 00:00:00" CuryLineTotal="1000.0000" LineTotal="1000.0000" CommnPct="0.000000" CommnAmt="0.0000" CuryCommnAmt="0.0000" CommnblAmt="0.0000" CuryCommnblAmt="0.0000" BillAddressID="11" MultiShipAddress="0" ShipAddressID="11" DontPrint="1" Printed="0" DontEmail="1" Emailed="0" CreditHold="0" ApprovedCredit="0" ApprovedCreditAmt="0.0000" BillContactID="11" ShipContactID="11" PaymentMethodID="CHECK" CashAccountID="9" ProjectID="0" ProformaExists="0" VatTaxableTotal="0.0000" CuryVatTaxableTotal="0.0000" VatExemptTotal="0.0000" CuryVatExemptTotal="0.0000" Revoked="0" ApplyOverdueCharge="0" IsRUTROTDeductible="0" DisableAutomaticDiscountCalculation="0" CuryFreightCost="0.0000" FreightCost="0.0000" CuryDiscTot="0.0000" DiscTot="0.0000" CuryGoodsTotal="0.0000" GoodsTotal="0.0000" CuryPremiumFreightAmt="0.0000" PremiumFreightAmt="0.0000" CuryFreightAmt="0.0000" FreightAmt="0.0000" CuryFreightTot="0.0000" FreightTot="0.0000" CuryMiscTot="0.0000" MiscTot="0.0000" />
		<row DocType="INV" RefNbr="000004" CuryTaxTotal="0.0000" TaxTotal="0.0000" DiscDate="2014-03-04 00:00:00" TermsID="30D7D3" InvoiceDate="1900-01-01 00:00:00" CuryLineTotal="500.0000" LineTotal="500.0000" CommnPct="0.000000" CommnAmt="0.0000" CuryCommnAmt="0.0000" CommnblAmt="0.0000" CuryCommnblAmt="0.0000" BillAddressID="12" MultiShipAddress="0" ShipAddressID="12" DontPrint="1" Printed="0" DontEmail="1" Emailed="0" CreditHold="0" ApprovedCredit="0" ApprovedCreditAmt="0.0000" BillContactID="12" ShipContactID="12" PaymentMethodID="CHECK" CashAccountID="9" ProjectID="0" ProformaExists="0" VatTaxableTotal="0.0000" CuryVatTaxableTotal="0.0000" VatExemptTotal="0.0000" CuryVatExemptTotal="0.0000" Revoked="0" ApplyOverdueCharge="0" IsRUTROTDeductible="0" DisableAutomaticDiscountCalculation="0" CuryFreightCost="0.0000" FreightCost="0.0000" CuryDiscTot="0.0000" DiscTot="0.0000" CuryGoodsTotal="0.0000" GoodsTotal="0.0000" CuryPremiumFreightAmt="0.0000" PremiumFreightAmt="0.0000" CuryFreightAmt="0.0000" FreightAmt="0.0000" CuryFreightTot="0.0000" FreightTot="0.0000" CuryMiscTot="0.0000" MiscTot="0.0000" />
		<row DocType="INV" RefNbr="000005" CuryTaxTotal="0.0000" TaxTotal="0.0000" DiscDate="2014-03-15 00:00:00" TermsID="30D" InvoiceDate="1900-01-01 00:00:00" CuryLineTotal="50.0000" LineTotal="50.0000" CommnPct="0.000000" CommnAmt="0.0000" CuryCommnAmt="0.0000" CommnblAmt="0.0000" CuryCommnblAmt="0.0000" BillAddressID="9" MultiShipAddress="0" ShipAddressID="9" DontPrint="0" Printed="0" DontEmail="1" Emailed="0" CreditHold="0" ApprovedCredit="0" ApprovedCreditAmt="0.0000" BillContactID="9" ShipContactID="9" PaymentMethodID="CHECK" CashAccountID="9" ProjectID="0" ProformaExists="0" VatTaxableTotal="0.0000" CuryVatTaxableTotal="0.0000" VatExemptTotal="0.0000" CuryVatExemptTotal="0.0000" Revoked="0" ApplyOverdueCharge="0" IsRUTROTDeductible="0" DisableAutomaticDiscountCalculation="0" CuryFreightCost="0.0000" FreightCost="0.0000" CuryDiscTot="0.0000" DiscTot="0.0000" CuryGoodsTotal="0.0000" GoodsTotal="0.0000" CuryPremiumFreightAmt="0.0000" PremiumFreightAmt="0.0000" CuryFreightAmt="0.0000" FreightAmt="0.0000" CuryFreightTot="0.0000" FreightTot="0.0000" CuryMiscTot="0.0000" MiscTot="0.0000" />
		<row DocType="INV" RefNbr="000008" CuryTaxTotal="0.0000" TaxTotal="0.0000" DiscDate="2014-03-15 00:00:00" TermsID="30D" InvoiceDate="1900-01-01 00:00:00" CuryLineTotal="300.0000" LineTotal="300.0000" CommnPct="0.000000" CommnAmt="0.0000" CuryCommnAmt="0.0000" CommnblAmt="0.0000" CuryCommnblAmt="0.0000" BillAddressID="10" MultiShipAddress="0" ShipAddressID="10" DontPrint="1" Printed="0" DontEmail="1" Emailed="0" CreditHold="0" ApprovedCredit="0" ApprovedCreditAmt="0.0000" BillContactID="10" ShipContactID="10" PaymentMethodID="CHECK" CashAccountID="9" ProjectID="0" ProformaExists="0" VatTaxableTotal="0.0000" CuryVatTaxableTotal="0.0000" VatExemptTotal="0.0000" CuryVatExemptTotal="0.0000" Revoked="0" ApplyOverdueCharge="0" IsRUTROTDeductible="0" DisableAutomaticDiscountCalculation="0" CuryFreightCost="0.0000" FreightCost="0.0000" CuryDiscTot="0.0000" DiscTot="0.0000" CuryGoodsTotal="0.0000" GoodsTotal="0.0000" CuryPremiumFreightAmt="0.0000" PremiumFreightAmt="0.0000" CuryFreightAmt="0.0000" FreightAmt="0.0000" CuryFreightTot="0.0000" FreightTot="0.0000" CuryMiscTot="0.0000" MiscTot="0.0000" />
		<row DocType="INV" RefNbr="000009" CuryTaxTotal="0.0000" TaxTotal="0.0000" DiscDate="2014-03-15 00:00:00" TermsID="30D" InvoiceDate="1900-01-01 00:00:00" CuryLineTotal="60.0000" LineTotal="60.0000" CommnPct="0.000000" CommnAmt="0.0000" CuryCommnAmt="0.0000" CommnblAmt="0.0000" CuryCommnblAmt="0.0000" BillAddressID="11" MultiShipAddress="0" ShipAddressID="11" DontPrint="1" Printed="0" DontEmail="1" Emailed="0" CreditHold="0" ApprovedCredit="0" ApprovedCreditAmt="0.0000" BillContactID="11" ShipContactID="11" PaymentMethodID="CHECK" CashAccountID="9" ProjectID="0" ProformaExists="0" VatTaxableTotal="0.0000" CuryVatTaxableTotal="0.0000" VatExemptTotal="0.0000" CuryVatExemptTotal="0.0000" Revoked="0" ApplyOverdueCharge="0" IsRUTROTDeductible="0" DisableAutomaticDiscountCalculation="0" CuryFreightCost="0.0000" FreightCost="0.0000" CuryDiscTot="0.0000" DiscTot="0.0000" CuryGoodsTotal="0.0000" GoodsTotal="0.0000" CuryPremiumFreightAmt="0.0000" PremiumFreightAmt="0.0000" CuryFreightAmt="0.0000" FreightAmt="0.0000" CuryFreightTot="0.0000" FreightTot="0.0000" CuryMiscTot="0.0000" MiscTot="0.0000" />
		<row DocType="INV" RefNbr="000013" CuryTaxTotal="34.4800" TaxTotal="34.4800" DiscDate="2019-12-23 00:00:00" TermsID="30D" InvoiceNbr="LOGIC-1091" InvoiceDate="1900-01-01 00:00:00" TaxZoneID="EXTERNAL" CuryLineTotal="344.8500" LineTotal="344.8500" CommnPct="0.000000" CommnAmt="0.0000" CuryCommnAmt="0.0000" CommnblAmt="0.0000" CuryCommnblAmt="0.0000" BillAddressID="13" MultiShipAddress="0" ShipAddressID="14" DontPrint="1" Printed="0" DontEmail="1" Emailed="0" CreditHold="0" ApprovedCredit="0" ApprovedCreditAmt="0.0000" BillContactID="13" ShipContactID="14" PaymentMethodID="SHOPIFY" CashAccountID="10" ProjectID="0" ProformaExists="0" VatTaxableTotal="0.0000" CuryVatTaxableTotal="0.0000" VatExemptTotal="0.0000" CuryVatExemptTotal="0.0000" Revoked="0" ApplyOverdueCharge="0" IsRUTROTDeductible="0" DisableAutomaticDiscountCalculation="0" CuryFreightCost="0.0000" FreightCost="0.0000" CuryDiscTot="0.0000" DiscTot="0.0000" CuryGoodsTotal="344.8500" GoodsTotal="344.8500" CuryPremiumFreightAmt="0.0000" PremiumFreightAmt="0.0000" CuryFreightAmt="0.0000" FreightAmt="0.0000" CuryFreightTot="0.0000" FreightTot="0.0000" CuryMiscTot="0.0000" MiscTot="0.0000" />
		<row DocType="INV" RefNbr="000014" CuryTaxTotal="36.4800" TaxTotal="36.4800" DiscDate="2019-12-23 00:00:00" TermsID="30D" InvoiceNbr="LOGIC-1162" InvoiceDate="1900-01-01 00:00:00" TaxZoneID="EXTERNAL" CuryLineTotal="364.8500" LineTotal="364.8500" CommnPct="0.000000" CommnAmt="0.0000" CuryCommnAmt="0.0000" CommnblAmt="0.0000" CuryCommnblAmt="0.0000" BillAddressID="15" MultiShipAddress="0" ShipAddressID="16" DontPrint="1" Printed="0" DontEmail="1" Emailed="0" CreditHold="0" ApprovedCredit="0" ApprovedCreditAmt="0.0000" BillContactID="15" ShipContactID="16" PaymentMethodID="SHOPIFY" CashAccountID="10" ProjectID="0" ProformaExists="0" VatTaxableTotal="0.0000" CuryVatTaxableTotal="0.0000" VatExemptTotal="0.0000" CuryVatExemptTotal="0.0000" Revoked="0" ApplyOverdueCharge="0" IsRUTROTDeductible="0" DisableAutomaticDiscountCalculation="0" CuryFreightCost="0.0000" FreightCost="0.0000" CuryDiscTot="0.0000" DiscTot="0.0000" CuryGoodsTotal="344.8500" GoodsTotal="344.8500" CuryPremiumFreightAmt="0.0000" PremiumFreightAmt="0.0000" CuryFreightAmt="20.0000" FreightAmt="20.0000" CuryFreightTot="20.0000" FreightTot="20.0000" CuryMiscTot="0.0000" MiscTot="0.0000" />
		<row DocType="INV" RefNbr="000015" CuryTaxTotal="28.4800" TaxTotal="28.4800" DiscDate="2019-12-23 00:00:00" TermsID="30D" InvoiceNbr="LOGIC-1163" InvoiceDate="1900-01-01 00:00:00" TaxZoneID="EXTERNAL" CuryLineTotal="284.8500" LineTotal="284.8500" CommnPct="0.000000" CommnAmt="0.0000" CuryCommnAmt="0.0000" CommnblAmt="0.0000" CuryCommnblAmt="0.0000" BillAddressID="17" MultiShipAddress="0" ShipAddressID="18" DontPrint="1" Printed="0" DontEmail="1" Emailed="0" CreditHold="0" ApprovedCredit="0" ApprovedCreditAmt="0.0000" BillContactID="17" ShipContactID="18" PaymentMethodID="SHOPIFY" CashAccountID="10" ProjectID="0" ProformaExists="0" VatTaxableTotal="0.0000" CuryVatTaxableTotal="0.0000" VatExemptTotal="0.0000" CuryVatExemptTotal="0.0000" Revoked="0" ApplyOverdueCharge="0" IsRUTROTDeductible="0" DisableAutomaticDiscountCalculation="0" CuryFreightCost="0.0000" FreightCost="0.0000" CuryDiscTot="0.0000" DiscTot="0.0000" CuryGoodsTotal="254.8500" GoodsTotal="254.8500" CuryPremiumFreightAmt="0.0000" PremiumFreightAmt="0.0000" CuryFreightAmt="30.0000" FreightAmt="30.0000" CuryFreightTot="30.0000" FreightTot="30.0000" CuryMiscTot="0.0000" MiscTot="0.0000" />
		<row DocType="INV" RefNbr="000016" CuryTaxTotal="12.5000" TaxTotal="12.5000" DiscDate="2019-12-23 00:00:00" TermsID="30D" InvoiceNbr="LOGIC-1164" InvoiceDate="1900-01-01 00:00:00" TaxZoneID="EXTERNAL" CuryLineTotal="124.9500" LineTotal="124.9500" CommnPct="0.000000" CommnAmt="0.0000" CuryCommnAmt="0.0000" CommnblAmt="0.0000" CuryCommnblAmt="0.0000" BillAddressID="19" MultiShipAddress="0" ShipAddressID="20" DontPrint="1" Printed="0" DontEmail="1" Emailed="0" CreditHold="0" ApprovedCredit="0" ApprovedCreditAmt="0.0000" BillContactID="19" ShipContactID="20" PaymentMethodID="SHOPIFY" CashAccountID="10" ProjectID="0" ProformaExists="0" VatTaxableTotal="0.0000" CuryVatTaxableTotal="0.0000" VatExemptTotal="0.0000" CuryVatExemptTotal="0.0000" Revoked="0" ApplyOverdueCharge="0" IsRUTROTDeductible="0" DisableAutomaticDiscountCalculation="0" CuryFreightCost="0.0000" FreightCost="0.0000" CuryDiscTot="0.0000" DiscTot="0.0000" CuryGoodsTotal="114.9500" GoodsTotal="114.9500" CuryPremiumFreightAmt="0.0000" PremiumFreightAmt="0.0000" CuryFreightAmt="10.0000" FreightAmt="10.0000" CuryFreightTot="10.0000" FreightTot="10.0000" CuryMiscTot="0.0000" MiscTot="0.0000" />
		<row DocType="INV" RefNbr="000017" CuryTaxTotal="22.9900" TaxTotal="22.9900" DiscDate="2019-12-23 00:00:00" TermsID="30D" InvoiceNbr="LOGIC-1164" InvoiceDate="1900-01-01 00:00:00" TaxZoneID="EXTERNAL" CuryLineTotal="229.9000" LineTotal="229.9000" CommnPct="0.000000" CommnAmt="0.0000" CuryCommnAmt="0.0000" CommnblAmt="0.0000" CuryCommnblAmt="0.0000" BillAddressID="21" MultiShipAddress="0" ShipAddressID="22" DontPrint="1" Printed="0" DontEmail="1" Emailed="0" CreditHold="0" ApprovedCredit="0" ApprovedCreditAmt="0.0000" BillContactID="21" ShipContactID="22" PaymentMethodID="SHOPIFY" CashAccountID="10" ProjectID="0" ProformaExists="0" VatTaxableTotal="0.0000" CuryVatTaxableTotal="0.0000" VatExemptTotal="0.0000" CuryVatExemptTotal="0.0000" Revoked="0" ApplyOverdueCharge="0" IsRUTROTDeductible="0" DisableAutomaticDiscountCalculation="0" CuryFreightCost="0.0000" FreightCost="0.0000" CuryDiscTot="0.0000" DiscTot="0.0000" CuryGoodsTotal="229.9000" GoodsTotal="229.9000" CuryPremiumFreightAmt="0.0000" PremiumFreightAmt="0.0000" CuryFreightAmt="0.0000" FreightAmt="0.0000" CuryFreightTot="0.0000" FreightTot="0.0000" CuryMiscTot="0.0000" MiscTot="0.0000" />
		<row DocType="INV" RefNbr="000018" CuryTaxTotal="22.9900" TaxTotal="22.9900" DiscDate="2019-12-23 00:00:00" TermsID="30D" InvoiceNbr="LOGIC-1165" InvoiceDate="1900-01-01 00:00:00" TaxZoneID="EXTERNAL" CuryLineTotal="229.9000" LineTotal="229.9000" CommnPct="0.000000" CommnAmt="0.0000" CuryCommnAmt="0.0000" CommnblAmt="0.0000" CuryCommnblAmt="0.0000" BillAddressID="23" MultiShipAddress="0" ShipAddressID="24" DontPrint="1" Printed="0" DontEmail="1" Emailed="0" CreditHold="0" ApprovedCredit="0" ApprovedCreditAmt="0.0000" BillContactID="23" ShipContactID="24" PaymentMethodID="SHOPIFY" CashAccountID="10" ProjectID="0" ProformaExists="0" VatTaxableTotal="0.0000" CuryVatTaxableTotal="0.0000" VatExemptTotal="0.0000" CuryVatExemptTotal="0.0000" Revoked="0" ApplyOverdueCharge="0" IsRUTROTDeductible="0" DisableAutomaticDiscountCalculation="0" CuryFreightCost="0.0000" FreightCost="0.0000" CuryDiscTot="0.0000" DiscTot="0.0000" CuryGoodsTotal="229.9000" GoodsTotal="229.9000" CuryPremiumFreightAmt="0.0000" PremiumFreightAmt="0.0000" CuryFreightAmt="0.0000" FreightAmt="0.0000" CuryFreightTot="0.0000" FreightTot="0.0000" CuryMiscTot="0.0000" MiscTot="0.0000" />
		<row DocType="INV" RefNbr="000019" CuryTaxTotal="13.4900" TaxTotal="13.4900" DiscDate="2019-12-23 00:00:00" TermsID="30D" InvoiceNbr="LOGIC-1166" InvoiceDate="1900-01-01 00:00:00" TaxZoneID="EXTERNAL" CuryLineTotal="134.9500" LineTotal="134.9500" CommnPct="0.000000" CommnAmt="0.0000" CuryCommnAmt="0.0000" CommnblAmt="0.0000" CuryCommnblAmt="0.0000" BillAddressID="25" MultiShipAddress="0" ShipAddressID="26" DontPrint="1" Printed="0" DontEmail="1" Emailed="0" CreditHold="0" ApprovedCredit="0" ApprovedCreditAmt="0.0000" BillContactID="25" ShipContactID="26" PaymentMethodID="SHOPIFY" CashAccountID="10" ProjectID="0" ProformaExists="0" VatTaxableTotal="0.0000" CuryVatTaxableTotal="0.0000" VatExemptTotal="0.0000" CuryVatExemptTotal="0.0000" Revoked="0" ApplyOverdueCharge="0" IsRUTROTDeductible="0" DisableAutomaticDiscountCalculation="0" CuryFreightCost="0.0000" FreightCost="0.0000" CuryDiscTot="0.0000" DiscTot="0.0000" CuryGoodsTotal="114.9500" GoodsTotal="114.9500" CuryPremiumFreightAmt="0.0000" PremiumFreightAmt="0.0000" CuryFreightAmt="20.0000" FreightAmt="20.0000" CuryFreightTot="20.0000" FreightTot="20.0000" CuryMiscTot="0.0000" MiscTot="0.0000" />
		<row DocType="INV" RefNbr="000020" CuryTaxTotal="11.5000" TaxTotal="11.5000" DiscDate="2019-12-23 00:00:00" TermsID="30D" InvoiceNbr="LOGIC-1166" InvoiceDate="1900-01-01 00:00:00" TaxZoneID="EXTERNAL" CuryLineTotal="114.9500" LineTotal="114.9500" CommnPct="0.000000" CommnAmt="0.0000" CuryCommnAmt="0.0000" CommnblAmt="0.0000" CuryCommnblAmt="0.0000" BillAddressID="27" MultiShipAddress="0" ShipAddressID="28" DontPrint="1" Printed="0" DontEmail="1" Emailed="0" CreditHold="0" ApprovedCredit="0" ApprovedCreditAmt="0.0000" BillContactID="27" ShipContactID="28" PaymentMethodID="SHOPIFY" CashAccountID="10" ProjectID="0" ProformaExists="0" VatTaxableTotal="0.0000" CuryVatTaxableTotal="0.0000" VatExemptTotal="0.0000" CuryVatExemptTotal="0.0000" Revoked="0" ApplyOverdueCharge="0" IsRUTROTDeductible="0" DisableAutomaticDiscountCalculation="0" CuryFreightCost="0.0000" FreightCost="0.0000" CuryDiscTot="0.0000" DiscTot="0.0000" CuryGoodsTotal="114.9500" GoodsTotal="114.9500" CuryPremiumFreightAmt="0.0000" PremiumFreightAmt="0.0000" CuryFreightAmt="0.0000" FreightAmt="0.0000" CuryFreightTot="0.0000" FreightTot="0.0000" CuryMiscTot="0.0000" MiscTot="0.0000" />
		<row DocType="INV" RefNbr="000021" CuryTaxTotal="26.9900" TaxTotal="26.9900" DiscDate="2019-12-23 00:00:00" TermsID="30D" InvoiceNbr="LOGIC-1167" InvoiceDate="1900-01-01 00:00:00" TaxZoneID="EXTERNAL" CuryLineTotal="269.9000" LineTotal="269.9000" CommnPct="0.000000" CommnAmt="0.0000" CuryCommnAmt="0.0000" CommnblAmt="0.0000" CuryCommnblAmt="0.0000" BillAddressID="29" MultiShipAddress="0" ShipAddressID="30" DontPrint="1" Printed="0" DontEmail="1" Emailed="0" CreditHold="0" ApprovedCredit="0" ApprovedCreditAmt="0.0000" BillContactID="29" ShipContactID="30" PaymentMethodID="SHOPIFY" CashAccountID="10" ProjectID="0" ProformaExists="0" VatTaxableTotal="0.0000" CuryVatTaxableTotal="0.0000" VatExemptTotal="0.0000" CuryVatExemptTotal="0.0000" Revoked="0" ApplyOverdueCharge="0" IsRUTROTDeductible="0" DisableAutomaticDiscountCalculation="0" CuryFreightCost="0.0000" FreightCost="0.0000" CuryDiscTot="0.0000" DiscTot="0.0000" CuryGoodsTotal="229.9000" GoodsTotal="229.9000" CuryPremiumFreightAmt="0.0000" PremiumFreightAmt="0.0000" CuryFreightAmt="40.0000" FreightAmt="40.0000" CuryFreightTot="40.0000" FreightTot="40.0000" CuryMiscTot="0.0000" MiscTot="0.0000" />
		<row DocType="INV" RefNbr="000022" CuryTaxTotal="36.9900" TaxTotal="36.9900" DiscDate="2019-12-24 00:00:00" TermsID="30D" InvoiceNbr="LOGIC-1170" InvoiceDate="1900-01-01 00:00:00" TaxZoneID="EXTERNAL" CuryLineTotal="369.8500" LineTotal="369.8500" CommnPct="0.000000" CommnAmt="0.0000" CuryCommnAmt="0.0000" CommnblAmt="0.0000" CuryCommnblAmt="0.0000" BillAddressID="31" MultiShipAddress="0" ShipAddressID="32" DontPrint="1" Printed="0" DontEmail="1" Emailed="0" CreditHold="0" ApprovedCredit="0" ApprovedCreditAmt="0.0000" BillContactID="31" ShipContactID="32" PaymentMethodID="SHOPIFY" CashAccountID="10" ProjectID="0" ProformaExists="0" VatTaxableTotal="0.0000" CuryVatTaxableTotal="0.0000" VatExemptTotal="0.0000" CuryVatExemptTotal="0.0000" Revoked="0" ApplyOverdueCharge="0" IsRUTROTDeductible="0" DisableAutomaticDiscountCalculation="0" CuryFreightCost="0.0000" FreightCost="0.0000" CuryDiscTot="0.0000" DiscTot="0.0000" CuryGoodsTotal="344.8500" GoodsTotal="344.8500" CuryPremiumFreightAmt="0.0000" PremiumFreightAmt="0.0000" CuryFreightAmt="25.0000" FreightAmt="25.0000" CuryFreightTot="25.0000" FreightTot="25.0000" CuryMiscTot="0.0000" MiscTot="0.0000" />
		<row DocType="INV" RefNbr="000023" CuryTaxTotal="24.9900" TaxTotal="24.9900" DiscDate="2019-12-24 00:00:00" TermsID="30D" InvoiceNbr="LOGIC-1168" InvoiceDate="1900-01-01 00:00:00" TaxZoneID="EXTERNAL" CuryLineTotal="249.9000" LineTotal="249.9000" CommnPct="0.000000" CommnAmt="0.0000" CuryCommnAmt="0.0000" CommnblAmt="0.0000" CuryCommnblAmt="0.0000" BillAddressID="33" MultiShipAddress="0" ShipAddressID="34" DontPrint="1" Printed="0" DontEmail="1" Emailed="0" CreditHold="0" ApprovedCredit="0" ApprovedCreditAmt="0.0000" BillContactID="33" ShipContactID="34" PaymentMethodID="SHOPIFY" CashAccountID="10" ProjectID="0" ProformaExists="0" VatTaxableTotal="0.0000" CuryVatTaxableTotal="0.0000" VatExemptTotal="0.0000" CuryVatExemptTotal="0.0000" Revoked="0" ApplyOverdueCharge="0" IsRUTROTDeductible="0" DisableAutomaticDiscountCalculation="0" CuryFreightCost="0.0000" FreightCost="0.0000" CuryDiscTot="0.0000" DiscTot="0.0000" CuryGoodsTotal="229.9000" GoodsTotal="229.9000" CuryPremiumFreightAmt="0.0000" PremiumFreightAmt="0.0000" CuryFreightAmt="20.0000" FreightAmt="20.0000" CuryFreightTot="20.0000" FreightTot="20.0000" CuryMiscTot="0.0000" MiscTot="0.0000" />
		<row DocType="INV" RefNbr="000024" CuryTaxTotal="11.4900" TaxTotal="11.4900" DiscDate="2019-12-24 00:00:00" TermsID="30D" InvoiceNbr="LOGIC-1169" InvoiceDate="1900-01-01 00:00:00" TaxZoneID="EXTERNAL" CuryLineTotal="114.9500" LineTotal="114.9500" CommnPct="0.000000" CommnAmt="0.0000" CuryCommnAmt="0.0000" CommnblAmt="0.0000" CuryCommnblAmt="0.0000" BillAddressID="35" MultiShipAddress="0" ShipAddressID="36" DontPrint="1" Printed="0" DontEmail="1" Emailed="0" CreditHold="0" ApprovedCredit="0" ApprovedCreditAmt="0.0000" BillContactID="35" ShipContactID="36" PaymentMethodID="SHOPIFY" CashAccountID="10" ProjectID="0" ProformaExists="0" VatTaxableTotal="0.0000" CuryVatTaxableTotal="0.0000" VatExemptTotal="0.0000" CuryVatExemptTotal="0.0000" Revoked="0" ApplyOverdueCharge="0" IsRUTROTDeductible="0" DisableAutomaticDiscountCalculation="0" CuryFreightCost="0.0000" FreightCost="0.0000" CuryDiscTot="0.0000" DiscTot="0.0000" CuryGoodsTotal="114.9500" GoodsTotal="114.9500" CuryPremiumFreightAmt="0.0000" PremiumFreightAmt="0.0000" CuryFreightAmt="0.0000" FreightAmt="0.0000" CuryFreightTot="0.0000" FreightTot="0.0000" CuryMiscTot="0.0000" MiscTot="0.0000" />
		<row DocType="INV" RefNbr="000025" CuryTaxTotal="11.5000" TaxTotal="11.5000" DiscDate="2019-12-24 00:00:00" TermsID="30D" InvoiceNbr="LOGIC-1169" InvoiceDate="1900-01-01 00:00:00" TaxZoneID="EXTERNAL" CuryLineTotal="114.9500" LineTotal="114.9500" CommnPct="0.000000" CommnAmt="0.0000" CuryCommnAmt="0.0000" CommnblAmt="0.0000" CuryCommnblAmt="0.0000" BillAddressID="37" MultiShipAddress="0" ShipAddressID="38" DontPrint="1" Printed="0" DontEmail="1" Emailed="0" CreditHold="0" ApprovedCredit="0" ApprovedCreditAmt="0.0000" BillContactID="37" ShipContactID="38" PaymentMethodID="SHOPIFY" CashAccountID="10" ProjectID="0" ProformaExists="0" VatTaxableTotal="0.0000" CuryVatTaxableTotal="0.0000" VatExemptTotal="0.0000" CuryVatExemptTotal="0.0000" Revoked="0" ApplyOverdueCharge="0" IsRUTROTDeductible="0" DisableAutomaticDiscountCalculation="0" CuryFreightCost="0.0000" FreightCost="0.0000" CuryDiscTot="0.0000" DiscTot="0.0000" CuryGoodsTotal="114.9500" GoodsTotal="114.9500" CuryPremiumFreightAmt="0.0000" PremiumFreightAmt="0.0000" CuryFreightAmt="0.0000" FreightAmt="0.0000" CuryFreightTot="0.0000" FreightTot="0.0000" CuryMiscTot="0.0000" MiscTot="0.0000" />
		<row DocType="INV" RefNbr="000026" CuryTaxTotal="34.4800" TaxTotal="34.4800" DiscDate="2019-12-24 00:00:00" TermsID="30D" InvoiceNbr="LOGIC-1171" InvoiceDate="1900-01-01 00:00:00" TaxZoneID="EXTERNAL" CuryLineTotal="344.8500" LineTotal="344.8500" CommnPct="0.000000" CommnAmt="0.0000" CuryCommnAmt="0.0000" CommnblAmt="0.0000" CuryCommnblAmt="0.0000" BillAddressID="39" MultiShipAddress="0" ShipAddressID="40" DontPrint="1" Printed="0" DontEmail="1" Emailed="0" CreditHold="0" ApprovedCredit="0" ApprovedCreditAmt="0.0000" BillContactID="39" ShipContactID="40" PaymentMethodID="SHOPIFY" CashAccountID="10" ProjectID="0" ProformaExists="0" VatTaxableTotal="0.0000" CuryVatTaxableTotal="0.0000" VatExemptTotal="0.0000" CuryVatExemptTotal="0.0000" Revoked="0" ApplyOverdueCharge="0" IsRUTROTDeductible="0" DisableAutomaticDiscountCalculation="0" CuryFreightCost="0.0000" FreightCost="0.0000" CuryDiscTot="0.0000" DiscTot="0.0000" CuryGoodsTotal="344.8500" GoodsTotal="344.8500" CuryPremiumFreightAmt="0.0000" PremiumFreightAmt="0.0000" CuryFreightAmt="0.0000" FreightAmt="0.0000" CuryFreightTot="0.0000" FreightTot="0.0000" CuryMiscTot="0.0000" MiscTot="0.0000" />
		<row DocType="INV" RefNbr="000027" CuryTaxTotal="34.4800" TaxTotal="34.4800" DiscDate="2019-12-24 00:00:00" TermsID="30D" InvoiceNbr="LOGIC-1172" InvoiceDate="1900-01-01 00:00:00" TaxZoneID="EXTERNAL" CuryLineTotal="344.8500" LineTotal="344.8500" CommnPct="0.000000" CommnAmt="0.0000" CuryCommnAmt="0.0000" CommnblAmt="0.0000" CuryCommnblAmt="0.0000" BillAddressID="41" MultiShipAddress="0" ShipAddressID="42" DontPrint="1" Printed="0" DontEmail="1" Emailed="0" CreditHold="0" ApprovedCredit="0" ApprovedCreditAmt="0.0000" BillContactID="41" ShipContactID="42" PaymentMethodID="SHOPIFY" CashAccountID="10" ProjectID="0" ProformaExists="0" VatTaxableTotal="0.0000" CuryVatTaxableTotal="0.0000" VatExemptTotal="0.0000" CuryVatExemptTotal="0.0000" Revoked="0" ApplyOverdueCharge="0" IsRUTROTDeductible="0" DisableAutomaticDiscountCalculation="0" CuryFreightCost="0.0000" FreightCost="0.0000" CuryDiscTot="0.0000" DiscTot="0.0000" CuryGoodsTotal="344.8500" GoodsTotal="344.8500" CuryPremiumFreightAmt="0.0000" PremiumFreightAmt="0.0000" CuryFreightAmt="0.0000" FreightAmt="0.0000" CuryFreightTot="0.0000" FreightTot="0.0000" CuryMiscTot="0.0000" MiscTot="0.0000" />
		<row DocType="INV" RefNbr="000028" CuryTaxTotal="22.3600" TaxTotal="22.3600" DiscDate="2019-12-24 00:00:00" TermsID="30D" InvoiceNbr="LOGIC-1173" InvoiceDate="1900-01-01 00:00:00" TaxZoneID="EXTERNAL" CuryLineTotal="223.5700" LineTotal="223.5700" CommnPct="0.000000" CommnAmt="0.0000" CuryCommnAmt="0.0000" CommnblAmt="0.0000" CuryCommnblAmt="0.0000" BillAddressID="43" MultiShipAddress="0" ShipAddressID="44" DontPrint="1" Printed="0" DontEmail="1" Emailed="0" CreditHold="0" ApprovedCredit="0" ApprovedCreditAmt="0.0000" BillContactID="43" ShipContactID="44" PaymentMethodID="SHOPIFY" CashAccountID="10" ProjectID="0" ProformaExists="0" VatTaxableTotal="0.0000" CuryVatTaxableTotal="0.0000" VatExemptTotal="0.0000" CuryVatExemptTotal="0.0000" Revoked="0" ApplyOverdueCharge="0" IsRUTROTDeductible="0" DisableAutomaticDiscountCalculation="0" CuryFreightCost="0.0000" FreightCost="0.0000" CuryDiscTot="0.0000" DiscTot="0.0000" CuryGoodsTotal="198.5700" GoodsTotal="198.5700" CuryPremiumFreightAmt="0.0000" PremiumFreightAmt="0.0000" CuryFreightAmt="25.0000" FreightAmt="25.0000" CuryFreightTot="25.0000" FreightTot="25.0000" CuryMiscTot="0.0000" MiscTot="0.0000" />
		<row DocType="INV" RefNbr="000029" CuryTaxTotal="9.9300" TaxTotal="9.9300" DiscDate="2019-12-24 00:00:00" TermsID="30D" InvoiceNbr="LOGIC-1173" InvoiceDate="1900-01-01 00:00:00" TaxZoneID="EXTERNAL" CuryLineTotal="99.2800" LineTotal="99.2800" CommnPct="0.000000" CommnAmt="0.0000" CuryCommnAmt="0.0000" CommnblAmt="0.0000" CuryCommnblAmt="0.0000" BillAddressID="45" MultiShipAddress="0" ShipAddressID="46" DontPrint="1" Printed="0" DontEmail="1" Emailed="0" CreditHold="0" ApprovedCredit="0" ApprovedCreditAmt="0.0000" BillContactID="45" ShipContactID="46" PaymentMethodID="SHOPIFY" CashAccountID="10" ProjectID="0" ProformaExists="0" VatTaxableTotal="0.0000" CuryVatTaxableTotal="0.0000" VatExemptTotal="0.0000" CuryVatExemptTotal="0.0000" Revoked="0" ApplyOverdueCharge="0" IsRUTROTDeductible="0" DisableAutomaticDiscountCalculation="0" CuryFreightCost="0.0000" FreightCost="0.0000" CuryDiscTot="0.0000" DiscTot="0.0000" CuryGoodsTotal="99.2800" GoodsTotal="99.2800" CuryPremiumFreightAmt="0.0000" PremiumFreightAmt="0.0000" CuryFreightAmt="0.0000" FreightAmt="0.0000" CuryFreightTot="0.0000" FreightTot="0.0000" CuryMiscTot="0.0000" MiscTot="0.0000" />
		<row DocType="INV" RefNbr="000030" CuryTaxTotal="13.4900" TaxTotal="13.4900" DiscDate="2019-12-24 00:00:00" TermsID="30D" InvoiceNbr="LOGIC-1174" InvoiceDate="1900-01-01 00:00:00" TaxZoneID="EXTERNAL" CuryLineTotal="184.9000" LineTotal="184.9000" CommnPct="0.000000" CommnAmt="0.0000" CuryCommnAmt="0.0000" CommnblAmt="0.0000" CuryCommnblAmt="0.0000" BillAddressID="47" MultiShipAddress="0" ShipAddressID="48" DontPrint="1" Printed="0" DontEmail="1" Emailed="0" CreditHold="0" ApprovedCredit="0" ApprovedCreditAmt="0.0000" BillContactID="47" ShipContactID="48" PaymentMethodID="SHOPIFY" CashAccountID="10" ProjectID="0" ProformaExists="0" VatTaxableTotal="0.0000" CuryVatTaxableTotal="0.0000" VatExemptTotal="0.0000" CuryVatExemptTotal="0.0000" Revoked="0" ApplyOverdueCharge="0" IsRUTROTDeductible="0" DisableAutomaticDiscountCalculation="0" CuryFreightCost="0.0000" FreightCost="0.0000" CuryDiscTot="0.0000" DiscTot="0.0000" CuryGoodsTotal="164.9000" GoodsTotal="164.9000" CuryPremiumFreightAmt="0.0000" PremiumFreightAmt="0.0000" CuryFreightAmt="20.0000" FreightAmt="20.0000" CuryFreightTot="20.0000" FreightTot="20.0000" CuryMiscTot="0.0000" MiscTot="0.0000" />
		<row DocType="SMC" RefNbr="000011" CuryTaxTotal="0.0000" TaxTotal="0.0000" InvoiceDate="1900-01-01 00:00:00" CuryLineTotal="0.0000" LineTotal="0.0000" CommnPct="0.000000" CommnAmt="0.0000" CuryCommnAmt="0.0000" CommnblAmt="0.0000" CuryCommnblAmt="0.0000" BillAddressID="12" MultiShipAddress="0" ShipAddressID="12" DontPrint="1" Printed="0" DontEmail="1" Emailed="0" CreditHold="0" ApprovedCredit="0" ApprovedCreditAmt="0.0000" BillContactID="12" ShipContactID="12" ProjectID="0" ProformaExists="0" VatTaxableTotal="0.0000" CuryVatTaxableTotal="0.0000" VatExemptTotal="0.0000" CuryVatExemptTotal="0.0000" Revoked="0" ApplyOverdueCharge="0" IsRUTROTDeductible="0" DisableAutomaticDiscountCalculation="0" CuryFreightCost="0.0000" FreightCost="0.0000" CuryDiscTot="0.0000" DiscTot="0.0000" CuryGoodsTotal="0.0000" GoodsTotal="0.0000" CuryPremiumFreightAmt="0.0000" PremiumFreightAmt="0.0000" CuryFreightAmt="0.0000" FreightAmt="0.0000" CuryFreightTot="0.0000" FreightTot="0.0000" CuryMiscTot="0.0000" MiscTot="0.0000" />
	</rows>
</data>