﻿<?xml version="1.0" encoding="utf-8"?>
<data>
	<table name="ARInvoiceNbr">
		<col name="CompanyID" type="Int" default="Zero" />
		<col name="DocType" type="Char(3)" />
		<col name="RefNbr" type="NVarChar(15)" />
		<col name="tstamp" type="Timestamp" />
		<col name="RefNoteID" type="UniqueIdentifier" />
	</table>
	<rows>
		<row DocType="INV" RefNbr="000001" RefNoteID="135b7271-346e-e411-8043-74d435e7799b" />
		<row DocType="INV" RefNbr="000002" RefNoteID="7383eb99-346e-e411-8043-74d435e7799b" />
		<row DocType="INV" RefNbr="000003" RefNoteID="d5519bc5-346e-e411-8043-74d435e7799b" />
		<row DocType="INV" RefNbr="000004" RefNoteID="35e24ef0-346e-e411-8043-74d435e7799b" />
		<row DocType="INV" RefNbr="000005" RefNoteID="ef062a7f-f96e-e411-8157-74d435e7799b" />
		<row DocType="DRM" RefNbr="000006" RefNoteID="aa9e3b20-006f-e411-8157-74d435e7799b" />
		<row DocType="CRM" RefNbr="000007" RefNoteID="8ab6116a-026f-e411-8157-74d435e7799b" />
		<row DocType="INV" RefNbr="000008" RefNoteID="c6802ba1-236f-e411-8157-74d435e7799b" />
		<row DocType="INV" RefNbr="000009" RefNoteID="c58873fb-276f-e411-8157-74d435e7799b" />
		<row DocType="INV" RefNbr="000013" RefNoteID="4805fb8f-da25-ea11-a6f0-9cb6d0c82c0c" />
		<row DocType="INV" RefNbr="000014" RefNoteID="11bd2aca-da25-ea11-a6f0-9cb6d0c82c0c" />
		<row DocType="INV" RefNbr="000015" RefNoteID="7e356e94-db25-ea11-a6f0-9cb6d0c82c0c" />
		<row DocType="INV" RefNbr="000016" RefNoteID="0ded1c66-dc25-ea11-a6f0-9cb6d0c82c0c" />
		<row DocType="INV" RefNbr="000017" RefNoteID="a2336674-dc25-ea11-a6f0-9cb6d0c82c0c" />
		<row DocType="INV" RefNbr="000018" RefNoteID="e74e85f6-dc25-ea11-a6f0-9cb6d0c82c0c" />
		<row DocType="INV" RefNbr="000019" RefNoteID="ad2a6108-de25-ea11-a6f0-9cb6d0c82c0c" />
		<row DocType="INV" RefNbr="000020" RefNoteID="233ef013-de25-ea11-a6f0-9cb6d0c82c0c" />
		<row DocType="INV" RefNbr="000021" RefNoteID="27163896-de25-ea11-a6f0-9cb6d0c82c0c" />
		<row DocType="INV" RefNbr="000022" RefNoteID="99cab63d-0426-ea11-a6f0-9cb6d0c82c0c" />
		<row DocType="INV" RefNbr="000023" RefNoteID="3011a0b2-0426-ea11-a6f0-9cb6d0c82c0c" />
		<row DocType="INV" RefNbr="000024" RefNoteID="038cf26f-0526-ea11-a6f0-9cb6d0c82c0c" />
		<row DocType="INV" RefNbr="000025" RefNoteID="35586a8f-0526-ea11-a6f0-9cb6d0c82c0c" />
		<row DocType="INV" RefNbr="000026" RefNoteID="65fae546-0726-ea11-a6f0-9cb6d0c82c0c" />
		<row DocType="INV" RefNbr="000027" RefNoteID="bd56af0e-0826-ea11-a6f0-9cb6d0c82c0c" />
		<row DocType="INV" RefNbr="000028" RefNoteID="8f77eb17-0926-ea11-a6f0-9cb6d0c82c0c" />
		<row DocType="INV" RefNbr="000029" RefNoteID="bf3b9949-0926-ea11-a6f0-9cb6d0c82c0c" />
		<row DocType="INV" RefNbr="000030" RefNoteID="c6e6ecdc-0a26-ea11-a6f0-9cb6d0c82c0c" />
	</rows>
</data>