﻿<?xml version="1.0" encoding="utf-8"?>
<data>
	<table name="ARPayment">
		<col name="CompanyID" type="Int" default="Zero" />
		<col name="DocType" type="Char(3)" />
		<col name="RefNbr" type="NVarChar(15)" />
		<col name="CashAccountID" type="Int" nullable="true" />
		<col name="CashSubID" type="Int" nullable="true" />
		<col name="ExtRefNbr" type="NVarChar(40)" nullable="true" />
		<col name="AdjDate" type="SmallDateTime" />
		<col name="CuryOrigTaxDiscAmt" type="Decimal(19,4)" default="Zero" />
		<col name="OrigTaxDiscAmt" type="Decimal(19,4)" default="Zero" />
		<col name="Cleared" type="Bit" nullable="true" />
		<col name="ClearDate" type="SmallDateTime" nullable="true" />
		<col name="CATranID" type="BigInt" nullable="true" />
		<col name="AdjFinPeriodID" type="Char(6)" />
		<col name="AdjTranPeriodID" type="Char(6)" />
		<col name="PMInstanceID" type="Int" nullable="true" />
		<col name="ProcessingCenterID" type="NVarChar(10)" nullable="true" />
		<col name="PaymentMethodID" type="NVarChar(10)" nullable="true" />
		<col name="SyncLock" type="Bit" nullable="true" />
		<col name="DepositAsBatch" type="Bit" default="Zero" />
		<col name="DepositAfter" type="SmallDateTime" nullable="true" />
		<col name="DepositType" type="Char(3)" nullable="true" />
		<col name="DepositNbr" type="NVarChar(15)" nullable="true" />
		<col name="DepositDate" type="SmallDateTime" nullable="true" />
		<col name="Deposited" type="Bit" default="Zero" />
		<col name="ProjectID" type="Int" default="Zero" />
		<col name="TaskID" type="Int" nullable="true" />
		<col name="RefTranExtNbr" type="NVarChar(50)" nullable="true" />
		<col name="ChargeCntr" type="Int" default="Zero" />
		<col name="CuryConsolidateChargeTotal" type="Decimal(19,4)" default="Zero" />
		<col name="ConsolidateChargeTotal" type="Decimal(19,4)" default="Zero" />
		<col name="IsRUTROTPayment" type="Bit" default="Zero" />
	</table>
	<rows>
		<row DocType="CRM" RefNbr="000007" AdjDate="2014-03-01 00:00:00" CuryOrigTaxDiscAmt="0.0000" OrigTaxDiscAmt="0.0000" Cleared="0" AdjFinPeriodID="201403" AdjTranPeriodID="201403" DepositAsBatch="0" Deposited="0" ProjectID="0" ChargeCntr="0" CuryConsolidateChargeTotal="0.0000" ConsolidateChargeTotal="0.0000" IsRUTROTPayment="0" />
		<row DocType="PMT" RefNbr="000001" CashAccountID="9" ExtRefNbr="02282014R" AdjDate="2014-03-03 00:00:00" CuryOrigTaxDiscAmt="0.0000" OrigTaxDiscAmt="0.0000" Cleared="1" ClearDate="2014-11-17 00:00:00" CATranID="10058" AdjFinPeriodID="201403" AdjTranPeriodID="201403" PaymentMethodID="CHECK" DepositAsBatch="0" Deposited="0" ProjectID="0" RefTranExtNbr="" ChargeCntr="0" CuryConsolidateChargeTotal="0.0000" ConsolidateChargeTotal="0.0000" IsRUTROTPayment="0" />
		<row DocType="PMT" RefNbr="000002" CashAccountID="9" ExtRefNbr="02282014G" AdjDate="2014-02-28 00:00:00" CuryOrigTaxDiscAmt="0.0000" OrigTaxDiscAmt="0.0000" Cleared="1" ClearDate="2014-11-17 00:00:00" CATranID="10059" AdjFinPeriodID="201402" AdjTranPeriodID="201402" PaymentMethodID="CHECK" DepositAsBatch="0" Deposited="0" ProjectID="0" RefTranExtNbr="" ChargeCntr="0" CuryConsolidateChargeTotal="0.0000" ConsolidateChargeTotal="0.0000" IsRUTROTPayment="0" />
		<row DocType="PMT" RefNbr="000003" CashAccountID="9" ExtRefNbr="03042014E" AdjDate="2014-03-04 00:00:00" CuryOrigTaxDiscAmt="0.0000" OrigTaxDiscAmt="0.0000" Cleared="1" ClearDate="2014-11-18 00:00:00" CATranID="10060" AdjFinPeriodID="201403" AdjTranPeriodID="201403" PaymentMethodID="CHECK" DepositAsBatch="0" Deposited="0" ProjectID="0" RefTranExtNbr="" ChargeCntr="0" CuryConsolidateChargeTotal="0.0000" ConsolidateChargeTotal="0.0000" IsRUTROTPayment="0" />
		<row DocType="PMT" RefNbr="000005" CashAccountID="9" ExtRefNbr="03202014R" AdjDate="2014-03-20 00:00:00" CuryOrigTaxDiscAmt="0.0000" OrigTaxDiscAmt="0.0000" Cleared="1" ClearDate="2014-11-18 00:00:00" CATranID="10062" AdjFinPeriodID="201403" AdjTranPeriodID="201403" PaymentMethodID="CHECK" DepositAsBatch="0" Deposited="0" ProjectID="0" RefTranExtNbr="" ChargeCntr="0" CuryConsolidateChargeTotal="0.0000" ConsolidateChargeTotal="0.0000" IsRUTROTPayment="0" />
		<row DocType="PMT" RefNbr="000007" CashAccountID="9" ExtRefNbr="03312014L" AdjDate="2014-03-31 00:00:00" CuryOrigTaxDiscAmt="0.0000" OrigTaxDiscAmt="0.0000" Cleared="1" ClearDate="2014-03-31 00:00:00" CATranID="10064" AdjFinPeriodID="201403" AdjTranPeriodID="201403" PaymentMethodID="CHECK" DepositAsBatch="0" Deposited="0" ProjectID="0" RefTranExtNbr="" ChargeCntr="0" CuryConsolidateChargeTotal="0.0000" ConsolidateChargeTotal="0.0000" IsRUTROTPayment="0" />
		<row DocType="PMT" RefNbr="000008" CashAccountID="9" ExtRefNbr="04102014R" AdjDate="2014-04-10 00:00:00" CuryOrigTaxDiscAmt="0.0000" OrigTaxDiscAmt="0.0000" Cleared="1" ClearDate="2014-11-19 00:00:00" CATranID="10065" AdjFinPeriodID="201404" AdjTranPeriodID="201404" PaymentMethodID="CHECK" DepositAsBatch="0" Deposited="0" ProjectID="0" RefTranExtNbr="" ChargeCntr="0" CuryConsolidateChargeTotal="0.0000" ConsolidateChargeTotal="0.0000" IsRUTROTPayment="0" />
		<row DocType="PMT" RefNbr="000009" CashAccountID="10" ExtRefNbr="LOGIC-1089" AdjDate="2019-12-05 00:00:00" CuryOrigTaxDiscAmt="0.0000" OrigTaxDiscAmt="0.0000" Cleared="0" CATranID="10066" AdjFinPeriodID="201912" AdjTranPeriodID="201912" PaymentMethodID="SHOPIFY" DepositAsBatch="1" DepositAfter="2019-12-05 00:00:00" Deposited="0" ProjectID="0" ChargeCntr="0" CuryConsolidateChargeTotal="0.0000" ConsolidateChargeTotal="0.0000" IsRUTROTPayment="0" />
		<row DocType="PMT" RefNbr="000010" CashAccountID="10" ExtRefNbr="LOGIC-1090" AdjDate="2019-12-05 00:00:00" CuryOrigTaxDiscAmt="0.0000" OrigTaxDiscAmt="0.0000" Cleared="0" CATranID="10067" AdjFinPeriodID="201912" AdjTranPeriodID="201912" PaymentMethodID="SHOPIFY" DepositAsBatch="1" DepositAfter="2019-12-05 00:00:00" Deposited="0" ProjectID="0" ChargeCntr="0" CuryConsolidateChargeTotal="0.0000" ConsolidateChargeTotal="0.0000" IsRUTROTPayment="0" />
		<row DocType="PMT" RefNbr="000011" CashAccountID="10" ExtRefNbr="LOGIC-1091" AdjDate="2019-12-23 00:00:00" CuryOrigTaxDiscAmt="0.0000" OrigTaxDiscAmt="0.0000" Cleared="0" CATranID="10068" AdjFinPeriodID="201912" AdjTranPeriodID="201912" PaymentMethodID="SHOPIFY" DepositAsBatch="1" DepositAfter="2019-12-05 00:00:00" Deposited="0" ProjectID="0" ChargeCntr="0" CuryConsolidateChargeTotal="0.0000" ConsolidateChargeTotal="0.0000" IsRUTROTPayment="0" />
		<row DocType="PMT" RefNbr="000012" CashAccountID="10" ExtRefNbr="LOGIC-1088" AdjDate="2019-12-05 00:00:00" CuryOrigTaxDiscAmt="0.0000" OrigTaxDiscAmt="0.0000" Cleared="0" CATranID="10069" AdjFinPeriodID="201912" AdjTranPeriodID="201912" PaymentMethodID="SHOPIFY" DepositAsBatch="1" DepositAfter="2019-12-05 00:00:00" Deposited="0" ProjectID="0" ChargeCntr="0" CuryConsolidateChargeTotal="0.0000" ConsolidateChargeTotal="0.0000" IsRUTROTPayment="0" />
		<row DocType="PMT" RefNbr="000013" CashAccountID="10" ExtRefNbr="2429542924332" AdjDate="2019-12-23 00:00:00" CuryOrigTaxDiscAmt="0.0000" OrigTaxDiscAmt="0.0000" Cleared="0" CATranID="10070" AdjFinPeriodID="201912" AdjTranPeriodID="201912" PaymentMethodID="SHOPIFY" DepositAsBatch="1" DepositAfter="2019-12-23 00:00:00" Deposited="0" ProjectID="0" ChargeCntr="0" CuryConsolidateChargeTotal="0.0000" ConsolidateChargeTotal="0.0000" IsRUTROTPayment="0" />
		<row DocType="PMT" RefNbr="000014" CashAccountID="10" ExtRefNbr="2429545840684" AdjDate="2019-12-23 00:00:00" CuryOrigTaxDiscAmt="0.0000" OrigTaxDiscAmt="0.0000" Cleared="0" CATranID="10071" AdjFinPeriodID="201912" AdjTranPeriodID="201912" PaymentMethodID="SHOPIFY" DepositAsBatch="1" DepositAfter="2019-12-23 00:00:00" Deposited="0" ProjectID="0" ChargeCntr="0" CuryConsolidateChargeTotal="0.0000" ConsolidateChargeTotal="0.0000" IsRUTROTPayment="0" />
		<row DocType="PMT" RefNbr="000015" CashAccountID="10" ExtRefNbr="2429548036140" AdjDate="2019-12-23 00:00:00" CuryOrigTaxDiscAmt="0.0000" OrigTaxDiscAmt="0.0000" Cleared="0" CATranID="10072" AdjFinPeriodID="201912" AdjTranPeriodID="201912" PaymentMethodID="SHOPIFY" DepositAsBatch="1" DepositAfter="2019-12-23 00:00:00" Deposited="0" ProjectID="0" ChargeCntr="0" CuryConsolidateChargeTotal="0.0000" ConsolidateChargeTotal="0.0000" IsRUTROTPayment="0" />
		<row DocType="PMT" RefNbr="000016" CashAccountID="10" ExtRefNbr="2429553246252" AdjDate="2019-12-23 00:00:00" CuryOrigTaxDiscAmt="0.0000" OrigTaxDiscAmt="0.0000" Cleared="0" CATranID="10073" AdjFinPeriodID="201912" AdjTranPeriodID="201912" PaymentMethodID="SHOPIFY" DepositAsBatch="1" DepositAfter="2019-12-23 00:00:00" Deposited="0" ProjectID="0" ChargeCntr="0" CuryConsolidateChargeTotal="0.0000" ConsolidateChargeTotal="0.0000" IsRUTROTPayment="0" />
		<row DocType="PMT" RefNbr="000017" CashAccountID="10" ExtRefNbr="2429555179564" AdjDate="2019-12-23 00:00:00" CuryOrigTaxDiscAmt="0.0000" OrigTaxDiscAmt="0.0000" Cleared="0" CATranID="10074" AdjFinPeriodID="201912" AdjTranPeriodID="201912" PaymentMethodID="SHOPIFY" DepositAsBatch="1" DepositAfter="2019-12-23 00:00:00" Deposited="0" ProjectID="0" ChargeCntr="0" CuryConsolidateChargeTotal="0.0000" ConsolidateChargeTotal="0.0000" IsRUTROTPayment="0" />
		<row DocType="PMT" RefNbr="000019" CashAccountID="10" ExtRefNbr="2429558784044" AdjDate="2019-12-23 00:00:00" CuryOrigTaxDiscAmt="0.0000" OrigTaxDiscAmt="0.0000" Cleared="0" CATranID="10076" AdjFinPeriodID="201912" AdjTranPeriodID="201912" PaymentMethodID="SHOPIFY" DepositAsBatch="1" DepositAfter="2019-12-23 00:00:00" Deposited="0" ProjectID="0" ChargeCntr="0" CuryConsolidateChargeTotal="0.0000" ConsolidateChargeTotal="0.0000" IsRUTROTPayment="0" />
		<row DocType="PMT" RefNbr="000021" CashAccountID="10" ExtRefNbr="2429564059692" AdjDate="2019-12-23 00:00:00" CuryOrigTaxDiscAmt="0.0000" OrigTaxDiscAmt="0.0000" Cleared="0" CATranID="10078" AdjFinPeriodID="201912" AdjTranPeriodID="201912" PaymentMethodID="SHOPIFY" DepositAsBatch="1" DepositAfter="2019-12-23 00:00:00" Deposited="0" ProjectID="0" ChargeCntr="0" CuryConsolidateChargeTotal="0.0000" ConsolidateChargeTotal="0.0000" IsRUTROTPayment="0" />
		<row DocType="PMT" RefNbr="000023" CashAccountID="10" ExtRefNbr="2429566353452" AdjDate="2019-12-24 00:00:00" CuryOrigTaxDiscAmt="0.0000" OrigTaxDiscAmt="0.0000" Cleared="0" CATranID="10080" AdjFinPeriodID="201912" AdjTranPeriodID="201912" PaymentMethodID="SHOPIFY" DepositAsBatch="1" DepositAfter="2019-12-23 00:00:00" Deposited="0" ProjectID="0" ChargeCntr="0" CuryConsolidateChargeTotal="0.0000" ConsolidateChargeTotal="0.0000" IsRUTROTPayment="0" />
		<row DocType="PMT" RefNbr="000025" CashAccountID="10" ExtRefNbr="2429577232428" AdjDate="2019-12-24 00:00:00" CuryOrigTaxDiscAmt="0.0000" OrigTaxDiscAmt="0.0000" Cleared="0" CATranID="10082" AdjFinPeriodID="201912" AdjTranPeriodID="201912" PaymentMethodID="SHOPIFY" DepositAsBatch="1" DepositAfter="2019-12-23 00:00:00" Deposited="0" ProjectID="0" ChargeCntr="0" CuryConsolidateChargeTotal="0.0000" ConsolidateChargeTotal="0.0000" IsRUTROTPayment="0" />
		<row DocType="PMT" RefNbr="000027" CashAccountID="10" ExtRefNbr="2429702275116" AdjDate="2019-12-23 00:00:00" CuryOrigTaxDiscAmt="0.0000" OrigTaxDiscAmt="0.0000" Cleared="0" CATranID="10084" AdjFinPeriodID="201912" AdjTranPeriodID="201912" PaymentMethodID="SHOPIFY" DepositAsBatch="1" DepositAfter="2019-12-23 00:00:00" Deposited="0" ProjectID="0" ChargeCntr="0" CuryConsolidateChargeTotal="0.0000" ConsolidateChargeTotal="0.0000" IsRUTROTPayment="0" />
		<row DocType="PMT" RefNbr="000029" CashAccountID="10" ExtRefNbr="2429709615148" AdjDate="2019-12-24 00:00:00" CuryOrigTaxDiscAmt="0.0000" OrigTaxDiscAmt="0.0000" Cleared="0" CATranID="10086" AdjFinPeriodID="201912" AdjTranPeriodID="201912" PaymentMethodID="SHOPIFY" DepositAsBatch="1" DepositAfter="2019-12-23 00:00:00" Deposited="0" ProjectID="0" ChargeCntr="0" CuryConsolidateChargeTotal="0.0000" ConsolidateChargeTotal="0.0000" IsRUTROTPayment="0" />
		<row DocType="PMT" RefNbr="000031" CashAccountID="10" ExtRefNbr="2429713317932" AdjDate="2019-12-24 00:00:00" CuryOrigTaxDiscAmt="0.0000" OrigTaxDiscAmt="0.0000" Cleared="0" CATranID="10088" AdjFinPeriodID="201912" AdjTranPeriodID="201912" PaymentMethodID="SHOPIFY" DepositAsBatch="1" DepositAfter="2019-12-23 00:00:00" Deposited="0" ProjectID="0" ChargeCntr="0" CuryConsolidateChargeTotal="0.0000" ConsolidateChargeTotal="0.0000" IsRUTROTPayment="0" />
		<row DocType="PMT" RefNbr="000033" CashAccountID="10" ExtRefNbr="2429715382316" AdjDate="2019-12-24 00:00:00" CuryOrigTaxDiscAmt="0.0000" OrigTaxDiscAmt="0.0000" Cleared="0" CATranID="10090" AdjFinPeriodID="201912" AdjTranPeriodID="201912" PaymentMethodID="SHOPIFY" DepositAsBatch="1" DepositAfter="2019-12-23 00:00:00" Deposited="0" ProjectID="0" ChargeCntr="0" CuryConsolidateChargeTotal="0.0000" ConsolidateChargeTotal="0.0000" IsRUTROTPayment="0" />
		<row DocType="PMT" RefNbr="000034" CashAccountID="10" ExtRefNbr="2429720952876" AdjDate="2019-12-24 00:00:00" CuryOrigTaxDiscAmt="0.0000" OrigTaxDiscAmt="0.0000" Cleared="0" CATranID="10091" AdjFinPeriodID="201912" AdjTranPeriodID="201912" PaymentMethodID="SHOPIFY" DepositAsBatch="1" DepositAfter="2019-12-23 00:00:00" Deposited="0" ProjectID="0" ChargeCntr="0" CuryConsolidateChargeTotal="0.0000" ConsolidateChargeTotal="0.0000" IsRUTROTPayment="0" />
		<row DocType="PMT" RefNbr="000036" CashAccountID="10" ExtRefNbr="2429726982188" AdjDate="2019-12-23 00:00:00" CuryOrigTaxDiscAmt="0.0000" OrigTaxDiscAmt="0.0000" Cleared="0" CATranID="10093" AdjFinPeriodID="201912" AdjTranPeriodID="201912" PaymentMethodID="SHOPIFY" DepositAsBatch="1" DepositAfter="2019-12-23 00:00:00" Deposited="0" ProjectID="0" ChargeCntr="0" CuryConsolidateChargeTotal="0.0000" ConsolidateChargeTotal="0.0000" IsRUTROTPayment="0" />
		<row DocType="PMT" RefNbr="000038" CashAccountID="10" ExtRefNbr="2429732290604" AdjDate="2019-12-23 00:00:00" CuryOrigTaxDiscAmt="0.0000" OrigTaxDiscAmt="0.0000" Cleared="0" CATranID="10095" AdjFinPeriodID="201912" AdjTranPeriodID="201912" PaymentMethodID="SHOPIFY" DepositAsBatch="1" DepositAfter="2019-12-23 00:00:00" Deposited="0" ProjectID="0" ChargeCntr="0" CuryConsolidateChargeTotal="0.0000" ConsolidateChargeTotal="0.0000" IsRUTROTPayment="0" />
		<row DocType="PMT" RefNbr="000040" CashAccountID="10" ExtRefNbr="2429741334572" AdjDate="2019-12-23 00:00:00" CuryOrigTaxDiscAmt="0.0000" OrigTaxDiscAmt="0.0000" Cleared="0" CATranID="10097" AdjFinPeriodID="201912" AdjTranPeriodID="201912" PaymentMethodID="SHOPIFY" DepositAsBatch="1" DepositAfter="2019-12-23 00:00:00" Deposited="0" ProjectID="0" ChargeCntr="0" CuryConsolidateChargeTotal="0.0000" ConsolidateChargeTotal="0.0000" IsRUTROTPayment="0" />
		<row DocType="PMT" RefNbr="000042" CashAccountID="10" ExtRefNbr="2429748641836" AdjDate="2019-12-24 00:00:00" CuryOrigTaxDiscAmt="0.0000" OrigTaxDiscAmt="0.0000" Cleared="0" CATranID="10099" AdjFinPeriodID="201912" AdjTranPeriodID="201912" PaymentMethodID="SHOPIFY" DepositAsBatch="1" DepositAfter="2019-12-24 00:00:00" Deposited="0" ProjectID="0" ChargeCntr="0" CuryConsolidateChargeTotal="0.0000" ConsolidateChargeTotal="0.0000" IsRUTROTPayment="0" />
		<row DocType="PMT" RefNbr="000044" CashAccountID="10" ExtRefNbr="2429743530028" AdjDate="2019-12-23 00:00:00" CuryOrigTaxDiscAmt="0.0000" OrigTaxDiscAmt="0.0000" Cleared="0" CATranID="10101" AdjFinPeriodID="201912" AdjTranPeriodID="201912" PaymentMethodID="SHOPIFY" DepositAsBatch="1" DepositAfter="2019-12-23 00:00:00" Deposited="0" ProjectID="0" ChargeCntr="0" CuryConsolidateChargeTotal="0.0000" ConsolidateChargeTotal="0.0000" IsRUTROTPayment="0" />
		<row DocType="PPM" RefNbr="000004" CashAccountID="9" ExtRefNbr="03012014G" AdjDate="2014-03-15 00:00:00" CuryOrigTaxDiscAmt="0.0000" OrigTaxDiscAmt="0.0000" Cleared="1" ClearDate="2014-11-18 00:00:00" CATranID="10061" AdjFinPeriodID="201403" AdjTranPeriodID="201403" PaymentMethodID="CHECK" DepositAsBatch="0" Deposited="0" ProjectID="0" RefTranExtNbr="" ChargeCntr="0" CuryConsolidateChargeTotal="0.0000" ConsolidateChargeTotal="0.0000" IsRUTROTPayment="0" />
		<row DocType="REF" RefNbr="000006" CashAccountID="9" ExtRefNbr="03312014G" AdjDate="2014-03-31 00:00:00" CuryOrigTaxDiscAmt="0.0000" OrigTaxDiscAmt="0.0000" Cleared="1" ClearDate="2014-03-31 00:00:00" CATranID="10063" AdjFinPeriodID="201403" AdjTranPeriodID="201403" PaymentMethodID="CHECK" DepositAsBatch="0" Deposited="0" ProjectID="0" RefTranExtNbr="" ChargeCntr="0" CuryConsolidateChargeTotal="0.0000" ConsolidateChargeTotal="0.0000" IsRUTROTPayment="0" />
		<row DocType="REF" RefNbr="000018" CashAccountID="10" ExtRefNbr="2429555376172" AdjDate="2019-12-23 00:00:00" CuryOrigTaxDiscAmt="0.0000" OrigTaxDiscAmt="0.0000" Cleared="0" CATranID="10075" AdjFinPeriodID="201912" AdjTranPeriodID="201912" PaymentMethodID="SHOPIFY" DepositAsBatch="1" DepositAfter="2019-12-23 00:00:00" Deposited="0" ProjectID="0" ChargeCntr="0" CuryConsolidateChargeTotal="0.0000" ConsolidateChargeTotal="0.0000" IsRUTROTPayment="0" />
		<row DocType="REF" RefNbr="000020" CashAccountID="10" ExtRefNbr="2429559341100" AdjDate="2019-12-23 00:00:00" CuryOrigTaxDiscAmt="0.0000" OrigTaxDiscAmt="0.0000" Cleared="0" CATranID="10077" AdjFinPeriodID="201912" AdjTranPeriodID="201912" PaymentMethodID="SHOPIFY" DepositAsBatch="1" DepositAfter="2019-12-23 00:00:00" Deposited="0" ProjectID="0" ChargeCntr="0" CuryConsolidateChargeTotal="0.0000" ConsolidateChargeTotal="0.0000" IsRUTROTPayment="0" />
		<row DocType="REF" RefNbr="000022" CashAccountID="10" ExtRefNbr="2429564289068" AdjDate="2019-12-23 00:00:00" CuryOrigTaxDiscAmt="0.0000" OrigTaxDiscAmt="0.0000" Cleared="0" CATranID="10079" AdjFinPeriodID="201912" AdjTranPeriodID="201912" PaymentMethodID="SHOPIFY" DepositAsBatch="1" DepositAfter="2019-12-23 00:00:00" Deposited="0" ProjectID="0" ChargeCntr="0" CuryConsolidateChargeTotal="0.0000" ConsolidateChargeTotal="0.0000" IsRUTROTPayment="0" />
		<row DocType="REF" RefNbr="000024" CashAccountID="10" ExtRefNbr="2429567074348" AdjDate="2019-12-23 00:00:00" CuryOrigTaxDiscAmt="0.0000" OrigTaxDiscAmt="0.0000" Cleared="0" CATranID="10081" AdjFinPeriodID="201912" AdjTranPeriodID="201912" PaymentMethodID="SHOPIFY" DepositAsBatch="1" DepositAfter="2019-12-23 00:00:00" Deposited="0" ProjectID="0" ChargeCntr="0" CuryConsolidateChargeTotal="0.0000" ConsolidateChargeTotal="0.0000" IsRUTROTPayment="0" />
		<row DocType="REF" RefNbr="000026" CashAccountID="10" ExtRefNbr="2429700014124" AdjDate="2019-12-24 00:00:00" CuryOrigTaxDiscAmt="0.0000" OrigTaxDiscAmt="0.0000" Cleared="0" CATranID="10083" AdjFinPeriodID="201912" AdjTranPeriodID="201912" PaymentMethodID="SHOPIFY" DepositAsBatch="1" DepositAfter="2019-12-24 00:00:00" Deposited="0" ProjectID="0" ChargeCntr="0" CuryConsolidateChargeTotal="0.0000" ConsolidateChargeTotal="0.0000" IsRUTROTPayment="0" />
		<row DocType="REF" RefNbr="000028" CashAccountID="10" ExtRefNbr="2429703225388" AdjDate="2019-12-24 00:00:00" CuryOrigTaxDiscAmt="0.0000" OrigTaxDiscAmt="0.0000" Cleared="0" CATranID="10085" AdjFinPeriodID="201912" AdjTranPeriodID="201912" PaymentMethodID="SHOPIFY" DepositAsBatch="1" DepositAfter="2019-12-24 00:00:00" Deposited="0" ProjectID="0" ChargeCntr="0" CuryConsolidateChargeTotal="0.0000" ConsolidateChargeTotal="0.0000" IsRUTROTPayment="0" />
		<row DocType="REF" RefNbr="000030" CashAccountID="10" ExtRefNbr="2429709811756" AdjDate="2019-12-24 00:00:00" CuryOrigTaxDiscAmt="0.0000" OrigTaxDiscAmt="0.0000" Cleared="0" CATranID="10087" AdjFinPeriodID="201912" AdjTranPeriodID="201912" PaymentMethodID="SHOPIFY" DepositAsBatch="1" DepositAfter="2019-12-24 00:00:00" Deposited="0" ProjectID="0" ChargeCntr="0" CuryConsolidateChargeTotal="0.0000" ConsolidateChargeTotal="0.0000" IsRUTROTPayment="0" />
		<row DocType="REF" RefNbr="000032" CashAccountID="10" ExtRefNbr="2429713514540" AdjDate="2019-12-24 00:00:00" CuryOrigTaxDiscAmt="0.0000" OrigTaxDiscAmt="0.0000" Cleared="0" CATranID="10089" AdjFinPeriodID="201912" AdjTranPeriodID="201912" PaymentMethodID="SHOPIFY" DepositAsBatch="1" DepositAfter="2019-12-24 00:00:00" Deposited="0" ProjectID="0" ChargeCntr="0" CuryConsolidateChargeTotal="0.0000" ConsolidateChargeTotal="0.0000" IsRUTROTPayment="0" />
		<row DocType="REF" RefNbr="000035" CashAccountID="10" ExtRefNbr="2429721149484" AdjDate="2019-12-24 00:00:00" CuryOrigTaxDiscAmt="0.0000" OrigTaxDiscAmt="0.0000" Cleared="0" CATranID="10092" AdjFinPeriodID="201912" AdjTranPeriodID="201912" PaymentMethodID="SHOPIFY" DepositAsBatch="1" DepositAfter="2019-12-24 00:00:00" Deposited="0" ProjectID="0" ChargeCntr="0" CuryConsolidateChargeTotal="0.0000" ConsolidateChargeTotal="0.0000" IsRUTROTPayment="0" />
		<row DocType="REF" RefNbr="000037" CashAccountID="10" ExtRefNbr="2429727080492" AdjDate="2019-12-24 00:00:00" CuryOrigTaxDiscAmt="0.0000" OrigTaxDiscAmt="0.0000" Cleared="0" CATranID="10094" AdjFinPeriodID="201912" AdjTranPeriodID="201912" PaymentMethodID="SHOPIFY" DepositAsBatch="1" DepositAfter="2019-12-24 00:00:00" Deposited="0" ProjectID="0" ChargeCntr="0" CuryConsolidateChargeTotal="0.0000" ConsolidateChargeTotal="0.0000" IsRUTROTPayment="0" />
		<row DocType="REF" RefNbr="000039" CashAccountID="10" ExtRefNbr="2429733929004" AdjDate="2019-12-24 00:00:00" CuryOrigTaxDiscAmt="0.0000" OrigTaxDiscAmt="0.0000" Cleared="0" CATranID="10096" AdjFinPeriodID="201912" AdjTranPeriodID="201912" PaymentMethodID="SHOPIFY" DepositAsBatch="1" DepositAfter="2019-12-24 00:00:00" Deposited="0" ProjectID="0" ChargeCntr="0" CuryConsolidateChargeTotal="0.0000" ConsolidateChargeTotal="0.0000" IsRUTROTPayment="0" />
		<row DocType="REF" RefNbr="000041" CashAccountID="10" ExtRefNbr="2429741596716" AdjDate="2019-12-24 00:00:00" CuryOrigTaxDiscAmt="0.0000" OrigTaxDiscAmt="0.0000" Cleared="0" CATranID="10098" AdjFinPeriodID="201912" AdjTranPeriodID="201912" PaymentMethodID="SHOPIFY" DepositAsBatch="1" DepositAfter="2019-12-24 00:00:00" Deposited="0" ProjectID="0" ChargeCntr="0" CuryConsolidateChargeTotal="0.0000" ConsolidateChargeTotal="0.0000" IsRUTROTPayment="0" />
		<row DocType="REF" RefNbr="000043" CashAccountID="10" ExtRefNbr="2429749723180" AdjDate="2019-12-24 00:00:00" CuryOrigTaxDiscAmt="0.0000" OrigTaxDiscAmt="0.0000" Cleared="0" CATranID="10100" AdjFinPeriodID="201912" AdjTranPeriodID="201912" PaymentMethodID="SHOPIFY" DepositAsBatch="1" DepositAfter="2019-12-24 00:00:00" Deposited="0" ProjectID="0" ChargeCntr="0" CuryConsolidateChargeTotal="0.0000" ConsolidateChargeTotal="0.0000" IsRUTROTPayment="0" />
		<row DocType="SMB" RefNbr="000012" AdjDate="2014-03-31 00:00:00" CuryOrigTaxDiscAmt="0.0000" OrigTaxDiscAmt="0.0000" Cleared="0" AdjFinPeriodID="201403" AdjTranPeriodID="201403" DepositAsBatch="0" Deposited="0" ProjectID="0" ChargeCntr="0" CuryConsolidateChargeTotal="0.0000" ConsolidateChargeTotal="0.0000" IsRUTROTPayment="0" />
	</rows>
</data>