﻿<?xml version="1.0" encoding="utf-8"?>
<data>
	<table name="ARStatement">
		<col name="CompanyID" type="Int" default="Zero" />
		<col name="BranchID" type="Int" />
		<col name="CustomerID" type="Int" />
		<col name="StatementCustomerID" type="Int" />
		<col name="StatementDate" type="SmallDateTime" />
		<col name="PrevStatementDate" type="SmallDateTime" nullable="true" />
		<col name="CuryID" type="NVarChar(5)" />
		<col name="StatementCycleId" type="NVarChar(10)" />
		<col name="StatementType" type="Char(1)" nullable="true" />
		<col name="BegBalance" type="Decimal(19,4)" default="Zero" />
		<col name="CuryBegBalance" type="Decimal(19,4)" default="Zero" />
		<col name="EndBalance" type="Decimal(19,4)" default="Zero" />
		<col name="CuryEndBalance" type="Decimal(19,4)" default="Zero" />
		<col name="AgeBalance00" type="Decimal(19,4)" default="Zero" />
		<col name="CuryAgeBalance00" type="Decimal(19,4)" default="Zero" />
		<col name="AgeBalance01" type="Decimal(19,4)" default="Zero" />
		<col name="CuryAgeBalance01" type="Decimal(19,4)" default="Zero" />
		<col name="AgeBalance02" type="Decimal(19,4)" default="Zero" />
		<col name="CuryAgeBalance02" type="Decimal(19,4)" default="Zero" />
		<col name="AgeBalance03" type="Decimal(19,4)" default="Zero" />
		<col name="CuryAgeBalance03" type="Decimal(19,4)" default="Zero" />
		<col name="AgeBalance04" type="Decimal(19,4)" default="Zero" />
		<col name="CuryAgeBalance04" type="Decimal(19,4)" default="Zero" />
		<col name="AgeDays00" type="SmallInt" nullable="true" />
		<col name="AgeDays01" type="SmallInt" nullable="true" />
		<col name="AgeDays02" type="SmallInt" nullable="true" />
		<col name="AgeDays03" type="SmallInt" nullable="true" />
		<col name="AgeDays04" type="SmallInt" nullable="true" />
		<col name="AgeBucketCurrentDescription" type="NVarChar(60)" nullable="true" />
		<col name="AgeBucket01Description" type="NVarChar(60)" nullable="true" />
		<col name="AgeBucket02Description" type="NVarChar(60)" nullable="true" />
		<col name="AgeBucket03Description" type="NVarChar(60)" nullable="true" />
		<col name="AgeBucket04Description" type="NVarChar(60)" nullable="true" />
		<col name="DontPrint" type="Bit" />
		<col name="Printed" type="Bit" />
		<col name="PrevPrintedCnt" type="SmallInt" default="Zero" />
		<col name="DontEmail" type="Bit" />
		<col name="Emailed" type="Bit" />
		<col name="PrevEmailedCnt" type="SmallInt" default="Zero" />
		<col name="OnDemand" type="Bit" default="Zero" />
		<col name="LocaleName" type="NVarChar(10)" nullable="true" />
		<col name="tstamp" type="Timestamp" />
		<col name="CreatedByID" type="UniqueIdentifier" />
		<col name="CreatedByScreenID" type="Char(8)" />
		<col name="CreatedDateTime" type="DateTime" />
		<col name="LastModifiedByID" type="UniqueIdentifier" />
		<col name="LastModifiedByScreenID" type="Char(8)" />
		<col name="LastModifiedDateTime" type="DateTime" />
		<col name="NoteID" type="UniqueIdentifier" nullable="true" />
	</table>
	<rows>
		<row BranchID="1" CustomerID="18" StatementCustomerID="18" StatementDate="2014-02-28 00:00:00" CuryID="USD" StatementCycleId="EOM" StatementType="O" BegBalance="0.0000" CuryBegBalance="0.0000" EndBalance="500.0000" CuryEndBalance="500.0000" AgeBalance00="500.0000" CuryAgeBalance00="500.0000" AgeBalance01="0.0000" CuryAgeBalance01="0.0000" AgeBalance02="0.0000" CuryAgeBalance02="0.0000" AgeBalance03="0.0000" CuryAgeBalance03="0.0000" AgeBalance04="0.0000" CuryAgeBalance04="0.0000" AgeDays00="0" AgeDays01="10" AgeDays02="30" AgeDays03="60" DontPrint="0" Printed="1" PrevPrintedCnt="0" DontEmail="1" Emailed="0" PrevEmailedCnt="0" OnDemand="0" CreatedByID="b5344897-037e-4d58-b5c3-1bdfd0f47bf9" CreatedByScreenID="AR503000" CreatedDateTime="2014-11-17 13:44:59.257" LastModifiedByID="b5344897-037e-4d58-b5c3-1bdfd0f47bf9" LastModifiedByScreenID="AR503500" LastModifiedDateTime="2014-11-17 13:50:08.17" NoteID="622859c6-466e-e411-8043-74d435e7799b" />
		<row BranchID="1" CustomerID="18" StatementCustomerID="18" StatementDate="2014-03-31 00:00:00" PrevStatementDate="2014-02-28 00:00:00" CuryID="USD" StatementCycleId="EOM" StatementType="O" BegBalance="500.0000" CuryBegBalance="500.0000" EndBalance="60.0000" CuryEndBalance="60.0000" AgeBalance00="60.0000" CuryAgeBalance00="60.0000" AgeBalance01="0.0000" CuryAgeBalance01="0.0000" AgeBalance02="0.0000" CuryAgeBalance02="0.0000" AgeBalance03="0.0000" CuryAgeBalance03="0.0000" AgeBalance04="0.0000" CuryAgeBalance04="0.0000" AgeDays00="0" AgeDays01="10" AgeDays02="30" AgeDays03="60" DontPrint="0" Printed="0" PrevPrintedCnt="0" DontEmail="1" Emailed="0" PrevEmailedCnt="0" OnDemand="0" CreatedByID="b5344897-037e-4d58-b5c3-1bdfd0f47bf9" CreatedByScreenID="AR503000" CreatedDateTime="2014-11-18 16:56:36.19" LastModifiedByID="b5344897-037e-4d58-b5c3-1bdfd0f47bf9" LastModifiedByScreenID="AR503000" LastModifiedDateTime="2014-11-18 16:56:36.19" NoteID="5fb377b5-2a6f-e411-8157-74d435e7799b" />
		<row BranchID="1" CustomerID="19" StatementCustomerID="19" StatementDate="2014-02-28 00:00:00" CuryID="USD" StatementCycleId="EOM" StatementType="B" BegBalance="0.0000" CuryBegBalance="0.0000" EndBalance="0.0000" CuryEndBalance="0.0000" AgeBalance00="0.0000" CuryAgeBalance00="0.0000" AgeBalance01="0.0000" CuryAgeBalance01="0.0000" AgeBalance02="0.0000" CuryAgeBalance02="0.0000" AgeBalance03="0.0000" CuryAgeBalance03="0.0000" AgeBalance04="0.0000" CuryAgeBalance04="0.0000" AgeDays00="0" AgeDays01="10" AgeDays02="30" AgeDays03="60" DontPrint="0" Printed="1" PrevPrintedCnt="0" DontEmail="1" Emailed="0" PrevEmailedCnt="0" OnDemand="0" CreatedByID="b5344897-037e-4d58-b5c3-1bdfd0f47bf9" CreatedByScreenID="AR503000" CreatedDateTime="2014-11-17 13:44:59.36" LastModifiedByID="b5344897-037e-4d58-b5c3-1bdfd0f47bf9" LastModifiedByScreenID="AR503500" LastModifiedDateTime="2014-11-17 13:50:08.177" NoteID="632859c6-466e-e411-8043-74d435e7799b" />
		<row BranchID="1" CustomerID="19" StatementCustomerID="19" StatementDate="2014-03-31 00:00:00" PrevStatementDate="2014-02-28 00:00:00" CuryID="USD" StatementCycleId="EOM" StatementType="B" BegBalance="0.0000" CuryBegBalance="0.0000" EndBalance="0.0000" CuryEndBalance="0.0000" AgeBalance00="0.0000" CuryAgeBalance00="0.0000" AgeBalance01="0.0000" CuryAgeBalance01="0.0000" AgeBalance02="0.0000" CuryAgeBalance02="0.0000" AgeBalance03="0.0000" CuryAgeBalance03="0.0000" AgeBalance04="0.0000" CuryAgeBalance04="0.0000" AgeDays00="0" AgeDays01="10" AgeDays02="30" AgeDays03="60" DontPrint="0" Printed="0" PrevPrintedCnt="0" DontEmail="1" Emailed="0" PrevEmailedCnt="0" OnDemand="0" CreatedByID="b5344897-037e-4d58-b5c3-1bdfd0f47bf9" CreatedByScreenID="AR503000" CreatedDateTime="2014-11-18 16:56:36.257" LastModifiedByID="b5344897-037e-4d58-b5c3-1bdfd0f47bf9" LastModifiedByScreenID="AR503000" LastModifiedDateTime="2014-11-18 16:56:36.257" NoteID="60b377b5-2a6f-e411-8157-74d435e7799b" />
		<row BranchID="1" CustomerID="20" StatementCustomerID="20" StatementDate="2014-02-28 00:00:00" CuryID="USD" StatementCycleId="EOM" StatementType="O" BegBalance="0.0000" CuryBegBalance="0.0000" EndBalance="500.0000" CuryEndBalance="500.0000" AgeBalance00="500.0000" CuryAgeBalance00="500.0000" AgeBalance01="0.0000" CuryAgeBalance01="0.0000" AgeBalance02="0.0000" CuryAgeBalance02="0.0000" AgeBalance03="0.0000" CuryAgeBalance03="0.0000" AgeBalance04="0.0000" CuryAgeBalance04="0.0000" AgeDays00="0" AgeDays01="10" AgeDays02="30" AgeDays03="60" DontPrint="1" Printed="0" PrevPrintedCnt="0" DontEmail="1" Emailed="0" PrevEmailedCnt="0" OnDemand="0" CreatedByID="b5344897-037e-4d58-b5c3-1bdfd0f47bf9" CreatedByScreenID="AR503000" CreatedDateTime="2014-11-17 13:44:59.393" LastModifiedByID="b5344897-037e-4d58-b5c3-1bdfd0f47bf9" LastModifiedByScreenID="AR503000" LastModifiedDateTime="2014-11-17 13:44:59.393" NoteID="642859c6-466e-e411-8043-74d435e7799b" />
		<row BranchID="1" CustomerID="20" StatementCustomerID="20" StatementDate="2014-03-31 00:00:00" PrevStatementDate="2014-02-28 00:00:00" CuryID="USD" StatementCycleId="EOM" StatementType="O" BegBalance="500.0000" CuryBegBalance="500.0000" EndBalance="15.0000" CuryEndBalance="15.0000" AgeBalance00="0.0000" CuryAgeBalance00="0.0000" AgeBalance01="0.0000" CuryAgeBalance01="0.0000" AgeBalance02="0.0000" CuryAgeBalance02="0.0000" AgeBalance03="0.0000" CuryAgeBalance03="0.0000" AgeBalance04="0.0000" CuryAgeBalance04="0.0000" AgeDays00="0" AgeDays01="10" AgeDays02="30" AgeDays03="60" DontPrint="1" Printed="0" PrevPrintedCnt="0" DontEmail="1" Emailed="0" PrevEmailedCnt="0" OnDemand="0" CreatedByID="b5344897-037e-4d58-b5c3-1bdfd0f47bf9" CreatedByScreenID="AR503500" CreatedDateTime="2014-11-19 16:12:29.803" LastModifiedByID="b5344897-037e-4d58-b5c3-1bdfd0f47bf9" LastModifiedByScreenID="AR503500" LastModifiedDateTime="2014-11-19 16:12:29.803" NoteID="936084b6-ed6f-e411-99d2-74d435e7799b" />
		<row BranchID="1" CustomerID="21" StatementCustomerID="21" StatementDate="2014-02-28 00:00:00" CuryID="USD" StatementCycleId="EOM" StatementType="B" BegBalance="0.0000" CuryBegBalance="0.0000" EndBalance="800.0000" CuryEndBalance="800.0000" AgeBalance00="800.0000" CuryAgeBalance00="800.0000" AgeBalance01="0.0000" CuryAgeBalance01="0.0000" AgeBalance02="0.0000" CuryAgeBalance02="0.0000" AgeBalance03="0.0000" CuryAgeBalance03="0.0000" AgeBalance04="0.0000" CuryAgeBalance04="0.0000" AgeDays00="0" AgeDays01="10" AgeDays02="30" AgeDays03="60" DontPrint="1" Printed="0" PrevPrintedCnt="0" DontEmail="1" Emailed="0" PrevEmailedCnt="0" OnDemand="0" CreatedByID="b5344897-037e-4d58-b5c3-1bdfd0f47bf9" CreatedByScreenID="AR503000" CreatedDateTime="2014-11-17 13:44:59.43" LastModifiedByID="b5344897-037e-4d58-b5c3-1bdfd0f47bf9" LastModifiedByScreenID="AR503000" LastModifiedDateTime="2014-11-17 13:44:59.43" NoteID="652859c6-466e-e411-8043-74d435e7799b" />
		<row BranchID="1" CustomerID="21" StatementCustomerID="21" StatementDate="2014-03-31 00:00:00" PrevStatementDate="2014-02-28 00:00:00" CuryID="USD" StatementCycleId="EOM" StatementType="B" BegBalance="800.0000" CuryBegBalance="800.0000" EndBalance="0.0000" CuryEndBalance="0.0000" AgeBalance00="0.0000" CuryAgeBalance00="0.0000" AgeBalance01="0.0000" CuryAgeBalance01="0.0000" AgeBalance02="0.0000" CuryAgeBalance02="0.0000" AgeBalance03="0.0000" CuryAgeBalance03="0.0000" AgeBalance04="0.0000" CuryAgeBalance04="0.0000" AgeDays00="0" AgeDays01="10" AgeDays02="30" AgeDays03="60" DontPrint="1" Printed="0" PrevPrintedCnt="0" DontEmail="1" Emailed="0" PrevEmailedCnt="0" OnDemand="0" CreatedByID="b5344897-037e-4d58-b5c3-1bdfd0f47bf9" CreatedByScreenID="AR503500" CreatedDateTime="2014-11-19 16:20:53.673" LastModifiedByID="b5344897-037e-4d58-b5c3-1bdfd0f47bf9" LastModifiedByScreenID="AR503500" LastModifiedDateTime="2014-11-19 16:20:53.673" NoteID="4681d8e2-ee6f-e411-99d2-74d435e7799b" />
	</rows>
</data>