﻿<?xml version="1.0" encoding="utf-8"?>
<data>
	<table name="CAAdj">
		<col name="CompanyID" type="Int" default="Zero" />
		<col name="BranchID" type="Int" />
		<col name="AdjRefNbr" type="NVarChar(15)" />
		<col name="AdjTranType" type="Char(3)" />
		<col name="ExtRefNbr" type="NVarChar(40)" nullable="true" />
		<col name="CashAccountID" type="Int" />
		<col name="TranDate" type="SmallDateTime" />
		<col name="DrCr" type="Char(1)" />
		<col name="TranDesc" type="NVarChar(256)" nullable="true" />
		<col name="TranPeriodID" type="Char(6)" />
		<col name="FinPeriodID" type="Char(6)" />
		<col name="CuryID" type="NVarChar(5)" nullable="true" />
		<col name="CuryInfoID" type="BigInt" />
		<col name="Hold" type="Bit" />
		<col name="Draft" type="Bit" />
		<col name="Status" type="Char(1)" />
		<col name="Approved" type="Bit" />
		<col name="Released" type="Bit" />
		<col name="IsTaxValid" type="Bit" default="Zero" />
		<col name="IsTaxSaved" type="Bit" default="Zero" />
		<col name="IsTaxPosted" type="Bit" default="Zero" />
		<col name="NonTaxable" type="Bit" default="Zero" />
		<col name="CuryTranAmt" type="Decimal(19,4)" />
		<col name="TranAmt" type="Decimal(19,4)" />
		<col name="TranID" type="BigInt" nullable="true" />
		<col name="EntryTypeID" type="NVarChar(10)" nullable="true" />
		<col name="Cleared" type="Bit" />
		<col name="ClearDate" type="SmallDateTime" nullable="true" />
		<col name="LineCntr" type="Int" nullable="true" />
		<col name="EmployeeID" type="Int" nullable="true" />
		<col name="CreatedByID" type="UniqueIdentifier" />
		<col name="CreatedByScreenID" type="Char(8)" />
		<col name="CreatedDateTime" type="DateTime" />
		<col name="LastModifiedByID" type="UniqueIdentifier" />
		<col name="LastModifiedByScreenID" type="Char(8)" />
		<col name="LastModifiedDateTime" type="DateTime" />
		<col name="tstamp" type="Timestamp" />
		<col name="TransferNbr" type="NVarChar(15)" nullable="true" />
		<col name="TaxZoneID" type="NVarChar(10)" nullable="true" />
		<col name="CuryTaxTotal" type="Decimal(19,4)" />
		<col name="TaxTotal" type="Decimal(19,4)" />
		<col name="CurySplitTotal" type="Decimal(19,4)" />
		<col name="SplitTotal" type="Decimal(19,4)" />
		<col name="CuryControlAmt" type="Decimal(19,4)" />
		<col name="ControlAmt" type="Decimal(19,4)" />
		<col name="VatTaxableTotal" type="Decimal(19,4)" default="Zero" />
		<col name="CuryVatTaxableTotal" type="Decimal(19,4)" default="Zero" />
		<col name="VatExemptTotal" type="Decimal(19,4)" default="Zero" />
		<col name="CuryTaxAmt" type="Decimal(19,4)" default="Zero" />
		<col name="TaxAmt" type="Decimal(19,4)" default="Zero" />
		<col name="TaxCalcMode" type="Char(1)" />
		<col name="CuryTaxRoundDiff" type="Decimal(19,4)" />
		<col name="TaxRoundDiff" type="Decimal(19,4)" />
		<col name="UsesManualVAT" type="Bit" nullable="true" default="Zero" />
		<col name="DeletedDatabaseRecord" type="Bit" default="Zero" />
		<col name="CuryVatExemptTotal" type="Decimal(19,4)" default="Zero" />
		<col name="NoteID" type="UniqueIdentifier" nullable="true" />
	</table>
	<rows>
		<row BranchID="1" AdjRefNbr="000001" AdjTranType="CAE" ExtRefNbr="20140131" CashAccountID="8" TranDate="2014-01-31 00:00:00" DrCr="D" TranDesc="$25 Interest Earned on the Savings Account USD in January" TranPeriodID="201401" FinPeriodID="201401" CuryID="USD" CuryInfoID="51" Hold="0" Draft="0" Status="R" Approved="1" Released="1" IsTaxValid="0" IsTaxSaved="0" IsTaxPosted="0" NonTaxable="0" CuryTranAmt="25.0000" TranAmt="25.0000" TranID="25" EntryTypeID="INTEREST" Cleared="1" ClearDate="2014-01-31 00:00:00" LineCntr="1" CreatedByID="b5344897-037e-4d58-b5c3-1bdfd0f47bf9" CreatedByScreenID="CA304000" CreatedDateTime="2014-10-21 16:37:39.393" LastModifiedByID="b5344897-037e-4d58-b5c3-1bdfd0f47bf9" LastModifiedByScreenID="CA304000" LastModifiedDateTime="2014-10-21 16:37:54.213" CuryTaxTotal="0.0000" TaxTotal="0.0000" CurySplitTotal="25.0000" SplitTotal="25.0000" CuryControlAmt="25.0000" ControlAmt="25.0000" VatTaxableTotal="0.0000" CuryVatTaxableTotal="0.0000" VatExemptTotal="0.0000" CuryTaxAmt="0.0000" TaxAmt="0.0000" TaxCalcMode="T" CuryTaxRoundDiff="0.0000" TaxRoundDiff="0.0000" UsesManualVAT="0" DeletedDatabaseRecord="0" CuryVatExemptTotal="0.0000" NoteID="9f1ce8f8-1e59-e411-8712-74d435e7799b" />
		<row BranchID="1" AdjRefNbr="000002" AdjTranType="CAE" ExtRefNbr="20140131" CashAccountID="9" TranDate="2014-01-31 00:00:00" DrCr="C" TranDesc="$15 Bank Service Fee Paid for Checking Account USD in January" TranPeriodID="201401" FinPeriodID="201401" CuryID="USD" CuryInfoID="53" Hold="0" Draft="0" Status="R" Approved="1" Released="1" IsTaxValid="0" IsTaxSaved="0" IsTaxPosted="0" NonTaxable="0" CuryTranAmt="15.0000" TranAmt="15.0000" TranID="26" EntryTypeID="BANKCHARGE" Cleared="1" ClearDate="2014-10-21 00:00:00" LineCntr="1" CreatedByID="b5344897-037e-4d58-b5c3-1bdfd0f47bf9" CreatedByScreenID="CA304000" CreatedDateTime="2014-10-21 16:43:37.87" LastModifiedByID="b5344897-037e-4d58-b5c3-1bdfd0f47bf9" LastModifiedByScreenID="CA304000" LastModifiedDateTime="2014-10-21 16:43:42.047" CuryTaxTotal="0.0000" TaxTotal="0.0000" CurySplitTotal="15.0000" SplitTotal="15.0000" CuryControlAmt="15.0000" ControlAmt="15.0000" VatTaxableTotal="0.0000" CuryVatTaxableTotal="0.0000" VatExemptTotal="0.0000" CuryTaxAmt="0.0000" TaxAmt="0.0000" TaxCalcMode="T" CuryTaxRoundDiff="0.0000" TaxRoundDiff="0.0000" UsesManualVAT="0" DeletedDatabaseRecord="0" CuryVatExemptTotal="0.0000" NoteID="8fb00db2-1f59-e411-8712-74d435e7799b" />
	</rows>
</data>