﻿<?xml version="1.0" encoding="utf-8"?>
<data>
	<table name="CADailySummary">
		<col name="CompanyID" type="Int" default="Zero" />
		<col name="CashAccountID" type="Int" />
		<col name="TranDate" type="SmallDateTime" />
		<col name="AmtReleasedClearedDr" type="Decimal(19,4)" />
		<col name="AmtUnreleasedClearedDr" type="Decimal(19,4)" />
		<col name="AmtReleasedUnclearedDr" type="Decimal(19,4)" />
		<col name="AmtUnreleasedUnclearedDr" type="Decimal(19,4)" />
		<col name="AmtReleasedClearedCr" type="Decimal(19,4)" />
		<col name="AmtUnreleasedClearedCr" type="Decimal(19,4)" />
		<col name="AmtReleasedUnclearedCr" type="Decimal(19,4)" />
		<col name="AmtUnreleasedUnclearedCr" type="Decimal(19,4)" />
	</table>
	<rows>
		<row CashAccountID="7" TranDate="2014-02-01 00:00:00" AmtReleasedClearedDr="5000.0000" AmtUnreleasedClearedDr="0.0000" AmtReleasedUnclearedDr="0.0000" AmtUnreleasedUnclearedDr="0.0000" AmtReleasedClearedCr="0.0000" AmtUnreleasedClearedCr="0.0000" AmtReleasedUnclearedCr="0.0000" AmtUnreleasedUnclearedCr="0.0000" />
		<row CashAccountID="7" TranDate="2014-02-08 00:00:00" AmtReleasedClearedDr="0.0000" AmtUnreleasedClearedDr="0.0000" AmtReleasedUnclearedDr="0.0000" AmtUnreleasedUnclearedDr="0.0000" AmtReleasedClearedCr="38.8000" AmtUnreleasedClearedCr="0.0000" AmtReleasedUnclearedCr="0.0000" AmtUnreleasedUnclearedCr="0.0000" />
		<row CashAccountID="7" TranDate="2014-03-01 00:00:00" AmtReleasedClearedDr="0.0000" AmtUnreleasedClearedDr="0.0000" AmtReleasedUnclearedDr="0.0000" AmtUnreleasedUnclearedDr="0.0000" AmtReleasedClearedCr="1137.6000" AmtUnreleasedClearedCr="0.0000" AmtReleasedUnclearedCr="0.0000" AmtUnreleasedUnclearedCr="0.0000" />
		<row CashAccountID="7" TranDate="2014-03-02 00:00:00" AmtReleasedClearedDr="10.0000" AmtUnreleasedClearedDr="0.0000" AmtReleasedUnclearedDr="0.0000" AmtUnreleasedUnclearedDr="0.0000" AmtReleasedClearedCr="0.0000" AmtUnreleasedClearedCr="0.0000" AmtReleasedUnclearedCr="0.0000" AmtUnreleasedUnclearedCr="0.0000" />
		<row CashAccountID="7" TranDate="2014-03-05 00:00:00" AmtReleasedClearedDr="0.0000" AmtUnreleasedClearedDr="0.0000" AmtReleasedUnclearedDr="0.0000" AmtUnreleasedUnclearedDr="0.0000" AmtReleasedClearedCr="220.0000" AmtUnreleasedClearedCr="0.0000" AmtReleasedUnclearedCr="0.0000" AmtUnreleasedUnclearedCr="0.0000" />
		<row CashAccountID="7" TranDate="2014-03-06 00:00:00" AmtReleasedClearedDr="0.0000" AmtUnreleasedClearedDr="0.0000" AmtReleasedUnclearedDr="0.0000" AmtUnreleasedUnclearedDr="0.0000" AmtReleasedClearedCr="200.0000" AmtUnreleasedClearedCr="0.0000" AmtReleasedUnclearedCr="0.0000" AmtUnreleasedUnclearedCr="0.0000" />
		<row CashAccountID="7" TranDate="2014-03-10 00:00:00" AmtReleasedClearedDr="175.0000" AmtUnreleasedClearedDr="0.0000" AmtReleasedUnclearedDr="0.0000" AmtUnreleasedUnclearedDr="0.0000" AmtReleasedClearedCr="0.0000" AmtUnreleasedClearedCr="0.0000" AmtReleasedUnclearedCr="0.0000" AmtUnreleasedUnclearedCr="0.0000" />
		<row CashAccountID="8" TranDate="2014-01-01 00:00:00" AmtReleasedClearedDr="1000.0000" AmtUnreleasedClearedDr="0.0000" AmtReleasedUnclearedDr="0.0000" AmtUnreleasedUnclearedDr="0.0000" AmtReleasedClearedCr="0.0000" AmtUnreleasedClearedCr="0.0000" AmtReleasedUnclearedCr="0.0000" AmtUnreleasedUnclearedCr="0.0000" />
		<row CashAccountID="8" TranDate="2014-01-31 00:00:00" AmtReleasedClearedDr="25.0000" AmtUnreleasedClearedDr="0.0000" AmtReleasedUnclearedDr="0.0000" AmtUnreleasedUnclearedDr="0.0000" AmtReleasedClearedCr="0.0000" AmtUnreleasedClearedCr="0.0000" AmtReleasedUnclearedCr="0.0000" AmtUnreleasedUnclearedCr="0.0000" />
		<row CashAccountID="9" TranDate="2013-12-05 00:00:00" AmtReleasedClearedDr="27000.0000" AmtUnreleasedClearedDr="0.0000" AmtReleasedUnclearedDr="0.0000" AmtUnreleasedUnclearedDr="0.0000" AmtReleasedClearedCr="10750.0000" AmtUnreleasedClearedCr="0.0000" AmtReleasedUnclearedCr="0.0000" AmtUnreleasedUnclearedCr="0.0000" />
		<row CashAccountID="9" TranDate="2013-12-25 00:00:00" AmtReleasedClearedDr="0.0000" AmtUnreleasedClearedDr="0.0000" AmtReleasedUnclearedDr="0.0000" AmtUnreleasedUnclearedDr="0.0000" AmtReleasedClearedCr="15.0000" AmtUnreleasedClearedCr="0.0000" AmtReleasedUnclearedCr="0.0000" AmtUnreleasedUnclearedCr="0.0000" />
		<row CashAccountID="9" TranDate="2013-12-29 00:00:00" AmtReleasedClearedDr="0.0000" AmtUnreleasedClearedDr="0.0000" AmtReleasedUnclearedDr="0.0000" AmtUnreleasedUnclearedDr="0.0000" AmtReleasedClearedCr="200.0000" AmtUnreleasedClearedCr="0.0000" AmtReleasedUnclearedCr="0.0000" AmtUnreleasedUnclearedCr="0.0000" />
		<row CashAccountID="9" TranDate="2014-01-01 00:00:00" AmtReleasedClearedDr="0.0000" AmtUnreleasedClearedDr="0.0000" AmtReleasedUnclearedDr="0.0000" AmtUnreleasedUnclearedDr="0.0000" AmtReleasedClearedCr="1000.0000" AmtUnreleasedClearedCr="0.0000" AmtReleasedUnclearedCr="0.0000" AmtUnreleasedUnclearedCr="0.0000" />
		<row CashAccountID="9" TranDate="2014-01-31 00:00:00" AmtReleasedClearedDr="0.0000" AmtUnreleasedClearedDr="0.0000" AmtReleasedUnclearedDr="0.0000" AmtUnreleasedUnclearedDr="0.0000" AmtReleasedClearedCr="1045.0000" AmtUnreleasedClearedCr="0.0000" AmtReleasedUnclearedCr="0.0000" AmtUnreleasedUnclearedCr="0.0000" />
		<row CashAccountID="9" TranDate="2014-02-01 00:00:00" AmtReleasedClearedDr="0.0000" AmtUnreleasedClearedDr="0.0000" AmtReleasedUnclearedDr="0.0000" AmtUnreleasedUnclearedDr="0.0000" AmtReleasedClearedCr="5000.0000" AmtUnreleasedClearedCr="0.0000" AmtReleasedUnclearedCr="0.0000" AmtUnreleasedUnclearedCr="0.0000" />
		<row CashAccountID="9" TranDate="2014-02-28 00:00:00" AmtReleasedClearedDr="800.0000" AmtUnreleasedClearedDr="0.0000" AmtReleasedUnclearedDr="0.0000" AmtUnreleasedUnclearedDr="0.0000" AmtReleasedClearedCr="0.0000" AmtUnreleasedClearedCr="0.0000" AmtReleasedUnclearedCr="0.0000" AmtUnreleasedUnclearedCr="0.0000" />
		<row CashAccountID="9" TranDate="2014-03-01 00:00:00" AmtReleasedClearedDr="100.0000" AmtUnreleasedClearedDr="0.0000" AmtReleasedUnclearedDr="0.0000" AmtUnreleasedUnclearedDr="0.0000" AmtReleasedClearedCr="0.0000" AmtUnreleasedClearedCr="0.0000" AmtReleasedUnclearedCr="0.0000" AmtUnreleasedUnclearedCr="0.0000" />
		<row CashAccountID="9" TranDate="2014-03-02 00:00:00" AmtReleasedClearedDr="220.0000" AmtUnreleasedClearedDr="0.0000" AmtReleasedUnclearedDr="0.0000" AmtUnreleasedUnclearedDr="0.0000" AmtReleasedClearedCr="220.0000" AmtUnreleasedClearedCr="0.0000" AmtReleasedUnclearedCr="0.0000" AmtUnreleasedUnclearedCr="0.0000" />
		<row CashAccountID="9" TranDate="2014-03-04 00:00:00" AmtReleasedClearedDr="490.0000" AmtUnreleasedClearedDr="0.0000" AmtReleasedUnclearedDr="0.0000" AmtUnreleasedUnclearedDr="0.0000" AmtReleasedClearedCr="0.0000" AmtUnreleasedClearedCr="0.0000" AmtReleasedUnclearedCr="0.0000" AmtUnreleasedUnclearedCr="0.0000" />
		<row CashAccountID="9" TranDate="2014-03-08 00:00:00" AmtReleasedClearedDr="0.0000" AmtUnreleasedClearedDr="0.0000" AmtReleasedUnclearedDr="0.0000" AmtUnreleasedUnclearedDr="0.0000" AmtReleasedClearedCr="170.0000" AmtUnreleasedClearedCr="0.0000" AmtReleasedUnclearedCr="0.0000" AmtUnreleasedUnclearedCr="0.0000" />
		<row CashAccountID="9" TranDate="2014-03-20 00:00:00" AmtReleasedClearedDr="570.0000" AmtUnreleasedClearedDr="0.0000" AmtReleasedUnclearedDr="0.0000" AmtUnreleasedUnclearedDr="0.0000" AmtReleasedClearedCr="0.0000" AmtUnreleasedClearedCr="0.0000" AmtReleasedUnclearedCr="0.0000" AmtUnreleasedUnclearedCr="0.0000" />
		<row CashAccountID="9" TranDate="2014-03-31 00:00:00" AmtReleasedClearedDr="730.0000" AmtUnreleasedClearedDr="0.0000" AmtReleasedUnclearedDr="0.0000" AmtUnreleasedUnclearedDr="0.0000" AmtReleasedClearedCr="50.0000" AmtUnreleasedClearedCr="0.0000" AmtReleasedUnclearedCr="0.0000" AmtUnreleasedUnclearedCr="0.0000" />
		<row CashAccountID="9" TranDate="2014-04-10 00:00:00" AmtReleasedClearedDr="59.9000" AmtUnreleasedClearedDr="0.0000" AmtReleasedUnclearedDr="0.0000" AmtUnreleasedUnclearedDr="0.0000" AmtReleasedClearedCr="0.0000" AmtUnreleasedClearedCr="0.0000" AmtReleasedUnclearedCr="0.0000" AmtUnreleasedUnclearedCr="0.0000" />
		<row CashAccountID="10" TranDate="2019-12-05 00:00:00" AmtReleasedClearedDr="0.0000" AmtUnreleasedClearedDr="0.0000" AmtReleasedUnclearedDr="1509.5700" AmtUnreleasedUnclearedDr="0.0000" AmtReleasedClearedCr="0.0000" AmtUnreleasedClearedCr="0.0000" AmtReleasedUnclearedCr="0.0000" AmtUnreleasedUnclearedCr="0.0000" />
		<row CashAccountID="10" TranDate="2019-12-23 00:00:00" AmtReleasedClearedDr="0.0000" AmtUnreleasedClearedDr="0.0000" AmtReleasedUnclearedDr="6991.2300" AmtUnreleasedUnclearedDr="0.0000" AmtReleasedClearedCr="0.0000" AmtUnreleasedClearedCr="0.0000" AmtReleasedUnclearedCr="505.8000" AmtUnreleasedUnclearedCr="0.0000" />
		<row CashAccountID="10" TranDate="2019-12-24 00:00:00" AmtReleasedClearedDr="0.0000" AmtUnreleasedClearedDr="0.0000" AmtReleasedUnclearedDr="379.3300" AmtUnreleasedUnclearedDr="0.0000" AmtReleasedClearedCr="0.0000" AmtUnreleasedClearedCr="0.0000" AmtReleasedUnclearedCr="1750.7300" AmtUnreleasedUnclearedCr="0.0000" />
	</rows>
</data>