﻿<?xml version="1.0" encoding="utf-8"?>
<data>
	<table name="CAEntryType">
		<col name="CompanyID" type="Int" default="Zero" />
		<col name="EntryTypeID" type="NVarChar(10)" />
		<col name="Descr" type="NVarChar(60)" nullable="true" />
		<col name="DrCr" type="Char(1)" />
		<col name="Module" type="Char(2)" />
		<col name="AccountID" type="Int" nullable="true" />
		<col name="SubID" type="Int" nullable="true" />
		<col name="BranchID" type="Int" nullable="true" />
		<col name="ReferenceID" type="Int" nullable="true" />
		<col name="UseToReclassifyPayments" type="Bit" />
		<col name="CreatedByID" type="UniqueIdentifier" />
		<col name="CreatedByScreenID" type="Char(8)" />
		<col name="CreatedDateTime" type="DateTime" />
		<col name="LastModifiedByID" type="UniqueIdentifier" />
		<col name="LastModifiedByScreenID" type="Char(8)" />
		<col name="LastModifiedDateTime" type="DateTime" />
		<col name="tstamp" type="Timestamp" />
		<col name="Consolidate" type="Bit" default="Zero" />
		<col name="DeletedDatabaseRecord" type="Bit" default="Zero" />
	</table>
	<rows>
		<row EntryTypeID="BANKCHARGE" Descr="Bank Service Charges" DrCr="C" Module="CA" AccountID="33" SubID="1" UseToReclassifyPayments="0" CreatedByID="b5344897-037e-4d58-b5c3-1bdfd0f47bf9" CreatedByScreenID="CA203000" CreatedDateTime="2014-10-21 16:20:23.44" LastModifiedByID="b5344897-037e-4d58-b5c3-1bdfd0f47bf9" LastModifiedByScreenID="CA203000" LastModifiedDateTime="2014-10-21 16:20:23.44" Consolidate="0" DeletedDatabaseRecord="0" />
		<row EntryTypeID="INTEREST" Descr="Interest Earned" DrCr="D" Module="CA" AccountID="32" SubID="1" UseToReclassifyPayments="0" CreatedByID="b5344897-037e-4d58-b5c3-1bdfd0f47bf9" CreatedByScreenID="CA203000" CreatedDateTime="2014-10-21 16:20:41.767" LastModifiedByID="b5344897-037e-4d58-b5c3-1bdfd0f47bf9" LastModifiedByScreenID="CA203000" LastModifiedDateTime="2014-10-21 16:20:41.767" Consolidate="0" DeletedDatabaseRecord="0" />
	</rows>
</data>