﻿<?xml version="1.0" encoding="utf-8"?>
<data>
	<table name="CASetup">
		<col name="CompanyID" type="Int" default="Zero" />
		<col name="TransferNumberingID" type="NVarChar(10)" />
		<col name="BatchNumberingID" type="NVarChar(10)" />
		<col name="RegisterNumberingID" type="NVarChar(10)" />
		<col name="CABatchNumberingID" type="NVarChar(10)" nullable="true" />
		<col name="CAStatementNumberingID" type="NVarChar(10)" nullable="true" />
		<col name="CAImportPaymentsNumberingID" type="NVarChar(10)" nullable="true" />
		<col name="TransitAcctID" type="Int" />
		<col name="TransitSubID" type="Int" />
		<col name="RequireControlTotal" type="Bit" />
		<col name="RequireControlTaxTotal" type="Bit" default="Zero" />
		<col name="HoldEntry" type="Bit" />
		<col name="ReleaseAP" type="Bit" />
		<col name="ReleaseAR" type="Bit" />
		<col name="CalcBalDebitUnclearedUnreleased" type="Bit" />
		<col name="CalcBalDebitClearedUnreleased" type="Bit" />
		<col name="CalcBalDebitUnclearedReleased" type="Bit" />
		<col name="CalcBalCreditUnclearedUnreleased" type="Bit" />
		<col name="CalcBalCreditClearedUnreleased" type="Bit" />
		<col name="CalcBalCreditUnclearedReleased" type="Bit" />
		<col name="AutoPostOption" type="Bit" />
		<col name="DateRangeDefault" type="Char(1)" />
		<col name="RequestApproval" type="Bit" />
		<col name="UnknownPaymentEntryTypeID" type="NVarChar(10)" nullable="true" />
		<col name="ReceiptTranDaysBefore" type="Int" nullable="true" />
		<col name="ReceiptTranDaysAfter" type="Int" nullable="true" />
		<col name="DisbursementTranDaysBefore" type="Int" nullable="true" />
		<col name="DisbursementTranDaysAfter" type="Int" nullable="true" />
		<col name="RefNbrCompareWeight" type="Decimal(9,6)" nullable="true" />
		<col name="EmptyRefNbrMatching" type="Bit" default="Zero" />
		<col name="DateCompareWeight" type="Decimal(9,6)" nullable="true" />
		<col name="PayeeCompareWeight" type="Decimal(9,6)" nullable="true" />
		<col name="DateMeanOffset" type="Decimal(9,4)" nullable="true" />
		<col name="DateSigma" type="Decimal(9,4)" nullable="true" />
		<col name="IgnoreCuryCheckOnImport" type="Bit" />
		<col name="AllowEmptyFITID" type="Bit" default="Zero" />
		<col name="AllowMatchingToUnreleasedBatch" type="Bit" default="Zero" />
		<col name="AllowMatchingCreditMemo" type="Bit" default="Zero" />
		<col name="ImportToSingleAccount" type="Bit" />
		<col name="StatementImportTypeName" type="NVarChar(255)" nullable="true" />
		<col name="SkipVoided" type="Bit" default="Zero" />
		<col name="SkipReconciled" type="Bit" default="Zero" />
		<col name="RequireExtRefNbr" type="Bit" />
		<col name="ValidateDataConsistencyOnRelease" type="Bit" />
		<col name="ReceiptTranDaysBeforeIncPayments" type="Int" nullable="true" />
		<col name="ReceiptTranDaysAfterIncPayments" type="Int" nullable="true" />
		<col name="DisbursementTranDaysBeforeIncPayments" type="Int" nullable="true" />
		<col name="DisbursementTranDaysAfterIncPayments" type="Int" nullable="true" />
		<col name="AllowMatchingCreditMemoIncPayments" type="Bit" default="Zero" />
		<col name="RefNbrCompareWeightIncPayments" type="Decimal(9,6)" nullable="true" />
		<col name="EmptyRefNbrMatchingIncPayments" type="Bit" default="Zero" />
		<col name="DateCompareWeightIncPayments" type="Decimal(9,6)" nullable="true" />
		<col name="PayeeCompareWeightIncPayments" type="Decimal(9,6)" nullable="true" />
		<col name="DateMeanOffsetIncPayments" type="Decimal(9,4)" nullable="true" />
		<col name="DateSigmaIncPayments" type="Decimal(9,4)" nullable="true" />
		<col name="CreatedByID" type="UniqueIdentifier" />
		<col name="CreatedByScreenID" type="Char(8)" />
		<col name="CreatedDateTime" type="DateTime" />
		<col name="LastModifiedByID" type="UniqueIdentifier" />
		<col name="LastModifiedByScreenID" type="Char(8)" />
		<col name="LastModifiedDateTime" type="DateTime" />
		<col name="tstamp" type="Timestamp" />
	</table>
	<rows>
		<row TransferNumberingID="CATRANSFER" BatchNumberingID="BATCH" RegisterNumberingID="CATRAN" CABatchNumberingID="CABATCH" CAStatementNumberingID="CABANKSTMT" TransitAcctID="29" TransitSubID="1" RequireControlTotal="0" RequireControlTaxTotal="0" HoldEntry="1" ReleaseAP="1" ReleaseAR="1" CalcBalDebitUnclearedUnreleased="1" CalcBalDebitClearedUnreleased="1" CalcBalDebitUnclearedReleased="1" CalcBalCreditUnclearedUnreleased="1" CalcBalCreditClearedUnreleased="1" CalcBalCreditUnclearedReleased="1" AutoPostOption="1" DateRangeDefault="W" RequestApproval="0" ReceiptTranDaysBefore="5" ReceiptTranDaysAfter="5" DisbursementTranDaysBefore="5" DisbursementTranDaysAfter="5" RefNbrCompareWeight="70.000000" EmptyRefNbrMatching="0" DateCompareWeight="20.000000" PayeeCompareWeight="10.000000" DateMeanOffset="0.0000" DateSigma="5.0000" IgnoreCuryCheckOnImport="1" AllowEmptyFITID="0" AllowMatchingToUnreleasedBatch="0" AllowMatchingCreditMemo="0" ImportToSingleAccount="1" SkipVoided="0" SkipReconciled="0" RequireExtRefNbr="1" ValidateDataConsistencyOnRelease="1" ReceiptTranDaysBeforeIncPayments="5" ReceiptTranDaysAfterIncPayments="5" DisbursementTranDaysBeforeIncPayments="5" DisbursementTranDaysAfterIncPayments="5" AllowMatchingCreditMemoIncPayments="0" RefNbrCompareWeightIncPayments="70.000000" EmptyRefNbrMatchingIncPayments="0" DateCompareWeightIncPayments="20.000000" PayeeCompareWeightIncPayments="10.000000" DateMeanOffsetIncPayments="0.0000" DateSigmaIncPayments="5.0000" CreatedByID="b5344897-037e-4d58-b5c3-1bdfd0f47bf9" CreatedByScreenID="CA101000" CreatedDateTime="2014-10-21 14:35:14.013" LastModifiedByID="b5344897-037e-4d58-b5c3-1bdfd0f47bf9" LastModifiedByScreenID="CA101000" LastModifiedDateTime="2014-10-21 14:35:14.013" />
	</rows>
</data>