﻿<?xml version="1.0" encoding="utf-8"?>
<data>
	<table name="CashAccountCheck">
		<col name="CompanyID" type="Int" default="Zero" />
		<col name="AccountID" type="Int" />
		<col name="PaymentMethodID" type="NVarChar(10)" />
		<col name="CashAccountCheckID" type="Int" identity="true" />
		<col name="CheckNbr" type="NVarChar(40)" />
		<col name="DocType" type="Char(3)" nullable="true" />
		<col name="RefNbr" type="NVarChar(15)" nullable="true" />
		<col name="FinPeriodID" type="Char(6)" nullable="true" />
		<col name="DocDate" type="SmallDateTime" nullable="true" />
		<col name="VendorID" type="Int" nullable="true" />
		<col name="tstamp" type="Timestamp" />
		<col name="CreatedByID" type="UniqueIdentifier" />
		<col name="CreatedByScreenID" type="Char(8)" />
		<col name="CreatedDateTime" type="DateTime" />
		<col name="LastModifiedByID" type="UniqueIdentifier" />
		<col name="LastModifiedByScreenID" type="Char(8)" />
		<col name="LastModifiedDateTime" type="DateTime" />
	</table>
	<rows>
		<row AccountID="7" PaymentMethodID="CASH" CashAccountCheckID="11" CheckNbr="02082014S" DocType="CHK" RefNbr="000003" FinPeriodID="201402" DocDate="2014-02-08 00:00:00" VendorID="17" CreatedByID="b5344897-037e-4d58-b5c3-1bdfd0f47bf9" CreatedByScreenID="AP505200" CreatedDateTime="2014-10-28 11:02:16.427" LastModifiedByID="b5344897-037e-4d58-b5c3-1bdfd0f47bf9" LastModifiedByScreenID="AP505200" LastModifiedDateTime="2014-10-28 11:02:16.427" />
		<row AccountID="7" PaymentMethodID="CASH" CashAccountCheckID="12" CheckNbr="03012014S" DocType="CHK" RefNbr="000005" FinPeriodID="201403" DocDate="2014-03-01 00:00:00" VendorID="17" CreatedByID="b5344897-037e-4d58-b5c3-1bdfd0f47bf9" CreatedByScreenID="AP505200" CreatedDateTime="2014-10-28 13:54:30.113" LastModifiedByID="b5344897-037e-4d58-b5c3-1bdfd0f47bf9" LastModifiedByScreenID="AP505200" LastModifiedDateTime="2014-10-28 13:54:30.113" />
		<row AccountID="7" PaymentMethodID="CASH" CashAccountCheckID="13" CheckNbr="03012014U" DocType="CHK" RefNbr="000004" FinPeriodID="201403" DocDate="2014-03-01 00:00:00" VendorID="15" CreatedByID="b5344897-037e-4d58-b5c3-1bdfd0f47bf9" CreatedByScreenID="AP505200" CreatedDateTime="2014-10-28 13:54:30.02" LastModifiedByID="b5344897-037e-4d58-b5c3-1bdfd0f47bf9" LastModifiedByScreenID="AP505200" LastModifiedDateTime="2014-10-28 13:54:30.02" />
		<row AccountID="7" PaymentMethodID="CASH" CashAccountCheckID="14" CheckNbr="03052014U" DocType="CHK" RefNbr="000008" FinPeriodID="201403" DocDate="2014-03-05 00:00:00" VendorID="15" CreatedByID="b5344897-037e-4d58-b5c3-1bdfd0f47bf9" CreatedByScreenID="AP302000" CreatedDateTime="2014-10-30 11:20:37.927" LastModifiedByID="b5344897-037e-4d58-b5c3-1bdfd0f47bf9" LastModifiedByScreenID="AP302000" LastModifiedDateTime="2014-10-30 11:20:37.927" />
		<row AccountID="7" PaymentMethodID="CASH" CashAccountCheckID="15" CheckNbr="03062014Prep" DocType="CHK" RefNbr="000009" FinPeriodID="201403" DocDate="2014-03-06 00:00:00" VendorID="16" CreatedByID="b5344897-037e-4d58-b5c3-1bdfd0f47bf9" CreatedByScreenID="AP301000" CreatedDateTime="2014-10-31 11:00:40.653" LastModifiedByID="b5344897-037e-4d58-b5c3-1bdfd0f47bf9" LastModifiedByScreenID="AP301000" LastModifiedDateTime="2014-10-31 11:00:40.653" />
		<row AccountID="9" PaymentMethodID="CHECK" CashAccountCheckID="16" CheckNbr="000001" DocType="CHK" RefNbr="000002" FinPeriodID="201401" DocDate="2014-01-31 00:00:00" VendorID="14" CreatedByID="b5344897-037e-4d58-b5c3-1bdfd0f47bf9" CreatedByScreenID="AP505000" CreatedDateTime="2014-10-23 22:19:59.79" LastModifiedByID="b5344897-037e-4d58-b5c3-1bdfd0f47bf9" LastModifiedByScreenID="AP505000" LastModifiedDateTime="2014-10-23 22:19:59.79" />
		<row AccountID="9" PaymentMethodID="CHECK" CashAccountCheckID="17" CheckNbr="000002" DocType="CHK" RefNbr="000001" FinPeriodID="201401" DocDate="2014-01-31 00:00:00" VendorID="15" CreatedByID="b5344897-037e-4d58-b5c3-1bdfd0f47bf9" CreatedByScreenID="AP505000" CreatedDateTime="2014-10-23 22:20:00.037" LastModifiedByID="b5344897-037e-4d58-b5c3-1bdfd0f47bf9" LastModifiedByScreenID="AP505000" LastModifiedDateTime="2014-10-23 22:20:00.037" />
		<row AccountID="9" PaymentMethodID="CHECK" CashAccountCheckID="18" CheckNbr="000003" DocType="CHK" RefNbr="000006" FinPeriodID="201403" DocDate="2014-03-02 00:00:00" VendorID="15" CreatedByID="b5344897-037e-4d58-b5c3-1bdfd0f47bf9" CreatedByScreenID="AP505000" CreatedDateTime="2014-10-29 15:37:43.053" LastModifiedByID="b5344897-037e-4d58-b5c3-1bdfd0f47bf9" LastModifiedByScreenID="AP505000" LastModifiedDateTime="2014-10-29 15:37:43.053" />
		<row AccountID="9" PaymentMethodID="CHECK" CashAccountCheckID="19" CheckNbr="000004" DocType="CHK" RefNbr="000010" FinPeriodID="201403" DocDate="2014-03-08 00:00:00" VendorID="16" CreatedByID="b5344897-037e-4d58-b5c3-1bdfd0f47bf9" CreatedByScreenID="AP505000" CreatedDateTime="2014-10-31 11:42:32.76" LastModifiedByID="b5344897-037e-4d58-b5c3-1bdfd0f47bf9" LastModifiedByScreenID="AP505000" LastModifiedDateTime="2014-10-31 11:42:32.76" />
		<row AccountID="9" PaymentMethodID="CHECK" CashAccountCheckID="20" CheckNbr="000005" DocType="CHK" RefNbr="000011" FinPeriodID="201403" DocDate="2014-03-08 00:00:00" VendorID="16" CreatedByID="b5344897-037e-4d58-b5c3-1bdfd0f47bf9" CreatedByScreenID="AP505000" CreatedDateTime="2014-10-31 11:42:32.867" LastModifiedByID="b5344897-037e-4d58-b5c3-1bdfd0f47bf9" LastModifiedByScreenID="AP505000" LastModifiedDateTime="2014-10-31 11:42:32.867" />
	</rows>
</data>