﻿<?xml version="1.0" encoding="utf-8"?>
<data>
	<table name="CashAccount">
		<col name="CompanyID" type="Int" default="Zero" />
		<col name="CashAccountID" type="Int" identity="true" />
		<col name="CashAccountCD" type="NVarChar(10)" />
		<col name="Active" type="Bit" />
		<col name="AccountID" type="Int" />
		<col name="SubID" type="Int" />
		<col name="BranchID" type="Int" nullable="true" />
		<col name="Descr" type="NVarChar(60)" nullable="true" />
		<col name="BankAddressID" type="Int" nullable="true" />
		<col name="CuryID" type="NVarChar(5)" nullable="true" />
		<col name="CuryRateTypeID" type="NVarChar(6)" nullable="true" />
		<col name="FeeAccountID" type="Int" nullable="true" />
		<col name="FeeSubID" type="Int" nullable="true" />
		<col name="ExtRefNbr" type="NVarChar(40)" nullable="true" />
		<col name="ClearingAccount" type="Bit" default="Zero" />
		<col name="tstamp" type="Timestamp" />
		<col name="CreatedByID" type="UniqueIdentifier" />
		<col name="CreatedByScreenID" type="Char(8)" />
		<col name="CreatedDateTime" type="DateTime" />
		<col name="LastModifiedByID" type="UniqueIdentifier" />
		<col name="LastModifiedByScreenID" type="Char(8)" />
		<col name="LastModifiedDateTime" type="DateTime" />
		<col name="Reconcile" type="Bit" />
		<col name="ReferenceID" type="Int" nullable="true" />
		<col name="ReconNumberingID" type="NVarChar(10)" nullable="true" />
		<col name="Signature" type="NVarChar(255)" nullable="true" />
		<col name="SignatureDescr" type="NVarChar(60)" nullable="true" />
		<col name="StatementImportTypeName" type="NVarChar(255)" nullable="true" />
		<col name="RestrictVisibilityWithBranch" type="Bit" default="Zero" />
		<col name="MatchToBatch" type="Bit" default="Zero" />
		<col name="NoteID" type="UniqueIdentifier" nullable="true" />
	</table>
	<rows>
		<row CashAccountID="7" CashAccountCD="101000" Active="1" AccountID="30" SubID="1" BranchID="1" Descr="Cash on Hand USD" CuryID="USD" ClearingAccount="0" CreatedByID="b5344897-037e-4d58-b5c3-1bdfd0f47bf9" CreatedByScreenID="CA202000" CreatedDateTime="2014-10-21 14:40:40.26" LastModifiedByID="b5344897-037e-4d58-b5c3-1bdfd0f47bf9" LastModifiedByScreenID="CA202000" LastModifiedDateTime="2014-10-21 14:40:40.26" Reconcile="0" RestrictVisibilityWithBranch="1" MatchToBatch="0" NoteID="25a045a5-0e59-e411-8712-74d435e7799b" />
		<row CashAccountID="8" CashAccountCD="104000" Active="1" AccountID="31" SubID="1" BranchID="1" Descr="Savings Account USD" CuryID="USD" ClearingAccount="0" CreatedByID="b5344897-037e-4d58-b5c3-1bdfd0f47bf9" CreatedByScreenID="CA202000" CreatedDateTime="2014-10-21 14:42:17.227" LastModifiedByID="b5344897-037e-4d58-b5c3-1bdfd0f47bf9" LastModifiedByScreenID="CA202000" LastModifiedDateTime="2014-10-21 16:24:27.97" Reconcile="0" RestrictVisibilityWithBranch="1" MatchToBatch="0" NoteID="2ebed1d3-0e59-e411-8712-74d435e7799b" />
		<row CashAccountID="9" CashAccountCD="102000" Active="1" AccountID="1" SubID="1" BranchID="1" Descr="Checking Account USD" CuryID="USD" ClearingAccount="0" CreatedByID="b5344897-037e-4d58-b5c3-1bdfd0f47bf9" CreatedByScreenID="CA202000" CreatedDateTime="2014-10-21 14:42:44.24" LastModifiedByID="b5344897-037e-4d58-b5c3-1bdfd0f47bf9" LastModifiedByScreenID="CA202000" LastModifiedDateTime="2016-02-09 02:30:16.283" Reconcile="0" RestrictVisibilityWithBranch="1" MatchToBatch="0" NoteID="65cb13f9-0e59-e411-8712-74d435e7799b" />
		<row CashAccountID="10" CashAccountCD="102050" Active="1" AccountID="2734" SubID="1" BranchID="1" Descr="Merchant Account" CuryID="USD" ClearingAccount="1" CreatedByID="b5344897-037e-4d58-b5c3-1bdfd0f47bf9" CreatedByScreenID="CA202000" CreatedDateTime="2019-12-02 20:25:53.387" LastModifiedByID="b5344897-037e-4d58-b5c3-1bdfd0f47bf9" LastModifiedByScreenID="CA202000" LastModifiedDateTime="2019-12-02 20:25:53.387" Reconcile="1" ReconNumberingID="CARECON" RestrictVisibilityWithBranch="1" MatchToBatch="0" NoteID="de0b971b-7415-ea11-a6ec-9cb6d0c82c0c" />
	</rows>
</data>