﻿<?xml version="1.0" encoding="utf-8"?>
<data>
	<table name="CashAccountETDetail">
		<col name="CompanyID" type="Int" default="Zero" />
		<col name="AccountID" type="Int" />
		<col name="EntryTypeID" type="NVarChar(10)" />
		<col name="OffsetAccountID" type="Int" nullable="true" />
		<col name="OffsetSubID" type="Int" nullable="true" />
		<col name="OffsetBranchID" type="Int" nullable="true" />
		<col name="TaxZoneID" type="NVarChar(10)" nullable="true" />
		<col name="TaxCalcMode" type="Char(1)" />
		<col name="tstamp" type="Timestamp" />
		<col name="CreatedByID" type="UniqueIdentifier" />
		<col name="CreatedByScreenID" type="Char(8)" />
		<col name="CreatedDateTime" type="DateTime" />
		<col name="LastModifiedByID" type="UniqueIdentifier" />
		<col name="LastModifiedByScreenID" type="Char(8)" />
		<col name="LastModifiedDateTime" type="DateTime" />
	</table>
	<rows>
		<row AccountID="8" EntryTypeID="INTEREST" OffsetSubID="1" TaxCalcMode="T" CreatedByID="b5344897-037e-4d58-b5c3-1bdfd0f47bf9" CreatedByScreenID="CA202000" CreatedDateTime="2014-10-21 16:24:27.97" LastModifiedByID="b5344897-037e-4d58-b5c3-1bdfd0f47bf9" LastModifiedByScreenID="CA202000" LastModifiedDateTime="2014-10-21 16:24:27.97" />
		<row AccountID="9" EntryTypeID="BANKCHARGE" OffsetSubID="1" TaxCalcMode="T" CreatedByID="b5344897-037e-4d58-b5c3-1bdfd0f47bf9" CreatedByScreenID="CA202000" CreatedDateTime="2014-10-21 16:21:46.61" LastModifiedByID="b5344897-037e-4d58-b5c3-1bdfd0f47bf9" LastModifiedByScreenID="CA202000" LastModifiedDateTime="2014-10-21 16:21:46.61" />
	</rows>
</data>