﻿<?xml version="1.0" encoding="utf-8"?>
<data>
	<table name="CASplit">
		<col name="CompanyID" type="Int" default="Zero" />
		<col name="AdjRefNbr" type="NVarChar(15)" />
		<col name="AdjTranType" type="Char(3)" />
		<col name="LineNbr" type="Int" />
		<col name="BranchID" type="Int" />
		<col name="CuryInfoID" type="BigInt" />
		<col name="AccountID" type="Int" />
		<col name="SubID" type="Int" />
		<col name="ReferenceID" type="Int" nullable="true" />
		<col name="InventoryID" type="Int" nullable="true" />
		<col name="TranPeriodID" type="Char(6)" />
		<col name="FinPeriodID" type="Char(6)" />
		<col name="ProjectID" type="Int" nullable="true" />
		<col name="TaskID" type="Int" nullable="true" />
		<col name="CostCodeID" type="Int" nullable="true" />
		<col name="NonBillable" type="Bit" default="Zero" />
		<col name="TranDesc" type="NVarChar(256)" nullable="true" />
		<col name="CuryTranAmt" type="Decimal(19,4)" />
		<col name="TranAmt" type="Decimal(19,4)" />
		<col name="UOM" type="NVarChar(6)" nullable="true" />
		<col name="Qty" type="Decimal(19,6)" nullable="true" />
		<col name="UnitPrice" type="Decimal(19,6)" nullable="true" />
		<col name="CuryUnitPrice" type="Decimal(19,6)" nullable="true" />
		<col name="CuryTaxableAmt" type="Decimal(19,4)" nullable="true" />
		<col name="TaxableAmt" type="Decimal(19,4)" nullable="true" />
		<col name="CuryTaxAmt" type="Decimal(19,4)" nullable="true" />
		<col name="TaxAmt" type="Decimal(19,4)" nullable="true" />
		<col name="CreatedByID" type="UniqueIdentifier" />
		<col name="CreatedByScreenID" type="Char(8)" />
		<col name="CreatedDateTime" type="DateTime" />
		<col name="LastModifiedByID" type="UniqueIdentifier" />
		<col name="LastModifiedByScreenID" type="Char(8)" />
		<col name="LastModifiedDateTime" type="DateTime" />
		<col name="tstamp" type="Timestamp" />
		<col name="TaxCategoryID" type="NVarChar(10)" nullable="true" />
		<col name="NoteID" type="UniqueIdentifier" nullable="true" />
	</table>
	<rows>
		<row AdjRefNbr="000001" AdjTranType="CAE" LineNbr="1" BranchID="1" CuryInfoID="51" AccountID="32" SubID="1" TranPeriodID="201401" FinPeriodID="201401" ProjectID="0" NonBillable="0" TranDesc="Interest Earned" CuryTranAmt="25.0000" TranAmt="25.0000" Qty="1.000000" UnitPrice="0.000000" CuryUnitPrice="25.000000" CuryTaxableAmt="0.0000" TaxableAmt="0.0000" CuryTaxAmt="0.0000" TaxAmt="0.0000" CreatedByID="b5344897-037e-4d58-b5c3-1bdfd0f47bf9" CreatedByScreenID="CA304000" CreatedDateTime="2014-10-21 16:37:39.43" LastModifiedByID="b5344897-037e-4d58-b5c3-1bdfd0f47bf9" LastModifiedByScreenID="CA304000" LastModifiedDateTime="2014-10-21 16:37:39.43" NoteID="b0295e08-1f59-e411-8712-74d435e7799b" />
		<row AdjRefNbr="000002" AdjTranType="CAE" LineNbr="1" BranchID="1" CuryInfoID="53" AccountID="33" SubID="1" TranPeriodID="201401" FinPeriodID="201401" ProjectID="0" NonBillable="0" TranDesc="Bank Service Charges" CuryTranAmt="15.0000" TranAmt="15.0000" Qty="1.000000" UnitPrice="0.000000" CuryUnitPrice="15.000000" CuryTaxableAmt="0.0000" TaxableAmt="0.0000" CuryTaxAmt="0.0000" TaxAmt="0.0000" CreatedByID="b5344897-037e-4d58-b5c3-1bdfd0f47bf9" CreatedByScreenID="CA304000" CreatedDateTime="2014-10-21 16:43:37.897" LastModifiedByID="b5344897-037e-4d58-b5c3-1bdfd0f47bf9" LastModifiedByScreenID="CA304000" LastModifiedDateTime="2014-10-21 16:43:37.897" NoteID="6bdf25d6-1f59-e411-8712-74d435e7799b" />
	</rows>
</data>