﻿<?xml version="1.0" encoding="utf-8"?>
<data>
	<table name="CATran">
		<col name="CompanyID" type="Int" default="Zero" />
		<col name="OrigModule" type="Char(2)" />
		<col name="OrigTranType" type="Char(3)" />
		<col name="OrigRefNbr" type="NVarChar(15)" />
		<col name="ExtRefNbr" type="NVarChar(40)" nullable="true" />
		<col name="CashAccountID" type="Int" />
		<col name="BranchID" type="Int" />
		<col name="TranID" type="BigInt" identity="true" />
		<col name="TranDate" type="SmallDateTime" />
		<col name="DrCr" type="Char(1)" />
		<col name="ReferenceID" type="Int" nullable="true" />
		<col name="TranDesc" type="NVarChar(256)" nullable="true" />
		<col name="CuryID" type="NVarChar(5)" nullable="true" />
		<col name="CuryInfoID" type="BigInt" />
		<col name="Hold" type="Bit" />
		<col name="Released" type="Bit" />
		<col name="Reconciled" type="Bit" />
		<col name="ReconDate" type="SmallDateTime" nullable="true" />
		<col name="ReconNbr" type="NVarChar(15)" nullable="true" />
		<col name="CuryTranAmt" type="Decimal(19,4)" />
		<col name="TranAmt" type="Decimal(19,4)" />
		<col name="BatchNbr" type="NVarChar(15)" nullable="true" />
		<col name="IsPaymentChargeTran" type="Bit" default="Zero" />
		<col name="OrigLineNbr" type="Int" nullable="true" />
		<col name="CreatedByID" type="UniqueIdentifier" />
		<col name="CreatedByScreenID" type="Char(8)" />
		<col name="CreatedDateTime" type="DateTime" />
		<col name="LastModifiedByID" type="UniqueIdentifier" />
		<col name="LastModifiedByScreenID" type="Char(8)" />
		<col name="LastModifiedDateTime" type="DateTime" />
		<col name="tstamp" type="Timestamp" />
		<col name="TranPeriodID" type="Char(6)" />
		<col name="FinPeriodID" type="Char(6)" />
		<col name="Cleared" type="Bit" nullable="true" />
		<col name="ClearDate" type="SmallDateTime" nullable="true" />
		<col name="Posted" type="Bit" nullable="true" />
		<col name="Selected" type="Bit" nullable="true" />
		<col name="RefTranAccountID" type="Int" nullable="true" />
		<col name="RefTranID" type="BigInt" nullable="true" />
		<col name="RefSplitLineNbr" type="Int" nullable="true" />
		<col name="VoidedTranID" type="BigInt" nullable="true" />
		<col name="NoteID" type="UniqueIdentifier" nullable="true" />
	</table>
	<rows>
		<row OrigModule="CA" OrigTranType="CTI" OrigRefNbr="000002" ExtRefNbr="02022014" CashAccountID="7" BranchID="1" TranID="38" TranDate="2014-02-01 00:00:00" DrCr="D" TranDesc="Cash on Hand USD Replenishment for $5000" CuryID="USD" CuryInfoID="101" Hold="0" Released="1" Reconciled="0" CuryTranAmt="5000.0000" TranAmt="5000.0000" BatchNbr="000016" IsPaymentChargeTran="0" CreatedByID="b5344897-037e-4d58-b5c3-1bdfd0f47bf9" CreatedByScreenID="CA301000" CreatedDateTime="2014-10-28 10:22:35.883" LastModifiedByID="b5344897-037e-4d58-b5c3-1bdfd0f47bf9" LastModifiedByScreenID="CA301000" LastModifiedDateTime="2014-10-28 10:22:41.137" TranPeriodID="201402" FinPeriodID="201402" Cleared="1" ClearDate="2014-10-28 00:00:00" Posted="1" NoteID="8b890730-735e-e411-8fe6-74d435e7799b" />
		<row OrigModule="AP" OrigTranType="CHK" OrigRefNbr="000003" ExtRefNbr="02082014S" CashAccountID="7" BranchID="1" TranID="39" TranDate="2014-02-08 00:00:00" DrCr="C" ReferenceID="17" CuryID="USD" CuryInfoID="112" Hold="0" Released="1" Reconciled="0" CuryTranAmt="-38.8000" TranAmt="-38.8000" BatchNbr="000010" IsPaymentChargeTran="0" CreatedByID="b5344897-037e-4d58-b5c3-1bdfd0f47bf9" CreatedByScreenID="AP503000" CreatedDateTime="2014-10-28 11:01:27.417" LastModifiedByID="b5344897-037e-4d58-b5c3-1bdfd0f47bf9" LastModifiedByScreenID="AP505200" LastModifiedDateTime="2014-10-28 11:02:17.283" TranPeriodID="201402" FinPeriodID="201402" Cleared="1" ClearDate="2014-10-28 00:00:00" Posted="1" NoteID="f3e57a9d-785e-e411-8fe6-74d435e7799b" />
		<row OrigModule="AP" OrigTranType="CHK" OrigRefNbr="000004" ExtRefNbr="03012014U" CashAccountID="7" BranchID="1" TranID="40" TranDate="2014-03-01 00:00:00" DrCr="C" ReferenceID="15" CuryID="USD" CuryInfoID="115" Hold="0" Released="1" Reconciled="0" CuryTranAmt="-1000.0000" TranAmt="-1000.0000" BatchNbr="000011" IsPaymentChargeTran="0" CreatedByID="b5344897-037e-4d58-b5c3-1bdfd0f47bf9" CreatedByScreenID="AP503000" CreatedDateTime="2014-10-28 13:53:43.24" LastModifiedByID="b5344897-037e-4d58-b5c3-1bdfd0f47bf9" LastModifiedByScreenID="AP505200" LastModifiedDateTime="2014-10-28 13:54:31.6" TranPeriodID="201403" FinPeriodID="201403" Cleared="1" ClearDate="2014-10-28 00:00:00" Posted="1" NoteID="882a17ae-905e-e411-8fe6-74d435e7799b" />
		<row OrigModule="AP" OrigTranType="CHK" OrigRefNbr="000005" ExtRefNbr="03012014S" CashAccountID="7" BranchID="1" TranID="41" TranDate="2014-03-01 00:00:00" DrCr="C" ReferenceID="17" CuryID="USD" CuryInfoID="117" Hold="0" Released="1" Reconciled="0" CuryTranAmt="-137.6000" TranAmt="-137.6000" BatchNbr="000011" IsPaymentChargeTran="0" CreatedByID="b5344897-037e-4d58-b5c3-1bdfd0f47bf9" CreatedByScreenID="AP503000" CreatedDateTime="2014-10-28 13:53:44.177" LastModifiedByID="b5344897-037e-4d58-b5c3-1bdfd0f47bf9" LastModifiedByScreenID="AP505200" LastModifiedDateTime="2014-10-28 13:54:31.6" TranPeriodID="201403" FinPeriodID="201403" Cleared="1" ClearDate="2014-10-28 00:00:00" Posted="1" NoteID="8b2a17ae-905e-e411-8fe6-74d435e7799b" />
		<row OrigModule="AP" OrigTranType="REF" OrigRefNbr="000007" ExtRefNbr="03022014Refund" CashAccountID="7" BranchID="1" TranID="47" TranDate="2014-03-02 00:00:00" DrCr="D" ReferenceID="14" TranDesc="Damaged office supplies returned" CuryID="USD" CuryInfoID="10144" Hold="0" Released="1" Reconciled="0" CuryTranAmt="10.0000" TranAmt="10.0000" BatchNbr="000017" IsPaymentChargeTran="0" CreatedByID="b5344897-037e-4d58-b5c3-1bdfd0f47bf9" CreatedByScreenID="AP301000" CreatedDateTime="2014-10-30 10:54:23.457" LastModifiedByID="b5344897-037e-4d58-b5c3-1bdfd0f47bf9" LastModifiedByScreenID="AP302000" LastModifiedDateTime="2014-10-30 10:54:24.51" TranPeriodID="201403" FinPeriodID="201403" Cleared="1" ClearDate="2014-10-30 00:00:00" Posted="1" NoteID="795ee3f5-0960-e411-99e1-74d435e7799b" />
		<row OrigModule="AP" OrigTranType="CHK" OrigRefNbr="000008" ExtRefNbr="03052014U" CashAccountID="7" BranchID="1" TranID="49" TranDate="2014-03-05 00:00:00" DrCr="C" ReferenceID="15" TranDesc="Rent and utilities bill" CuryID="USD" CuryInfoID="10151" Hold="0" Released="1" Reconciled="0" CuryTranAmt="-220.0000" TranAmt="-220.0000" BatchNbr="000019" IsPaymentChargeTran="0" CreatedByID="b5344897-037e-4d58-b5c3-1bdfd0f47bf9" CreatedByScreenID="AP302000" CreatedDateTime="2014-10-30 11:20:37.937" LastModifiedByID="b5344897-037e-4d58-b5c3-1bdfd0f47bf9" LastModifiedByScreenID="AP302000" LastModifiedDateTime="2014-10-30 11:20:38.373" TranPeriodID="201403" FinPeriodID="201403" Cleared="1" ClearDate="2014-10-30 00:00:00" Posted="1" NoteID="4fed5da0-0d60-e411-99e1-74d435e7799b" />
		<row OrigModule="AP" OrigTranType="CHK" OrigRefNbr="000009" ExtRefNbr="03062014Prep" CashAccountID="7" BranchID="1" TranID="51" TranDate="2014-03-06 00:00:00" DrCr="C" ReferenceID="16" TranDesc="$200 prepayment" CuryID="USD" CuryInfoID="10160" Hold="0" Released="1" Reconciled="0" CuryTranAmt="-200.0000" TranAmt="-200.0000" BatchNbr="000020" IsPaymentChargeTran="0" CreatedByID="b5344897-037e-4d58-b5c3-1bdfd0f47bf9" CreatedByScreenID="AP301000" CreatedDateTime="2014-10-31 11:00:40.67" LastModifiedByID="b5344897-037e-4d58-b5c3-1bdfd0f47bf9" LastModifiedByScreenID="AP302000" LastModifiedDateTime="2014-10-31 11:00:41.677" TranPeriodID="201403" FinPeriodID="201403" Cleared="1" ClearDate="2014-10-31 00:00:00" Posted="1" NoteID="afee2601-d460-e411-9d94-74d435e7799b" />
		<row OrigModule="AP" OrigTranType="REF" OrigRefNbr="000012" ExtRefNbr="03102014PrepRef" CashAccountID="7" BranchID="1" TranID="54" TranDate="2014-03-10 00:00:00" DrCr="D" ReferenceID="16" TranDesc="$175 refund for unused prepayment" CuryID="USD" CuryInfoID="10174" Hold="0" Released="1" Reconciled="0" CuryTranAmt="175.0000" TranAmt="175.0000" BatchNbr="000024" IsPaymentChargeTran="0" CreatedByID="b5344897-037e-4d58-b5c3-1bdfd0f47bf9" CreatedByScreenID="AP302000" CreatedDateTime="2014-10-31 13:16:33.407" LastModifiedByID="b5344897-037e-4d58-b5c3-1bdfd0f47bf9" LastModifiedByScreenID="AP302000" LastModifiedDateTime="2014-10-31 13:16:34.177" TranPeriodID="201403" FinPeriodID="201403" Cleared="1" ClearDate="2014-10-31 00:00:00" Posted="1" NoteID="b89d8ffc-e660-e411-9d94-74d435e7799b" />
		<row OrigModule="CA" OrigTranType="CTI" OrigRefNbr="000001" ExtRefNbr="20140101" CashAccountID="8" BranchID="1" TranID="24" TranDate="2014-01-01 00:00:00" DrCr="D" TranDesc="Savings Account Replenishment for $1000" CuryID="USD" CuryInfoID="46" Hold="0" Released="1" Reconciled="0" CuryTranAmt="1000.0000" TranAmt="1000.0000" BatchNbr="000013" IsPaymentChargeTran="0" CreatedByID="b5344897-037e-4d58-b5c3-1bdfd0f47bf9" CreatedByScreenID="CA301000" CreatedDateTime="2014-10-21 14:50:06.567" LastModifiedByID="b5344897-037e-4d58-b5c3-1bdfd0f47bf9" LastModifiedByScreenID="CA301000" LastModifiedDateTime="2014-10-21 14:50:23.033" TranPeriodID="201401" FinPeriodID="201401" Cleared="1" ClearDate="2014-10-21 00:00:00" Posted="1" NoteID="201a5e04-1059-e411-8712-74d435e7799b" />
		<row OrigModule="CA" OrigTranType="CAE" OrigRefNbr="000001" ExtRefNbr="20140131" CashAccountID="8" BranchID="1" TranID="25" TranDate="2014-01-31 00:00:00" DrCr="D" TranDesc="$25 Interest Earned on the Savings Account USD in January" CuryID="USD" CuryInfoID="51" Hold="0" Released="1" Reconciled="0" CuryTranAmt="25.0000" TranAmt="25.0000" BatchNbr="000014" IsPaymentChargeTran="0" CreatedByID="b5344897-037e-4d58-b5c3-1bdfd0f47bf9" CreatedByScreenID="CA304000" CreatedDateTime="2014-10-21 16:37:39.417" LastModifiedByID="b5344897-037e-4d58-b5c3-1bdfd0f47bf9" LastModifiedByScreenID="CA304000" LastModifiedDateTime="2014-10-21 16:37:54.14" TranPeriodID="201401" FinPeriodID="201401" Cleared="1" ClearDate="2014-01-31 00:00:00" Posted="1" NoteID="b2295e08-1f59-e411-8712-74d435e7799b" />
		<row OrigModule="GL" OrigTranType="GLE" OrigRefNbr="000001" ExtRefNbr="" CashAccountID="9" BranchID="1" TranID="14" TranDate="2013-12-05 00:00:00" DrCr="D" TranDesc="The owner invests $10,000" CuryID="USD" CuryInfoID="33" Hold="0" Released="1" Reconciled="0" CuryTranAmt="10000.0000" TranAmt="10000.0000" BatchNbr="000001" IsPaymentChargeTran="0" CreatedByID="b5344897-037e-4d58-b5c3-1bdfd0f47bf9" CreatedByScreenID="CA503000" CreatedDateTime="2014-10-21 14:43:04.743" LastModifiedByID="b5344897-037e-4d58-b5c3-1bdfd0f47bf9" LastModifiedByScreenID="CA303000" LastModifiedDateTime="2014-10-21 14:57:04.893" TranPeriodID="201312" FinPeriodID="201312" Cleared="1" ClearDate="2013-12-05 00:00:00" Posted="1" NoteID="8452ef08-0f59-e411-8712-74d435e7799b" />
		<row OrigModule="GL" OrigTranType="GLE" OrigRefNbr="000002" ExtRefNbr="" CashAccountID="9" BranchID="1" TranID="15" TranDate="2013-12-05 00:00:00" DrCr="D" TranDesc="Company gets the bank loan $5,000" CuryID="USD" CuryInfoID="34" Hold="0" Released="1" Reconciled="0" CuryTranAmt="5000.0000" TranAmt="5000.0000" BatchNbr="000002" IsPaymentChargeTran="0" CreatedByID="b5344897-037e-4d58-b5c3-1bdfd0f47bf9" CreatedByScreenID="CA503000" CreatedDateTime="2014-10-21 14:43:04.777" LastModifiedByID="b5344897-037e-4d58-b5c3-1bdfd0f47bf9" LastModifiedByScreenID="CA303000" LastModifiedDateTime="2014-10-21 14:57:04.9" TranPeriodID="201312" FinPeriodID="201312" Cleared="1" ClearDate="2013-12-05 00:00:00" Posted="1" NoteID="8552ef08-0f59-e411-8712-74d435e7799b" />
		<row OrigModule="GL" OrigTranType="GLE" OrigRefNbr="000003" ExtRefNbr="" CashAccountID="9" BranchID="1" TranID="16" TranDate="2013-12-05 00:00:00" DrCr="C" TranDesc="Company buys office supplies with cash $250" CuryID="USD" CuryInfoID="35" Hold="0" Released="1" Reconciled="0" CuryTranAmt="-250.0000" TranAmt="-250.0000" BatchNbr="000003" IsPaymentChargeTran="0" CreatedByID="b5344897-037e-4d58-b5c3-1bdfd0f47bf9" CreatedByScreenID="CA503000" CreatedDateTime="2014-10-21 14:43:04.787" LastModifiedByID="b5344897-037e-4d58-b5c3-1bdfd0f47bf9" LastModifiedByScreenID="CA303000" LastModifiedDateTime="2014-10-21 14:57:04.9" TranPeriodID="201312" FinPeriodID="201312" Cleared="1" ClearDate="2013-12-05 00:00:00" Posted="1" NoteID="8652ef08-0f59-e411-8712-74d435e7799b" />
		<row OrigModule="GL" OrigTranType="GLE" OrigRefNbr="000004" ExtRefNbr="" CashAccountID="9" BranchID="1" TranID="17" TranDate="2013-12-05 00:00:00" DrCr="C" TranDesc="Company pays salaries with cash $4,500." CuryID="USD" CuryInfoID="36" Hold="0" Released="1" Reconciled="0" CuryTranAmt="-4500.0000" TranAmt="-4500.0000" BatchNbr="000004" IsPaymentChargeTran="0" CreatedByID="b5344897-037e-4d58-b5c3-1bdfd0f47bf9" CreatedByScreenID="CA503000" CreatedDateTime="2014-10-21 14:43:04.797" LastModifiedByID="b5344897-037e-4d58-b5c3-1bdfd0f47bf9" LastModifiedByScreenID="CA303000" LastModifiedDateTime="2014-10-21 14:57:04.9" TranPeriodID="201312" FinPeriodID="201312" Cleared="1" ClearDate="2013-12-05 00:00:00" Posted="1" NoteID="8752ef08-0f59-e411-8712-74d435e7799b" />
		<row OrigModule="GL" OrigTranType="GLE" OrigRefNbr="000005" ExtRefNbr="" CashAccountID="9" BranchID="1" TranID="18" TranDate="2013-12-05 00:00:00" DrCr="D" TranDesc="Company collects cash for services $6,000" CuryID="USD" CuryInfoID="37" Hold="0" Released="1" Reconciled="0" CuryTranAmt="6000.0000" TranAmt="6000.0000" BatchNbr="000005" IsPaymentChargeTran="0" CreatedByID="b5344897-037e-4d58-b5c3-1bdfd0f47bf9" CreatedByScreenID="CA503000" CreatedDateTime="2014-10-21 14:43:04.803" LastModifiedByID="b5344897-037e-4d58-b5c3-1bdfd0f47bf9" LastModifiedByScreenID="CA303000" LastModifiedDateTime="2014-10-21 14:57:04.9" TranPeriodID="201312" FinPeriodID="201312" Cleared="1" ClearDate="2013-12-05 00:00:00" Posted="1" NoteID="8852ef08-0f59-e411-8712-74d435e7799b" />
		<row OrigModule="GL" OrigTranType="GLE" OrigRefNbr="000006" ExtRefNbr="" CashAccountID="9" BranchID="1" TranID="19" TranDate="2013-12-05 00:00:00" DrCr="C" TranDesc="Company collects cash for services $6,000" CuryID="USD" CuryInfoID="38" Hold="0" Released="1" Reconciled="0" CuryTranAmt="-6000.0000" TranAmt="-6000.0000" BatchNbr="000006" IsPaymentChargeTran="0" CreatedByID="b5344897-037e-4d58-b5c3-1bdfd0f47bf9" CreatedByScreenID="CA503000" CreatedDateTime="2014-10-21 14:43:04.81" LastModifiedByID="b5344897-037e-4d58-b5c3-1bdfd0f47bf9" LastModifiedByScreenID="CA303000" LastModifiedDateTime="2014-10-21 14:57:04.903" TranPeriodID="201312" FinPeriodID="201312" Cleared="1" ClearDate="2013-12-05 00:00:00" Posted="1" NoteID="8952ef08-0f59-e411-8712-74d435e7799b" />
		<row OrigModule="GL" OrigTranType="GLE" OrigRefNbr="000007" ExtRefNbr="" CashAccountID="9" BranchID="1" TranID="20" TranDate="2013-12-05 00:00:00" DrCr="D" TranDesc="Company collects cash for services $6,000" CuryID="USD" CuryInfoID="39" Hold="0" Released="1" Reconciled="0" CuryTranAmt="6000.0000" TranAmt="6000.0000" BatchNbr="000007" IsPaymentChargeTran="0" CreatedByID="b5344897-037e-4d58-b5c3-1bdfd0f47bf9" CreatedByScreenID="CA503000" CreatedDateTime="2014-10-21 14:43:04.813" LastModifiedByID="b5344897-037e-4d58-b5c3-1bdfd0f47bf9" LastModifiedByScreenID="CA303000" LastModifiedDateTime="2014-10-21 14:57:04.903" TranPeriodID="201312" FinPeriodID="201312" Cleared="1" ClearDate="2013-12-05 00:00:00" Posted="1" NoteID="8a52ef08-0f59-e411-8712-74d435e7799b" />
		<row OrigModule="GL" OrigTranType="GLE" OrigRefNbr="000011" ExtRefNbr="" CashAccountID="9" BranchID="1" TranID="21" TranDate="2013-12-25 00:00:00" DrCr="C" TranDesc="Interest payment for the bank loan" CuryID="USD" CuryInfoID="43" Hold="0" Released="1" Reconciled="0" CuryTranAmt="-15.0000" TranAmt="-15.0000" BatchNbr="000011" IsPaymentChargeTran="0" CreatedByID="b5344897-037e-4d58-b5c3-1bdfd0f47bf9" CreatedByScreenID="CA503000" CreatedDateTime="2014-10-21 14:43:04.823" LastModifiedByID="b5344897-037e-4d58-b5c3-1bdfd0f47bf9" LastModifiedByScreenID="CA303000" LastModifiedDateTime="2014-10-21 14:57:04.91" TranPeriodID="201312" FinPeriodID="201312" Cleared="1" ClearDate="2013-12-25 00:00:00" Posted="1" NoteID="8b52ef08-0f59-e411-8712-74d435e7799b" />
		<row OrigModule="GL" OrigTranType="GLE" OrigRefNbr="000012" ExtRefNbr="" CashAccountID="9" BranchID="1" TranID="22" TranDate="2013-12-29 00:00:00" DrCr="C" TranDesc="Payment for the utility bill" CuryID="USD" CuryInfoID="44" Hold="0" Released="1" Reconciled="0" CuryTranAmt="-200.0000" TranAmt="-200.0000" BatchNbr="000012" IsPaymentChargeTran="0" CreatedByID="b5344897-037e-4d58-b5c3-1bdfd0f47bf9" CreatedByScreenID="CA503000" CreatedDateTime="2014-10-21 14:43:04.83" LastModifiedByID="b5344897-037e-4d58-b5c3-1bdfd0f47bf9" LastModifiedByScreenID="CA303000" LastModifiedDateTime="2014-10-21 14:57:04.887" TranPeriodID="201312" FinPeriodID="201312" Cleared="1" ClearDate="2013-12-29 00:00:00" Posted="1" NoteID="8c52ef08-0f59-e411-8712-74d435e7799b" />
		<row OrigModule="CA" OrigTranType="CTO" OrigRefNbr="000001" ExtRefNbr="20140101" CashAccountID="9" BranchID="1" TranID="23" TranDate="2014-01-01 00:00:00" DrCr="C" TranDesc="Savings Account Replenishment for $1000" CuryID="USD" CuryInfoID="45" Hold="0" Released="1" Reconciled="0" CuryTranAmt="-1000.0000" TranAmt="-1000.0000" BatchNbr="000013" IsPaymentChargeTran="0" CreatedByID="b5344897-037e-4d58-b5c3-1bdfd0f47bf9" CreatedByScreenID="CA301000" CreatedDateTime="2014-10-21 14:50:06.56" LastModifiedByID="b5344897-037e-4d58-b5c3-1bdfd0f47bf9" LastModifiedByScreenID="CA301000" LastModifiedDateTime="2014-10-21 14:50:23.033" TranPeriodID="201401" FinPeriodID="201401" Cleared="1" ClearDate="2014-10-21 00:00:00" Posted="1" NoteID="1f1a5e04-1059-e411-8712-74d435e7799b" />
		<row OrigModule="CA" OrigTranType="CAE" OrigRefNbr="000002" ExtRefNbr="20140131" CashAccountID="9" BranchID="1" TranID="26" TranDate="2014-01-31 00:00:00" DrCr="C" TranDesc="$15 Bank Service Fee Paid for Checking Account USD in January" CuryID="USD" CuryInfoID="53" Hold="0" Released="1" Reconciled="0" CuryTranAmt="-15.0000" TranAmt="-15.0000" BatchNbr="000015" IsPaymentChargeTran="0" CreatedByID="b5344897-037e-4d58-b5c3-1bdfd0f47bf9" CreatedByScreenID="CA304000" CreatedDateTime="2014-10-21 16:43:37.887" LastModifiedByID="b5344897-037e-4d58-b5c3-1bdfd0f47bf9" LastModifiedByScreenID="CA304000" LastModifiedDateTime="2014-10-21 16:43:41.987" TranPeriodID="201401" FinPeriodID="201401" Cleared="1" ClearDate="2014-10-21 00:00:00" Posted="1" NoteID="db1c3ce0-1f59-e411-8712-74d435e7799b" />
		<row OrigModule="AP" OrigTranType="CHK" OrigRefNbr="000001" ExtRefNbr="000002" CashAccountID="9" BranchID="1" TranID="33" TranDate="2014-01-31 00:00:00" DrCr="C" ReferenceID="15" TranDesc="Partial payment for the utilities and rent bill" CuryID="USD" CuryInfoID="83" Hold="0" Released="1" Reconciled="0" CuryTranAmt="-1000.0000" TranAmt="-1000.0000" BatchNbr="000003" IsPaymentChargeTran="0" CreatedByID="b5344897-037e-4d58-b5c3-1bdfd0f47bf9" CreatedByScreenID="AP302000" CreatedDateTime="2014-10-23 17:08:04.307" LastModifiedByID="b5344897-037e-4d58-b5c3-1bdfd0f47bf9" LastModifiedByScreenID="AP505200" LastModifiedDateTime="2014-10-23 22:28:25.777" TranPeriodID="201401" FinPeriodID="201401" Cleared="1" ClearDate="2014-10-23 00:00:00" Posted="1" NoteID="5ad01b9f-b55a-e411-9189-74d435e7799b" />
		<row OrigModule="AP" OrigTranType="CHK" OrigRefNbr="000002" ExtRefNbr="000001" CashAccountID="9" BranchID="1" TranID="34" TranDate="2014-01-31 00:00:00" DrCr="C" ReferenceID="14" TranDesc="Payment for office supplies 01-2014" CuryID="USD" CuryInfoID="85" Hold="0" Released="1" Reconciled="0" CuryTranAmt="-30.0000" TranAmt="-30.0000" BatchNbr="000004" IsPaymentChargeTran="0" CreatedByID="b5344897-037e-4d58-b5c3-1bdfd0f47bf9" CreatedByScreenID="AP302000" CreatedDateTime="2014-10-23 17:08:41.207" LastModifiedByID="b5344897-037e-4d58-b5c3-1bdfd0f47bf9" LastModifiedByScreenID="AP505200" LastModifiedDateTime="2014-10-23 22:28:25.863" TranPeriodID="201401" FinPeriodID="201401" Cleared="1" ClearDate="2014-10-23 00:00:00" Posted="1" NoteID="ec0fabb1-b55a-e411-9189-74d435e7799b" />
		<row OrigModule="CA" OrigTranType="CTO" OrigRefNbr="000002" ExtRefNbr="02012014" CashAccountID="9" BranchID="1" TranID="37" TranDate="2014-02-01 00:00:00" DrCr="C" TranDesc="Cash on Hand USD Replenishment for $5000" CuryID="USD" CuryInfoID="100" Hold="0" Released="1" Reconciled="0" CuryTranAmt="-5000.0000" TranAmt="-5000.0000" BatchNbr="000016" IsPaymentChargeTran="0" CreatedByID="b5344897-037e-4d58-b5c3-1bdfd0f47bf9" CreatedByScreenID="CA301000" CreatedDateTime="2014-10-28 10:22:35.873" LastModifiedByID="b5344897-037e-4d58-b5c3-1bdfd0f47bf9" LastModifiedByScreenID="CA301000" LastModifiedDateTime="2014-10-28 10:22:41.133" TranPeriodID="201402" FinPeriodID="201402" Cleared="1" ClearDate="2014-10-28 00:00:00" Posted="1" NoteID="8a890730-735e-e411-8fe6-74d435e7799b" />
		<row OrigModule="AP" OrigTranType="CHK" OrigRefNbr="000006" ExtRefNbr="000003" CashAccountID="9" BranchID="1" TranID="46" TranDate="2014-03-02 00:00:00" DrCr="C" ReferenceID="15" TranDesc="Rent and utilities bill" CuryID="USD" CuryInfoID="134" Hold="0" Released="1" Reconciled="0" CuryTranAmt="-220.0000" TranAmt="-220.0000" BatchNbr="000013" IsPaymentChargeTran="0" CreatedByID="b5344897-037e-4d58-b5c3-1bdfd0f47bf9" CreatedByScreenID="AP402000" CreatedDateTime="2014-10-29 15:37:26.54" LastModifiedByID="b5344897-037e-4d58-b5c3-1bdfd0f47bf9" LastModifiedByScreenID="AP505200" LastModifiedDateTime="2014-10-29 15:38:04.867" TranPeriodID="201403" FinPeriodID="201403" Cleared="1" ClearDate="2014-10-29 00:00:00" Posted="1" NoteID="62ff8c51-685f-e411-b36f-74d435e7799b" />
		<row OrigModule="AP" OrigTranType="VCK" OrigRefNbr="000006" ExtRefNbr="000003" CashAccountID="9" BranchID="1" TranID="48" TranDate="2014-03-02 00:00:00" DrCr="D" ReferenceID="15" TranDesc="Bank couldn't accept the check" CuryID="USD" CuryInfoID="10147" Hold="0" Released="1" Reconciled="0" CuryTranAmt="220.0000" TranAmt="220.0000" BatchNbr="000018" IsPaymentChargeTran="0" CreatedByID="b5344897-037e-4d58-b5c3-1bdfd0f47bf9" CreatedByScreenID="AP302000" CreatedDateTime="2014-10-30 11:13:50.25" LastModifiedByID="b5344897-037e-4d58-b5c3-1bdfd0f47bf9" LastModifiedByScreenID="AP302000" LastModifiedDateTime="2014-10-30 11:13:51.013" TranPeriodID="201403" FinPeriodID="201403" Cleared="1" ClearDate="2014-03-02 00:00:00" Posted="1" VoidedTranID="46" NoteID="ea8e5cad-0c60-e411-99e1-74d435e7799b" />
		<row OrigModule="AP" OrigTranType="CHK" OrigRefNbr="000010" ExtRefNbr="000004" CashAccountID="9" BranchID="1" TranID="52" TranDate="2014-03-08 00:00:00" DrCr="C" ReferenceID="16" CuryID="USD" CuryInfoID="10168" Hold="0" Released="1" Reconciled="0" CuryTranAmt="-95.0000" TranAmt="-95.0000" BatchNbr="000023" IsPaymentChargeTran="0" CreatedByID="b5344897-037e-4d58-b5c3-1bdfd0f47bf9" CreatedByScreenID="AP503000" CreatedDateTime="2014-10-31 11:42:21.513" LastModifiedByID="b5344897-037e-4d58-b5c3-1bdfd0f47bf9" LastModifiedByScreenID="AP505200" LastModifiedDateTime="2014-10-31 11:44:18.683" TranPeriodID="201403" FinPeriodID="201403" Cleared="1" ClearDate="2014-10-31 00:00:00" Posted="1" NoteID="4e149ed3-d960-e411-9d94-74d435e7799b" />
		<row OrigModule="AP" OrigTranType="CHK" OrigRefNbr="000011" ExtRefNbr="000005" CashAccountID="9" BranchID="1" TranID="53" TranDate="2014-03-08 00:00:00" DrCr="C" ReferenceID="16" CuryID="USD" CuryInfoID="10170" Hold="0" Released="1" Reconciled="0" CuryTranAmt="-75.0000" TranAmt="-75.0000" BatchNbr="000023" IsPaymentChargeTran="0" CreatedByID="b5344897-037e-4d58-b5c3-1bdfd0f47bf9" CreatedByScreenID="AP503000" CreatedDateTime="2014-10-31 11:42:21.66" LastModifiedByID="b5344897-037e-4d58-b5c3-1bdfd0f47bf9" LastModifiedByScreenID="AP505200" LastModifiedDateTime="2014-10-31 11:44:18.683" TranPeriodID="201403" FinPeriodID="201403" Cleared="1" ClearDate="2014-10-31 00:00:00" Posted="1" NoteID="51149ed3-d960-e411-9d94-74d435e7799b" />
		<row OrigModule="AR" OrigTranType="PMT" OrigRefNbr="000001" ExtRefNbr="02282014R" CashAccountID="9" BranchID="1" TranID="10058" TranDate="2014-02-28 00:00:00" DrCr="D" ReferenceID="18" TranDesc="Payment 02-2014 for services" CuryID="USD" CuryInfoID="20209" Hold="0" Released="1" Reconciled="0" CuryTranAmt="500.0000" TranAmt="500.0000" BatchNbr="000002" IsPaymentChargeTran="0" CreatedByID="b5344897-037e-4d58-b5c3-1bdfd0f47bf9" CreatedByScreenID="AR302000" CreatedDateTime="2014-11-17 13:23:05.56" LastModifiedByID="b5344897-037e-4d58-b5c3-1bdfd0f47bf9" LastModifiedByScreenID="AR501000" LastModifiedDateTime="2014-11-17 13:29:18.557" TranPeriodID="201402" FinPeriodID="201402" Cleared="1" ClearDate="2014-11-17 00:00:00" Posted="1" NoteID="fabe50b7-436e-e411-8043-74d435e7799b" />
		<row OrigModule="AR" OrigTranType="PMT" OrigRefNbr="000002" ExtRefNbr="02282014G" CashAccountID="9" BranchID="1" TranID="10059" TranDate="2014-02-28 00:00:00" DrCr="D" ReferenceID="19" TranDesc="Payment 02-2014 for services" CuryID="USD" CuryInfoID="20210" Hold="0" Released="1" Reconciled="0" CuryTranAmt="300.0000" TranAmt="300.0000" BatchNbr="000002" IsPaymentChargeTran="0" CreatedByID="b5344897-037e-4d58-b5c3-1bdfd0f47bf9" CreatedByScreenID="AR301000" CreatedDateTime="2014-11-17 13:28:35.18" LastModifiedByID="b5344897-037e-4d58-b5c3-1bdfd0f47bf9" LastModifiedByScreenID="AR501000" LastModifiedDateTime="2014-11-17 13:29:18.56" TranPeriodID="201402" FinPeriodID="201402" Cleared="1" ClearDate="2014-11-17 00:00:00" Posted="1" NoteID="872fcb7b-446e-e411-8043-74d435e7799b" />
		<row OrigModule="AR" OrigTranType="PMT" OrigRefNbr="000003" ExtRefNbr="03042014E" CashAccountID="9" BranchID="1" TranID="10060" TranDate="2014-03-04 00:00:00" DrCr="D" ReferenceID="20" TranDesc="Early payment 03-2014" CuryID="USD" CuryInfoID="20216" Hold="0" Released="1" Reconciled="0" CuryTranAmt="490.0000" TranAmt="490.0000" BatchNbr="000005" IsPaymentChargeTran="0" CreatedByID="b5344897-037e-4d58-b5c3-1bdfd0f47bf9" CreatedByScreenID="AR302000" CreatedDateTime="2014-11-18 10:41:07.52" LastModifiedByID="b5344897-037e-4d58-b5c3-1bdfd0f47bf9" LastModifiedByScreenID="AR302000" LastModifiedDateTime="2014-11-18 10:41:09.423" TranPeriodID="201403" FinPeriodID="201403" Cleared="1" ClearDate="2014-11-18 00:00:00" Posted="1" NoteID="e8784d41-f66e-e411-8157-74d435e7799b" />
		<row OrigModule="AR" OrigTranType="PPM" OrigRefNbr="000004" ExtRefNbr="03012014G" CashAccountID="9" BranchID="1" TranID="10061" TranDate="2014-03-01 00:00:00" DrCr="D" ReferenceID="19" TranDesc="$100 prepayment 03-2014" CuryID="USD" CuryInfoID="20219" Hold="0" Released="1" Reconciled="0" CuryTranAmt="100.0000" TranAmt="100.0000" BatchNbr="000006" IsPaymentChargeTran="0" CreatedByID="b5344897-037e-4d58-b5c3-1bdfd0f47bf9" CreatedByScreenID="AR302000" CreatedDateTime="2014-11-18 11:02:08.277" LastModifiedByID="b5344897-037e-4d58-b5c3-1bdfd0f47bf9" LastModifiedByScreenID="AR302000" LastModifiedDateTime="2014-11-18 11:02:08.637" TranPeriodID="201403" FinPeriodID="201403" Cleared="1" ClearDate="2014-11-18 00:00:00" Posted="1" NoteID="9433cf30-f96e-e411-8157-74d435e7799b" />
		<row OrigModule="AR" OrigTranType="PMT" OrigRefNbr="000005" ExtRefNbr="03202014R" CashAccountID="9" BranchID="1" TranID="10062" TranDate="2014-03-20 00:00:00" DrCr="D" ReferenceID="18" TranDesc="Payment for inv. 000003 and d.m. 000006" CuryID="USD" CuryInfoID="20227" Hold="0" Released="1" Reconciled="0" CuryTranAmt="570.0000" TranAmt="570.0000" BatchNbr="000010" IsPaymentChargeTran="0" CreatedByID="b5344897-037e-4d58-b5c3-1bdfd0f47bf9" CreatedByScreenID="AR301000" CreatedDateTime="2014-11-18 12:03:07.487" LastModifiedByID="b5344897-037e-4d58-b5c3-1bdfd0f47bf9" LastModifiedByScreenID="AR302000" LastModifiedDateTime="2014-11-18 12:03:08.18" TranPeriodID="201403" FinPeriodID="201403" Cleared="1" ClearDate="2014-11-18 00:00:00" Posted="1" NoteID="13dbdcb5-016f-e411-8157-74d435e7799b" />
		<row OrigModule="AR" OrigTranType="REF" OrigRefNbr="000006" ExtRefNbr="03312014G" CashAccountID="9" BranchID="1" TranID="10063" TranDate="2014-03-31 00:00:00" DrCr="C" ReferenceID="19" TranDesc="Refund for unused prepayment" CuryID="USD" CuryInfoID="20234" Hold="0" Released="1" Reconciled="0" CuryTranAmt="-50.0000" TranAmt="-50.0000" BatchNbr="000012" IsPaymentChargeTran="0" CreatedByID="b5344897-037e-4d58-b5c3-1bdfd0f47bf9" CreatedByScreenID="AR302000" CreatedDateTime="2014-11-18 12:29:15.89" LastModifiedByID="b5344897-037e-4d58-b5c3-1bdfd0f47bf9" LastModifiedByScreenID="AR302000" LastModifiedDateTime="2014-11-18 12:29:16.307" TranPeriodID="201403" FinPeriodID="201403" Cleared="1" ClearDate="2014-03-31 00:00:00" Posted="1" NoteID="28e1b45c-056f-e411-8157-74d435e7799b" />
		<row OrigModule="AR" OrigTranType="PMT" OrigRefNbr="000007" ExtRefNbr="03312014L" CashAccountID="9" BranchID="1" TranID="10064" TranDate="2014-03-31 00:00:00" DrCr="D" ReferenceID="21" TranDesc="Payment 03-2014" CuryID="USD" CuryInfoID="20242" Hold="0" Released="1" Reconciled="0" CuryTranAmt="730.0000" TranAmt="730.0000" BatchNbr="000015" IsPaymentChargeTran="0" CreatedByID="b5344897-037e-4d58-b5c3-1bdfd0f47bf9" CreatedByScreenID="AR302000" CreatedDateTime="2014-11-18 16:55:55.49" LastModifiedByID="b5344897-037e-4d58-b5c3-1bdfd0f47bf9" LastModifiedByScreenID="AR302000" LastModifiedDateTime="2014-11-18 16:55:56.237" TranPeriodID="201403" FinPeriodID="201403" Cleared="1" ClearDate="2014-03-31 00:00:00" Posted="1" NoteID="c5f0189d-2a6f-e411-8157-74d435e7799b" />
		<row OrigModule="AR" OrigTranType="PMT" OrigRefNbr="000008" ExtRefNbr="04102014R" CashAccountID="9" BranchID="1" TranID="10065" TranDate="2014-04-10 00:00:00" DrCr="D" ReferenceID="18" TranDesc="Payment 04-2014" CuryID="USD" CuryInfoID="20253" Hold="0" Released="1" Reconciled="0" CuryTranAmt="59.9000" TranAmt="59.9000" BatchNbr="000018" IsPaymentChargeTran="0" CreatedByID="b5344897-037e-4d58-b5c3-1bdfd0f47bf9" CreatedByScreenID="AR302000" CreatedDateTime="2014-11-19 16:25:50.793" LastModifiedByID="b5344897-037e-4d58-b5c3-1bdfd0f47bf9" LastModifiedByScreenID="AR302000" LastModifiedDateTime="2014-11-19 16:25:51.62" TranPeriodID="201404" FinPeriodID="201404" Cleared="1" ClearDate="2014-11-19 00:00:00" Posted="1" NoteID="5f73ed93-ef6f-e411-99d2-74d435e7799b" />
		<row OrigModule="AR" OrigTranType="PMT" OrigRefNbr="000009" ExtRefNbr="LOGIC-1089" CashAccountID="10" BranchID="1" TranID="10066" TranDate="2019-12-05 00:00:00" DrCr="D" ReferenceID="30" TranDesc="Payment for Shopify Order #LOGIC-1089" CuryID="USD" CuryInfoID="663963" Hold="0" Released="1" Reconciled="0" CuryTranAmt="379.3300" TranAmt="379.3300" BatchNbr="000019" IsPaymentChargeTran="0" CreatedByID="b5344897-037e-4d58-b5c3-1bdfd0f47bf9" CreatedByScreenID="AR302000" CreatedDateTime="2019-12-05 12:10:16.213" LastModifiedByID="b5344897-037e-4d58-b5c3-1bdfd0f47bf9" LastModifiedByScreenID="AR302000" LastModifiedDateTime="2019-12-05 12:10:18.53" TranPeriodID="201912" FinPeriodID="201912" Cleared="0" Posted="1" NoteID="b9550c7b-8a17-ea11-a6ed-9cb6d0c82c0c" />
		<row OrigModule="AR" OrigTranType="PMT" OrigRefNbr="000010" ExtRefNbr="LOGIC-1090" CashAccountID="10" BranchID="1" TranID="10067" TranDate="2019-12-05 00:00:00" DrCr="D" ReferenceID="30" TranDesc="Payment for Shopify Order #LOGIC-1090" CuryID="USD" CuryInfoID="663965" Hold="0" Released="1" Reconciled="0" CuryTranAmt="379.3300" TranAmt="379.3300" BatchNbr="000020" IsPaymentChargeTran="0" CreatedByID="b5344897-037e-4d58-b5c3-1bdfd0f47bf9" CreatedByScreenID="AR302000" CreatedDateTime="2019-12-05 12:10:17.187" LastModifiedByID="b5344897-037e-4d58-b5c3-1bdfd0f47bf9" LastModifiedByScreenID="AR302000" LastModifiedDateTime="2019-12-05 12:10:19.037" TranPeriodID="201912" FinPeriodID="201912" Cleared="0" Posted="1" NoteID="ce550c7b-8a17-ea11-a6ed-9cb6d0c82c0c" />
		<row OrigModule="AR" OrigTranType="PMT" OrigRefNbr="000011" ExtRefNbr="LOGIC-1091" CashAccountID="10" BranchID="1" TranID="10068" TranDate="2019-12-05 00:00:00" DrCr="D" ReferenceID="30" TranDesc="Payment for Shopify Order #LOGIC-1091" CuryID="USD" CuryInfoID="663970" Hold="0" Released="1" Reconciled="0" CuryTranAmt="379.3300" TranAmt="379.3300" BatchNbr="000021" IsPaymentChargeTran="0" CreatedByID="b5344897-037e-4d58-b5c3-1bdfd0f47bf9" CreatedByScreenID="AR302000" CreatedDateTime="2019-12-05 12:10:20.11" LastModifiedByID="b5344897-037e-4d58-b5c3-1bdfd0f47bf9" LastModifiedByScreenID="AR302000" LastModifiedDateTime="2019-12-05 12:10:21.617" TranPeriodID="201912" FinPeriodID="201912" Cleared="0" Posted="1" NoteID="4d560c7b-8a17-ea11-a6ed-9cb6d0c82c0c" />
		<row OrigModule="AR" OrigTranType="PMT" OrigRefNbr="000012" ExtRefNbr="LOGIC-1088" CashAccountID="10" BranchID="1" TranID="10069" TranDate="2019-12-05 00:00:00" DrCr="D" ReferenceID="30" TranDesc="Payment for Shopify Order #LOGIC-1088" CuryID="USD" CuryInfoID="663973" Hold="0" Released="1" Reconciled="0" CuryTranAmt="371.5800" TranAmt="371.5800" BatchNbr="000022" IsPaymentChargeTran="0" CreatedByID="b5344897-037e-4d58-b5c3-1bdfd0f47bf9" CreatedByScreenID="AR302000" CreatedDateTime="2019-12-05 12:11:36.977" LastModifiedByID="b5344897-037e-4d58-b5c3-1bdfd0f47bf9" LastModifiedByScreenID="AR302000" LastModifiedDateTime="2019-12-05 12:11:38.503" TranPeriodID="201912" FinPeriodID="201912" Cleared="0" Posted="1" NoteID="c80507ab-8a17-ea11-a6ed-9cb6d0c82c0c" />
		<row OrigModule="AR" OrigTranType="PMT" OrigRefNbr="000013" ExtRefNbr="2429542924332" CashAccountID="10" BranchID="1" TranID="10070" TranDate="2019-12-23 00:00:00" DrCr="D" ReferenceID="30" TranDesc="Payment for Shopify Order #LOGIC-1161" CuryID="USD" CuryInfoID="663977" Hold="0" Released="1" Reconciled="0" CuryTranAmt="379.3300" TranAmt="379.3300" BatchNbr="000023" IsPaymentChargeTran="0" CreatedByID="b5344897-037e-4d58-b5c3-1bdfd0f47bf9" CreatedByScreenID="AR302000" CreatedDateTime="2019-12-23 17:14:58.237" LastModifiedByID="b5344897-037e-4d58-b5c3-1bdfd0f47bf9" LastModifiedByScreenID="AR302000" LastModifiedDateTime="2019-12-23 17:15:00.43" TranPeriodID="201912" FinPeriodID="201912" Cleared="0" Posted="1" NoteID="76bf6704-da25-ea11-a6f0-9cb6d0c82c0c" />
		<row OrigModule="AR" OrigTranType="PMT" OrigRefNbr="000014" ExtRefNbr="2429545840684" CashAccountID="10" BranchID="1" TranID="10071" TranDate="2019-12-23 00:00:00" DrCr="D" ReferenceID="30" TranDesc="Payment for Shopify Order #LOGIC-1162" CuryID="USD" CuryInfoID="663982" Hold="0" Released="1" Reconciled="0" CuryTranAmt="401.3300" TranAmt="401.3300" BatchNbr="000024" IsPaymentChargeTran="0" CreatedByID="b5344897-037e-4d58-b5c3-1bdfd0f47bf9" CreatedByScreenID="AR302000" CreatedDateTime="2019-12-23 17:18:33.377" LastModifiedByID="b5344897-037e-4d58-b5c3-1bdfd0f47bf9" LastModifiedByScreenID="AR302000" LastModifiedDateTime="2019-12-23 17:18:34.793" TranPeriodID="201912" FinPeriodID="201912" Cleared="0" Posted="1" NoteID="d5f80588-da25-ea11-a6f0-9cb6d0c82c0c" />
		<row OrigModule="AR" OrigTranType="PMT" OrigRefNbr="000015" ExtRefNbr="2429548036140" CashAccountID="10" BranchID="1" TranID="10072" TranDate="2019-12-23 00:00:00" DrCr="D" ReferenceID="30" TranDesc="Payment for Shopify Order #LOGIC-1163" CuryID="USD" CuryInfoID="663991" Hold="0" Released="1" Reconciled="0" CuryTranAmt="313.3300" TranAmt="313.3300" BatchNbr="000027" IsPaymentChargeTran="0" CreatedByID="b5344897-037e-4d58-b5c3-1bdfd0f47bf9" CreatedByScreenID="AR302000" CreatedDateTime="2019-12-23 17:23:54.353" LastModifiedByID="b5344897-037e-4d58-b5c3-1bdfd0f47bf9" LastModifiedByScreenID="AR302000" LastModifiedDateTime="2019-12-23 17:23:55.977" TranPeriodID="201912" FinPeriodID="201912" Cleared="0" Posted="1" NoteID="b5ec5143-db25-ea11-a6f0-9cb6d0c82c0c" />
		<row OrigModule="AR" OrigTranType="PMT" OrigRefNbr="000016" ExtRefNbr="2429553246252" CashAccountID="10" BranchID="1" TranID="10073" TranDate="2019-12-23 00:00:00" DrCr="D" ReferenceID="30" TranDesc="Payment for Shopify Order #LOGIC-1164" CuryID="USD" CuryInfoID="663998" Hold="0" Released="1" Reconciled="0" CuryTranAmt="390.3400" TranAmt="390.3400" BatchNbr="000029" IsPaymentChargeTran="0" CreatedByID="b5344897-037e-4d58-b5c3-1bdfd0f47bf9" CreatedByScreenID="AR302000" CreatedDateTime="2019-12-23 17:29:55.933" LastModifiedByID="b5344897-037e-4d58-b5c3-1bdfd0f47bf9" LastModifiedByScreenID="AR302000" LastModifiedDateTime="2019-12-23 17:29:57.41" TranPeriodID="201912" FinPeriodID="201912" Cleared="0" Posted="1" NoteID="90d6d61e-dc25-ea11-a6f0-9cb6d0c82c0c" />
		<row OrigModule="AR" OrigTranType="PMT" OrigRefNbr="000017" ExtRefNbr="2429555179564" CashAccountID="10" BranchID="1" TranID="10074" TranDate="2019-12-23 00:00:00" DrCr="D" ReferenceID="30" TranDesc="Payment for Shopify Order #LOGIC-1165" CuryID="USD" CuryInfoID="664008" Hold="0" Released="1" Reconciled="0" CuryTranAmt="379.3300" TranAmt="379.3300" BatchNbr="000032" IsPaymentChargeTran="0" CreatedByID="b5344897-037e-4d58-b5c3-1bdfd0f47bf9" CreatedByScreenID="AR302000" CreatedDateTime="2019-12-23 17:33:24.377" LastModifiedByID="b5344897-037e-4d58-b5c3-1bdfd0f47bf9" LastModifiedByScreenID="AR302000" LastModifiedDateTime="2019-12-23 17:33:25.867" TranPeriodID="201912" FinPeriodID="201912" Cleared="0" Posted="1" NoteID="99170699-dc25-ea11-a6f0-9cb6d0c82c0c" />
		<row OrigModule="AR" OrigTranType="REF" OrigRefNbr="000018" ExtRefNbr="2429555376172" CashAccountID="10" BranchID="1" TranID="10075" TranDate="2019-12-23 00:00:00" DrCr="C" ReferenceID="30" TranDesc="Refund for Order #LOGIC-1165 (TransId #2429555376172)" CuryID="USD" CuryInfoID="664011" Hold="0" Released="1" Reconciled="0" CuryTranAmt="-126.4500" TranAmt="-126.4500" BatchNbr="000033" IsPaymentChargeTran="0" CreatedByID="b5344897-037e-4d58-b5c3-1bdfd0f47bf9" CreatedByScreenID="AR302000" CreatedDateTime="2019-12-23 17:33:26.22" LastModifiedByID="b5344897-037e-4d58-b5c3-1bdfd0f47bf9" LastModifiedByScreenID="AR302000" LastModifiedDateTime="2019-12-23 17:33:28.033" TranPeriodID="201912" FinPeriodID="201912" Cleared="0" Posted="1" NoteID="db170699-dc25-ea11-a6f0-9cb6d0c82c0c" />
		<row OrigModule="AR" OrigTranType="PMT" OrigRefNbr="000019" ExtRefNbr="2429558784044" CashAccountID="10" BranchID="1" TranID="10076" TranDate="2019-12-23 00:00:00" DrCr="D" ReferenceID="30" TranDesc="Payment for Shopify Order #LOGIC-1166" CuryID="USD" CuryInfoID="664018" Hold="0" Released="1" Reconciled="0" CuryTranAmt="401.3300" TranAmt="401.3300" BatchNbr="000035" IsPaymentChargeTran="0" CreatedByID="b5344897-037e-4d58-b5c3-1bdfd0f47bf9" CreatedByScreenID="AR302000" CreatedDateTime="2019-12-23 17:37:35.23" LastModifiedByID="b5344897-037e-4d58-b5c3-1bdfd0f47bf9" LastModifiedByScreenID="AR302000" LastModifiedDateTime="2019-12-23 17:37:36.747" TranPeriodID="201912" FinPeriodID="201912" Cleared="0" Posted="1" NoteID="562aac30-dd25-ea11-a6f0-9cb6d0c82c0c" />
		<row OrigModule="AR" OrigTranType="REF" OrigRefNbr="000020" ExtRefNbr="2429559341100" CashAccountID="10" BranchID="1" TranID="10077" TranDate="2019-12-23 00:00:00" DrCr="C" ReferenceID="30" TranDesc="Refund for Order #LOGIC-1166 (TransId #2429559341100)" CuryID="USD" CuryInfoID="664022" Hold="0" Released="1" Reconciled="0" CuryTranAmt="-126.4500" TranAmt="-126.4500" BatchNbr="000036" IsPaymentChargeTran="0" CreatedByID="b5344897-037e-4d58-b5c3-1bdfd0f47bf9" CreatedByScreenID="AR302000" CreatedDateTime="2019-12-23 17:38:22.8" LastModifiedByID="b5344897-037e-4d58-b5c3-1bdfd0f47bf9" LastModifiedByScreenID="AR302000" LastModifiedDateTime="2019-12-23 17:38:24.547" TranPeriodID="201912" FinPeriodID="201912" Cleared="0" Posted="1" NoteID="9420504d-dd25-ea11-a6f0-9cb6d0c82c0c" />
		<row OrigModule="AR" OrigTranType="PMT" OrigRefNbr="000021" ExtRefNbr="2429564059692" CashAccountID="10" BranchID="1" TranID="10078" TranDate="2019-12-23 00:00:00" DrCr="D" ReferenceID="30" TranDesc="Payment for Shopify Order #LOGIC-1167" CuryID="USD" CuryInfoID="664032" Hold="0" Released="1" Reconciled="0" CuryTranAmt="423.3300" TranAmt="423.3300" BatchNbr="000039" IsPaymentChargeTran="0" CreatedByID="b5344897-037e-4d58-b5c3-1bdfd0f47bf9" CreatedByScreenID="AR302000" CreatedDateTime="2019-12-23 17:46:17.957" LastModifiedByID="b5344897-037e-4d58-b5c3-1bdfd0f47bf9" LastModifiedByScreenID="AR302000" LastModifiedDateTime="2019-12-23 17:46:19.563" TranPeriodID="201912" FinPeriodID="201912" Cleared="0" Posted="1" NoteID="e7d75468-de25-ea11-a6f0-9cb6d0c82c0c" />
		<row OrigModule="AR" OrigTranType="REF" OrigRefNbr="000022" ExtRefNbr="2429564289068" CashAccountID="10" BranchID="1" TranID="10079" TranDate="2019-12-23 00:00:00" DrCr="C" ReferenceID="30" TranDesc="Refund for Order #LOGIC-1167 (TransId #2429564289068)" CuryID="USD" CuryInfoID="664035" Hold="0" Released="1" Reconciled="0" CuryTranAmt="-156.4500" TranAmt="-156.4500" BatchNbr="000040" IsPaymentChargeTran="0" CreatedByID="b5344897-037e-4d58-b5c3-1bdfd0f47bf9" CreatedByScreenID="AR302000" CreatedDateTime="2019-12-23 17:46:19.893" LastModifiedByID="b5344897-037e-4d58-b5c3-1bdfd0f47bf9" LastModifiedByScreenID="AR302000" LastModifiedDateTime="2019-12-23 17:46:21.587" TranPeriodID="201912" FinPeriodID="201912" Cleared="0" Posted="1" NoteID="29d85468-de25-ea11-a6f0-9cb6d0c82c0c" />
		<row OrigModule="AR" OrigTranType="PMT" OrigRefNbr="000023" ExtRefNbr="2429566353452" CashAccountID="10" BranchID="1" TranID="10080" TranDate="2019-12-23 00:00:00" DrCr="D" ReferenceID="30" TranDesc="Payment for Shopify Order #LOGIC-1168" CuryID="USD" CuryInfoID="664042" Hold="0" Released="1" Reconciled="0" CuryTranAmt="401.3300" TranAmt="401.3300" BatchNbr="000042" IsPaymentChargeTran="0" CreatedByID="b5344897-037e-4d58-b5c3-1bdfd0f47bf9" CreatedByScreenID="AR302000" CreatedDateTime="2019-12-23 17:52:35.327" LastModifiedByID="b5344897-037e-4d58-b5c3-1bdfd0f47bf9" LastModifiedByScreenID="AR302000" LastModifiedDateTime="2019-12-23 17:52:36.943" TranPeriodID="201912" FinPeriodID="201912" Cleared="0" Posted="1" NoteID="ef403b49-df25-ea11-a6f0-9cb6d0c82c0c" />
		<row OrigModule="AR" OrigTranType="REF" OrigRefNbr="000024" ExtRefNbr="2429567074348" CashAccountID="10" BranchID="1" TranID="10081" TranDate="2019-12-23 00:00:00" DrCr="C" ReferenceID="30" TranDesc="Refund for Order #LOGIC-1168 (TransId #2429567074348)" CuryID="USD" CuryInfoID="664045" Hold="0" Released="1" Reconciled="0" CuryTranAmt="-96.4500" TranAmt="-96.4500" BatchNbr="000043" IsPaymentChargeTran="0" CreatedByID="b5344897-037e-4d58-b5c3-1bdfd0f47bf9" CreatedByScreenID="AR302000" CreatedDateTime="2019-12-23 17:52:37.303" LastModifiedByID="b5344897-037e-4d58-b5c3-1bdfd0f47bf9" LastModifiedByScreenID="AR302000" LastModifiedDateTime="2019-12-23 17:52:38.993" TranPeriodID="201912" FinPeriodID="201912" Cleared="0" Posted="1" NoteID="31413b49-df25-ea11-a6f0-9cb6d0c82c0c" />
		<row OrigModule="AR" OrigTranType="PMT" OrigRefNbr="000025" ExtRefNbr="2429577232428" CashAccountID="10" BranchID="1" TranID="10082" TranDate="2019-12-23 00:00:00" DrCr="D" ReferenceID="30" TranDesc="Payment for Shopify Order #LOGIC-1169" CuryID="USD" CuryInfoID="664049" Hold="0" Released="1" Reconciled="0" CuryTranAmt="379.3300" TranAmt="379.3300" BatchNbr="000044" IsPaymentChargeTran="0" CreatedByID="b5344897-037e-4d58-b5c3-1bdfd0f47bf9" CreatedByScreenID="AR302000" CreatedDateTime="2019-12-23 22:08:46.25" LastModifiedByID="b5344897-037e-4d58-b5c3-1bdfd0f47bf9" LastModifiedByScreenID="AR302000" LastModifiedDateTime="2019-12-23 22:08:52.517" TranPeriodID="201912" FinPeriodID="201912" Cleared="0" Posted="1" NoteID="6b768e10-0326-ea11-a6f0-9cb6d0c82c0c" />
		<row OrigModule="AR" OrigTranType="REF" OrigRefNbr="000026" ExtRefNbr="2429700014124" CashAccountID="10" BranchID="1" TranID="10083" TranDate="2019-12-24 00:00:00" DrCr="C" ReferenceID="30" TranDesc="Refund for Order #LOGIC-1169 (TransId #2429700014124)" CuryID="USD" CuryInfoID="664052" Hold="0" Released="1" Reconciled="0" CuryTranAmt="-96.4500" TranAmt="-96.4500" BatchNbr="000045" IsPaymentChargeTran="0" CreatedByID="b5344897-037e-4d58-b5c3-1bdfd0f47bf9" CreatedByScreenID="AR302000" CreatedDateTime="2019-12-23 22:08:57.51" LastModifiedByID="b5344897-037e-4d58-b5c3-1bdfd0f47bf9" LastModifiedByScreenID="AR302000" LastModifiedDateTime="2019-12-23 22:09:02.547" TranPeriodID="201912" FinPeriodID="201912" Cleared="0" Posted="1" NoteID="cc9e4d17-0326-ea11-a6f0-9cb6d0c82c0c" />
		<row OrigModule="AR" OrigTranType="PMT" OrigRefNbr="000027" ExtRefNbr="2429702275116" CashAccountID="10" BranchID="1" TranID="10084" TranDate="2019-12-23 00:00:00" DrCr="D" ReferenceID="30" TranDesc="Payment for Shopify Order #LOGIC-1170" CuryID="USD" CuryInfoID="664056" Hold="0" Released="1" Reconciled="0" CuryTranAmt="406.8400" TranAmt="406.8400" BatchNbr="000046" IsPaymentChargeTran="0" CreatedByID="b5344897-037e-4d58-b5c3-1bdfd0f47bf9" CreatedByScreenID="AR302000" CreatedDateTime="2019-12-23 22:13:51.237" LastModifiedByID="b5344897-037e-4d58-b5c3-1bdfd0f47bf9" LastModifiedByScreenID="AR302000" LastModifiedDateTime="2019-12-23 22:13:55.83" TranPeriodID="201912" FinPeriodID="201912" Cleared="0" Posted="1" NoteID="9c72bfc5-0326-ea11-a6f0-9cb6d0c82c0c" />
		<row OrigModule="AR" OrigTranType="REF" OrigRefNbr="000028" ExtRefNbr="2429703225388" CashAccountID="10" BranchID="1" TranID="10085" TranDate="2019-12-24 00:00:00" DrCr="C" ReferenceID="30" TranDesc="Refund for Order #LOGIC-1170 (TransId #2429703225388)" CuryID="USD" CuryInfoID="664060" Hold="0" Released="1" Reconciled="0" CuryTranAmt="-27.5000" TranAmt="-27.5000" BatchNbr="000047" IsPaymentChargeTran="0" CreatedByID="b5344897-037e-4d58-b5c3-1bdfd0f47bf9" CreatedByScreenID="AR302000" CreatedDateTime="2019-12-23 22:15:35.7" LastModifiedByID="b5344897-037e-4d58-b5c3-1bdfd0f47bf9" LastModifiedByScreenID="AR302000" LastModifiedDateTime="2019-12-23 22:15:40.943" TranPeriodID="201912" FinPeriodID="201912" Cleared="0" Posted="1" NoteID="909aaa05-0426-ea11-a6f0-9cb6d0c82c0c" />
		<row OrigModule="AR" OrigTranType="PMT" OrigRefNbr="000029" ExtRefNbr="2429709615148" CashAccountID="10" BranchID="1" TranID="10086" TranDate="2019-12-23 00:00:00" DrCr="D" ReferenceID="30" TranDesc="Payment for Shopify Order #LOGIC-1171" CuryID="USD" CuryInfoID="664075" Hold="0" Released="1" Reconciled="0" CuryTranAmt="412.3400" TranAmt="412.3400" BatchNbr="000051" IsPaymentChargeTran="0" CreatedByID="b5344897-037e-4d58-b5c3-1bdfd0f47bf9" CreatedByScreenID="AR302000" CreatedDateTime="2019-12-23 22:32:17.417" LastModifiedByID="b5344897-037e-4d58-b5c3-1bdfd0f47bf9" LastModifiedByScreenID="AR302000" LastModifiedDateTime="2019-12-23 22:32:22.557" TranPeriodID="201912" FinPeriodID="201912" Cleared="0" Posted="1" NoteID="9105ae58-0626-ea11-a6f0-9cb6d0c82c0c" />
		<row OrigModule="AR" OrigTranType="REF" OrigRefNbr="000030" ExtRefNbr="2429709811756" CashAccountID="10" BranchID="1" TranID="10087" TranDate="2019-12-24 00:00:00" DrCr="C" ReferenceID="30" TranDesc="Refund for Order #LOGIC-1171 (TransId #2429709811756)" CuryID="USD" CuryInfoID="664079" Hold="0" Released="1" Reconciled="0" CuryTranAmt="-33.0100" TranAmt="-33.0100" BatchNbr="000052" IsPaymentChargeTran="0" CreatedByID="b5344897-037e-4d58-b5c3-1bdfd0f47bf9" CreatedByScreenID="AR302000" CreatedDateTime="2019-12-23 22:33:31.997" LastModifiedByID="b5344897-037e-4d58-b5c3-1bdfd0f47bf9" LastModifiedByScreenID="AR302000" LastModifiedDateTime="2019-12-23 22:33:36.337" TranPeriodID="201912" FinPeriodID="201912" Cleared="0" Posted="1" NoteID="61bf1e87-0626-ea11-a6f0-9cb6d0c82c0c" />
		<row OrigModule="AR" OrigTranType="PMT" OrigRefNbr="000031" ExtRefNbr="2429713317932" CashAccountID="10" BranchID="1" TranID="10088" TranDate="2019-12-23 00:00:00" DrCr="D" ReferenceID="30" TranDesc="Payment for Shopify Order #LOGIC-1172" CuryID="USD" CuryInfoID="664086" Hold="0" Released="1" Reconciled="0" CuryTranAmt="379.3300" TranAmt="379.3300" BatchNbr="000054" IsPaymentChargeTran="0" CreatedByID="b5344897-037e-4d58-b5c3-1bdfd0f47bf9" CreatedByScreenID="AR302000" CreatedDateTime="2019-12-23 22:42:45.02" LastModifiedByID="b5344897-037e-4d58-b5c3-1bdfd0f47bf9" LastModifiedByScreenID="AR302000" LastModifiedDateTime="2019-12-23 22:42:49.703" TranPeriodID="201912" FinPeriodID="201912" Cleared="0" Posted="1" NoteID="7293cecf-0726-ea11-a6f0-9cb6d0c82c0c" />
		<row OrigModule="AR" OrigTranType="REF" OrigRefNbr="000032" ExtRefNbr="2429713514540" CashAccountID="10" BranchID="1" TranID="10089" TranDate="2019-12-24 00:00:00" DrCr="C" ReferenceID="30" TranDesc="Refund for Order #LOGIC-1172 (TransId #2429713514540)" CuryID="USD" CuryInfoID="664090" Hold="0" Released="1" Reconciled="0" CuryTranAmt="-50.0000" TranAmt="-50.0000" BatchNbr="000055" IsPaymentChargeTran="0" CreatedByID="b5344897-037e-4d58-b5c3-1bdfd0f47bf9" CreatedByScreenID="AR302000" CreatedDateTime="2019-12-23 22:43:27.243" LastModifiedByID="b5344897-037e-4d58-b5c3-1bdfd0f47bf9" LastModifiedByScreenID="AR302000" LastModifiedDateTime="2019-12-23 22:43:32.12" TranPeriodID="201912" FinPeriodID="201912" Cleared="0" Posted="1" NoteID="81a11cea-0726-ea11-a6f0-9cb6d0c82c0c" />
		<row OrigModule="AR" OrigTranType="PMT" OrigRefNbr="000033" ExtRefNbr="2429715382316" CashAccountID="10" BranchID="1" TranID="10090" TranDate="2019-12-23 00:00:00" DrCr="D" ReferenceID="30" TranDesc="Payment for Shopify Order #LOGIC-1173" CuryID="USD" CuryInfoID="664097" Hold="0" Released="1" Reconciled="0" CuryTranAmt="355.1400" TranAmt="355.1400" BatchNbr="000057" IsPaymentChargeTran="0" CreatedByID="b5344897-037e-4d58-b5c3-1bdfd0f47bf9" CreatedByScreenID="AR302000" CreatedDateTime="2019-12-23 22:48:57.303" LastModifiedByID="b5344897-037e-4d58-b5c3-1bdfd0f47bf9" LastModifiedByScreenID="AR302000" LastModifiedDateTime="2019-12-23 22:49:01.713" TranPeriodID="201912" FinPeriodID="201912" Cleared="0" Posted="1" NoteID="e60594ad-0826-ea11-a6f0-9cb6d0c82c0c" />
		<row OrigModule="AR" OrigTranType="PMT" OrigRefNbr="000034" ExtRefNbr="2429720952876" CashAccountID="10" BranchID="1" TranID="10091" TranDate="2019-12-23 00:00:00" DrCr="D" ReferenceID="30" TranDesc="Payment for Shopify Order #LOGIC-1174" CuryID="USD" CuryInfoID="664108" Hold="0" Released="1" Reconciled="0" CuryTranAmt="451.2800" TranAmt="451.2800" BatchNbr="000060" IsPaymentChargeTran="0" CreatedByID="b5344897-037e-4d58-b5c3-1bdfd0f47bf9" CreatedByScreenID="AR302000" CreatedDateTime="2019-12-23 23:03:29.52" LastModifiedByID="b5344897-037e-4d58-b5c3-1bdfd0f47bf9" LastModifiedByScreenID="AR302000" LastModifiedDateTime="2019-12-23 23:03:35.78" TranPeriodID="201912" FinPeriodID="201912" Cleared="0" Posted="1" NoteID="833910b4-0a26-ea11-a6f0-9cb6d0c82c0c" />
		<row OrigModule="AR" OrigTranType="REF" OrigRefNbr="000035" ExtRefNbr="2429721149484" CashAccountID="10" BranchID="1" TranID="10092" TranDate="2019-12-24 00:00:00" DrCr="C" ReferenceID="30" TranDesc="Refund for Order #LOGIC-1174 (TransId #2429721149484)" CuryID="USD" CuryInfoID="664111" Hold="0" Released="1" Reconciled="0" CuryTranAmt="-126.4500" TranAmt="-126.4500" BatchNbr="000061" IsPaymentChargeTran="0" CreatedByID="b5344897-037e-4d58-b5c3-1bdfd0f47bf9" CreatedByScreenID="AR302000" CreatedDateTime="2019-12-23 23:03:41.377" LastModifiedByID="b5344897-037e-4d58-b5c3-1bdfd0f47bf9" LastModifiedByScreenID="AR302000" LastModifiedDateTime="2019-12-23 23:03:46.063" TranPeriodID="201912" FinPeriodID="201912" Cleared="0" Posted="1" NoteID="6ca527c0-0a26-ea11-a6f0-9cb6d0c82c0c" />
		<row OrigModule="AR" OrigTranType="PMT" OrigRefNbr="000036" ExtRefNbr="2429726982188" CashAccountID="10" BranchID="1" TranID="10093" TranDate="2019-12-23 00:00:00" DrCr="D" ReferenceID="30" TranDesc="Payment for Shopify Order #LOGIC-1175" CuryID="USD" CuryInfoID="664118" Hold="0" Released="1" Reconciled="0" CuryTranAmt="379.3300" TranAmt="379.3300" BatchNbr="000063" IsPaymentChargeTran="0" CreatedByID="b5344897-037e-4d58-b5c3-1bdfd0f47bf9" CreatedByScreenID="AR302000" CreatedDateTime="2019-12-23 23:15:17.117" LastModifiedByID="b5344897-037e-4d58-b5c3-1bdfd0f47bf9" LastModifiedByScreenID="AR302000" LastModifiedDateTime="2019-12-23 23:15:22.333" TranPeriodID="201912" FinPeriodID="201912" Cleared="0" Posted="1" NoteID="df78065e-0c26-ea11-a6f0-9cb6d0c82c0c" />
		<row OrigModule="AR" OrigTranType="REF" OrigRefNbr="000037" ExtRefNbr="2429727080492" CashAccountID="10" BranchID="1" TranID="10094" TranDate="2019-12-24 00:00:00" DrCr="C" ReferenceID="30" TranDesc="Refund for Order #LOGIC-1175 (TransId #2429727080492)" CuryID="USD" CuryInfoID="664120" Hold="0" Released="1" Reconciled="0" CuryTranAmt="-379.3300" TranAmt="-379.3300" BatchNbr="000064" IsPaymentChargeTran="0" CreatedByID="b5344897-037e-4d58-b5c3-1bdfd0f47bf9" CreatedByScreenID="AR302000" CreatedDateTime="2019-12-23 23:16:05.92" LastModifiedByID="b5344897-037e-4d58-b5c3-1bdfd0f47bf9" LastModifiedByScreenID="AR302000" LastModifiedDateTime="2019-12-23 23:16:11.093" TranPeriodID="201912" FinPeriodID="201912" Cleared="0" Posted="1" NoteID="d57c5e7b-0c26-ea11-a6f0-9cb6d0c82c0c" />
		<row OrigModule="AR" OrigTranType="PMT" OrigRefNbr="000038" ExtRefNbr="2429732290604" CashAccountID="10" BranchID="1" TranID="10095" TranDate="2019-12-23 00:00:00" DrCr="D" ReferenceID="30" TranDesc="Payment for Shopify Order #LOGIC-1176" CuryID="USD" CuryInfoID="664124" Hold="0" Released="1" Reconciled="0" CuryTranAmt="379.3300" TranAmt="379.3300" BatchNbr="000065" IsPaymentChargeTran="0" CreatedByID="b5344897-037e-4d58-b5c3-1bdfd0f47bf9" CreatedByScreenID="AR302000" CreatedDateTime="2019-12-23 23:27:39.603" LastModifiedByID="b5344897-037e-4d58-b5c3-1bdfd0f47bf9" LastModifiedByScreenID="AR302000" LastModifiedDateTime="2019-12-23 23:27:45.86" TranPeriodID="201912" FinPeriodID="201912" Cleared="0" Posted="1" NoteID="1258f614-0e26-ea11-a6f0-9cb6d0c82c0c" />
		<row OrigModule="AR" OrigTranType="REF" OrigRefNbr="000039" ExtRefNbr="2429733929004" CashAccountID="10" BranchID="1" TranID="10096" TranDate="2019-12-24 00:00:00" DrCr="C" ReferenceID="30" TranDesc="Refund for Order #LOGIC-1176 (TransId #2429733929004)" CuryID="USD" CuryInfoID="664128" Hold="0" Released="1" Reconciled="0" CuryTranAmt="-379.3300" TranAmt="-379.3300" BatchNbr="000066" IsPaymentChargeTran="0" CreatedByID="b5344897-037e-4d58-b5c3-1bdfd0f47bf9" CreatedByScreenID="AR302000" CreatedDateTime="2019-12-23 23:32:45.187" LastModifiedByID="b5344897-037e-4d58-b5c3-1bdfd0f47bf9" LastModifiedByScreenID="AR302000" LastModifiedDateTime="2019-12-23 23:32:51.07" TranPeriodID="201912" FinPeriodID="201912" Cleared="0" Posted="1" NoteID="02028fcc-0e26-ea11-a6f0-9cb6d0c82c0c" />
		<row OrigModule="AR" OrigTranType="PMT" OrigRefNbr="000040" ExtRefNbr="2429741334572" CashAccountID="10" BranchID="1" TranID="10097" TranDate="2019-12-23 00:00:00" DrCr="D" ReferenceID="30" TranDesc="Payment for Shopify Order #LOGIC-1177" CuryID="USD" CuryInfoID="664131" Hold="0" Released="1" Reconciled="0" CuryTranAmt="379.3300" TranAmt="379.3300" BatchNbr="000067" IsPaymentChargeTran="0" CreatedByID="b5344897-037e-4d58-b5c3-1bdfd0f47bf9" CreatedByScreenID="AR302000" CreatedDateTime="2019-12-23 23:52:01.997" LastModifiedByID="b5344897-037e-4d58-b5c3-1bdfd0f47bf9" LastModifiedByScreenID="AR302000" LastModifiedDateTime="2019-12-23 23:52:07.25" TranPeriodID="201912" FinPeriodID="201912" Cleared="0" Posted="1" NoteID="8e9f8180-1126-ea11-a6f0-9cb6d0c82c0c" />
		<row OrigModule="AR" OrigTranType="REF" OrigRefNbr="000041" ExtRefNbr="2429741596716" CashAccountID="10" BranchID="1" TranID="10098" TranDate="2019-12-24 00:00:00" DrCr="C" ReferenceID="30" TranDesc="Refund for Order #LOGIC-1177 (TransId #2429741596716)" CuryID="USD" CuryInfoID="664133" Hold="0" Released="1" Reconciled="0" CuryTranAmt="-329.3300" TranAmt="-329.3300" BatchNbr="000068" IsPaymentChargeTran="0" CreatedByID="b5344897-037e-4d58-b5c3-1bdfd0f47bf9" CreatedByScreenID="AR302000" CreatedDateTime="2019-12-23 23:53:44.57" LastModifiedByID="b5344897-037e-4d58-b5c3-1bdfd0f47bf9" LastModifiedByScreenID="AR302000" LastModifiedDateTime="2019-12-23 23:53:51.227" TranPeriodID="201912" FinPeriodID="201912" Cleared="0" Posted="1" NoteID="6cf7cebb-1126-ea11-a6f0-9cb6d0c82c0c" />
		<row OrigModule="AR" OrigTranType="PMT" OrigRefNbr="000042" ExtRefNbr="2429748641836" CashAccountID="10" BranchID="1" TranID="10099" TranDate="2019-12-24 00:00:00" DrCr="D" ReferenceID="30" TranDesc="Payment for Shopify Order #LOGIC-1178" CuryID="USD" CuryInfoID="664137" Hold="0" Released="1" Reconciled="0" CuryTranAmt="379.3300" TranAmt="379.3300" BatchNbr="000069" IsPaymentChargeTran="0" CreatedByID="b5344897-037e-4d58-b5c3-1bdfd0f47bf9" CreatedByScreenID="AR302000" CreatedDateTime="2019-12-24 00:10:54.197" LastModifiedByID="b5344897-037e-4d58-b5c3-1bdfd0f47bf9" LastModifiedByScreenID="AR302000" LastModifiedDateTime="2019-12-24 00:10:58.817" TranPeriodID="201912" FinPeriodID="201912" Cleared="0" Posted="1" NoteID="de7df320-1426-ea11-a6f0-9cb6d0c82c0c" />
		<row OrigModule="AR" OrigTranType="REF" OrigRefNbr="000043" ExtRefNbr="2429749723180" CashAccountID="10" BranchID="1" TranID="10100" TranDate="2019-12-24 00:00:00" DrCr="C" ReferenceID="30" TranDesc="Refund for Order #LOGIC-1178 (TransId #2429749723180)" CuryID="USD" CuryInfoID="664141" Hold="0" Released="1" Reconciled="0" CuryTranAmt="-329.3300" TranAmt="-329.3300" BatchNbr="000070" IsPaymentChargeTran="0" CreatedByID="b5344897-037e-4d58-b5c3-1bdfd0f47bf9" CreatedByScreenID="AR302000" CreatedDateTime="2019-12-24 00:13:52.07" LastModifiedByID="b5344897-037e-4d58-b5c3-1bdfd0f47bf9" LastModifiedByScreenID="AR302000" LastModifiedDateTime="2019-12-24 00:13:56.577" TranPeriodID="201912" FinPeriodID="201912" Cleared="0" Posted="1" NoteID="c9cc968b-1426-ea11-a6f0-9cb6d0c82c0c" />
		<row OrigModule="AR" OrigTranType="PMT" OrigRefNbr="000044" ExtRefNbr="2429743530028" CashAccountID="10" BranchID="1" TranID="10101" TranDate="2019-12-23 00:00:00" DrCr="D" ReferenceID="30" TranDesc="Payment for Shopify Order #LOGIC-1179" CuryID="USD" CuryInfoID="664145" Hold="0" Released="1" Reconciled="0" CuryTranAmt="379.3300" TranAmt="379.3300" BatchNbr="000071" IsPaymentChargeTran="0" CreatedByID="b5344897-037e-4d58-b5c3-1bdfd0f47bf9" CreatedByScreenID="AR302000" CreatedDateTime="2019-12-24 00:14:06.14" LastModifiedByID="b5344897-037e-4d58-b5c3-1bdfd0f47bf9" LastModifiedByScreenID="AR302000" LastModifiedDateTime="2019-12-24 00:14:09.557" TranPeriodID="201912" FinPeriodID="201912" Cleared="0" Posted="1" NoteID="da34a793-1426-ea11-a6f0-9cb6d0c82c0c" />
	</rows>
</data>