﻿<?xml version="1.0" encoding="utf-8"?>
<data>
	<table name="CommonSetup">
		<col name="CompanyID" type="Int" default="Zero" />
		<col name="DecPlPrcCst" type="SmallInt" />
		<col name="DecPlQty" type="SmallInt" />
		<col name="WeightUOM" type="NVarChar(6)" nullable="true" />
		<col name="VolumeUOM" type="NVarChar(6)" nullable="true" />
		<col name="tstamp" type="Timestamp" />
		<col name="CreatedByID" type="UniqueIdentifier" />
		<col name="CreatedByScreenID" type="Char(8)" />
		<col name="CreatedDateTime" type="DateTime" />
		<col name="LastModifiedByID" type="UniqueIdentifier" />
		<col name="LastModifiedByScreenID" type="Char(8)" />
		<col name="LastModifiedDateTime" type="DateTime" />
	</table>
	<rows>
		<row DecPlPrcCst="2" DecPlQty="2" WeightUOM="OZ" VolumeUOM="LITER" CreatedByID="b5344897-037e-4d58-b5c3-1bdfd0f47bf9" CreatedByScreenID="CS102000" CreatedDateTime="2016-04-08 00:42:40.623" LastModifiedByID="b5344897-037e-4d58-b5c3-1bdfd0f47bf9" LastModifiedByScreenID="CS101500" LastModifiedDateTime="2019-12-02 19:40:26.563" />
	</rows>
</data>