﻿<?xml version="1.0" encoding="utf-8"?>
<data>
	<table name="CRActivity">
		<col name="CompanyID" type="Int" default="Zero" />
		<col name="NoteID" type="UniqueIdentifier" default="SequentialId" />
		<col name="ParentNoteID" type="UniqueIdentifier" nullable="true" />
		<col name="RefNoteID" type="UniqueIdentifier" nullable="true" />
		<col name="ClassID" type="Int" default="Zero" />
		<col name="Type" type="Char(5)" nullable="true" />
		<col name="Subject" type="NVarChar(256)" />
		<col name="Location" type="NVarChar(255)" nullable="true" />
		<col name="Body" type="NVarChar(MAX)" nullable="true" />
		<col name="Priority" type="Int" nullable="true" />
		<col name="UIStatus" type="Char(2)" nullable="true" />
		<col name="CategoryID" type="Int" nullable="true" />
		<col name="StartDate" type="DateTime" nullable="true" />
		<col name="EndDate" type="DateTime" nullable="true" />
		<col name="CompletedDate" type="DateTime" nullable="true" />
		<col name="AllDay" type="Bit" nullable="true" />
		<col name="PercentCompletion" type="Int" nullable="true" />
		<col name="OwnerID" type="UniqueIdentifier" nullable="true" />
		<col name="WorkgroupID" type="Int" nullable="true" />
		<col name="IsPrivate" type="Bit" nullable="true" />
		<col name="IsExternal" type="Bit" nullable="true" />
		<col name="Incoming" type="Bit" default="Zero" />
		<col name="Outgoing" type="Bit" default="Zero" />
		<col name="Synchronize" type="Bit" nullable="true" />
		<col name="BaccountID" type="Int" nullable="true" />
		<col name="ContactID" type="Int" nullable="true" />
		<col name="ShowAsID" type="Int" nullable="true" />
		<col name="IsLocked" type="Bit" />
		<col name="DeletedDatabaseRecord" type="Bit" default="Zero" />
		<col name="CreatedByID" type="UniqueIdentifier" />
		<col name="CreatedByScreenID" type="Char(8)" />
		<col name="CreatedDateTime" type="DateTime" />
		<col name="LastModifiedByID" type="UniqueIdentifier" />
		<col name="LastModifiedByScreenID" type="Char(8)" />
		<col name="LastModifiedDateTime" type="DateTime" />
		<col name="tstamp" type="Timestamp" />
	</table>
	<rows>
		<row NoteID="5ca58547-8a16-e511-aff2-00155d017e09" RefNoteID="65669236-8a16-e511-aff2-00155d017e09" ClassID="4" Subject="Welcome to the F300 system" Priority="1" UIStatus="OP" StartDate="2015-06-19 13:51:00" EndDate="2015-06-19 13:51:00" AllDay="0" PercentCompletion="0" IsPrivate="0" Incoming="0" Outgoing="1" Synchronize="1" IsLocked="0" DeletedDatabaseRecord="0" CreatedByID="b5344897-037e-4d58-b5c3-1bdfd0f47bf9" CreatedByScreenID="SM201010" CreatedDateTime="2015-06-19 13:51:28.623" LastModifiedByID="b5344897-037e-4d58-b5c3-1bdfd0f47bf9" LastModifiedByScreenID="SM201010" LastModifiedDateTime="2015-06-19 13:51:28.623" />
		<row NoteID="a3c02134-390f-e511-8877-60a44caf73d6" RefNoteID="41abbb23-390f-e511-8877-60a44caf73d6" ClassID="4" Subject="Welcome to the Company system" Priority="1" UIStatus="OP" StartDate="2015-06-10 06:23:00" EndDate="2015-06-10 06:23:00" AllDay="0" PercentCompletion="0" IsPrivate="0" Incoming="0" Outgoing="1" Synchronize="1" IsLocked="0" DeletedDatabaseRecord="0" CreatedByID="b5344897-037e-4d58-b5c3-1bdfd0f47bf9" CreatedByScreenID="SM201010" CreatedDateTime="2015-06-10 06:23:28.023" LastModifiedByID="b5344897-037e-4d58-b5c3-1bdfd0f47bf9" LastModifiedByScreenID="SM201010" LastModifiedDateTime="2015-06-10 06:23:28.023" />
	</rows>
</data>