﻿<?xml version="1.0" encoding="utf-8"?>
<data>
	<table name="CurrencyInfo">
		<col name="CompanyID" type="Int" default="Zero" />
		<col name="CuryInfoID" type="BigInt" identity="true" />
		<col name="CuryID" type="NVarChar(5)" nullable="true" />
		<col name="CuryRateTypeID" type="NVarChar(6)" nullable="true" />
		<col name="CuryEffDate" type="SmallDateTime" nullable="true" />
		<col name="CuryMultDiv" type="Char(1)" nullable="true" />
		<col name="CuryRate" type="Decimal(19,8)" nullable="true" />
		<col name="BaseCuryID" type="NVarChar(5)" nullable="true" />
		<col name="RecipRate" type="Decimal(19,8)" nullable="true" />
		<col name="BaseCalc" type="Bit" />
		<col name="tstamp" type="Timestamp" />
	</table>
	<rows>
		<row CuryInfoID="33" CuryID="USD" CuryEffDate="2013-12-05 00:00:00" CuryMultDiv="M" CuryRate="1.00000000" BaseCuryID="USD" RecipRate="1.00000000" BaseCalc="1" />
		<row CuryInfoID="34" CuryID="USD" CuryEffDate="2013-12-05 00:00:00" CuryMultDiv="M" CuryRate="1.00000000" BaseCuryID="USD" RecipRate="1.00000000" BaseCalc="1" />
		<row CuryInfoID="35" CuryID="USD" CuryEffDate="2013-12-05 00:00:00" CuryMultDiv="M" CuryRate="1.00000000" BaseCuryID="USD" RecipRate="1.00000000" BaseCalc="1" />
		<row CuryInfoID="36" CuryID="USD" CuryEffDate="2013-12-05 00:00:00" CuryMultDiv="M" CuryRate="1.00000000" BaseCuryID="USD" RecipRate="1.00000000" BaseCalc="1" />
		<row CuryInfoID="37" CuryID="USD" CuryEffDate="2013-12-05 00:00:00" CuryMultDiv="M" CuryRate="1.00000000" BaseCuryID="USD" RecipRate="1.00000000" BaseCalc="1" />
		<row CuryInfoID="38" CuryID="USD" CuryEffDate="2013-12-05 00:00:00" CuryMultDiv="M" CuryRate="1.00000000" BaseCuryID="USD" RecipRate="1.00000000" BaseCalc="1" />
		<row CuryInfoID="39" CuryID="USD" CuryEffDate="2013-12-05 00:00:00" CuryMultDiv="M" CuryRate="1.00000000" BaseCuryID="USD" RecipRate="1.00000000" BaseCalc="1" />
		<row CuryInfoID="40" CuryID="USD" CuryEffDate="2013-12-31 00:00:00" CuryMultDiv="M" CuryRate="1.00000000" BaseCuryID="USD" RecipRate="1.00000000" BaseCalc="1" />
		<row CuryInfoID="41" CuryID="USD" CuryEffDate="2013-12-31 00:00:00" CuryMultDiv="M" CuryRate="1.00000000" BaseCuryID="USD" RecipRate="1.00000000" BaseCalc="1" />
		<row CuryInfoID="42" CuryID="USD" CuryEffDate="2013-12-25 00:00:00" CuryMultDiv="M" CuryRate="1.00000000" BaseCuryID="USD" RecipRate="1.00000000" BaseCalc="1" />
		<row CuryInfoID="43" CuryID="USD" CuryEffDate="2013-12-25 00:00:00" CuryMultDiv="M" CuryRate="1.00000000" BaseCuryID="USD" RecipRate="1.00000000" BaseCalc="1" />
		<row CuryInfoID="44" CuryID="USD" CuryEffDate="2013-12-29 00:00:00" CuryMultDiv="M" CuryRate="1.00000000" BaseCuryID="USD" RecipRate="1.00000000" BaseCalc="1" />
		<row CuryInfoID="45" CuryID="USD" CuryEffDate="2014-01-01 00:00:00" CuryMultDiv="M" CuryRate="1.00000000" BaseCuryID="USD" RecipRate="1.00000000" BaseCalc="1" />
		<row CuryInfoID="46" CuryID="USD" CuryEffDate="2014-01-01 00:00:00" CuryMultDiv="M" CuryRate="1.00000000" BaseCuryID="USD" RecipRate="1.00000000" BaseCalc="1" />
		<row CuryInfoID="47" CuryID="USD" CuryEffDate="2014-01-01 00:00:00" CuryMultDiv="M" CuryRate="1.00000000" BaseCuryID="USD" RecipRate="1.00000000" BaseCalc="1" />
		<row CuryInfoID="48" CuryID="USD" CuryEffDate="2014-01-01 00:00:00" CuryMultDiv="M" CuryRate="1.00000000" BaseCuryID="USD" RecipRate="1.00000000" BaseCalc="0" />
		<row CuryInfoID="51" CuryID="USD" CuryEffDate="2014-01-31 00:00:00" CuryMultDiv="M" CuryRate="1.00000000" BaseCuryID="USD" RecipRate="1.00000000" BaseCalc="1" />
		<row CuryInfoID="52" CuryID="USD" CuryEffDate="2014-01-31 00:00:00" CuryMultDiv="M" CuryRate="1.00000000" BaseCuryID="USD" RecipRate="1.00000000" BaseCalc="1" />
		<row CuryInfoID="53" CuryID="USD" CuryEffDate="2014-01-31 00:00:00" CuryMultDiv="M" CuryRate="1.00000000" BaseCuryID="USD" RecipRate="1.00000000" BaseCalc="1" />
		<row CuryInfoID="54" CuryID="USD" CuryEffDate="2014-01-31 00:00:00" CuryMultDiv="M" CuryRate="1.00000000" BaseCuryID="USD" RecipRate="1.00000000" BaseCalc="1" />
		<row CuryInfoID="75" CuryID="USD" CuryEffDate="2014-01-01 00:00:00" CuryMultDiv="M" CuryRate="1.00000000" BaseCuryID="USD" RecipRate="1.00000000" BaseCalc="1" />
		<row CuryInfoID="76" CuryID="USD" CuryEffDate="2014-01-01 00:00:00" CuryMultDiv="M" CuryRate="1.00000000" BaseCuryID="USD" RecipRate="1.00000000" BaseCalc="1" />
		<row CuryInfoID="77" CuryID="USD" CuryEffDate="2014-01-01 00:00:00" CuryMultDiv="M" CuryRate="1.00000000" BaseCuryID="USD" RecipRate="1.00000000" BaseCalc="1" />
		<row CuryInfoID="78" CuryID="USD" CuryEffDate="2014-01-01 00:00:00" CuryMultDiv="M" CuryRate="1.00000000" BaseCuryID="USD" RecipRate="1.00000000" BaseCalc="1" />
		<row CuryInfoID="79" CuryID="USD" CuryEffDate="2014-01-01 00:00:00" CuryMultDiv="M" CuryRate="1.00000000" BaseCuryID="USD" RecipRate="1.00000000" BaseCalc="1" />
		<row CuryInfoID="83" CuryID="USD" CuryEffDate="2014-01-31 00:00:00" CuryMultDiv="M" CuryRate="1.00000000" BaseCuryID="USD" RecipRate="1.00000000" BaseCalc="1" />
		<row CuryInfoID="84" CuryID="USD" CuryEffDate="2014-01-31 00:00:00" CuryMultDiv="M" CuryRate="1.00000000" BaseCuryID="USD" RecipRate="1.00000000" BaseCalc="1" />
		<row CuryInfoID="85" CuryID="USD" CuryEffDate="2014-01-31 00:00:00" CuryMultDiv="M" CuryRate="1.00000000" BaseCuryID="USD" RecipRate="1.00000000" BaseCalc="1" />
		<row CuryInfoID="86" CuryID="USD" CuryEffDate="2014-01-31 00:00:00" CuryMultDiv="M" CuryRate="1.00000000" BaseCuryID="USD" RecipRate="1.00000000" BaseCalc="1" />
		<row CuryInfoID="87" CuryID="USD" CuryEffDate="2014-01-31 00:00:00" CuryMultDiv="M" CuryRate="1.00000000" BaseCuryID="USD" RecipRate="1.00000000" BaseCalc="1" />
		<row CuryInfoID="88" CuryID="USD" CuryEffDate="2014-01-31 00:00:00" CuryMultDiv="M" CuryRate="1.00000000" BaseCuryID="USD" RecipRate="1.00000000" BaseCalc="1" />
		<row CuryInfoID="89" CuryID="USD" CuryEffDate="2014-01-01 00:00:00" CuryMultDiv="M" CuryRate="1.00000000" BaseCuryID="USD" RecipRate="1.00000000" BaseCalc="1" />
		<row CuryInfoID="100" CuryID="USD" CuryEffDate="2014-02-01 00:00:00" CuryMultDiv="M" CuryRate="1.00000000" BaseCuryID="USD" RecipRate="1.00000000" BaseCalc="1" />
		<row CuryInfoID="101" CuryID="USD" CuryEffDate="2014-02-01 00:00:00" CuryMultDiv="M" CuryRate="1.00000000" BaseCuryID="USD" RecipRate="1.00000000" BaseCalc="1" />
		<row CuryInfoID="102" CuryID="USD" CuryEffDate="2014-02-01 00:00:00" CuryMultDiv="M" CuryRate="1.00000000" BaseCuryID="USD" RecipRate="1.00000000" BaseCalc="1" />
		<row CuryInfoID="103" CuryID="USD" CuryEffDate="2014-02-01 00:00:00" CuryMultDiv="M" CuryRate="1.00000000" BaseCuryID="USD" RecipRate="1.00000000" BaseCalc="0" />
		<row CuryInfoID="104" CuryID="USD" CuryEffDate="2014-02-01 00:00:00" CuryMultDiv="M" CuryRate="1.00000000" BaseCuryID="USD" RecipRate="1.00000000" BaseCalc="1" />
		<row CuryInfoID="105" CuryID="USD" CuryEffDate="2014-02-02 00:00:00" CuryMultDiv="M" CuryRate="1.00000000" BaseCuryID="USD" RecipRate="1.00000000" BaseCalc="1" />
		<row CuryInfoID="106" CuryID="USD" CuryEffDate="2014-02-25 00:00:00" CuryMultDiv="M" CuryRate="1.00000000" BaseCuryID="USD" RecipRate="1.00000000" BaseCalc="1" />
		<row CuryInfoID="107" CuryID="USD" CuryEffDate="2014-02-15 00:00:00" CuryMultDiv="M" CuryRate="1.00000000" BaseCuryID="USD" RecipRate="1.00000000" BaseCalc="1" />
		<row CuryInfoID="108" CuryID="USD" CuryEffDate="2014-02-01 00:00:00" CuryMultDiv="M" CuryRate="1.00000000" BaseCuryID="USD" RecipRate="1.00000000" BaseCalc="1" />
		<row CuryInfoID="109" CuryID="USD" CuryEffDate="2014-02-02 00:00:00" CuryMultDiv="M" CuryRate="1.00000000" BaseCuryID="USD" RecipRate="1.00000000" BaseCalc="1" />
		<row CuryInfoID="110" CuryID="USD" CuryEffDate="2014-02-25 00:00:00" CuryMultDiv="M" CuryRate="1.00000000" BaseCuryID="USD" RecipRate="1.00000000" BaseCalc="1" />
		<row CuryInfoID="111" CuryID="USD" CuryEffDate="2014-02-15 00:00:00" CuryMultDiv="M" CuryRate="1.00000000" BaseCuryID="USD" RecipRate="1.00000000" BaseCalc="1" />
		<row CuryInfoID="112" CuryID="USD" CuryEffDate="2014-02-08 00:00:00" CuryMultDiv="M" CuryRate="1.00000000" BaseCuryID="USD" RecipRate="1.00000000" BaseCalc="1" />
		<row CuryInfoID="113" CuryID="USD" CuryEffDate="2014-02-08 00:00:00" CuryMultDiv="M" CuryRate="1.00000000" BaseCuryID="USD" RecipRate="1.00000000" BaseCalc="1" />
		<row CuryInfoID="114" CuryID="USD" CuryEffDate="2014-02-08 00:00:00" CuryMultDiv="M" CuryRate="1.00000000" BaseCuryID="USD" RecipRate="1.00000000" BaseCalc="1" />
		<row CuryInfoID="115" CuryID="USD" CuryEffDate="2014-03-01 00:00:00" CuryMultDiv="M" CuryRate="1.00000000" BaseCuryID="USD" RecipRate="1.00000000" BaseCalc="1" />
		<row CuryInfoID="116" CuryID="USD" CuryEffDate="2014-03-01 00:00:00" CuryMultDiv="M" CuryRate="1.00000000" BaseCuryID="USD" RecipRate="1.00000000" BaseCalc="1" />
		<row CuryInfoID="117" CuryID="USD" CuryEffDate="2014-03-01 00:00:00" CuryMultDiv="M" CuryRate="1.00000000" BaseCuryID="USD" RecipRate="1.00000000" BaseCalc="1" />
		<row CuryInfoID="118" CuryID="USD" CuryEffDate="2014-03-01 00:00:00" CuryMultDiv="M" CuryRate="1.00000000" BaseCuryID="USD" RecipRate="1.00000000" BaseCalc="1" />
		<row CuryInfoID="119" CuryID="USD" CuryEffDate="2014-03-01 00:00:00" CuryMultDiv="M" CuryRate="1.00000000" BaseCuryID="USD" RecipRate="1.00000000" BaseCalc="1" />
		<row CuryInfoID="120" CuryID="USD" CuryEffDate="2014-03-01 00:00:00" CuryMultDiv="M" CuryRate="1.00000000" BaseCuryID="USD" RecipRate="1.00000000" BaseCalc="1" />
		<row CuryInfoID="132" CuryID="USD" CuryEffDate="2014-03-02 00:00:00" CuryMultDiv="M" CuryRate="1.00000000" BaseCuryID="USD" RecipRate="1.00000000" BaseCalc="1" />
		<row CuryInfoID="133" CuryID="USD" CuryEffDate="2014-03-02 00:00:00" CuryMultDiv="M" CuryRate="1.00000000" BaseCuryID="USD" RecipRate="1.00000000" BaseCalc="1" />
		<row CuryInfoID="134" CuryID="USD" CuryEffDate="2014-03-02 00:00:00" CuryMultDiv="M" CuryRate="1.00000000" BaseCuryID="USD" RecipRate="1.00000000" BaseCalc="1" />
		<row CuryInfoID="135" CuryID="USD" CuryEffDate="2014-03-02 00:00:00" CuryMultDiv="M" CuryRate="1.00000000" BaseCuryID="USD" RecipRate="1.00000000" BaseCalc="1" />
		<row CuryInfoID="136" CuryID="USD" CuryEffDate="2014-03-02 00:00:00" CuryMultDiv="M" CuryRate="1.00000000" BaseCuryID="USD" RecipRate="1.00000000" BaseCalc="1" />
		<row CuryInfoID="137" CuryID="USD" CuryEffDate="2014-03-02 00:00:00" CuryMultDiv="M" CuryRate="1.00000000" BaseCuryID="USD" RecipRate="1.00000000" BaseCalc="1" />
		<row CuryInfoID="138" CuryID="USD" CuryEffDate="2014-03-02 00:00:00" CuryMultDiv="M" CuryRate="1.00000000" BaseCuryID="USD" RecipRate="1.00000000" BaseCalc="1" />
		<row CuryInfoID="139" CuryID="USD" CuryEffDate="2014-03-02 00:00:00" CuryMultDiv="M" CuryRate="1.00000000" BaseCuryID="USD" RecipRate="1.00000000" BaseCalc="1" />
		<row CuryInfoID="140" CuryID="USD" CuryEffDate="2014-03-02 00:00:00" CuryMultDiv="M" CuryRate="1.00000000" BaseCuryID="USD" RecipRate="1.00000000" BaseCalc="1" />
		<row CuryInfoID="10138" CuryID="USD" CuryEffDate="2014-02-15 00:00:00" CuryMultDiv="M" CuryRate="1.00000000" BaseCuryID="USD" RecipRate="1.00000000" BaseCalc="1" />
		<row CuryInfoID="10139" CuryID="USD" CuryEffDate="2014-02-15 00:00:00" CuryMultDiv="M" CuryRate="1.00000000" BaseCuryID="USD" RecipRate="1.00000000" BaseCalc="1" />
		<row CuryInfoID="10140" CuryID="USD" CuryEffDate="2014-02-15 00:00:00" CuryMultDiv="M" CuryRate="1.00000000" BaseCuryID="USD" RecipRate="1.00000000" BaseCalc="1" />
		<row CuryInfoID="10141" CuryID="USD" CuryEffDate="2014-02-15 00:00:00" CuryMultDiv="M" CuryRate="1.00000000" BaseCuryID="USD" RecipRate="1.00000000" BaseCalc="1" />
		<row CuryInfoID="10142" CuryID="USD" CuryEffDate="2014-03-02 00:00:00" CuryMultDiv="M" CuryRate="1.00000000" BaseCuryID="USD" RecipRate="1.00000000" BaseCalc="1" />
		<row CuryInfoID="10143" CuryID="USD" CuryEffDate="2014-03-02 00:00:00" CuryMultDiv="M" CuryRate="1.00000000" BaseCuryID="USD" RecipRate="1.00000000" BaseCalc="1" />
		<row CuryInfoID="10144" CuryID="USD" CuryEffDate="2014-03-02 00:00:00" CuryMultDiv="M" CuryRate="1.00000000" BaseCuryID="USD" RecipRate="1.00000000" BaseCalc="1" />
		<row CuryInfoID="10145" CuryID="USD" CuryEffDate="2014-03-02 00:00:00" CuryMultDiv="M" CuryRate="1.00000000" BaseCuryID="USD" RecipRate="1.00000000" BaseCalc="1" />
		<row CuryInfoID="10146" CuryID="USD" CuryEffDate="2014-03-02 00:00:00" CuryMultDiv="M" CuryRate="1.00000000" BaseCuryID="USD" RecipRate="1.00000000" BaseCalc="1" />
		<row CuryInfoID="10147" CuryID="USD" CuryEffDate="2014-03-02 00:00:00" CuryMultDiv="M" CuryRate="1.00000000" BaseCuryID="USD" RecipRate="1.00000000" BaseCalc="1" />
		<row CuryInfoID="10148" CuryID="USD" CuryEffDate="2014-03-02 00:00:00" CuryMultDiv="M" CuryRate="1.00000000" BaseCuryID="USD" RecipRate="1.00000000" BaseCalc="1" />
		<row CuryInfoID="10149" CuryID="USD" CuryEffDate="2014-03-02 00:00:00" CuryMultDiv="M" CuryRate="1.00000000" BaseCuryID="USD" RecipRate="1.00000000" BaseCalc="1" />
		<row CuryInfoID="10150" CuryID="USD" CuryEffDate="2014-03-02 00:00:00" CuryMultDiv="M" CuryRate="1.00000000" BaseCuryID="USD" RecipRate="1.00000000" BaseCalc="1" />
		<row CuryInfoID="10151" CuryID="USD" CuryEffDate="2014-03-05 00:00:00" CuryMultDiv="M" CuryRate="1.00000000" BaseCuryID="USD" RecipRate="1.00000000" BaseCalc="1" />
		<row CuryInfoID="10152" CuryID="USD" CuryEffDate="2014-03-05 00:00:00" CuryMultDiv="M" CuryRate="1.00000000" BaseCuryID="USD" RecipRate="1.00000000" BaseCalc="1" />
		<row CuryInfoID="10153" CuryID="USD" CuryEffDate="2014-03-05 00:00:00" CuryMultDiv="M" CuryRate="1.00000000" BaseCuryID="USD" RecipRate="1.00000000" BaseCalc="1" />
		<row CuryInfoID="10154" CuryID="USD" CuryEffDate="2014-03-05 00:00:00" CuryMultDiv="M" CuryRate="1.00000000" BaseCuryID="USD" RecipRate="1.00000000" BaseCalc="1" />
		<row CuryInfoID="10157" CuryID="USD" CuryEffDate="2014-03-06 00:00:00" CuryMultDiv="M" CuryRate="1.00000000" BaseCuryID="USD" RecipRate="1.00000000" BaseCalc="1" />
		<row CuryInfoID="10160" CuryID="USD" CuryEffDate="2014-03-06 00:00:00" CuryMultDiv="M" CuryRate="1.00000000" BaseCuryID="USD" RecipRate="1.00000000" BaseCalc="1" />
		<row CuryInfoID="10161" CuryID="USD" CuryEffDate="2014-03-06 00:00:00" CuryMultDiv="M" CuryRate="1.00000000" BaseCuryID="USD" RecipRate="1.00000000" BaseCalc="1" />
		<row CuryInfoID="10162" CuryID="USD" CuryEffDate="2014-03-07 00:00:00" CuryMultDiv="M" CuryRate="1.00000000" BaseCuryID="USD" RecipRate="1.00000000" BaseCalc="1" />
		<row CuryInfoID="10163" CuryID="USD" CuryEffDate="2014-03-08 00:00:00" CuryMultDiv="M" CuryRate="1.00000000" BaseCuryID="USD" RecipRate="1.00000000" BaseCalc="1" />
		<row CuryInfoID="10164" CuryID="USD" CuryEffDate="2014-03-08 00:00:00" CuryMultDiv="M" CuryRate="1.00000000" BaseCuryID="USD" RecipRate="1.00000000" BaseCalc="1" />
		<row CuryInfoID="10165" CuryID="USD" CuryEffDate="2014-03-06 00:00:00" CuryMultDiv="M" CuryRate="1.00000000" BaseCuryID="USD" RecipRate="1.00000000" BaseCalc="1" />
		<row CuryInfoID="10166" CuryID="USD" CuryEffDate="2014-03-06 00:00:00" CuryMultDiv="M" CuryRate="1.00000000" BaseCuryID="USD" RecipRate="1.00000000" BaseCalc="1" />
		<row CuryInfoID="10167" CuryID="USD" CuryEffDate="2014-03-06 00:00:00" CuryMultDiv="M" CuryRate="1.00000000" BaseCuryID="USD" RecipRate="1.00000000" BaseCalc="1" />
		<row CuryInfoID="10168" CuryID="USD" CuryEffDate="2014-03-08 00:00:00" CuryMultDiv="M" CuryRate="1.00000000" BaseCuryID="USD" RecipRate="1.00000000" BaseCalc="1" />
		<row CuryInfoID="10169" CuryID="USD" CuryEffDate="2014-03-08 00:00:00" CuryMultDiv="M" CuryRate="1.00000000" BaseCuryID="USD" RecipRate="1.00000000" BaseCalc="1" />
		<row CuryInfoID="10170" CuryID="USD" CuryEffDate="2014-03-08 00:00:00" CuryMultDiv="M" CuryRate="1.00000000" BaseCuryID="USD" RecipRate="1.00000000" BaseCalc="1" />
		<row CuryInfoID="10171" CuryID="USD" CuryEffDate="2014-03-08 00:00:00" CuryMultDiv="M" CuryRate="1.00000000" BaseCuryID="USD" RecipRate="1.00000000" BaseCalc="1" />
		<row CuryInfoID="10172" CuryID="USD" CuryEffDate="2014-03-08 00:00:00" CuryMultDiv="M" CuryRate="1.00000000" BaseCuryID="USD" RecipRate="1.00000000" BaseCalc="1" />
		<row CuryInfoID="10173" CuryID="USD" CuryEffDate="2014-03-08 00:00:00" CuryMultDiv="M" CuryRate="1.00000000" BaseCuryID="USD" RecipRate="1.00000000" BaseCalc="1" />
		<row CuryInfoID="10174" CuryID="USD" CuryEffDate="2014-03-10 00:00:00" CuryMultDiv="M" CuryRate="1.00000000" BaseCuryID="USD" RecipRate="1.00000000" BaseCalc="1" />
		<row CuryInfoID="10175" CuryID="USD" CuryEffDate="2014-03-10 00:00:00" CuryMultDiv="M" CuryRate="1.00000000" BaseCuryID="USD" RecipRate="1.00000000" BaseCalc="1" />
		<row CuryInfoID="10176" CuryID="USD" CuryEffDate="2014-03-10 00:00:00" CuryMultDiv="M" CuryRate="1.00000000" BaseCuryID="USD" RecipRate="1.00000000" BaseCalc="1" />
		<row CuryInfoID="20201" CuryID="USD" CuryEffDate="2014-02-01 00:00:00" CuryMultDiv="M" CuryRate="1.00000000" BaseCuryID="USD" RecipRate="1.00000000" BaseCalc="1" />
		<row CuryInfoID="20202" CuryID="USD" CuryEffDate="2014-02-01 00:00:00" CuryMultDiv="M" CuryRate="1.00000000" BaseCuryID="USD" RecipRate="1.00000000" BaseCalc="1" />
		<row CuryInfoID="20203" CuryID="USD" CuryEffDate="2014-02-01 00:00:00" CuryMultDiv="M" CuryRate="1.00000000" BaseCuryID="USD" RecipRate="1.00000000" BaseCalc="1" />
		<row CuryInfoID="20204" CuryID="USD" CuryEffDate="2014-02-25 00:00:00" CuryMultDiv="M" CuryRate="1.00000000" BaseCuryID="USD" RecipRate="1.00000000" BaseCalc="1" />
		<row CuryInfoID="20205" CuryID="USD" CuryEffDate="2014-02-01 00:00:00" CuryMultDiv="M" CuryRate="1.00000000" BaseCuryID="USD" RecipRate="1.00000000" BaseCalc="0" />
		<row CuryInfoID="20209" CuryID="USD" CuryEffDate="2014-02-28 00:00:00" CuryMultDiv="M" CuryRate="1.00000000" BaseCuryID="USD" RecipRate="1.00000000" BaseCalc="1" />
		<row CuryInfoID="20210" CuryID="USD" CuryEffDate="2014-02-28 00:00:00" CuryMultDiv="M" CuryRate="1.00000000" BaseCuryID="USD" RecipRate="1.00000000" BaseCalc="1" />
		<row CuryInfoID="20211" CuryID="USD" CuryEffDate="2014-02-28 00:00:00" CuryMultDiv="M" CuryRate="1.00000000" BaseCuryID="USD" RecipRate="1.00000000" BaseCalc="1" />
		<row CuryInfoID="20212" CuryID="USD" CuryEffDate="2014-02-28 00:00:00" CuryMultDiv="M" CuryRate="1.00000000" BaseCuryID="USD" RecipRate="1.00000000" BaseCalc="1" />
		<row CuryInfoID="20213" CuryID="USD" CuryEffDate="2014-02-28 00:00:00" CuryMultDiv="M" CuryRate="1.00000000" BaseCuryID="USD" RecipRate="1.00000000" BaseCalc="1" />
		<row CuryInfoID="20214" CuryID="USD" CuryEffDate="2014-02-01 00:00:00" CuryMultDiv="M" CuryRate="1.00000000" BaseCuryID="USD" RecipRate="1.00000000" BaseCalc="0" />
		<row CuryInfoID="20215" CuryID="USD" CuryEffDate="2014-02-25 00:00:00" CuryMultDiv="M" CuryRate="1.00000000" BaseCuryID="USD" RecipRate="1.00000000" BaseCalc="0" />
		<row CuryInfoID="20216" CuryID="USD" CuryEffDate="2014-03-04 00:00:00" CuryMultDiv="M" CuryRate="1.00000000" BaseCuryID="USD" RecipRate="1.00000000" BaseCalc="1" />
		<row CuryInfoID="20217" CuryID="USD" CuryEffDate="2014-03-04 00:00:00" CuryMultDiv="M" CuryRate="1.00000000" BaseCuryID="USD" RecipRate="1.00000000" BaseCalc="1" />
		<row CuryInfoID="20218" CuryID="USD" CuryEffDate="2014-03-04 00:00:00" CuryMultDiv="M" CuryRate="1.00000000" BaseCuryID="USD" RecipRate="1.00000000" BaseCalc="1" />
		<row CuryInfoID="20219" CuryID="USD" CuryEffDate="2014-03-01 00:00:00" CuryMultDiv="M" CuryRate="1.00000000" BaseCuryID="USD" RecipRate="1.00000000" BaseCalc="1" />
		<row CuryInfoID="20220" CuryID="USD" CuryEffDate="2014-03-01 00:00:00" CuryMultDiv="M" CuryRate="1.00000000" BaseCuryID="USD" RecipRate="1.00000000" BaseCalc="1" />
		<row CuryInfoID="20221" CuryID="USD" CuryEffDate="2014-03-15 00:00:00" CuryMultDiv="M" CuryRate="1.00000000" BaseCuryID="USD" RecipRate="1.00000000" BaseCalc="1" />
		<row CuryInfoID="20222" CuryID="USD" CuryEffDate="2014-03-15 00:00:00" CuryMultDiv="M" CuryRate="1.00000000" BaseCuryID="USD" RecipRate="1.00000000" BaseCalc="0" />
		<row CuryInfoID="20223" CuryID="USD" CuryEffDate="2014-03-01 00:00:00" CuryMultDiv="M" CuryRate="1.00000000" BaseCuryID="USD" RecipRate="1.00000000" BaseCalc="1" />
		<row CuryInfoID="20224" CuryID="USD" CuryEffDate="2014-03-01 00:00:00" CuryMultDiv="M" CuryRate="1.00000000" BaseCuryID="USD" RecipRate="1.00000000" BaseCalc="1" />
		<row CuryInfoID="20225" CuryID="USD" CuryEffDate="2014-03-01 00:00:00" CuryMultDiv="M" CuryRate="1.00000000" BaseCuryID="USD" RecipRate="1.00000000" BaseCalc="1" />
		<row CuryInfoID="20226" CuryID="USD" CuryEffDate="2014-03-01 00:00:00" CuryMultDiv="M" CuryRate="1.00000000" BaseCuryID="USD" RecipRate="1.00000000" BaseCalc="0" />
		<row CuryInfoID="20227" CuryID="USD" CuryEffDate="2014-03-20 00:00:00" CuryMultDiv="M" CuryRate="1.00000000" BaseCuryID="USD" RecipRate="1.00000000" BaseCalc="1" />
		<row CuryInfoID="20228" CuryID="USD" CuryEffDate="2014-03-20 00:00:00" CuryMultDiv="M" CuryRate="1.00000000" BaseCuryID="USD" RecipRate="1.00000000" BaseCalc="1" />
		<row CuryInfoID="20229" CuryID="USD" CuryEffDate="2014-03-20 00:00:00" CuryMultDiv="M" CuryRate="1.00000000" BaseCuryID="USD" RecipRate="1.00000000" BaseCalc="1" />
		<row CuryInfoID="20230" CuryID="USD" CuryEffDate="2014-03-20 00:00:00" CuryMultDiv="M" CuryRate="1.00000000" BaseCuryID="USD" RecipRate="1.00000000" BaseCalc="1" />
		<row CuryInfoID="20231" CuryID="USD" CuryEffDate="2014-03-01 00:00:00" CuryMultDiv="M" CuryRate="1.00000000" BaseCuryID="USD" RecipRate="1.00000000" BaseCalc="1" />
		<row CuryInfoID="20232" CuryID="USD" CuryEffDate="2014-03-01 00:00:00" CuryMultDiv="M" CuryRate="1.00000000" BaseCuryID="USD" RecipRate="1.00000000" BaseCalc="0" />
		<row CuryInfoID="20233" CuryID="USD" CuryEffDate="2014-03-01 00:00:00" CuryMultDiv="M" CuryRate="1.00000000" BaseCuryID="USD" RecipRate="1.00000000" BaseCalc="1" />
		<row CuryInfoID="20234" CuryID="USD" CuryEffDate="2014-03-31 00:00:00" CuryMultDiv="M" CuryRate="1.00000000" BaseCuryID="USD" RecipRate="1.00000000" BaseCalc="1" />
		<row CuryInfoID="20235" CuryID="USD" CuryEffDate="2014-03-31 00:00:00" CuryMultDiv="M" CuryRate="1.00000000" BaseCuryID="USD" RecipRate="1.00000000" BaseCalc="1" />
		<row CuryInfoID="20236" CuryID="USD" CuryEffDate="2014-03-31 00:00:00" CuryMultDiv="M" CuryRate="1.00000000" BaseCuryID="USD" RecipRate="1.00000000" BaseCalc="1" />
		<row CuryInfoID="20237" CuryID="USD" CuryEffDate="2014-03-15 00:00:00" CuryMultDiv="M" CuryRate="1.00000000" BaseCuryID="USD" RecipRate="1.00000000" BaseCalc="1" />
		<row CuryInfoID="20238" CuryID="USD" CuryEffDate="2014-03-15 00:00:00" CuryMultDiv="M" CuryRate="1.00000000" BaseCuryID="USD" RecipRate="1.00000000" BaseCalc="1" />
		<row CuryInfoID="20239" CuryID="USD" CuryEffDate="2014-03-15 00:00:00" CuryMultDiv="M" CuryRate="1.00000000" BaseCuryID="USD" RecipRate="1.00000000" BaseCalc="0" />
		<row CuryInfoID="20240" CuryID="USD" CuryEffDate="2014-03-31 00:00:00" CuryMultDiv="M" CuryRate="1.00000000" BaseCuryID="USD" RecipRate="1.00000000" BaseCalc="1" />
		<row CuryInfoID="20241" CuryID="USD" CuryEffDate="2014-03-31 00:00:00" CuryMultDiv="M" CuryRate="1.00000000" BaseCuryID="USD" RecipRate="1.00000000" BaseCalc="0" />
		<row CuryInfoID="20242" CuryID="USD" CuryEffDate="2014-03-31 00:00:00" CuryMultDiv="M" CuryRate="1.00000000" BaseCuryID="USD" RecipRate="1.00000000" BaseCalc="1" />
		<row CuryInfoID="20243" CuryID="USD" CuryEffDate="2014-03-31 00:00:00" CuryMultDiv="M" CuryRate="1.00000000" BaseCuryID="USD" RecipRate="1.00000000" BaseCalc="1" />
		<row CuryInfoID="20244" CuryID="USD" CuryEffDate="2014-03-31 00:00:00" CuryMultDiv="M" CuryRate="1.00000000" BaseCuryID="USD" RecipRate="1.00000000" BaseCalc="1" />
		<row CuryInfoID="20245" CuryID="USD" CuryEffDate="2014-03-31 00:00:00" CuryMultDiv="M" CuryRate="1.00000000" BaseCuryID="USD" RecipRate="1.00000000" BaseCalc="1" />
		<row CuryInfoID="20246" CuryID="USD" CuryEffDate="2014-03-04 00:00:00" CuryMultDiv="M" CuryRate="1.00000000" BaseCuryID="USD" RecipRate="1.00000000" BaseCalc="1" />
		<row CuryInfoID="20247" CuryID="USD" CuryEffDate="2014-03-04 00:00:00" CuryMultDiv="M" CuryRate="1.00000000" BaseCuryID="USD" RecipRate="1.00000000" BaseCalc="1" />
		<row CuryInfoID="20248" CuryID="USD" CuryEffDate="2014-11-19 00:00:00" CuryMultDiv="M" CuryRate="1.00000000" BaseCuryID="USD" RecipRate="1.00000000" BaseCalc="1" />
		<row CuryInfoID="20249" CuryID="USD" CuryEffDate="2014-03-31 00:00:00" CuryMultDiv="M" CuryRate="1.00000000" BaseCuryID="USD" RecipRate="1.00000000" BaseCalc="1" />
		<row CuryInfoID="20250" CuryID="USD" CuryEffDate="2014-11-19 00:00:00" CuryMultDiv="M" CuryRate="1.00000000" BaseCuryID="USD" RecipRate="1.00000000" BaseCalc="1" />
		<row CuryInfoID="20251" CuryID="USD" CuryEffDate="2014-11-19 00:00:00" CuryMultDiv="M" CuryRate="1.00000000" BaseCuryID="USD" RecipRate="1.00000000" BaseCalc="1" />
		<row CuryInfoID="20252" CuryID="USD" CuryEffDate="2014-11-19 00:00:00" CuryMultDiv="M" CuryRate="1.00000000" BaseCuryID="USD" RecipRate="1.00000000" BaseCalc="1" />
		<row CuryInfoID="20253" CuryID="USD" CuryEffDate="2014-04-10 00:00:00" CuryMultDiv="M" CuryRate="1.00000000" BaseCuryID="USD" RecipRate="1.00000000" BaseCalc="1" />
		<row CuryInfoID="20254" CuryID="USD" CuryEffDate="2014-04-10 00:00:00" CuryMultDiv="M" CuryRate="1.00000000" BaseCuryID="USD" RecipRate="1.00000000" BaseCalc="1" />
		<row CuryInfoID="20255" CuryID="USD" CuryEffDate="2014-04-10 00:00:00" CuryMultDiv="M" CuryRate="1.00000000" BaseCuryID="USD" RecipRate="1.00000000" BaseCalc="1" />
		<row CuryInfoID="657255" CuryID="USD" CuryEffDate="2010-01-01 00:00:00" CuryMultDiv="M" CuryRate="1.00000000" BaseCuryID="USD" RecipRate="1.00000000" BaseCalc="1" />
		<row CuryInfoID="657270" CuryID="USD" CuryEffDate="2010-01-01 00:00:00" CuryMultDiv="M" CuryRate="1.00000000" BaseCuryID="USD" RecipRate="1.00000000" BaseCalc="1" />
		<row CuryInfoID="657285" CuryID="USD" CuryEffDate="2010-01-01 00:00:00" CuryMultDiv="M" CuryRate="1.00000000" BaseCuryID="USD" RecipRate="1.00000000" BaseCalc="1" />
		<row CuryInfoID="657300" CuryID="USD" CuryEffDate="2010-01-01 00:00:00" CuryMultDiv="M" CuryRate="1.00000000" BaseCuryID="USD" RecipRate="1.00000000" BaseCalc="1" />
		<row CuryInfoID="657315" CuryID="USD" CuryEffDate="2010-01-01 00:00:00" CuryMultDiv="M" CuryRate="1.00000000" BaseCuryID="USD" RecipRate="1.00000000" BaseCalc="1" />
		<row CuryInfoID="657330" CuryID="USD" CuryEffDate="2010-01-01 00:00:00" CuryMultDiv="M" CuryRate="1.00000000" BaseCuryID="USD" RecipRate="1.00000000" BaseCalc="1" />
		<row CuryInfoID="657345" CuryID="USD" CuryEffDate="2010-01-01 00:00:00" CuryMultDiv="M" CuryRate="1.00000000" BaseCuryID="USD" RecipRate="1.00000000" BaseCalc="1" />
		<row CuryInfoID="657360" CuryID="USD" CuryEffDate="2010-01-01 00:00:00" CuryMultDiv="M" CuryRate="1.00000000" BaseCuryID="USD" RecipRate="1.00000000" BaseCalc="1" />
		<row CuryInfoID="657375" CuryID="USD" CuryEffDate="2010-01-01 00:00:00" CuryMultDiv="M" CuryRate="1.00000000" BaseCuryID="USD" RecipRate="1.00000000" BaseCalc="1" />
		<row CuryInfoID="657390" CuryID="USD" CuryEffDate="2010-01-01 00:00:00" CuryMultDiv="M" CuryRate="1.00000000" BaseCuryID="USD" RecipRate="1.00000000" BaseCalc="1" />
		<row CuryInfoID="657405" CuryID="USD" CuryEffDate="2010-01-01 00:00:00" CuryMultDiv="M" CuryRate="1.00000000" BaseCuryID="USD" RecipRate="1.00000000" BaseCalc="1" />
		<row CuryInfoID="657420" CuryID="USD" CuryEffDate="2010-01-01 00:00:00" CuryMultDiv="M" CuryRate="1.00000000" BaseCuryID="USD" RecipRate="1.00000000" BaseCalc="1" />
		<row CuryInfoID="657435" CuryID="USD" CuryEffDate="2010-01-01 00:00:00" CuryMultDiv="M" CuryRate="1.00000000" BaseCuryID="USD" RecipRate="1.00000000" BaseCalc="1" />
		<row CuryInfoID="657450" CuryID="USD" CuryEffDate="2010-01-01 00:00:00" CuryMultDiv="M" CuryRate="1.00000000" BaseCuryID="USD" RecipRate="1.00000000" BaseCalc="1" />
		<row CuryInfoID="657465" CuryID="USD" CuryEffDate="2010-01-01 00:00:00" CuryMultDiv="M" CuryRate="1.00000000" BaseCuryID="USD" RecipRate="1.00000000" BaseCalc="1" />
		<row CuryInfoID="657480" CuryID="USD" CuryEffDate="2010-01-01 00:00:00" CuryMultDiv="M" CuryRate="1.00000000" BaseCuryID="USD" RecipRate="1.00000000" BaseCalc="1" />
		<row CuryInfoID="657495" CuryID="USD" CuryEffDate="2010-01-01 00:00:00" CuryMultDiv="M" CuryRate="1.00000000" BaseCuryID="USD" RecipRate="1.00000000" BaseCalc="1" />
		<row CuryInfoID="657510" CuryID="USD" CuryEffDate="2010-01-01 00:00:00" CuryMultDiv="M" CuryRate="1.00000000" BaseCuryID="USD" RecipRate="1.00000000" BaseCalc="1" />
		<row CuryInfoID="657525" CuryID="USD" CuryEffDate="2010-01-01 00:00:00" CuryMultDiv="M" CuryRate="1.00000000" BaseCuryID="USD" RecipRate="1.00000000" BaseCalc="1" />
		<row CuryInfoID="657540" CuryID="USD" CuryEffDate="2010-01-01 00:00:00" CuryMultDiv="M" CuryRate="1.00000000" BaseCuryID="USD" RecipRate="1.00000000" BaseCalc="1" />
		<row CuryInfoID="657555" CuryID="USD" CuryEffDate="2010-01-01 00:00:00" CuryMultDiv="M" CuryRate="1.00000000" BaseCuryID="USD" RecipRate="1.00000000" BaseCalc="1" />
		<row CuryInfoID="657570" CuryID="USD" CuryEffDate="2010-01-01 00:00:00" CuryMultDiv="M" CuryRate="1.00000000" BaseCuryID="USD" RecipRate="1.00000000" BaseCalc="1" />
		<row CuryInfoID="657585" CuryID="USD" CuryEffDate="2010-01-01 00:00:00" CuryMultDiv="M" CuryRate="1.00000000" BaseCuryID="USD" RecipRate="1.00000000" BaseCalc="1" />
		<row CuryInfoID="657600" CuryID="USD" CuryEffDate="2010-01-01 00:00:00" CuryMultDiv="M" CuryRate="1.00000000" BaseCuryID="USD" RecipRate="1.00000000" BaseCalc="1" />
		<row CuryInfoID="657615" CuryID="USD" CuryEffDate="2010-01-01 00:00:00" CuryMultDiv="M" CuryRate="1.00000000" BaseCuryID="USD" RecipRate="1.00000000" BaseCalc="1" />
		<row CuryInfoID="657630" CuryID="USD" CuryEffDate="2010-01-01 00:00:00" CuryMultDiv="M" CuryRate="1.00000000" BaseCuryID="USD" RecipRate="1.00000000" BaseCalc="1" />
		<row CuryInfoID="657645" CuryID="USD" CuryEffDate="2010-01-01 00:00:00" CuryMultDiv="M" CuryRate="1.00000000" BaseCuryID="USD" RecipRate="1.00000000" BaseCalc="1" />
		<row CuryInfoID="657660" CuryID="USD" CuryEffDate="2010-01-01 00:00:00" CuryMultDiv="M" CuryRate="1.00000000" BaseCuryID="USD" RecipRate="1.00000000" BaseCalc="1" />
		<row CuryInfoID="657675" CuryID="USD" CuryEffDate="2010-01-01 00:00:00" CuryMultDiv="M" CuryRate="1.00000000" BaseCuryID="USD" RecipRate="1.00000000" BaseCalc="1" />
		<row CuryInfoID="657690" CuryID="USD" CuryEffDate="2010-01-01 00:00:00" CuryMultDiv="M" CuryRate="1.00000000" BaseCuryID="USD" RecipRate="1.00000000" BaseCalc="1" />
		<row CuryInfoID="657705" CuryID="USD" CuryEffDate="2010-01-01 00:00:00" CuryMultDiv="M" CuryRate="1.00000000" BaseCuryID="USD" RecipRate="1.00000000" BaseCalc="1" />
		<row CuryInfoID="657720" CuryID="USD" CuryEffDate="2010-01-01 00:00:00" CuryMultDiv="M" CuryRate="1.00000000" BaseCuryID="USD" RecipRate="1.00000000" BaseCalc="1" />
		<row CuryInfoID="657735" CuryID="USD" CuryEffDate="2010-01-01 00:00:00" CuryMultDiv="M" CuryRate="1.00000000" BaseCuryID="USD" RecipRate="1.00000000" BaseCalc="1" />
		<row CuryInfoID="657750" CuryID="USD" CuryEffDate="2010-01-01 00:00:00" CuryMultDiv="M" CuryRate="1.00000000" BaseCuryID="USD" RecipRate="1.00000000" BaseCalc="1" />
		<row CuryInfoID="657765" CuryID="USD" CuryEffDate="2010-01-01 00:00:00" CuryMultDiv="M" CuryRate="1.00000000" BaseCuryID="USD" RecipRate="1.00000000" BaseCalc="1" />
		<row CuryInfoID="657780" CuryID="USD" CuryEffDate="2010-01-01 00:00:00" CuryMultDiv="M" CuryRate="1.00000000" BaseCuryID="USD" RecipRate="1.00000000" BaseCalc="1" />
		<row CuryInfoID="657795" CuryID="USD" CuryEffDate="2010-01-01 00:00:00" CuryMultDiv="M" CuryRate="1.00000000" BaseCuryID="USD" RecipRate="1.00000000" BaseCalc="1" />
		<row CuryInfoID="657810" CuryID="USD" CuryEffDate="2010-01-01 00:00:00" CuryMultDiv="M" CuryRate="1.00000000" BaseCuryID="USD" RecipRate="1.00000000" BaseCalc="1" />
		<row CuryInfoID="657825" CuryID="USD" CuryEffDate="2010-01-01 00:00:00" CuryMultDiv="M" CuryRate="1.00000000" BaseCuryID="USD" RecipRate="1.00000000" BaseCalc="1" />
		<row CuryInfoID="657840" CuryID="USD" CuryEffDate="2010-01-01 00:00:00" CuryMultDiv="M" CuryRate="1.00000000" BaseCuryID="USD" RecipRate="1.00000000" BaseCalc="1" />
		<row CuryInfoID="657855" CuryID="USD" CuryEffDate="2010-01-01 00:00:00" CuryMultDiv="M" CuryRate="1.00000000" BaseCuryID="USD" RecipRate="1.00000000" BaseCalc="1" />
		<row CuryInfoID="657870" CuryID="USD" CuryEffDate="2010-01-01 00:00:00" CuryMultDiv="M" CuryRate="1.00000000" BaseCuryID="USD" RecipRate="1.00000000" BaseCalc="1" />
		<row CuryInfoID="657885" CuryID="USD" CuryEffDate="2010-01-01 00:00:00" CuryMultDiv="M" CuryRate="1.00000000" BaseCuryID="USD" RecipRate="1.00000000" BaseCalc="1" />
		<row CuryInfoID="657900" CuryID="USD" CuryEffDate="2010-01-01 00:00:00" CuryMultDiv="M" CuryRate="1.00000000" BaseCuryID="USD" RecipRate="1.00000000" BaseCalc="1" />
		<row CuryInfoID="657915" CuryID="USD" CuryEffDate="2010-01-01 00:00:00" CuryMultDiv="M" CuryRate="1.00000000" BaseCuryID="USD" RecipRate="1.00000000" BaseCalc="1" />
		<row CuryInfoID="657930" CuryID="USD" CuryEffDate="2010-01-01 00:00:00" CuryMultDiv="M" CuryRate="1.00000000" BaseCuryID="USD" RecipRate="1.00000000" BaseCalc="1" />
		<row CuryInfoID="657945" CuryID="USD" CuryEffDate="2010-01-01 00:00:00" CuryMultDiv="M" CuryRate="1.00000000" BaseCuryID="USD" RecipRate="1.00000000" BaseCalc="1" />
		<row CuryInfoID="657960" CuryID="USD" CuryEffDate="2010-01-01 00:00:00" CuryMultDiv="M" CuryRate="1.00000000" BaseCuryID="USD" RecipRate="1.00000000" BaseCalc="1" />
		<row CuryInfoID="657975" CuryID="USD" CuryEffDate="2010-01-01 00:00:00" CuryMultDiv="M" CuryRate="1.00000000" BaseCuryID="USD" RecipRate="1.00000000" BaseCalc="1" />
		<row CuryInfoID="657990" CuryID="USD" CuryEffDate="2010-01-01 00:00:00" CuryMultDiv="M" CuryRate="1.00000000" BaseCuryID="USD" RecipRate="1.00000000" BaseCalc="1" />
		<row CuryInfoID="658005" CuryID="USD" CuryEffDate="2010-01-01 00:00:00" CuryMultDiv="M" CuryRate="1.00000000" BaseCuryID="USD" RecipRate="1.00000000" BaseCalc="1" />
		<row CuryInfoID="658020" CuryID="USD" CuryEffDate="2010-01-01 00:00:00" CuryMultDiv="M" CuryRate="1.00000000" BaseCuryID="USD" RecipRate="1.00000000" BaseCalc="1" />
		<row CuryInfoID="658035" CuryID="USD" CuryEffDate="2010-01-01 00:00:00" CuryMultDiv="M" CuryRate="1.00000000" BaseCuryID="USD" RecipRate="1.00000000" BaseCalc="1" />
		<row CuryInfoID="658050" CuryID="USD" CuryEffDate="2010-01-01 00:00:00" CuryMultDiv="M" CuryRate="1.00000000" BaseCuryID="USD" RecipRate="1.00000000" BaseCalc="1" />
		<row CuryInfoID="658065" CuryID="USD" CuryEffDate="2010-01-01 00:00:00" CuryMultDiv="M" CuryRate="1.00000000" BaseCuryID="USD" RecipRate="1.00000000" BaseCalc="1" />
		<row CuryInfoID="658080" CuryID="USD" CuryEffDate="2010-01-01 00:00:00" CuryMultDiv="M" CuryRate="1.00000000" BaseCuryID="USD" RecipRate="1.00000000" BaseCalc="1" />
		<row CuryInfoID="658095" CuryID="USD" CuryEffDate="2010-01-01 00:00:00" CuryMultDiv="M" CuryRate="1.00000000" BaseCuryID="USD" RecipRate="1.00000000" BaseCalc="1" />
		<row CuryInfoID="658110" CuryID="USD" CuryEffDate="2010-01-01 00:00:00" CuryMultDiv="M" CuryRate="1.00000000" BaseCuryID="USD" RecipRate="1.00000000" BaseCalc="1" />
		<row CuryInfoID="658125" CuryID="USD" CuryEffDate="2010-01-01 00:00:00" CuryMultDiv="M" CuryRate="1.00000000" BaseCuryID="USD" RecipRate="1.00000000" BaseCalc="1" />
		<row CuryInfoID="658140" CuryID="USD" CuryEffDate="2010-01-01 00:00:00" CuryMultDiv="M" CuryRate="1.00000000" BaseCuryID="USD" RecipRate="1.00000000" BaseCalc="1" />
		<row CuryInfoID="658155" CuryID="USD" CuryEffDate="2010-01-01 00:00:00" CuryMultDiv="M" CuryRate="1.00000000" BaseCuryID="USD" RecipRate="1.00000000" BaseCalc="1" />
		<row CuryInfoID="658170" CuryID="USD" CuryEffDate="2010-01-01 00:00:00" CuryMultDiv="M" CuryRate="1.00000000" BaseCuryID="USD" RecipRate="1.00000000" BaseCalc="1" />
		<row CuryInfoID="658185" CuryID="USD" CuryEffDate="2010-01-01 00:00:00" CuryMultDiv="M" CuryRate="1.00000000" BaseCuryID="USD" RecipRate="1.00000000" BaseCalc="1" />
		<row CuryInfoID="658200" CuryID="USD" CuryEffDate="2010-01-01 00:00:00" CuryMultDiv="M" CuryRate="1.00000000" BaseCuryID="USD" RecipRate="1.00000000" BaseCalc="1" />
		<row CuryInfoID="658215" CuryID="USD" CuryEffDate="2010-01-01 00:00:00" CuryMultDiv="M" CuryRate="1.00000000" BaseCuryID="USD" RecipRate="1.00000000" BaseCalc="1" />
		<row CuryInfoID="658230" CuryID="USD" CuryEffDate="2010-01-01 00:00:00" CuryMultDiv="M" CuryRate="1.00000000" BaseCuryID="USD" RecipRate="1.00000000" BaseCalc="1" />
		<row CuryInfoID="658245" CuryID="USD" CuryEffDate="2010-01-01 00:00:00" CuryMultDiv="M" CuryRate="1.00000000" BaseCuryID="USD" RecipRate="1.00000000" BaseCalc="1" />
		<row CuryInfoID="658260" CuryID="USD" CuryEffDate="2010-01-01 00:00:00" CuryMultDiv="M" CuryRate="1.00000000" BaseCuryID="USD" RecipRate="1.00000000" BaseCalc="1" />
		<row CuryInfoID="658275" CuryID="USD" CuryEffDate="2010-01-01 00:00:00" CuryMultDiv="M" CuryRate="1.00000000" BaseCuryID="USD" RecipRate="1.00000000" BaseCalc="1" />
		<row CuryInfoID="658290" CuryID="USD" CuryEffDate="2010-01-01 00:00:00" CuryMultDiv="M" CuryRate="1.00000000" BaseCuryID="USD" RecipRate="1.00000000" BaseCalc="1" />
		<row CuryInfoID="658305" CuryID="USD" CuryEffDate="2010-01-01 00:00:00" CuryMultDiv="M" CuryRate="1.00000000" BaseCuryID="USD" RecipRate="1.00000000" BaseCalc="1" />
		<row CuryInfoID="658320" CuryID="USD" CuryEffDate="2010-01-01 00:00:00" CuryMultDiv="M" CuryRate="1.00000000" BaseCuryID="USD" RecipRate="1.00000000" BaseCalc="1" />
		<row CuryInfoID="658335" CuryID="USD" CuryEffDate="2010-01-01 00:00:00" CuryMultDiv="M" CuryRate="1.00000000" BaseCuryID="USD" RecipRate="1.00000000" BaseCalc="1" />
		<row CuryInfoID="661264" CuryID="USD" CuryEffDate="2010-01-01 00:00:00" CuryMultDiv="M" CuryRate="1.00000000" BaseCuryID="USD" RecipRate="1.00000000" BaseCalc="1" />
		<row CuryInfoID="661279" CuryID="USD" CuryEffDate="2010-01-01 00:00:00" CuryMultDiv="M" CuryRate="1.00000000" BaseCuryID="USD" RecipRate="1.00000000" BaseCalc="1" />
		<row CuryInfoID="661294" CuryID="USD" CuryEffDate="2010-01-01 00:00:00" CuryMultDiv="M" CuryRate="1.00000000" BaseCuryID="USD" RecipRate="1.00000000" BaseCalc="1" />
		<row CuryInfoID="661309" CuryID="USD" CuryEffDate="2010-01-01 00:00:00" CuryMultDiv="M" CuryRate="1.00000000" BaseCuryID="USD" RecipRate="1.00000000" BaseCalc="1" />
		<row CuryInfoID="661324" CuryID="USD" CuryEffDate="2010-01-01 00:00:00" CuryMultDiv="M" CuryRate="1.00000000" BaseCuryID="USD" RecipRate="1.00000000" BaseCalc="1" />
		<row CuryInfoID="661339" CuryID="USD" CuryEffDate="2010-01-01 00:00:00" CuryMultDiv="M" CuryRate="1.00000000" BaseCuryID="USD" RecipRate="1.00000000" BaseCalc="1" />
		<row CuryInfoID="661354" CuryID="USD" CuryEffDate="2010-01-01 00:00:00" CuryMultDiv="M" CuryRate="1.00000000" BaseCuryID="USD" RecipRate="1.00000000" BaseCalc="1" />
		<row CuryInfoID="661369" CuryID="USD" CuryEffDate="2010-01-01 00:00:00" CuryMultDiv="M" CuryRate="1.00000000" BaseCuryID="USD" RecipRate="1.00000000" BaseCalc="1" />
		<row CuryInfoID="661384" CuryID="USD" CuryEffDate="2010-01-01 00:00:00" CuryMultDiv="M" CuryRate="1.00000000" BaseCuryID="USD" RecipRate="1.00000000" BaseCalc="1" />
		<row CuryInfoID="661399" CuryID="USD" CuryEffDate="2010-01-01 00:00:00" CuryMultDiv="M" CuryRate="1.00000000" BaseCuryID="USD" RecipRate="1.00000000" BaseCalc="1" />
		<row CuryInfoID="661414" CuryID="USD" CuryEffDate="2010-01-01 00:00:00" CuryMultDiv="M" CuryRate="1.00000000" BaseCuryID="USD" RecipRate="1.00000000" BaseCalc="1" />
		<row CuryInfoID="661429" CuryID="USD" CuryEffDate="2010-01-01 00:00:00" CuryMultDiv="M" CuryRate="1.00000000" BaseCuryID="USD" RecipRate="1.00000000" BaseCalc="1" />
		<row CuryInfoID="661444" CuryID="USD" CuryEffDate="2010-01-01 00:00:00" CuryMultDiv="M" CuryRate="1.00000000" BaseCuryID="USD" RecipRate="1.00000000" BaseCalc="1" />
		<row CuryInfoID="661459" CuryID="USD" CuryEffDate="2010-01-01 00:00:00" CuryMultDiv="M" CuryRate="1.00000000" BaseCuryID="USD" RecipRate="1.00000000" BaseCalc="1" />
		<row CuryInfoID="661474" CuryID="USD" CuryEffDate="2010-01-01 00:00:00" CuryMultDiv="M" CuryRate="1.00000000" BaseCuryID="USD" RecipRate="1.00000000" BaseCalc="1" />
		<row CuryInfoID="661489" CuryID="USD" CuryEffDate="2010-01-01 00:00:00" CuryMultDiv="M" CuryRate="1.00000000" BaseCuryID="USD" RecipRate="1.00000000" BaseCalc="1" />
		<row CuryInfoID="661504" CuryID="USD" CuryEffDate="2010-01-01 00:00:00" CuryMultDiv="M" CuryRate="1.00000000" BaseCuryID="USD" RecipRate="1.00000000" BaseCalc="1" />
		<row CuryInfoID="661519" CuryID="USD" CuryEffDate="2010-01-01 00:00:00" CuryMultDiv="M" CuryRate="1.00000000" BaseCuryID="USD" RecipRate="1.00000000" BaseCalc="1" />
		<row CuryInfoID="661534" CuryID="USD" CuryEffDate="2010-01-01 00:00:00" CuryMultDiv="M" CuryRate="1.00000000" BaseCuryID="USD" RecipRate="1.00000000" BaseCalc="1" />
		<row CuryInfoID="661549" CuryID="USD" CuryEffDate="2010-01-01 00:00:00" CuryMultDiv="M" CuryRate="1.00000000" BaseCuryID="USD" RecipRate="1.00000000" BaseCalc="1" />
		<row CuryInfoID="661564" CuryID="USD" CuryEffDate="2010-01-01 00:00:00" CuryMultDiv="M" CuryRate="1.00000000" BaseCuryID="USD" RecipRate="1.00000000" BaseCalc="1" />
		<row CuryInfoID="661579" CuryID="USD" CuryEffDate="2010-01-01 00:00:00" CuryMultDiv="M" CuryRate="1.00000000" BaseCuryID="USD" RecipRate="1.00000000" BaseCalc="1" />
		<row CuryInfoID="661594" CuryID="USD" CuryEffDate="2010-01-01 00:00:00" CuryMultDiv="M" CuryRate="1.00000000" BaseCuryID="USD" RecipRate="1.00000000" BaseCalc="1" />
		<row CuryInfoID="661609" CuryID="USD" CuryEffDate="2010-01-01 00:00:00" CuryMultDiv="M" CuryRate="1.00000000" BaseCuryID="USD" RecipRate="1.00000000" BaseCalc="1" />
		<row CuryInfoID="661624" CuryID="USD" CuryEffDate="2010-01-01 00:00:00" CuryMultDiv="M" CuryRate="1.00000000" BaseCuryID="USD" RecipRate="1.00000000" BaseCalc="1" />
		<row CuryInfoID="661639" CuryID="USD" CuryEffDate="2010-01-01 00:00:00" CuryMultDiv="M" CuryRate="1.00000000" BaseCuryID="USD" RecipRate="1.00000000" BaseCalc="1" />
		<row CuryInfoID="661654" CuryID="USD" CuryEffDate="2010-01-01 00:00:00" CuryMultDiv="M" CuryRate="1.00000000" BaseCuryID="USD" RecipRate="1.00000000" BaseCalc="1" />
		<row CuryInfoID="661669" CuryID="USD" CuryEffDate="2010-01-01 00:00:00" CuryMultDiv="M" CuryRate="1.00000000" BaseCuryID="USD" RecipRate="1.00000000" BaseCalc="1" />
		<row CuryInfoID="661684" CuryID="USD" CuryEffDate="2010-01-01 00:00:00" CuryMultDiv="M" CuryRate="1.00000000" BaseCuryID="USD" RecipRate="1.00000000" BaseCalc="1" />
		<row CuryInfoID="661699" CuryID="USD" CuryEffDate="2010-01-01 00:00:00" CuryMultDiv="M" CuryRate="1.00000000" BaseCuryID="USD" RecipRate="1.00000000" BaseCalc="1" />
		<row CuryInfoID="661714" CuryID="USD" CuryEffDate="2010-01-01 00:00:00" CuryMultDiv="M" CuryRate="1.00000000" BaseCuryID="USD" RecipRate="1.00000000" BaseCalc="1" />
		<row CuryInfoID="661729" CuryID="USD" CuryEffDate="2010-01-01 00:00:00" CuryMultDiv="M" CuryRate="1.00000000" BaseCuryID="USD" RecipRate="1.00000000" BaseCalc="1" />
		<row CuryInfoID="661744" CuryID="USD" CuryEffDate="2010-01-01 00:00:00" CuryMultDiv="M" CuryRate="1.00000000" BaseCuryID="USD" RecipRate="1.00000000" BaseCalc="1" />
		<row CuryInfoID="661759" CuryID="USD" CuryEffDate="2010-01-01 00:00:00" CuryMultDiv="M" CuryRate="1.00000000" BaseCuryID="USD" RecipRate="1.00000000" BaseCalc="1" />
		<row CuryInfoID="661774" CuryID="USD" CuryEffDate="2010-01-01 00:00:00" CuryMultDiv="M" CuryRate="1.00000000" BaseCuryID="USD" RecipRate="1.00000000" BaseCalc="1" />
		<row CuryInfoID="661789" CuryID="USD" CuryEffDate="2010-01-01 00:00:00" CuryMultDiv="M" CuryRate="1.00000000" BaseCuryID="USD" RecipRate="1.00000000" BaseCalc="1" />
		<row CuryInfoID="661804" CuryID="USD" CuryEffDate="2010-01-01 00:00:00" CuryMultDiv="M" CuryRate="1.00000000" BaseCuryID="USD" RecipRate="1.00000000" BaseCalc="1" />
		<row CuryInfoID="661819" CuryID="USD" CuryEffDate="2010-01-01 00:00:00" CuryMultDiv="M" CuryRate="1.00000000" BaseCuryID="USD" RecipRate="1.00000000" BaseCalc="1" />
		<row CuryInfoID="661834" CuryID="USD" CuryEffDate="2010-01-01 00:00:00" CuryMultDiv="M" CuryRate="1.00000000" BaseCuryID="USD" RecipRate="1.00000000" BaseCalc="1" />
		<row CuryInfoID="661849" CuryID="USD" CuryEffDate="2010-01-01 00:00:00" CuryMultDiv="M" CuryRate="1.00000000" BaseCuryID="USD" RecipRate="1.00000000" BaseCalc="1" />
		<row CuryInfoID="661864" CuryID="USD" CuryEffDate="2010-01-01 00:00:00" CuryMultDiv="M" CuryRate="1.00000000" BaseCuryID="USD" RecipRate="1.00000000" BaseCalc="1" />
		<row CuryInfoID="661879" CuryID="USD" CuryEffDate="2010-01-01 00:00:00" CuryMultDiv="M" CuryRate="1.00000000" BaseCuryID="USD" RecipRate="1.00000000" BaseCalc="1" />
		<row CuryInfoID="661894" CuryID="USD" CuryEffDate="2010-01-01 00:00:00" CuryMultDiv="M" CuryRate="1.00000000" BaseCuryID="USD" RecipRate="1.00000000" BaseCalc="1" />
		<row CuryInfoID="661909" CuryID="USD" CuryEffDate="2010-01-01 00:00:00" CuryMultDiv="M" CuryRate="1.00000000" BaseCuryID="USD" RecipRate="1.00000000" BaseCalc="1" />
		<row CuryInfoID="661924" CuryID="USD" CuryEffDate="2010-01-01 00:00:00" CuryMultDiv="M" CuryRate="1.00000000" BaseCuryID="USD" RecipRate="1.00000000" BaseCalc="1" />
		<row CuryInfoID="661939" CuryID="USD" CuryEffDate="2010-01-01 00:00:00" CuryMultDiv="M" CuryRate="1.00000000" BaseCuryID="USD" RecipRate="1.00000000" BaseCalc="1" />
		<row CuryInfoID="661954" CuryID="USD" CuryEffDate="2010-01-01 00:00:00" CuryMultDiv="M" CuryRate="1.00000000" BaseCuryID="USD" RecipRate="1.00000000" BaseCalc="1" />
		<row CuryInfoID="661969" CuryID="USD" CuryEffDate="2010-01-01 00:00:00" CuryMultDiv="M" CuryRate="1.00000000" BaseCuryID="USD" RecipRate="1.00000000" BaseCalc="1" />
		<row CuryInfoID="661984" CuryID="USD" CuryEffDate="2010-01-01 00:00:00" CuryMultDiv="M" CuryRate="1.00000000" BaseCuryID="USD" RecipRate="1.00000000" BaseCalc="1" />
		<row CuryInfoID="661999" CuryID="USD" CuryEffDate="2010-01-01 00:00:00" CuryMultDiv="M" CuryRate="1.00000000" BaseCuryID="USD" RecipRate="1.00000000" BaseCalc="1" />
		<row CuryInfoID="662014" CuryID="USD" CuryEffDate="2010-01-01 00:00:00" CuryMultDiv="M" CuryRate="1.00000000" BaseCuryID="USD" RecipRate="1.00000000" BaseCalc="1" />
		<row CuryInfoID="662029" CuryID="USD" CuryEffDate="2010-01-01 00:00:00" CuryMultDiv="M" CuryRate="1.00000000" BaseCuryID="USD" RecipRate="1.00000000" BaseCalc="1" />
		<row CuryInfoID="662044" CuryID="USD" CuryEffDate="2010-01-01 00:00:00" CuryMultDiv="M" CuryRate="1.00000000" BaseCuryID="USD" RecipRate="1.00000000" BaseCalc="1" />
		<row CuryInfoID="662059" CuryID="USD" CuryEffDate="2010-01-01 00:00:00" CuryMultDiv="M" CuryRate="1.00000000" BaseCuryID="USD" RecipRate="1.00000000" BaseCalc="1" />
		<row CuryInfoID="662074" CuryID="USD" CuryEffDate="2010-01-01 00:00:00" CuryMultDiv="M" CuryRate="1.00000000" BaseCuryID="USD" RecipRate="1.00000000" BaseCalc="1" />
		<row CuryInfoID="662089" CuryID="USD" CuryEffDate="2010-01-01 00:00:00" CuryMultDiv="M" CuryRate="1.00000000" BaseCuryID="USD" RecipRate="1.00000000" BaseCalc="1" />
		<row CuryInfoID="662566" CuryID="USD" CuryEffDate="2010-01-01 00:00:00" CuryMultDiv="M" CuryRate="1.00000000" BaseCuryID="USD" RecipRate="1.00000000" BaseCalc="1" />
		<row CuryInfoID="662581" CuryID="USD" CuryEffDate="2010-01-01 00:00:00" CuryMultDiv="M" CuryRate="1.00000000" BaseCuryID="USD" RecipRate="1.00000000" BaseCalc="1" />
		<row CuryInfoID="662596" CuryID="USD" CuryEffDate="2010-01-01 00:00:00" CuryMultDiv="M" CuryRate="1.00000000" BaseCuryID="USD" RecipRate="1.00000000" BaseCalc="1" />
		<row CuryInfoID="662611" CuryID="USD" CuryEffDate="2010-01-01 00:00:00" CuryMultDiv="M" CuryRate="1.00000000" BaseCuryID="USD" RecipRate="1.00000000" BaseCalc="1" />
		<row CuryInfoID="662626" CuryID="USD" CuryEffDate="2010-01-01 00:00:00" CuryMultDiv="M" CuryRate="1.00000000" BaseCuryID="USD" RecipRate="1.00000000" BaseCalc="1" />
		<row CuryInfoID="662641" CuryID="USD" CuryEffDate="2010-01-01 00:00:00" CuryMultDiv="M" CuryRate="1.00000000" BaseCuryID="USD" RecipRate="1.00000000" BaseCalc="1" />
		<row CuryInfoID="662656" CuryID="USD" CuryEffDate="2010-01-01 00:00:00" CuryMultDiv="M" CuryRate="1.00000000" BaseCuryID="USD" RecipRate="1.00000000" BaseCalc="1" />
		<row CuryInfoID="662671" CuryID="USD" CuryEffDate="2010-01-01 00:00:00" CuryMultDiv="M" CuryRate="1.00000000" BaseCuryID="USD" RecipRate="1.00000000" BaseCalc="1" />
		<row CuryInfoID="662686" CuryID="USD" CuryEffDate="2010-01-01 00:00:00" CuryMultDiv="M" CuryRate="1.00000000" BaseCuryID="USD" RecipRate="1.00000000" BaseCalc="1" />
		<row CuryInfoID="662701" CuryID="USD" CuryEffDate="2010-01-01 00:00:00" CuryMultDiv="M" CuryRate="1.00000000" BaseCuryID="USD" RecipRate="1.00000000" BaseCalc="1" />
		<row CuryInfoID="662716" CuryID="USD" CuryEffDate="2010-01-01 00:00:00" CuryMultDiv="M" CuryRate="1.00000000" BaseCuryID="USD" RecipRate="1.00000000" BaseCalc="1" />
		<row CuryInfoID="662731" CuryID="USD" CuryEffDate="2010-01-01 00:00:00" CuryMultDiv="M" CuryRate="1.00000000" BaseCuryID="USD" RecipRate="1.00000000" BaseCalc="1" />
		<row CuryInfoID="662746" CuryID="USD" CuryEffDate="2010-01-01 00:00:00" CuryMultDiv="M" CuryRate="1.00000000" BaseCuryID="USD" RecipRate="1.00000000" BaseCalc="1" />
		<row CuryInfoID="662761" CuryID="USD" CuryEffDate="2010-01-01 00:00:00" CuryMultDiv="M" CuryRate="1.00000000" BaseCuryID="USD" RecipRate="1.00000000" BaseCalc="1" />
		<row CuryInfoID="662776" CuryID="USD" CuryEffDate="2010-01-01 00:00:00" CuryMultDiv="M" CuryRate="1.00000000" BaseCuryID="USD" RecipRate="1.00000000" BaseCalc="1" />
		<row CuryInfoID="662791" CuryID="USD" CuryEffDate="2010-01-01 00:00:00" CuryMultDiv="M" CuryRate="1.00000000" BaseCuryID="USD" RecipRate="1.00000000" BaseCalc="1" />
		<row CuryInfoID="662806" CuryID="USD" CuryEffDate="2010-01-01 00:00:00" CuryMultDiv="M" CuryRate="1.00000000" BaseCuryID="USD" RecipRate="1.00000000" BaseCalc="1" />
		<row CuryInfoID="662821" CuryID="USD" CuryEffDate="2010-01-01 00:00:00" CuryMultDiv="M" CuryRate="1.00000000" BaseCuryID="USD" RecipRate="1.00000000" BaseCalc="1" />
		<row CuryInfoID="662836" CuryID="USD" CuryEffDate="2010-01-01 00:00:00" CuryMultDiv="M" CuryRate="1.00000000" BaseCuryID="USD" RecipRate="1.00000000" BaseCalc="1" />
		<row CuryInfoID="662851" CuryID="USD" CuryEffDate="2010-01-01 00:00:00" CuryMultDiv="M" CuryRate="1.00000000" BaseCuryID="USD" RecipRate="1.00000000" BaseCalc="1" />
		<row CuryInfoID="662866" CuryID="USD" CuryEffDate="2010-01-01 00:00:00" CuryMultDiv="M" CuryRate="1.00000000" BaseCuryID="USD" RecipRate="1.00000000" BaseCalc="1" />
		<row CuryInfoID="662881" CuryID="USD" CuryEffDate="2010-01-01 00:00:00" CuryMultDiv="M" CuryRate="1.00000000" BaseCuryID="USD" RecipRate="1.00000000" BaseCalc="1" />
		<row CuryInfoID="662896" CuryID="USD" CuryEffDate="2010-01-01 00:00:00" CuryMultDiv="M" CuryRate="1.00000000" BaseCuryID="USD" RecipRate="1.00000000" BaseCalc="1" />
		<row CuryInfoID="662911" CuryID="USD" CuryEffDate="2010-01-01 00:00:00" CuryMultDiv="M" CuryRate="1.00000000" BaseCuryID="USD" RecipRate="1.00000000" BaseCalc="1" />
		<row CuryInfoID="662926" CuryID="USD" CuryEffDate="2010-01-01 00:00:00" CuryMultDiv="M" CuryRate="1.00000000" BaseCuryID="USD" RecipRate="1.00000000" BaseCalc="1" />
		<row CuryInfoID="662941" CuryID="USD" CuryEffDate="2010-01-01 00:00:00" CuryMultDiv="M" CuryRate="1.00000000" BaseCuryID="USD" RecipRate="1.00000000" BaseCalc="1" />
		<row CuryInfoID="662956" CuryID="USD" CuryEffDate="2010-01-01 00:00:00" CuryMultDiv="M" CuryRate="1.00000000" BaseCuryID="USD" RecipRate="1.00000000" BaseCalc="1" />
		<row CuryInfoID="662971" CuryID="USD" CuryEffDate="2010-01-01 00:00:00" CuryMultDiv="M" CuryRate="1.00000000" BaseCuryID="USD" RecipRate="1.00000000" BaseCalc="1" />
		<row CuryInfoID="662986" CuryID="USD" CuryEffDate="2010-01-01 00:00:00" CuryMultDiv="M" CuryRate="1.00000000" BaseCuryID="USD" RecipRate="1.00000000" BaseCalc="1" />
		<row CuryInfoID="663001" CuryID="USD" CuryEffDate="2010-01-01 00:00:00" CuryMultDiv="M" CuryRate="1.00000000" BaseCuryID="USD" RecipRate="1.00000000" BaseCalc="1" />
		<row CuryInfoID="663016" CuryID="USD" CuryEffDate="2010-01-01 00:00:00" CuryMultDiv="M" CuryRate="1.00000000" BaseCuryID="USD" RecipRate="1.00000000" BaseCalc="1" />
		<row CuryInfoID="663031" CuryID="USD" CuryEffDate="2010-01-01 00:00:00" CuryMultDiv="M" CuryRate="1.00000000" BaseCuryID="USD" RecipRate="1.00000000" BaseCalc="1" />
		<row CuryInfoID="663046" CuryID="USD" CuryEffDate="2010-01-01 00:00:00" CuryMultDiv="M" CuryRate="1.00000000" BaseCuryID="USD" RecipRate="1.00000000" BaseCalc="1" />
		<row CuryInfoID="663061" CuryID="USD" CuryEffDate="2010-01-01 00:00:00" CuryMultDiv="M" CuryRate="1.00000000" BaseCuryID="USD" RecipRate="1.00000000" BaseCalc="1" />
		<row CuryInfoID="663076" CuryID="USD" CuryEffDate="2010-01-01 00:00:00" CuryMultDiv="M" CuryRate="1.00000000" BaseCuryID="USD" RecipRate="1.00000000" BaseCalc="1" />
		<row CuryInfoID="663091" CuryID="USD" CuryEffDate="2010-01-01 00:00:00" CuryMultDiv="M" CuryRate="1.00000000" BaseCuryID="USD" RecipRate="1.00000000" BaseCalc="1" />
		<row CuryInfoID="663106" CuryID="USD" CuryEffDate="2010-01-01 00:00:00" CuryMultDiv="M" CuryRate="1.00000000" BaseCuryID="USD" RecipRate="1.00000000" BaseCalc="1" />
		<row CuryInfoID="663121" CuryID="USD" CuryEffDate="2010-01-01 00:00:00" CuryMultDiv="M" CuryRate="1.00000000" BaseCuryID="USD" RecipRate="1.00000000" BaseCalc="1" />
		<row CuryInfoID="663136" CuryID="USD" CuryEffDate="2010-01-01 00:00:00" CuryMultDiv="M" CuryRate="1.00000000" BaseCuryID="USD" RecipRate="1.00000000" BaseCalc="1" />
		<row CuryInfoID="663151" CuryID="USD" CuryEffDate="2010-01-01 00:00:00" CuryMultDiv="M" CuryRate="1.00000000" BaseCuryID="USD" RecipRate="1.00000000" BaseCalc="1" />
		<row CuryInfoID="663166" CuryID="USD" CuryEffDate="2010-01-01 00:00:00" CuryMultDiv="M" CuryRate="1.00000000" BaseCuryID="USD" RecipRate="1.00000000" BaseCalc="1" />
		<row CuryInfoID="663181" CuryID="USD" CuryEffDate="2010-01-01 00:00:00" CuryMultDiv="M" CuryRate="1.00000000" BaseCuryID="USD" RecipRate="1.00000000" BaseCalc="1" />
		<row CuryInfoID="663196" CuryID="USD" CuryEffDate="2010-01-01 00:00:00" CuryMultDiv="M" CuryRate="1.00000000" BaseCuryID="USD" RecipRate="1.00000000" BaseCalc="1" />
		<row CuryInfoID="663211" CuryID="USD" CuryEffDate="2010-01-01 00:00:00" CuryMultDiv="M" CuryRate="1.00000000" BaseCuryID="USD" RecipRate="1.00000000" BaseCalc="1" />
		<row CuryInfoID="663226" CuryID="USD" CuryEffDate="2010-01-01 00:00:00" CuryMultDiv="M" CuryRate="1.00000000" BaseCuryID="USD" RecipRate="1.00000000" BaseCalc="1" />
		<row CuryInfoID="663241" CuryID="USD" CuryEffDate="2010-01-01 00:00:00" CuryMultDiv="M" CuryRate="1.00000000" BaseCuryID="USD" RecipRate="1.00000000" BaseCalc="1" />
		<row CuryInfoID="663256" CuryID="USD" CuryEffDate="2010-01-01 00:00:00" CuryMultDiv="M" CuryRate="1.00000000" BaseCuryID="USD" RecipRate="1.00000000" BaseCalc="1" />
		<row CuryInfoID="663271" CuryID="USD" CuryEffDate="2010-01-01 00:00:00" CuryMultDiv="M" CuryRate="1.00000000" BaseCuryID="USD" RecipRate="1.00000000" BaseCalc="1" />
		<row CuryInfoID="663285" CuryID="USD" CuryEffDate="2010-01-01 00:00:00" CuryMultDiv="M" CuryRate="1.00000000" BaseCuryID="USD" RecipRate="1.00000000" BaseCalc="1" />
		<row CuryInfoID="663299" CuryID="USD" CuryEffDate="2010-01-01 00:00:00" CuryMultDiv="M" CuryRate="1.00000000" BaseCuryID="USD" RecipRate="1.00000000" BaseCalc="1" />
		<row CuryInfoID="663313" CuryID="USD" CuryEffDate="2010-01-01 00:00:00" CuryMultDiv="M" CuryRate="1.00000000" BaseCuryID="USD" RecipRate="1.00000000" BaseCalc="1" />
		<row CuryInfoID="663327" CuryID="USD" CuryEffDate="2010-01-01 00:00:00" CuryMultDiv="M" CuryRate="1.00000000" BaseCuryID="USD" RecipRate="1.00000000" BaseCalc="1" />
		<row CuryInfoID="663341" CuryID="USD" CuryEffDate="2010-01-01 00:00:00" CuryMultDiv="M" CuryRate="1.00000000" BaseCuryID="USD" RecipRate="1.00000000" BaseCalc="1" />
		<row CuryInfoID="663355" CuryID="USD" CuryEffDate="2010-01-01 00:00:00" CuryMultDiv="M" CuryRate="1.00000000" BaseCuryID="USD" RecipRate="1.00000000" BaseCalc="1" />
		<row CuryInfoID="663369" CuryID="USD" CuryEffDate="2010-01-01 00:00:00" CuryMultDiv="M" CuryRate="1.00000000" BaseCuryID="USD" RecipRate="1.00000000" BaseCalc="1" />
		<row CuryInfoID="663383" CuryID="USD" CuryEffDate="2010-01-01 00:00:00" CuryMultDiv="M" CuryRate="1.00000000" BaseCuryID="USD" RecipRate="1.00000000" BaseCalc="1" />
		<row CuryInfoID="663397" CuryID="USD" CuryEffDate="2010-01-01 00:00:00" CuryMultDiv="M" CuryRate="1.00000000" BaseCuryID="USD" RecipRate="1.00000000" BaseCalc="1" />
		<row CuryInfoID="663411" CuryID="USD" CuryEffDate="2010-01-01 00:00:00" CuryMultDiv="M" CuryRate="1.00000000" BaseCuryID="USD" RecipRate="1.00000000" BaseCalc="1" />
		<row CuryInfoID="663425" CuryID="USD" CuryEffDate="2010-01-01 00:00:00" CuryMultDiv="M" CuryRate="1.00000000" BaseCuryID="USD" RecipRate="1.00000000" BaseCalc="1" />
		<row CuryInfoID="663439" CuryID="USD" CuryEffDate="2010-01-01 00:00:00" CuryMultDiv="M" CuryRate="1.00000000" BaseCuryID="USD" RecipRate="1.00000000" BaseCalc="1" />
		<row CuryInfoID="663453" CuryID="USD" CuryEffDate="2010-01-01 00:00:00" CuryMultDiv="M" CuryRate="1.00000000" BaseCuryID="USD" RecipRate="1.00000000" BaseCalc="1" />
		<row CuryInfoID="663467" CuryID="USD" CuryEffDate="2010-01-01 00:00:00" CuryMultDiv="M" CuryRate="1.00000000" BaseCuryID="USD" RecipRate="1.00000000" BaseCalc="1" />
		<row CuryInfoID="663481" CuryID="USD" CuryEffDate="2010-01-01 00:00:00" CuryMultDiv="M" CuryRate="1.00000000" BaseCuryID="USD" RecipRate="1.00000000" BaseCalc="1" />
		<row CuryInfoID="663495" CuryID="USD" CuryEffDate="2010-01-01 00:00:00" CuryMultDiv="M" CuryRate="1.00000000" BaseCuryID="USD" RecipRate="1.00000000" BaseCalc="1" />
		<row CuryInfoID="663509" CuryID="USD" CuryEffDate="2010-01-01 00:00:00" CuryMultDiv="M" CuryRate="1.00000000" BaseCuryID="USD" RecipRate="1.00000000" BaseCalc="1" />
		<row CuryInfoID="663523" CuryID="USD" CuryEffDate="2010-01-01 00:00:00" CuryMultDiv="M" CuryRate="1.00000000" BaseCuryID="USD" RecipRate="1.00000000" BaseCalc="1" />
		<row CuryInfoID="663537" CuryID="USD" CuryEffDate="2010-01-01 00:00:00" CuryMultDiv="M" CuryRate="1.00000000" BaseCuryID="USD" RecipRate="1.00000000" BaseCalc="1" />
		<row CuryInfoID="663551" CuryID="USD" CuryEffDate="2010-01-01 00:00:00" CuryMultDiv="M" CuryRate="1.00000000" BaseCuryID="USD" RecipRate="1.00000000" BaseCalc="1" />
		<row CuryInfoID="663565" CuryID="USD" CuryEffDate="2010-01-01 00:00:00" CuryMultDiv="M" CuryRate="1.00000000" BaseCuryID="USD" RecipRate="1.00000000" BaseCalc="1" />
		<row CuryInfoID="663579" CuryID="USD" CuryEffDate="2010-01-01 00:00:00" CuryMultDiv="M" CuryRate="1.00000000" BaseCuryID="USD" RecipRate="1.00000000" BaseCalc="1" />
		<row CuryInfoID="663593" CuryID="USD" CuryEffDate="2010-01-01 00:00:00" CuryMultDiv="M" CuryRate="1.00000000" BaseCuryID="USD" RecipRate="1.00000000" BaseCalc="1" />
		<row CuryInfoID="663607" CuryID="USD" CuryEffDate="2010-01-01 00:00:00" CuryMultDiv="M" CuryRate="1.00000000" BaseCuryID="USD" RecipRate="1.00000000" BaseCalc="1" />
		<row CuryInfoID="663621" CuryID="USD" CuryEffDate="2010-01-01 00:00:00" CuryMultDiv="M" CuryRate="1.00000000" BaseCuryID="USD" RecipRate="1.00000000" BaseCalc="1" />
		<row CuryInfoID="663635" CuryID="USD" CuryEffDate="2010-01-01 00:00:00" CuryMultDiv="M" CuryRate="1.00000000" BaseCuryID="USD" RecipRate="1.00000000" BaseCalc="1" />
		<row CuryInfoID="663649" CuryID="USD" CuryEffDate="2010-01-01 00:00:00" CuryMultDiv="M" CuryRate="1.00000000" BaseCuryID="USD" RecipRate="1.00000000" BaseCalc="1" />
		<row CuryInfoID="663663" CuryID="USD" CuryEffDate="2010-01-01 00:00:00" CuryMultDiv="M" CuryRate="1.00000000" BaseCuryID="USD" RecipRate="1.00000000" BaseCalc="1" />
		<row CuryInfoID="663677" CuryID="USD" CuryEffDate="2010-01-01 00:00:00" CuryMultDiv="M" CuryRate="1.00000000" BaseCuryID="USD" RecipRate="1.00000000" BaseCalc="1" />
		<row CuryInfoID="663691" CuryID="USD" CuryEffDate="2010-01-01 00:00:00" CuryMultDiv="M" CuryRate="1.00000000" BaseCuryID="USD" RecipRate="1.00000000" BaseCalc="1" />
		<row CuryInfoID="663705" CuryID="USD" CuryEffDate="2010-01-01 00:00:00" CuryMultDiv="M" CuryRate="1.00000000" BaseCuryID="USD" RecipRate="1.00000000" BaseCalc="1" />
		<row CuryInfoID="663719" CuryID="USD" CuryEffDate="2010-01-01 00:00:00" CuryMultDiv="M" CuryRate="1.00000000" BaseCuryID="USD" RecipRate="1.00000000" BaseCalc="1" />
		<row CuryInfoID="663733" CuryID="USD" CuryEffDate="2010-01-01 00:00:00" CuryMultDiv="M" CuryRate="1.00000000" BaseCuryID="USD" RecipRate="1.00000000" BaseCalc="1" />
		<row CuryInfoID="663747" CuryID="USD" CuryEffDate="2010-01-01 00:00:00" CuryMultDiv="M" CuryRate="1.00000000" BaseCuryID="USD" RecipRate="1.00000000" BaseCalc="1" />
		<row CuryInfoID="663761" CuryID="USD" CuryEffDate="2010-01-01 00:00:00" CuryMultDiv="M" CuryRate="1.00000000" BaseCuryID="USD" RecipRate="1.00000000" BaseCalc="1" />
		<row CuryInfoID="663775" CuryID="USD" CuryEffDate="2010-01-01 00:00:00" CuryMultDiv="M" CuryRate="1.00000000" BaseCuryID="USD" RecipRate="1.00000000" BaseCalc="1" />
		<row CuryInfoID="663789" CuryID="USD" CuryEffDate="2010-01-01 00:00:00" CuryMultDiv="M" CuryRate="1.00000000" BaseCuryID="USD" RecipRate="1.00000000" BaseCalc="1" />
		<row CuryInfoID="663803" CuryID="USD" CuryEffDate="2010-01-01 00:00:00" CuryMultDiv="M" CuryRate="1.00000000" BaseCuryID="USD" RecipRate="1.00000000" BaseCalc="1" />
		<row CuryInfoID="663817" CuryID="USD" CuryEffDate="2010-01-01 00:00:00" CuryMultDiv="M" CuryRate="1.00000000" BaseCuryID="USD" RecipRate="1.00000000" BaseCalc="1" />
		<row CuryInfoID="663831" CuryID="USD" CuryEffDate="2010-01-01 00:00:00" CuryMultDiv="M" CuryRate="1.00000000" BaseCuryID="USD" RecipRate="1.00000000" BaseCalc="1" />
		<row CuryInfoID="663845" CuryID="USD" CuryEffDate="2010-01-01 00:00:00" CuryMultDiv="M" CuryRate="1.00000000" BaseCuryID="USD" RecipRate="1.00000000" BaseCalc="1" />
		<row CuryInfoID="663859" CuryID="USD" CuryEffDate="2010-01-01 00:00:00" CuryMultDiv="M" CuryRate="1.00000000" BaseCuryID="USD" RecipRate="1.00000000" BaseCalc="1" />
		<row CuryInfoID="663873" CuryID="USD" CuryEffDate="2010-01-01 00:00:00" CuryMultDiv="M" CuryRate="1.00000000" BaseCuryID="USD" RecipRate="1.00000000" BaseCalc="1" />
		<row CuryInfoID="663887" CuryID="USD" CuryEffDate="2010-01-01 00:00:00" CuryMultDiv="M" CuryRate="1.00000000" BaseCuryID="USD" RecipRate="1.00000000" BaseCalc="1" />
		<row CuryInfoID="663901" CuryID="USD" CuryEffDate="2010-01-01 00:00:00" CuryMultDiv="M" CuryRate="1.00000000" BaseCuryID="USD" RecipRate="1.00000000" BaseCalc="1" />
		<row CuryInfoID="663915" CuryID="USD" CuryEffDate="2010-01-01 00:00:00" CuryMultDiv="M" CuryRate="1.00000000" BaseCuryID="USD" RecipRate="1.00000000" BaseCalc="1" />
		<row CuryInfoID="663929" CuryID="USD" CuryEffDate="2010-01-01 00:00:00" CuryMultDiv="M" CuryRate="1.00000000" BaseCuryID="USD" RecipRate="1.00000000" BaseCalc="1" />
		<row CuryInfoID="663943" CuryID="USD" CuryEffDate="2010-01-01 00:00:00" CuryMultDiv="M" CuryRate="1.00000000" BaseCuryID="USD" RecipRate="1.00000000" BaseCalc="1" />
		<row CuryInfoID="663957" CuryID="USD" CuryEffDate="2010-01-01 00:00:00" CuryMultDiv="M" CuryRate="1.00000000" BaseCuryID="USD" RecipRate="1.00000000" BaseCalc="1" />
		<row CuryInfoID="663958" CuryID="USD" CuryEffDate="2019-12-03 00:00:00" CuryMultDiv="M" CuryRate="1.00000000" BaseCuryID="USD" RecipRate="1.00000000" BaseCalc="1" />
		<row CuryInfoID="663959" CuryID="USD" CuryEffDate="2019-12-04 00:00:00" CuryMultDiv="M" CuryRate="1.00000000" BaseCuryID="USD" RecipRate="1.00000000" BaseCalc="1" />
		<row CuryInfoID="663960" CuryID="USD" CuryEffDate="2019-12-05 00:00:00" CuryMultDiv="M" CuryRate="1.00000000" BaseCuryID="USD" RecipRate="1.00000000" BaseCalc="1" />
		<row CuryInfoID="663961" CuryID="USD" CuryEffDate="2019-12-05 00:00:00" CuryMultDiv="M" CuryRate="1.00000000" BaseCuryID="USD" RecipRate="1.00000000" BaseCalc="1" />
		<row CuryInfoID="663962" CuryID="USD" CuryEffDate="2019-12-05 00:00:00" CuryMultDiv="M" CuryRate="1.00000000" BaseCuryID="USD" RecipRate="1.00000000" BaseCalc="1" />
		<row CuryInfoID="663963" CuryID="USD" CuryEffDate="2019-12-05 00:00:00" CuryMultDiv="M" CuryRate="1.00000000" BaseCuryID="USD" RecipRate="1.00000000" BaseCalc="1" />
		<row CuryInfoID="663964" CuryID="USD" CuryEffDate="2019-12-05 00:00:00" CuryMultDiv="M" CuryRate="1.00000000" BaseCuryID="USD" RecipRate="1.00000000" BaseCalc="1" />
		<row CuryInfoID="663965" CuryID="USD" CuryEffDate="2019-12-05 00:00:00" CuryMultDiv="M" CuryRate="1.00000000" BaseCuryID="USD" RecipRate="1.00000000" BaseCalc="1" />
		<row CuryInfoID="663966" CuryID="USD" CuryEffDate="2019-12-05 00:00:00" CuryMultDiv="M" CuryRate="1.00000000" BaseCuryID="USD" RecipRate="1.00000000" BaseCalc="1" />
		<row CuryInfoID="663967" CuryID="USD" CuryEffDate="2019-12-05 00:00:00" CuryMultDiv="M" CuryRate="1.00000000" BaseCuryID="USD" RecipRate="1.00000000" BaseCalc="1" />
		<row CuryInfoID="663968" CuryID="USD" CuryEffDate="2019-12-05 00:00:00" CuryMultDiv="M" CuryRate="1.00000000" BaseCuryID="USD" RecipRate="1.00000000" BaseCalc="1" />
		<row CuryInfoID="663969" CuryID="USD" CuryEffDate="2019-12-05 00:00:00" CuryMultDiv="M" CuryRate="1.00000000" BaseCuryID="USD" RecipRate="1.00000000" BaseCalc="1" />
		<row CuryInfoID="663970" CuryID="USD" CuryEffDate="2019-12-05 00:00:00" CuryMultDiv="M" CuryRate="1.00000000" BaseCuryID="USD" RecipRate="1.00000000" BaseCalc="1" />
		<row CuryInfoID="663971" CuryID="USD" CuryEffDate="2019-12-05 00:00:00" CuryMultDiv="M" CuryRate="1.00000000" BaseCuryID="USD" RecipRate="1.00000000" BaseCalc="1" />
		<row CuryInfoID="663972" CuryID="USD" CuryEffDate="2019-12-05 00:00:00" CuryMultDiv="M" CuryRate="1.00000000" BaseCuryID="USD" RecipRate="1.00000000" BaseCalc="1" />
		<row CuryInfoID="663973" CuryID="USD" CuryEffDate="2019-12-05 00:00:00" CuryMultDiv="M" CuryRate="1.00000000" BaseCuryID="USD" RecipRate="1.00000000" BaseCalc="1" />
		<row CuryInfoID="663974" CuryID="USD" CuryEffDate="2019-12-05 00:00:00" CuryMultDiv="M" CuryRate="1.00000000" BaseCuryID="USD" RecipRate="1.00000000" BaseCalc="1" />
		<row CuryInfoID="663975" CuryID="USD" CuryEffDate="2019-12-05 00:00:00" CuryMultDiv="M" CuryRate="1.00000000" BaseCuryID="USD" RecipRate="1.00000000" BaseCalc="1" />
		<row CuryInfoID="663976" CuryID="USD" CuryEffDate="2019-12-23 00:00:00" CuryMultDiv="M" CuryRate="1.00000000" BaseCuryID="USD" RecipRate="1.00000000" BaseCalc="1" />
		<row CuryInfoID="663977" CuryID="USD" CuryEffDate="2019-12-23 00:00:00" CuryMultDiv="M" CuryRate="1.00000000" BaseCuryID="USD" RecipRate="1.00000000" BaseCalc="1" />
		<row CuryInfoID="663978" CuryID="USD" CuryEffDate="2019-12-23 00:00:00" CuryMultDiv="M" CuryRate="1.00000000" BaseCuryID="USD" RecipRate="1.00000000" BaseCalc="1" />
		<row CuryInfoID="663979" CuryID="USD" CuryEffDate="2019-12-23 00:00:00" CuryMultDiv="M" CuryRate="1.00000000" BaseCuryID="USD" RecipRate="1.00000000" BaseCalc="1" />
		<row CuryInfoID="663980" CuryID="USD" CuryEffDate="2019-12-23 00:00:00" CuryMultDiv="M" CuryRate="1.00000000" BaseCuryID="USD" RecipRate="1.00000000" BaseCalc="1" />
		<row CuryInfoID="663981" CuryID="USD" CuryEffDate="2019-12-23 00:00:00" CuryMultDiv="M" CuryRate="1.00000000" BaseCuryID="USD" RecipRate="1.00000000" BaseCalc="1" />
		<row CuryInfoID="663982" CuryID="USD" CuryEffDate="2019-12-23 00:00:00" CuryMultDiv="M" CuryRate="1.00000000" BaseCuryID="USD" RecipRate="1.00000000" BaseCalc="1" />
		<row CuryInfoID="663983" CuryID="USD" CuryEffDate="2019-12-23 00:00:00" CuryMultDiv="M" CuryRate="1.00000000" BaseCuryID="USD" RecipRate="1.00000000" BaseCalc="1" />
		<row CuryInfoID="663984" CuryID="USD" CuryEffDate="2019-12-23 00:00:00" CuryMultDiv="M" CuryRate="1.00000000" BaseCuryID="USD" RecipRate="1.00000000" BaseCalc="1" />
		<row CuryInfoID="663985" CuryID="USD" CuryEffDate="2019-12-23 00:00:00" CuryMultDiv="M" CuryRate="1.00000000" BaseCuryID="USD" RecipRate="1.00000000" BaseCalc="1" />
		<row CuryInfoID="663986" CuryID="USD" CuryEffDate="2019-12-23 00:00:00" CuryMultDiv="M" CuryRate="1.00000000" BaseCuryID="USD" RecipRate="1.00000000" BaseCalc="0" />
		<row CuryInfoID="663987" CuryID="USD" CuryEffDate="2019-12-23 00:00:00" CuryMultDiv="M" CuryRate="1.00000000" BaseCuryID="USD" RecipRate="1.00000000" BaseCalc="1" />
		<row CuryInfoID="663988" CuryID="USD" CuryEffDate="2019-12-23 00:00:00" CuryMultDiv="M" CuryRate="1.00000000" BaseCuryID="USD" RecipRate="1.00000000" BaseCalc="1" />
		<row CuryInfoID="663989" CuryID="USD" CuryEffDate="2019-12-23 00:00:00" CuryMultDiv="M" CuryRate="1.00000000" BaseCuryID="USD" RecipRate="1.00000000" BaseCalc="0" />
		<row CuryInfoID="663990" CuryID="USD" CuryEffDate="2019-12-23 00:00:00" CuryMultDiv="M" CuryRate="1.00000000" BaseCuryID="USD" RecipRate="1.00000000" BaseCalc="1" />
		<row CuryInfoID="663991" CuryID="USD" CuryEffDate="2019-12-23 00:00:00" CuryMultDiv="M" CuryRate="1.00000000" BaseCuryID="USD" RecipRate="1.00000000" BaseCalc="1" />
		<row CuryInfoID="663992" CuryID="USD" CuryEffDate="2019-12-23 00:00:00" CuryMultDiv="M" CuryRate="1.00000000" BaseCuryID="USD" RecipRate="1.00000000" BaseCalc="1" />
		<row CuryInfoID="663993" CuryID="USD" CuryEffDate="2019-12-23 00:00:00" CuryMultDiv="M" CuryRate="1.00000000" BaseCuryID="USD" RecipRate="1.00000000" BaseCalc="1" />
		<row CuryInfoID="663994" CuryID="USD" CuryEffDate="2019-12-23 00:00:00" CuryMultDiv="M" CuryRate="1.00000000" BaseCuryID="USD" RecipRate="1.00000000" BaseCalc="1" />
		<row CuryInfoID="663995" CuryID="USD" CuryEffDate="2019-12-23 00:00:00" CuryMultDiv="M" CuryRate="1.00000000" BaseCuryID="USD" RecipRate="1.00000000" BaseCalc="1" />
		<row CuryInfoID="663996" CuryID="USD" CuryEffDate="2019-12-23 00:00:00" CuryMultDiv="M" CuryRate="1.00000000" BaseCuryID="USD" RecipRate="1.00000000" BaseCalc="0" />
		<row CuryInfoID="663997" CuryID="USD" CuryEffDate="2019-12-23 00:00:00" CuryMultDiv="M" CuryRate="1.00000000" BaseCuryID="USD" RecipRate="1.00000000" BaseCalc="1" />
		<row CuryInfoID="663998" CuryID="USD" CuryEffDate="2019-12-23 00:00:00" CuryMultDiv="M" CuryRate="1.00000000" BaseCuryID="USD" RecipRate="1.00000000" BaseCalc="1" />
		<row CuryInfoID="663999" CuryID="USD" CuryEffDate="2019-12-23 00:00:00" CuryMultDiv="M" CuryRate="1.00000000" BaseCuryID="USD" RecipRate="1.00000000" BaseCalc="1" />
		<row CuryInfoID="664000" CuryID="USD" CuryEffDate="2019-12-23 00:00:00" CuryMultDiv="M" CuryRate="1.00000000" BaseCuryID="USD" RecipRate="1.00000000" BaseCalc="1" />
		<row CuryInfoID="664001" CuryID="USD" CuryEffDate="2019-12-23 00:00:00" CuryMultDiv="M" CuryRate="1.00000000" BaseCuryID="USD" RecipRate="1.00000000" BaseCalc="1" />
		<row CuryInfoID="664002" CuryID="USD" CuryEffDate="2019-12-23 00:00:00" CuryMultDiv="M" CuryRate="1.00000000" BaseCuryID="USD" RecipRate="1.00000000" BaseCalc="1" />
		<row CuryInfoID="664003" CuryID="USD" CuryEffDate="2019-12-23 00:00:00" CuryMultDiv="M" CuryRate="1.00000000" BaseCuryID="USD" RecipRate="1.00000000" BaseCalc="0" />
		<row CuryInfoID="664004" CuryID="USD" CuryEffDate="2019-12-23 00:00:00" CuryMultDiv="M" CuryRate="1.00000000" BaseCuryID="USD" RecipRate="1.00000000" BaseCalc="1" />
		<row CuryInfoID="664005" CuryID="USD" CuryEffDate="2019-12-23 00:00:00" CuryMultDiv="M" CuryRate="1.00000000" BaseCuryID="USD" RecipRate="1.00000000" BaseCalc="1" />
		<row CuryInfoID="664006" CuryID="USD" CuryEffDate="2019-12-23 00:00:00" CuryMultDiv="M" CuryRate="1.00000000" BaseCuryID="USD" RecipRate="1.00000000" BaseCalc="0" />
		<row CuryInfoID="664007" CuryID="USD" CuryEffDate="2019-12-23 00:00:00" CuryMultDiv="M" CuryRate="1.00000000" BaseCuryID="USD" RecipRate="1.00000000" BaseCalc="1" />
		<row CuryInfoID="664008" CuryID="USD" CuryEffDate="2019-12-23 00:00:00" CuryMultDiv="M" CuryRate="1.00000000" BaseCuryID="USD" RecipRate="1.00000000" BaseCalc="1" />
		<row CuryInfoID="664009" CuryID="USD" CuryEffDate="2019-12-23 00:00:00" CuryMultDiv="M" CuryRate="1.00000000" BaseCuryID="USD" RecipRate="1.00000000" BaseCalc="1" />
		<row CuryInfoID="664010" CuryID="USD" CuryEffDate="2019-12-23 00:00:00" CuryMultDiv="M" CuryRate="1.00000000" BaseCuryID="USD" RecipRate="1.00000000" BaseCalc="1" />
		<row CuryInfoID="664011" CuryID="USD" CuryEffDate="2019-12-23 00:00:00" CuryMultDiv="M" CuryRate="1.00000000" BaseCuryID="USD" RecipRate="1.00000000" BaseCalc="1" />
		<row CuryInfoID="664012" CuryID="USD" CuryEffDate="2019-12-23 00:00:00" CuryMultDiv="M" CuryRate="1.00000000" BaseCuryID="USD" RecipRate="1.00000000" BaseCalc="1" />
		<row CuryInfoID="664013" CuryID="USD" CuryEffDate="2019-12-23 00:00:00" CuryMultDiv="M" CuryRate="1.00000000" BaseCuryID="USD" RecipRate="1.00000000" BaseCalc="1" />
		<row CuryInfoID="664014" CuryID="USD" CuryEffDate="2019-12-23 00:00:00" CuryMultDiv="M" CuryRate="1.00000000" BaseCuryID="USD" RecipRate="1.00000000" BaseCalc="1" />
		<row CuryInfoID="664015" CuryID="USD" CuryEffDate="2019-12-23 00:00:00" CuryMultDiv="M" CuryRate="1.00000000" BaseCuryID="USD" RecipRate="1.00000000" BaseCalc="1" />
		<row CuryInfoID="664016" CuryID="USD" CuryEffDate="2019-12-23 00:00:00" CuryMultDiv="M" CuryRate="1.00000000" BaseCuryID="USD" RecipRate="1.00000000" BaseCalc="0" />
		<row CuryInfoID="664017" CuryID="USD" CuryEffDate="2019-12-23 00:00:00" CuryMultDiv="M" CuryRate="1.00000000" BaseCuryID="USD" RecipRate="1.00000000" BaseCalc="1" />
		<row CuryInfoID="664018" CuryID="USD" CuryEffDate="2019-12-23 00:00:00" CuryMultDiv="M" CuryRate="1.00000000" BaseCuryID="USD" RecipRate="1.00000000" BaseCalc="1" />
		<row CuryInfoID="664019" CuryID="USD" CuryEffDate="2019-12-23 00:00:00" CuryMultDiv="M" CuryRate="1.00000000" BaseCuryID="USD" RecipRate="1.00000000" BaseCalc="1" />
		<row CuryInfoID="664020" CuryID="USD" CuryEffDate="2019-12-23 00:00:00" CuryMultDiv="M" CuryRate="1.00000000" BaseCuryID="USD" RecipRate="1.00000000" BaseCalc="1" />
		<row CuryInfoID="664021" CuryID="USD" CuryEffDate="2019-12-23 00:00:00" CuryMultDiv="M" CuryRate="1.00000000" BaseCuryID="USD" RecipRate="1.00000000" BaseCalc="1" />
		<row CuryInfoID="664022" CuryID="USD" CuryEffDate="2019-12-23 00:00:00" CuryMultDiv="M" CuryRate="1.00000000" BaseCuryID="USD" RecipRate="1.00000000" BaseCalc="1" />
		<row CuryInfoID="664023" CuryID="USD" CuryEffDate="2019-12-23 00:00:00" CuryMultDiv="M" CuryRate="1.00000000" BaseCuryID="USD" RecipRate="1.00000000" BaseCalc="1" />
		<row CuryInfoID="664024" CuryID="USD" CuryEffDate="2019-12-23 00:00:00" CuryMultDiv="M" CuryRate="1.00000000" BaseCuryID="USD" RecipRate="1.00000000" BaseCalc="1" />
		<row CuryInfoID="664025" CuryID="USD" CuryEffDate="2019-12-23 00:00:00" CuryMultDiv="M" CuryRate="1.00000000" BaseCuryID="USD" RecipRate="1.00000000" BaseCalc="1" />
		<row CuryInfoID="664026" CuryID="USD" CuryEffDate="2019-12-23 00:00:00" CuryMultDiv="M" CuryRate="1.00000000" BaseCuryID="USD" RecipRate="1.00000000" BaseCalc="1" />
		<row CuryInfoID="664027" CuryID="USD" CuryEffDate="2019-12-23 00:00:00" CuryMultDiv="M" CuryRate="1.00000000" BaseCuryID="USD" RecipRate="1.00000000" BaseCalc="0" />
		<row CuryInfoID="664028" CuryID="USD" CuryEffDate="2019-12-23 00:00:00" CuryMultDiv="M" CuryRate="1.00000000" BaseCuryID="USD" RecipRate="1.00000000" BaseCalc="1" />
		<row CuryInfoID="664029" CuryID="USD" CuryEffDate="2019-12-23 00:00:00" CuryMultDiv="M" CuryRate="1.00000000" BaseCuryID="USD" RecipRate="1.00000000" BaseCalc="1" />
		<row CuryInfoID="664030" CuryID="USD" CuryEffDate="2019-12-23 00:00:00" CuryMultDiv="M" CuryRate="1.00000000" BaseCuryID="USD" RecipRate="1.00000000" BaseCalc="0" />
		<row CuryInfoID="664031" CuryID="USD" CuryEffDate="2019-12-23 00:00:00" CuryMultDiv="M" CuryRate="1.00000000" BaseCuryID="USD" RecipRate="1.00000000" BaseCalc="1" />
		<row CuryInfoID="664032" CuryID="USD" CuryEffDate="2019-12-23 00:00:00" CuryMultDiv="M" CuryRate="1.00000000" BaseCuryID="USD" RecipRate="1.00000000" BaseCalc="1" />
		<row CuryInfoID="664033" CuryID="USD" CuryEffDate="2019-12-23 00:00:00" CuryMultDiv="M" CuryRate="1.00000000" BaseCuryID="USD" RecipRate="1.00000000" BaseCalc="1" />
		<row CuryInfoID="664034" CuryID="USD" CuryEffDate="2019-12-23 00:00:00" CuryMultDiv="M" CuryRate="1.00000000" BaseCuryID="USD" RecipRate="1.00000000" BaseCalc="1" />
		<row CuryInfoID="664035" CuryID="USD" CuryEffDate="2019-12-23 00:00:00" CuryMultDiv="M" CuryRate="1.00000000" BaseCuryID="USD" RecipRate="1.00000000" BaseCalc="1" />
		<row CuryInfoID="664036" CuryID="USD" CuryEffDate="2019-12-23 00:00:00" CuryMultDiv="M" CuryRate="1.00000000" BaseCuryID="USD" RecipRate="1.00000000" BaseCalc="1" />
		<row CuryInfoID="664037" CuryID="USD" CuryEffDate="2019-12-23 00:00:00" CuryMultDiv="M" CuryRate="1.00000000" BaseCuryID="USD" RecipRate="1.00000000" BaseCalc="1" />
		<row CuryInfoID="664038" CuryID="USD" CuryEffDate="2019-12-23 00:00:00" CuryMultDiv="M" CuryRate="1.00000000" BaseCuryID="USD" RecipRate="1.00000000" BaseCalc="1" />
		<row CuryInfoID="664039" CuryID="USD" CuryEffDate="2019-12-23 00:00:00" CuryMultDiv="M" CuryRate="1.00000000" BaseCuryID="USD" RecipRate="1.00000000" BaseCalc="1" />
		<row CuryInfoID="664040" CuryID="USD" CuryEffDate="2019-12-23 00:00:00" CuryMultDiv="M" CuryRate="1.00000000" BaseCuryID="USD" RecipRate="1.00000000" BaseCalc="0" />
		<row CuryInfoID="664041" CuryID="USD" CuryEffDate="2019-12-23 00:00:00" CuryMultDiv="M" CuryRate="1.00000000" BaseCuryID="USD" RecipRate="1.00000000" BaseCalc="1" />
		<row CuryInfoID="664042" CuryID="USD" CuryEffDate="2019-12-23 00:00:00" CuryMultDiv="M" CuryRate="1.00000000" BaseCuryID="USD" RecipRate="1.00000000" BaseCalc="1" />
		<row CuryInfoID="664043" CuryID="USD" CuryEffDate="2019-12-23 00:00:00" CuryMultDiv="M" CuryRate="1.00000000" BaseCuryID="USD" RecipRate="1.00000000" BaseCalc="1" />
		<row CuryInfoID="664044" CuryID="USD" CuryEffDate="2019-12-23 00:00:00" CuryMultDiv="M" CuryRate="1.00000000" BaseCuryID="USD" RecipRate="1.00000000" BaseCalc="1" />
		<row CuryInfoID="664045" CuryID="USD" CuryEffDate="2019-12-23 00:00:00" CuryMultDiv="M" CuryRate="1.00000000" BaseCuryID="USD" RecipRate="1.00000000" BaseCalc="1" />
		<row CuryInfoID="664046" CuryID="USD" CuryEffDate="2019-12-23 00:00:00" CuryMultDiv="M" CuryRate="1.00000000" BaseCuryID="USD" RecipRate="1.00000000" BaseCalc="1" />
		<row CuryInfoID="664047" CuryID="USD" CuryEffDate="2019-12-23 00:00:00" CuryMultDiv="M" CuryRate="1.00000000" BaseCuryID="USD" RecipRate="1.00000000" BaseCalc="1" />
		<row CuryInfoID="664048" CuryID="USD" CuryEffDate="2019-12-23 00:00:00" CuryMultDiv="M" CuryRate="1.00000000" BaseCuryID="USD" RecipRate="1.00000000" BaseCalc="1" />
		<row CuryInfoID="664049" CuryID="USD" CuryEffDate="2019-12-23 00:00:00" CuryMultDiv="M" CuryRate="1.00000000" BaseCuryID="USD" RecipRate="1.00000000" BaseCalc="1" />
		<row CuryInfoID="664050" CuryID="USD" CuryEffDate="2019-12-23 00:00:00" CuryMultDiv="M" CuryRate="1.00000000" BaseCuryID="USD" RecipRate="1.00000000" BaseCalc="1" />
		<row CuryInfoID="664051" CuryID="USD" CuryEffDate="2019-12-23 00:00:00" CuryMultDiv="M" CuryRate="1.00000000" BaseCuryID="USD" RecipRate="1.00000000" BaseCalc="1" />
		<row CuryInfoID="664052" CuryID="USD" CuryEffDate="2019-12-24 00:00:00" CuryMultDiv="M" CuryRate="1.00000000" BaseCuryID="USD" RecipRate="1.00000000" BaseCalc="1" />
		<row CuryInfoID="664053" CuryID="USD" CuryEffDate="2019-12-24 00:00:00" CuryMultDiv="M" CuryRate="1.00000000" BaseCuryID="USD" RecipRate="1.00000000" BaseCalc="1" />
		<row CuryInfoID="664054" CuryID="USD" CuryEffDate="2019-12-24 00:00:00" CuryMultDiv="M" CuryRate="1.00000000" BaseCuryID="USD" RecipRate="1.00000000" BaseCalc="1" />
		<row CuryInfoID="664055" CuryID="USD" CuryEffDate="2019-12-23 00:00:00" CuryMultDiv="M" CuryRate="1.00000000" BaseCuryID="USD" RecipRate="1.00000000" BaseCalc="1" />
		<row CuryInfoID="664056" CuryID="USD" CuryEffDate="2019-12-23 00:00:00" CuryMultDiv="M" CuryRate="1.00000000" BaseCuryID="USD" RecipRate="1.00000000" BaseCalc="1" />
		<row CuryInfoID="664057" CuryID="USD" CuryEffDate="2019-12-23 00:00:00" CuryMultDiv="M" CuryRate="1.00000000" BaseCuryID="USD" RecipRate="1.00000000" BaseCalc="1" />
		<row CuryInfoID="664058" CuryID="USD" CuryEffDate="2019-12-23 00:00:00" CuryMultDiv="M" CuryRate="1.00000000" BaseCuryID="USD" RecipRate="1.00000000" BaseCalc="1" />
		<row CuryInfoID="664059" CuryID="USD" CuryEffDate="2019-12-23 00:00:00" CuryMultDiv="M" CuryRate="1.00000000" BaseCuryID="USD" RecipRate="1.00000000" BaseCalc="1" />
		<row CuryInfoID="664060" CuryID="USD" CuryEffDate="2019-12-24 00:00:00" CuryMultDiv="M" CuryRate="1.00000000" BaseCuryID="USD" RecipRate="1.00000000" BaseCalc="1" />
		<row CuryInfoID="664061" CuryID="USD" CuryEffDate="2019-12-24 00:00:00" CuryMultDiv="M" CuryRate="1.00000000" BaseCuryID="USD" RecipRate="1.00000000" BaseCalc="1" />
		<row CuryInfoID="664062" CuryID="USD" CuryEffDate="2019-12-24 00:00:00" CuryMultDiv="M" CuryRate="1.00000000" BaseCuryID="USD" RecipRate="1.00000000" BaseCalc="1" />
		<row CuryInfoID="664063" CuryID="USD" CuryEffDate="2019-12-24 00:00:00" CuryMultDiv="M" CuryRate="1.00000000" BaseCuryID="USD" RecipRate="1.00000000" BaseCalc="1" />
		<row CuryInfoID="664064" CuryID="USD" CuryEffDate="2019-12-24 00:00:00" CuryMultDiv="M" CuryRate="1.00000000" BaseCuryID="USD" RecipRate="1.00000000" BaseCalc="1" />
		<row CuryInfoID="664065" CuryID="USD" CuryEffDate="2019-12-24 00:00:00" CuryMultDiv="M" CuryRate="1.00000000" BaseCuryID="USD" RecipRate="1.00000000" BaseCalc="1" />
		<row CuryInfoID="664066" CuryID="USD" CuryEffDate="2019-12-24 00:00:00" CuryMultDiv="M" CuryRate="1.00000000" BaseCuryID="USD" RecipRate="1.00000000" BaseCalc="1" />
		<row CuryInfoID="664067" CuryID="USD" CuryEffDate="2019-12-24 00:00:00" CuryMultDiv="M" CuryRate="1.00000000" BaseCuryID="USD" RecipRate="1.00000000" BaseCalc="0" />
		<row CuryInfoID="664068" CuryID="USD" CuryEffDate="2019-12-24 00:00:00" CuryMultDiv="M" CuryRate="1.00000000" BaseCuryID="USD" RecipRate="1.00000000" BaseCalc="1" />
		<row CuryInfoID="664069" CuryID="USD" CuryEffDate="2019-12-24 00:00:00" CuryMultDiv="M" CuryRate="1.00000000" BaseCuryID="USD" RecipRate="1.00000000" BaseCalc="1" />
		<row CuryInfoID="664070" CuryID="USD" CuryEffDate="2019-12-24 00:00:00" CuryMultDiv="M" CuryRate="1.00000000" BaseCuryID="USD" RecipRate="1.00000000" BaseCalc="0" />
		<row CuryInfoID="664071" CuryID="USD" CuryEffDate="2019-12-24 00:00:00" CuryMultDiv="M" CuryRate="1.00000000" BaseCuryID="USD" RecipRate="1.00000000" BaseCalc="1" />
		<row CuryInfoID="664072" CuryID="USD" CuryEffDate="2019-12-24 00:00:00" CuryMultDiv="M" CuryRate="1.00000000" BaseCuryID="USD" RecipRate="1.00000000" BaseCalc="1" />
		<row CuryInfoID="664073" CuryID="USD" CuryEffDate="2019-12-24 00:00:00" CuryMultDiv="M" CuryRate="1.00000000" BaseCuryID="USD" RecipRate="1.00000000" BaseCalc="0" />
		<row CuryInfoID="664074" CuryID="USD" CuryEffDate="2019-12-23 00:00:00" CuryMultDiv="M" CuryRate="1.00000000" BaseCuryID="USD" RecipRate="1.00000000" BaseCalc="1" />
		<row CuryInfoID="664075" CuryID="USD" CuryEffDate="2019-12-23 00:00:00" CuryMultDiv="M" CuryRate="1.00000000" BaseCuryID="USD" RecipRate="1.00000000" BaseCalc="1" />
		<row CuryInfoID="664076" CuryID="USD" CuryEffDate="2019-12-23 00:00:00" CuryMultDiv="M" CuryRate="1.00000000" BaseCuryID="USD" RecipRate="1.00000000" BaseCalc="1" />
		<row CuryInfoID="664077" CuryID="USD" CuryEffDate="2019-12-23 00:00:00" CuryMultDiv="M" CuryRate="1.00000000" BaseCuryID="USD" RecipRate="1.00000000" BaseCalc="1" />
		<row CuryInfoID="664078" CuryID="USD" CuryEffDate="2019-12-23 00:00:00" CuryMultDiv="M" CuryRate="1.00000000" BaseCuryID="USD" RecipRate="1.00000000" BaseCalc="1" />
		<row CuryInfoID="664079" CuryID="USD" CuryEffDate="2019-12-24 00:00:00" CuryMultDiv="M" CuryRate="1.00000000" BaseCuryID="USD" RecipRate="1.00000000" BaseCalc="1" />
		<row CuryInfoID="664080" CuryID="USD" CuryEffDate="2019-12-24 00:00:00" CuryMultDiv="M" CuryRate="1.00000000" BaseCuryID="USD" RecipRate="1.00000000" BaseCalc="1" />
		<row CuryInfoID="664081" CuryID="USD" CuryEffDate="2019-12-24 00:00:00" CuryMultDiv="M" CuryRate="1.00000000" BaseCuryID="USD" RecipRate="1.00000000" BaseCalc="1" />
		<row CuryInfoID="664082" CuryID="USD" CuryEffDate="2019-12-24 00:00:00" CuryMultDiv="M" CuryRate="1.00000000" BaseCuryID="USD" RecipRate="1.00000000" BaseCalc="1" />
		<row CuryInfoID="664083" CuryID="USD" CuryEffDate="2019-12-24 00:00:00" CuryMultDiv="M" CuryRate="1.00000000" BaseCuryID="USD" RecipRate="1.00000000" BaseCalc="1" />
		<row CuryInfoID="664084" CuryID="USD" CuryEffDate="2019-12-24 00:00:00" CuryMultDiv="M" CuryRate="1.00000000" BaseCuryID="USD" RecipRate="1.00000000" BaseCalc="0" />
		<row CuryInfoID="664085" CuryID="USD" CuryEffDate="2019-12-23 00:00:00" CuryMultDiv="M" CuryRate="1.00000000" BaseCuryID="USD" RecipRate="1.00000000" BaseCalc="1" />
		<row CuryInfoID="664086" CuryID="USD" CuryEffDate="2019-12-23 00:00:00" CuryMultDiv="M" CuryRate="1.00000000" BaseCuryID="USD" RecipRate="1.00000000" BaseCalc="1" />
		<row CuryInfoID="664087" CuryID="USD" CuryEffDate="2019-12-23 00:00:00" CuryMultDiv="M" CuryRate="1.00000000" BaseCuryID="USD" RecipRate="1.00000000" BaseCalc="1" />
		<row CuryInfoID="664088" CuryID="USD" CuryEffDate="2019-12-23 00:00:00" CuryMultDiv="M" CuryRate="1.00000000" BaseCuryID="USD" RecipRate="1.00000000" BaseCalc="1" />
		<row CuryInfoID="664089" CuryID="USD" CuryEffDate="2019-12-23 00:00:00" CuryMultDiv="M" CuryRate="1.00000000" BaseCuryID="USD" RecipRate="1.00000000" BaseCalc="1" />
		<row CuryInfoID="664090" CuryID="USD" CuryEffDate="2019-12-24 00:00:00" CuryMultDiv="M" CuryRate="1.00000000" BaseCuryID="USD" RecipRate="1.00000000" BaseCalc="1" />
		<row CuryInfoID="664091" CuryID="USD" CuryEffDate="2019-12-24 00:00:00" CuryMultDiv="M" CuryRate="1.00000000" BaseCuryID="USD" RecipRate="1.00000000" BaseCalc="1" />
		<row CuryInfoID="664092" CuryID="USD" CuryEffDate="2019-12-24 00:00:00" CuryMultDiv="M" CuryRate="1.00000000" BaseCuryID="USD" RecipRate="1.00000000" BaseCalc="1" />
		<row CuryInfoID="664093" CuryID="USD" CuryEffDate="2019-12-24 00:00:00" CuryMultDiv="M" CuryRate="1.00000000" BaseCuryID="USD" RecipRate="1.00000000" BaseCalc="1" />
		<row CuryInfoID="664094" CuryID="USD" CuryEffDate="2019-12-24 00:00:00" CuryMultDiv="M" CuryRate="1.00000000" BaseCuryID="USD" RecipRate="1.00000000" BaseCalc="1" />
		<row CuryInfoID="664095" CuryID="USD" CuryEffDate="2019-12-24 00:00:00" CuryMultDiv="M" CuryRate="1.00000000" BaseCuryID="USD" RecipRate="1.00000000" BaseCalc="0" />
		<row CuryInfoID="664096" CuryID="USD" CuryEffDate="2019-12-23 00:00:00" CuryMultDiv="M" CuryRate="1.00000000" BaseCuryID="USD" RecipRate="1.00000000" BaseCalc="1" />
		<row CuryInfoID="664097" CuryID="USD" CuryEffDate="2019-12-23 00:00:00" CuryMultDiv="M" CuryRate="1.00000000" BaseCuryID="USD" RecipRate="1.00000000" BaseCalc="1" />
		<row CuryInfoID="664098" CuryID="USD" CuryEffDate="2019-12-23 00:00:00" CuryMultDiv="M" CuryRate="1.00000000" BaseCuryID="USD" RecipRate="1.00000000" BaseCalc="1" />
		<row CuryInfoID="664099" CuryID="USD" CuryEffDate="2019-12-23 00:00:00" CuryMultDiv="M" CuryRate="1.00000000" BaseCuryID="USD" RecipRate="1.00000000" BaseCalc="1" />
		<row CuryInfoID="664100" CuryID="USD" CuryEffDate="2019-12-24 00:00:00" CuryMultDiv="M" CuryRate="1.00000000" BaseCuryID="USD" RecipRate="1.00000000" BaseCalc="1" />
		<row CuryInfoID="664101" CuryID="USD" CuryEffDate="2019-12-24 00:00:00" CuryMultDiv="M" CuryRate="1.00000000" BaseCuryID="USD" RecipRate="1.00000000" BaseCalc="1" />
		<row CuryInfoID="664102" CuryID="USD" CuryEffDate="2019-12-24 00:00:00" CuryMultDiv="M" CuryRate="1.00000000" BaseCuryID="USD" RecipRate="1.00000000" BaseCalc="0" />
		<row CuryInfoID="664103" CuryID="USD" CuryEffDate="2019-12-24 00:00:00" CuryMultDiv="M" CuryRate="1.00000000" BaseCuryID="USD" RecipRate="1.00000000" BaseCalc="1" />
		<row CuryInfoID="664104" CuryID="USD" CuryEffDate="2019-12-24 00:00:00" CuryMultDiv="M" CuryRate="1.00000000" BaseCuryID="USD" RecipRate="1.00000000" BaseCalc="1" />
		<row CuryInfoID="664105" CuryID="USD" CuryEffDate="2019-12-24 00:00:00" CuryMultDiv="M" CuryRate="1.00000000" BaseCuryID="USD" RecipRate="1.00000000" BaseCalc="0" />
		<row CuryInfoID="664106" CuryID="USD" CuryEffDate="2019-12-24 00:00:00" CuryMultDiv="M" CuryRate="1.00000000" BaseCuryID="USD" RecipRate="1.00000000" BaseCalc="1" />
		<row CuryInfoID="664107" CuryID="USD" CuryEffDate="2019-12-23 00:00:00" CuryMultDiv="M" CuryRate="1.00000000" BaseCuryID="USD" RecipRate="1.00000000" BaseCalc="1" />
		<row CuryInfoID="664108" CuryID="USD" CuryEffDate="2019-12-23 00:00:00" CuryMultDiv="M" CuryRate="1.00000000" BaseCuryID="USD" RecipRate="1.00000000" BaseCalc="1" />
		<row CuryInfoID="664109" CuryID="USD" CuryEffDate="2019-12-23 00:00:00" CuryMultDiv="M" CuryRate="1.00000000" BaseCuryID="USD" RecipRate="1.00000000" BaseCalc="1" />
		<row CuryInfoID="664110" CuryID="USD" CuryEffDate="2019-12-23 00:00:00" CuryMultDiv="M" CuryRate="1.00000000" BaseCuryID="USD" RecipRate="1.00000000" BaseCalc="1" />
		<row CuryInfoID="664111" CuryID="USD" CuryEffDate="2019-12-24 00:00:00" CuryMultDiv="M" CuryRate="1.00000000" BaseCuryID="USD" RecipRate="1.00000000" BaseCalc="1" />
		<row CuryInfoID="664112" CuryID="USD" CuryEffDate="2019-12-24 00:00:00" CuryMultDiv="M" CuryRate="1.00000000" BaseCuryID="USD" RecipRate="1.00000000" BaseCalc="1" />
		<row CuryInfoID="664113" CuryID="USD" CuryEffDate="2019-12-24 00:00:00" CuryMultDiv="M" CuryRate="1.00000000" BaseCuryID="USD" RecipRate="1.00000000" BaseCalc="1" />
		<row CuryInfoID="664114" CuryID="USD" CuryEffDate="2019-12-24 00:00:00" CuryMultDiv="M" CuryRate="1.00000000" BaseCuryID="USD" RecipRate="1.00000000" BaseCalc="1" />
		<row CuryInfoID="664115" CuryID="USD" CuryEffDate="2019-12-24 00:00:00" CuryMultDiv="M" CuryRate="1.00000000" BaseCuryID="USD" RecipRate="1.00000000" BaseCalc="1" />
		<row CuryInfoID="664116" CuryID="USD" CuryEffDate="2019-12-24 00:00:00" CuryMultDiv="M" CuryRate="1.00000000" BaseCuryID="USD" RecipRate="1.00000000" BaseCalc="0" />
		<row CuryInfoID="664117" CuryID="USD" CuryEffDate="2019-12-24 00:00:00" CuryMultDiv="M" CuryRate="1.00000000" BaseCuryID="USD" RecipRate="1.00000000" BaseCalc="1" />
		<row CuryInfoID="664118" CuryID="USD" CuryEffDate="2019-12-23 00:00:00" CuryMultDiv="M" CuryRate="1.00000000" BaseCuryID="USD" RecipRate="1.00000000" BaseCalc="1" />
		<row CuryInfoID="664119" CuryID="USD" CuryEffDate="2019-12-23 00:00:00" CuryMultDiv="M" CuryRate="1.00000000" BaseCuryID="USD" RecipRate="1.00000000" BaseCalc="1" />
		<row CuryInfoID="664120" CuryID="USD" CuryEffDate="2019-12-24 00:00:00" CuryMultDiv="M" CuryRate="1.00000000" BaseCuryID="USD" RecipRate="1.00000000" BaseCalc="1" />
		<row CuryInfoID="664121" CuryID="USD" CuryEffDate="2019-12-24 00:00:00" CuryMultDiv="M" CuryRate="1.00000000" BaseCuryID="USD" RecipRate="1.00000000" BaseCalc="1" />
		<row CuryInfoID="664122" CuryID="USD" CuryEffDate="2019-12-24 00:00:00" CuryMultDiv="M" CuryRate="1.00000000" BaseCuryID="USD" RecipRate="1.00000000" BaseCalc="1" />
		<row CuryInfoID="664123" CuryID="USD" CuryEffDate="2019-12-23 00:00:00" CuryMultDiv="M" CuryRate="1.00000000" BaseCuryID="USD" RecipRate="1.00000000" BaseCalc="1" />
		<row CuryInfoID="664124" CuryID="USD" CuryEffDate="2019-12-23 00:00:00" CuryMultDiv="M" CuryRate="1.00000000" BaseCuryID="USD" RecipRate="1.00000000" BaseCalc="1" />
		<row CuryInfoID="664125" CuryID="USD" CuryEffDate="2019-12-23 00:00:00" CuryMultDiv="M" CuryRate="1.00000000" BaseCuryID="USD" RecipRate="1.00000000" BaseCalc="1" />
		<row CuryInfoID="664126" CuryID="USD" CuryEffDate="2019-12-23 00:00:00" CuryMultDiv="M" CuryRate="1.00000000" BaseCuryID="USD" RecipRate="1.00000000" BaseCalc="1" />
		<row CuryInfoID="664127" CuryID="USD" CuryEffDate="2019-12-23 00:00:00" CuryMultDiv="M" CuryRate="1.00000000" BaseCuryID="USD" RecipRate="1.00000000" BaseCalc="1" />
		<row CuryInfoID="664128" CuryID="USD" CuryEffDate="2019-12-24 00:00:00" CuryMultDiv="M" CuryRate="1.00000000" BaseCuryID="USD" RecipRate="1.00000000" BaseCalc="1" />
		<row CuryInfoID="664129" CuryID="USD" CuryEffDate="2019-12-24 00:00:00" CuryMultDiv="M" CuryRate="1.00000000" BaseCuryID="USD" RecipRate="1.00000000" BaseCalc="1" />
		<row CuryInfoID="664130" CuryID="USD" CuryEffDate="2019-12-24 00:00:00" CuryMultDiv="M" CuryRate="1.00000000" BaseCuryID="USD" RecipRate="1.00000000" BaseCalc="1" />
		<row CuryInfoID="664131" CuryID="USD" CuryEffDate="2019-12-23 00:00:00" CuryMultDiv="M" CuryRate="1.00000000" BaseCuryID="USD" RecipRate="1.00000000" BaseCalc="1" />
		<row CuryInfoID="664132" CuryID="USD" CuryEffDate="2019-12-23 00:00:00" CuryMultDiv="M" CuryRate="1.00000000" BaseCuryID="USD" RecipRate="1.00000000" BaseCalc="1" />
		<row CuryInfoID="664133" CuryID="USD" CuryEffDate="2019-12-24 00:00:00" CuryMultDiv="M" CuryRate="1.00000000" BaseCuryID="USD" RecipRate="1.00000000" BaseCalc="1" />
		<row CuryInfoID="664134" CuryID="USD" CuryEffDate="2019-12-24 00:00:00" CuryMultDiv="M" CuryRate="1.00000000" BaseCuryID="USD" RecipRate="1.00000000" BaseCalc="1" />
		<row CuryInfoID="664135" CuryID="USD" CuryEffDate="2019-12-24 00:00:00" CuryMultDiv="M" CuryRate="1.00000000" BaseCuryID="USD" RecipRate="1.00000000" BaseCalc="1" />
		<row CuryInfoID="664136" CuryID="USD" CuryEffDate="2019-12-23 00:00:00" CuryMultDiv="M" CuryRate="1.00000000" BaseCuryID="USD" RecipRate="1.00000000" BaseCalc="1" />
		<row CuryInfoID="664137" CuryID="USD" CuryEffDate="2019-12-24 00:00:00" CuryMultDiv="M" CuryRate="1.00000000" BaseCuryID="USD" RecipRate="1.00000000" BaseCalc="1" />
		<row CuryInfoID="664138" CuryID="USD" CuryEffDate="2019-12-23 00:00:00" CuryMultDiv="M" CuryRate="1.00000000" BaseCuryID="USD" RecipRate="1.00000000" BaseCalc="1" />
		<row CuryInfoID="664139" CuryID="USD" CuryEffDate="2019-12-24 00:00:00" CuryMultDiv="M" CuryRate="1.00000000" BaseCuryID="USD" RecipRate="1.00000000" BaseCalc="1" />
		<row CuryInfoID="664140" CuryID="USD" CuryEffDate="2019-12-23 00:00:00" CuryMultDiv="M" CuryRate="1.00000000" BaseCuryID="USD" RecipRate="1.00000000" BaseCalc="1" />
		<row CuryInfoID="664141" CuryID="USD" CuryEffDate="2019-12-24 00:00:00" CuryMultDiv="M" CuryRate="1.00000000" BaseCuryID="USD" RecipRate="1.00000000" BaseCalc="1" />
		<row CuryInfoID="664142" CuryID="USD" CuryEffDate="2019-12-24 00:00:00" CuryMultDiv="M" CuryRate="1.00000000" BaseCuryID="USD" RecipRate="1.00000000" BaseCalc="1" />
		<row CuryInfoID="664143" CuryID="USD" CuryEffDate="2019-12-24 00:00:00" CuryMultDiv="M" CuryRate="1.00000000" BaseCuryID="USD" RecipRate="1.00000000" BaseCalc="1" />
		<row CuryInfoID="664144" CuryID="USD" CuryEffDate="2019-12-23 00:00:00" CuryMultDiv="M" CuryRate="1.00000000" BaseCuryID="USD" RecipRate="1.00000000" BaseCalc="1" />
		<row CuryInfoID="664145" CuryID="USD" CuryEffDate="2019-12-23 00:00:00" CuryMultDiv="M" CuryRate="1.00000000" BaseCuryID="USD" RecipRate="1.00000000" BaseCalc="1" />
		<row CuryInfoID="664146" CuryID="USD" CuryEffDate="2019-12-23 00:00:00" CuryMultDiv="M" CuryRate="1.00000000" BaseCuryID="USD" RecipRate="1.00000000" BaseCalc="1" />
		<row CuryInfoID="664147" CuryID="USD" CuryEffDate="2019-12-23 00:00:00" CuryMultDiv="M" CuryRate="1.00000000" BaseCuryID="USD" RecipRate="1.00000000" BaseCalc="1" />
		<row CuryInfoID="664148" CuryID="USD" CuryEffDate="2019-12-31 00:00:00" CuryMultDiv="M" CuryRate="1.00000000" BaseCuryID="USD" RecipRate="1.00000000" BaseCalc="1" />
		<row CuryInfoID="664149" CuryID="USD" CuryEffDate="2019-12-31 00:00:00" CuryMultDiv="M" CuryRate="1.00000000" BaseCuryID="USD" RecipRate="1.00000000" BaseCalc="1" />
		<row CuryInfoID="664150" CuryID="USD" CuryEffDate="2020-01-06 00:00:00" CuryMultDiv="M" CuryRate="1.00000000" BaseCuryID="USD" RecipRate="1.00000000" BaseCalc="1" />
	</rows>
</data>