﻿<?xml version="1.0" encoding="utf-8"?>
<data>
	<table name="CuryGLHistory">
		<col name="LedgerID" type="Int" />
		<col name="BranchID" type="Int" />
		<col name="CompanyID" type="Int" default="Zero" />
		<col name="AccountID" type="Int" />
		<col name="SubID" type="Int" />
		<col name="CuryID" type="NVarChar(5)" />
		<col name="BalanceType" type="Char(1)" />
		<col name="BaseCuryID" type="NVarChar(5)" />
		<col name="FinPtdCredit" type="Decimal(19,4)" />
		<col name="FinPtdDebit" type="Decimal(19,4)" />
		<col name="FinYtdBalance" type="Decimal(19,4)" />
		<col name="FinBegBalance" type="Decimal(19,4)" />
		<col name="CuryFinPtdCredit" type="Decimal(19,4)" />
		<col name="CuryFinPtdDebit" type="Decimal(19,4)" />
		<col name="CuryFinYtdBalance" type="Decimal(19,4)" />
		<col name="CuryFinBegBalance" type="Decimal(19,4)" />
		<col name="TranPtdCredit" type="Decimal(19,4)" />
		<col name="TranPtdDebit" type="Decimal(19,4)" />
		<col name="TranYtdBalance" type="Decimal(19,4)" />
		<col name="TranBegBalance" type="Decimal(19,4)" />
		<col name="CuryTranPtdCredit" type="Decimal(19,4)" />
		<col name="CuryTranPtdDebit" type="Decimal(19,4)" />
		<col name="CuryTranYtdBalance" type="Decimal(19,4)" />
		<col name="CuryTranBegBalance" type="Decimal(19,4)" />
		<col name="tstamp" type="Timestamp" />
		<col name="FinPeriodID" type="Char(6)" />
		<col name="DetDeleted" type="Bit" />
	</table>
	<rows>
		<row LedgerID="1" BranchID="1" AccountID="1" SubID="1" CuryID="USD" BalanceType="A" BaseCuryID="USD" FinPtdCredit="10965.0000" FinPtdDebit="27000.0000" FinYtdBalance="16035.0000" FinBegBalance="0.0000" CuryFinPtdCredit="10965.0000" CuryFinPtdDebit="27000.0000" CuryFinYtdBalance="16035.0000" CuryFinBegBalance="0.0000" TranPtdCredit="10965.0000" TranPtdDebit="27000.0000" TranYtdBalance="16035.0000" TranBegBalance="0.0000" CuryTranPtdCredit="10965.0000" CuryTranPtdDebit="27000.0000" CuryTranYtdBalance="16035.0000" CuryTranBegBalance="0.0000" FinPeriodID="201312" DetDeleted="0" />
		<row LedgerID="1" BranchID="1" AccountID="1" SubID="1" CuryID="USD" BalanceType="A" BaseCuryID="USD" FinPtdCredit="2045.0000" FinPtdDebit="0.0000" FinYtdBalance="13990.0000" FinBegBalance="16035.0000" CuryFinPtdCredit="2045.0000" CuryFinPtdDebit="0.0000" CuryFinYtdBalance="13990.0000" CuryFinBegBalance="16035.0000" TranPtdCredit="2045.0000" TranPtdDebit="0.0000" TranYtdBalance="13990.0000" TranBegBalance="16035.0000" CuryTranPtdCredit="2045.0000" CuryTranPtdDebit="0.0000" CuryTranYtdBalance="13990.0000" CuryTranBegBalance="16035.0000" FinPeriodID="201401" DetDeleted="0" />
		<row LedgerID="1" BranchID="1" AccountID="1" SubID="1" CuryID="USD" BalanceType="A" BaseCuryID="USD" FinPtdCredit="5000.0000" FinPtdDebit="800.0000" FinYtdBalance="9790.0000" FinBegBalance="13990.0000" CuryFinPtdCredit="5000.0000" CuryFinPtdDebit="800.0000" CuryFinYtdBalance="9790.0000" CuryFinBegBalance="13990.0000" TranPtdCredit="5000.0000" TranPtdDebit="800.0000" TranYtdBalance="9790.0000" TranBegBalance="13990.0000" CuryTranPtdCredit="5000.0000" CuryTranPtdDebit="800.0000" CuryTranYtdBalance="9790.0000" CuryTranBegBalance="13990.0000" FinPeriodID="201402" DetDeleted="0" />
		<row LedgerID="1" BranchID="1" AccountID="1" SubID="1" CuryID="USD" BalanceType="A" BaseCuryID="USD" FinPtdCredit="440.0000" FinPtdDebit="2110.0000" FinYtdBalance="11460.0000" FinBegBalance="9790.0000" CuryFinPtdCredit="440.0000" CuryFinPtdDebit="2110.0000" CuryFinYtdBalance="11460.0000" CuryFinBegBalance="9790.0000" TranPtdCredit="440.0000" TranPtdDebit="2110.0000" TranYtdBalance="11460.0000" TranBegBalance="9790.0000" CuryTranPtdCredit="440.0000" CuryTranPtdDebit="2110.0000" CuryTranYtdBalance="11460.0000" CuryTranBegBalance="9790.0000" FinPeriodID="201403" DetDeleted="0" />
		<row LedgerID="1" BranchID="1" AccountID="1" SubID="1" CuryID="USD" BalanceType="A" BaseCuryID="USD" FinPtdCredit="0.0000" FinPtdDebit="59.9000" FinYtdBalance="11519.9000" FinBegBalance="11460.0000" CuryFinPtdCredit="0.0000" CuryFinPtdDebit="59.9000" CuryFinYtdBalance="11519.9000" CuryFinBegBalance="11460.0000" TranPtdCredit="0.0000" TranPtdDebit="59.9000" TranYtdBalance="11519.9000" TranBegBalance="11460.0000" CuryTranPtdCredit="0.0000" CuryTranPtdDebit="59.9000" CuryTranYtdBalance="11519.9000" CuryTranBegBalance="11460.0000" FinPeriodID="201404" DetDeleted="0" />
		<row LedgerID="1" BranchID="1" AccountID="2" SubID="1" CuryID="USD" BalanceType="A" BaseCuryID="USD" FinPtdCredit="1000.0000" FinPtdDebit="0.0000" FinYtdBalance="1000.0000" FinBegBalance="0.0000" CuryFinPtdCredit="1000.0000" CuryFinPtdDebit="0.0000" CuryFinYtdBalance="1000.0000" CuryFinBegBalance="0.0000" TranPtdCredit="1000.0000" TranPtdDebit="0.0000" TranYtdBalance="1000.0000" TranBegBalance="0.0000" CuryTranPtdCredit="1000.0000" CuryTranPtdDebit="0.0000" CuryTranYtdBalance="1000.0000" CuryTranBegBalance="0.0000" FinPeriodID="201312" DetDeleted="0" />
		<row LedgerID="1" BranchID="1" AccountID="2" SubID="1" CuryID="USD" BalanceType="A" BaseCuryID="USD" FinPtdCredit="0.0000" FinPtdDebit="1000.0000" FinYtdBalance="0.0000" FinBegBalance="1000.0000" CuryFinPtdCredit="0.0000" CuryFinPtdDebit="1000.0000" CuryFinYtdBalance="0.0000" CuryFinBegBalance="1000.0000" TranPtdCredit="0.0000" TranPtdDebit="1000.0000" TranYtdBalance="0.0000" TranBegBalance="1000.0000" CuryTranPtdCredit="0.0000" CuryTranPtdDebit="1000.0000" CuryTranYtdBalance="0.0000" CuryTranBegBalance="1000.0000" FinPeriodID="201401" DetDeleted="0" />
		<row LedgerID="1" BranchID="1" AccountID="3" SubID="1" CuryID="USD" BalanceType="A" BaseCuryID="USD" FinPtdCredit="5000.0000" FinPtdDebit="0.0000" FinYtdBalance="5000.0000" FinBegBalance="0.0000" CuryFinPtdCredit="5000.0000" CuryFinPtdDebit="0.0000" CuryFinYtdBalance="5000.0000" CuryFinBegBalance="0.0000" TranPtdCredit="5000.0000" TranPtdDebit="0.0000" TranYtdBalance="5000.0000" TranBegBalance="0.0000" CuryTranPtdCredit="5000.0000" CuryTranPtdDebit="0.0000" CuryTranYtdBalance="5000.0000" CuryTranBegBalance="0.0000" FinPeriodID="201312" DetDeleted="0" />
		<row LedgerID="1" BranchID="1" AccountID="4" SubID="1" CuryID="USD" BalanceType="A" BaseCuryID="USD" FinPtdCredit="10000.0000" FinPtdDebit="0.0000" FinYtdBalance="10000.0000" FinBegBalance="0.0000" CuryFinPtdCredit="10000.0000" CuryFinPtdDebit="0.0000" CuryFinYtdBalance="10000.0000" CuryFinBegBalance="0.0000" TranPtdCredit="10000.0000" TranPtdDebit="0.0000" TranYtdBalance="10000.0000" TranBegBalance="0.0000" CuryTranPtdCredit="10000.0000" CuryTranPtdDebit="0.0000" CuryTranYtdBalance="10000.0000" CuryTranBegBalance="0.0000" FinPeriodID="201312" DetDeleted="0" />
		<row LedgerID="1" BranchID="1" AccountID="5" SubID="1" CuryID="USD" BalanceType="A" BaseCuryID="USD" FinPtdCredit="12000.0000" FinPtdDebit="6000.0000" FinYtdBalance="6000.0000" FinBegBalance="0.0000" CuryFinPtdCredit="12000.0000" CuryFinPtdDebit="6000.0000" CuryFinYtdBalance="6000.0000" CuryFinBegBalance="0.0000" TranPtdCredit="12000.0000" TranPtdDebit="6000.0000" TranYtdBalance="6000.0000" TranBegBalance="0.0000" CuryTranPtdCredit="12000.0000" CuryTranPtdDebit="6000.0000" CuryTranYtdBalance="6000.0000" CuryTranBegBalance="0.0000" FinPeriodID="201312" DetDeleted="0" />
		<row LedgerID="1" BranchID="1" AccountID="5" SubID="1" CuryID="USD" BalanceType="A" BaseCuryID="USD" FinPtdCredit="2600.0000" FinPtdDebit="0.0000" FinYtdBalance="2600.0000" FinBegBalance="0.0000" CuryFinPtdCredit="2600.0000" CuryFinPtdDebit="0.0000" CuryFinYtdBalance="2600.0000" CuryFinBegBalance="0.0000" TranPtdCredit="2600.0000" TranPtdDebit="0.0000" TranYtdBalance="2600.0000" TranBegBalance="0.0000" CuryTranPtdCredit="2600.0000" CuryTranPtdDebit="0.0000" CuryTranYtdBalance="2600.0000" CuryTranBegBalance="0.0000" FinPeriodID="201402" DetDeleted="0" />
		<row LedgerID="1" BranchID="1" AccountID="5" SubID="1" CuryID="USD" BalanceType="A" BaseCuryID="USD" FinPtdCredit="180.0000" FinPtdDebit="80.0000" FinYtdBalance="2700.0000" FinBegBalance="2600.0000" CuryFinPtdCredit="180.0000" CuryFinPtdDebit="80.0000" CuryFinYtdBalance="2700.0000" CuryFinBegBalance="2600.0000" TranPtdCredit="180.0000" TranPtdDebit="80.0000" TranYtdBalance="2700.0000" TranBegBalance="2600.0000" CuryTranPtdCredit="180.0000" CuryTranPtdDebit="80.0000" CuryTranYtdBalance="2700.0000" CuryTranBegBalance="2600.0000" FinPeriodID="201403" DetDeleted="0" />
		<row LedgerID="1" BranchID="1" AccountID="6" SubID="1" CuryID="USD" BalanceType="A" BaseCuryID="USD" FinPtdCredit="0.0000" FinPtdDebit="15.0000" FinYtdBalance="15.0000" FinBegBalance="0.0000" CuryFinPtdCredit="0.0000" CuryFinPtdDebit="15.0000" CuryFinYtdBalance="15.0000" CuryFinBegBalance="0.0000" TranPtdCredit="0.0000" TranPtdDebit="15.0000" TranYtdBalance="15.0000" TranBegBalance="0.0000" CuryTranPtdCredit="0.0000" CuryTranPtdDebit="15.0000" CuryTranYtdBalance="15.0000" CuryTranBegBalance="0.0000" FinPeriodID="201312" DetDeleted="0" />
		<row LedgerID="1" BranchID="1" AccountID="7" SubID="1" CuryID="USD" BalanceType="A" BaseCuryID="USD" FinPtdCredit="0.0000" FinPtdDebit="4500.0000" FinYtdBalance="4500.0000" FinBegBalance="0.0000" CuryFinPtdCredit="0.0000" CuryFinPtdDebit="4500.0000" CuryFinYtdBalance="4500.0000" CuryFinBegBalance="0.0000" TranPtdCredit="0.0000" TranPtdDebit="4500.0000" TranYtdBalance="4500.0000" TranBegBalance="0.0000" CuryTranPtdCredit="0.0000" CuryTranPtdDebit="4500.0000" CuryTranYtdBalance="4500.0000" CuryTranBegBalance="0.0000" FinPeriodID="201312" DetDeleted="0" />
		<row LedgerID="1" BranchID="1" AccountID="8" SubID="1" CuryID="USD" BalanceType="A" BaseCuryID="USD" FinPtdCredit="0.0000" FinPtdDebit="1000.0000" FinYtdBalance="1000.0000" FinBegBalance="0.0000" CuryFinPtdCredit="0.0000" CuryFinPtdDebit="1000.0000" CuryFinYtdBalance="1000.0000" CuryFinBegBalance="0.0000" TranPtdCredit="0.0000" TranPtdDebit="1000.0000" TranYtdBalance="1000.0000" TranBegBalance="0.0000" CuryTranPtdCredit="0.0000" CuryTranPtdDebit="1000.0000" CuryTranYtdBalance="1000.0000" CuryTranBegBalance="0.0000" FinPeriodID="201312" DetDeleted="0" />
		<row LedgerID="1" BranchID="1" AccountID="8" SubID="1" CuryID="USD" BalanceType="A" BaseCuryID="USD" FinPtdCredit="1000.0000" FinPtdDebit="2000.0000" FinYtdBalance="1000.0000" FinBegBalance="0.0000" CuryFinPtdCredit="1000.0000" CuryFinPtdDebit="2000.0000" CuryFinYtdBalance="1000.0000" CuryFinBegBalance="0.0000" TranPtdCredit="1000.0000" TranPtdDebit="2000.0000" TranYtdBalance="1000.0000" TranBegBalance="0.0000" CuryTranPtdCredit="1000.0000" CuryTranPtdDebit="2000.0000" CuryTranYtdBalance="1000.0000" CuryTranBegBalance="0.0000" FinPeriodID="201401" DetDeleted="0" />
		<row LedgerID="1" BranchID="1" AccountID="9" SubID="1" CuryID="USD" BalanceType="A" BaseCuryID="USD" FinPtdCredit="0.0000" FinPtdDebit="250.0000" FinYtdBalance="250.0000" FinBegBalance="0.0000" CuryFinPtdCredit="0.0000" CuryFinPtdDebit="250.0000" CuryFinYtdBalance="250.0000" CuryFinBegBalance="0.0000" TranPtdCredit="0.0000" TranPtdDebit="250.0000" TranYtdBalance="250.0000" TranBegBalance="0.0000" CuryTranPtdCredit="0.0000" CuryTranPtdDebit="250.0000" CuryTranYtdBalance="250.0000" CuryTranBegBalance="0.0000" FinPeriodID="201312" DetDeleted="0" />
		<row LedgerID="1" BranchID="1" AccountID="9" SubID="1" CuryID="USD" BalanceType="A" BaseCuryID="USD" FinPtdCredit="0.0000" FinPtdDebit="30.0000" FinYtdBalance="30.0000" FinBegBalance="0.0000" CuryFinPtdCredit="0.0000" CuryFinPtdDebit="30.0000" CuryFinYtdBalance="30.0000" CuryFinBegBalance="0.0000" TranPtdCredit="0.0000" TranPtdDebit="30.0000" TranYtdBalance="30.0000" TranBegBalance="0.0000" CuryTranPtdCredit="0.0000" CuryTranPtdDebit="30.0000" CuryTranYtdBalance="30.0000" CuryTranBegBalance="0.0000" FinPeriodID="201401" DetDeleted="0" />
		<row LedgerID="1" BranchID="1" AccountID="9" SubID="1" CuryID="USD" BalanceType="A" BaseCuryID="USD" FinPtdCredit="10.0000" FinPtdDebit="0.0000" FinYtdBalance="20.0000" FinBegBalance="30.0000" CuryFinPtdCredit="10.0000" CuryFinPtdDebit="0.0000" CuryFinYtdBalance="20.0000" CuryFinBegBalance="30.0000" TranPtdCredit="10.0000" TranPtdDebit="0.0000" TranYtdBalance="20.0000" TranBegBalance="30.0000" CuryTranPtdCredit="10.0000" CuryTranPtdDebit="0.0000" CuryTranYtdBalance="20.0000" CuryTranBegBalance="30.0000" FinPeriodID="201403" DetDeleted="0" />
		<row LedgerID="1" BranchID="1" AccountID="10" SubID="1" CuryID="USD" BalanceType="A" BaseCuryID="USD" FinPtdCredit="0.0000" FinPtdDebit="200.0000" FinYtdBalance="200.0000" FinBegBalance="0.0000" CuryFinPtdCredit="0.0000" CuryFinPtdDebit="200.0000" CuryFinYtdBalance="200.0000" CuryFinBegBalance="0.0000" TranPtdCredit="0.0000" TranPtdDebit="200.0000" TranYtdBalance="200.0000" TranBegBalance="0.0000" CuryTranPtdCredit="0.0000" CuryTranPtdDebit="200.0000" CuryTranYtdBalance="200.0000" CuryTranBegBalance="0.0000" FinPeriodID="201312" DetDeleted="0" />
		<row LedgerID="1" BranchID="1" AccountID="10" SubID="1" CuryID="USD" BalanceType="A" BaseCuryID="USD" FinPtdCredit="0.0000" FinPtdDebit="200.0000" FinYtdBalance="200.0000" FinBegBalance="0.0000" CuryFinPtdCredit="0.0000" CuryFinPtdDebit="200.0000" CuryFinYtdBalance="200.0000" CuryFinBegBalance="0.0000" TranPtdCredit="0.0000" TranPtdDebit="200.0000" TranYtdBalance="200.0000" TranBegBalance="0.0000" CuryTranPtdCredit="0.0000" CuryTranPtdDebit="200.0000" CuryTranYtdBalance="200.0000" CuryTranBegBalance="0.0000" FinPeriodID="201401" DetDeleted="0" />
		<row LedgerID="1" BranchID="1" AccountID="30" SubID="1" CuryID="USD" BalanceType="A" BaseCuryID="USD" FinPtdCredit="38.8000" FinPtdDebit="5000.0000" FinYtdBalance="4961.2000" FinBegBalance="0.0000" CuryFinPtdCredit="38.8000" CuryFinPtdDebit="5000.0000" CuryFinYtdBalance="4961.2000" CuryFinBegBalance="0.0000" TranPtdCredit="38.8000" TranPtdDebit="5000.0000" TranYtdBalance="4961.2000" TranBegBalance="0.0000" CuryTranPtdCredit="38.8000" CuryTranPtdDebit="5000.0000" CuryTranYtdBalance="4961.2000" CuryTranBegBalance="0.0000" FinPeriodID="201402" DetDeleted="0" />
		<row LedgerID="1" BranchID="1" AccountID="30" SubID="1" CuryID="USD" BalanceType="A" BaseCuryID="USD" FinPtdCredit="1557.6000" FinPtdDebit="185.0000" FinYtdBalance="3588.6000" FinBegBalance="4961.2000" CuryFinPtdCredit="1557.6000" CuryFinPtdDebit="185.0000" CuryFinYtdBalance="3588.6000" CuryFinBegBalance="4961.2000" TranPtdCredit="1557.6000" TranPtdDebit="185.0000" TranYtdBalance="3588.6000" TranBegBalance="4961.2000" CuryTranPtdCredit="1557.6000" CuryTranPtdDebit="185.0000" CuryTranYtdBalance="3588.6000" CuryTranBegBalance="4961.2000" FinPeriodID="201403" DetDeleted="0" />
		<row LedgerID="1" BranchID="1" AccountID="31" SubID="1" CuryID="USD" BalanceType="A" BaseCuryID="USD" FinPtdCredit="0.0000" FinPtdDebit="1025.0000" FinYtdBalance="1025.0000" FinBegBalance="0.0000" CuryFinPtdCredit="0.0000" CuryFinPtdDebit="1025.0000" CuryFinYtdBalance="1025.0000" CuryFinBegBalance="0.0000" TranPtdCredit="0.0000" TranPtdDebit="1025.0000" TranYtdBalance="1025.0000" TranBegBalance="0.0000" CuryTranPtdCredit="0.0000" CuryTranPtdDebit="1025.0000" CuryTranYtdBalance="1025.0000" CuryTranBegBalance="0.0000" FinPeriodID="201401" DetDeleted="0" />
		<row LedgerID="1" BranchID="1" AccountID="32" SubID="1" CuryID="USD" BalanceType="A" BaseCuryID="USD" FinPtdCredit="25.0000" FinPtdDebit="0.0000" FinYtdBalance="25.0000" FinBegBalance="0.0000" CuryFinPtdCredit="25.0000" CuryFinPtdDebit="0.0000" CuryFinYtdBalance="25.0000" CuryFinBegBalance="0.0000" TranPtdCredit="25.0000" TranPtdDebit="0.0000" TranYtdBalance="25.0000" TranBegBalance="0.0000" CuryTranPtdCredit="25.0000" CuryTranPtdDebit="0.0000" CuryTranYtdBalance="25.0000" CuryTranBegBalance="0.0000" FinPeriodID="201401" DetDeleted="0" />
		<row LedgerID="1" BranchID="1" AccountID="33" SubID="1" CuryID="USD" BalanceType="A" BaseCuryID="USD" FinPtdCredit="0.0000" FinPtdDebit="15.0000" FinYtdBalance="15.0000" FinBegBalance="0.0000" CuryFinPtdCredit="0.0000" CuryFinPtdDebit="15.0000" CuryFinYtdBalance="15.0000" CuryFinBegBalance="0.0000" TranPtdCredit="0.0000" TranPtdDebit="15.0000" TranYtdBalance="15.0000" TranBegBalance="0.0000" CuryTranPtdCredit="0.0000" CuryTranPtdDebit="15.0000" CuryTranYtdBalance="15.0000" CuryTranBegBalance="0.0000" FinPeriodID="201401" DetDeleted="0" />
		<row LedgerID="1" BranchID="1" AccountID="34" SubID="1" CuryID="USD" BalanceType="A" BaseCuryID="USD" FinPtdCredit="2330.0000" FinPtdDebit="1030.0000" FinYtdBalance="1300.0000" FinBegBalance="0.0000" CuryFinPtdCredit="2330.0000" CuryFinPtdDebit="1030.0000" CuryFinYtdBalance="1300.0000" CuryFinBegBalance="0.0000" TranPtdCredit="2330.0000" TranPtdDebit="1030.0000" TranYtdBalance="1300.0000" TranBegBalance="0.0000" CuryTranPtdCredit="2330.0000" CuryTranPtdDebit="1030.0000" CuryTranYtdBalance="1300.0000" CuryTranBegBalance="0.0000" FinPeriodID="201401" DetDeleted="0" />
		<row LedgerID="1" BranchID="1" AccountID="34" SubID="1" CuryID="USD" BalanceType="A" BaseCuryID="USD" FinPtdCredit="200.0000" FinPtdDebit="60.0000" FinYtdBalance="1440.0000" FinBegBalance="1300.0000" CuryFinPtdCredit="200.0000" CuryFinPtdDebit="60.0000" CuryFinYtdBalance="1440.0000" CuryFinBegBalance="1300.0000" TranPtdCredit="200.0000" TranPtdDebit="60.0000" TranYtdBalance="1440.0000" TranBegBalance="1300.0000" CuryTranPtdCredit="200.0000" CuryTranPtdDebit="60.0000" CuryTranYtdBalance="1440.0000" CuryTranBegBalance="1300.0000" FinPeriodID="201402" DetDeleted="0" />
		<row LedgerID="1" BranchID="1" AccountID="34" SubID="1" CuryID="USD" BalanceType="A" BaseCuryID="USD" FinPtdCredit="350.0000" FinPtdDebit="1790.0000" FinYtdBalance="0.0000" FinBegBalance="1440.0000" CuryFinPtdCredit="350.0000" CuryFinPtdDebit="1790.0000" CuryFinYtdBalance="0.0000" CuryFinBegBalance="1440.0000" TranPtdCredit="350.0000" TranPtdDebit="1790.0000" TranYtdBalance="0.0000" TranBegBalance="1440.0000" CuryTranPtdCredit="350.0000" CuryTranPtdDebit="1790.0000" CuryTranYtdBalance="0.0000" CuryTranBegBalance="1440.0000" FinPeriodID="201403" DetDeleted="0" />
		<row LedgerID="1" BranchID="1" AccountID="35" SubID="1" CuryID="USD" BalanceType="A" BaseCuryID="USD" FinPtdCredit="200.0000" FinPtdDebit="200.0000" FinYtdBalance="0.0000" FinBegBalance="0.0000" CuryFinPtdCredit="200.0000" CuryFinPtdDebit="200.0000" CuryFinYtdBalance="0.0000" CuryFinBegBalance="0.0000" TranPtdCredit="200.0000" TranPtdDebit="200.0000" TranYtdBalance="0.0000" TranBegBalance="0.0000" CuryTranPtdCredit="200.0000" CuryTranPtdDebit="200.0000" CuryTranYtdBalance="0.0000" CuryTranBegBalance="0.0000" FinPeriodID="201403" DetDeleted="0" />
		<row LedgerID="1" BranchID="1" AccountID="36" SubID="1" CuryID="USD" BalanceType="A" BaseCuryID="USD" FinPtdCredit="1.2000" FinPtdDebit="0.0000" FinYtdBalance="1.2000" FinBegBalance="0.0000" CuryFinPtdCredit="1.2000" CuryFinPtdDebit="0.0000" CuryFinYtdBalance="1.2000" CuryFinBegBalance="0.0000" TranPtdCredit="1.2000" TranPtdDebit="0.0000" TranYtdBalance="1.2000" TranBegBalance="0.0000" CuryTranPtdCredit="1.2000" CuryTranPtdDebit="0.0000" CuryTranYtdBalance="1.2000" CuryTranBegBalance="0.0000" FinPeriodID="201402" DetDeleted="0" />
		<row LedgerID="1" BranchID="1" AccountID="36" SubID="1" CuryID="USD" BalanceType="A" BaseCuryID="USD" FinPtdCredit="2.4000" FinPtdDebit="0.0000" FinYtdBalance="3.6000" FinBegBalance="1.2000" CuryFinPtdCredit="2.4000" CuryFinPtdDebit="0.0000" CuryFinYtdBalance="3.6000" CuryFinBegBalance="1.2000" TranPtdCredit="2.4000" TranPtdDebit="0.0000" TranYtdBalance="3.6000" TranBegBalance="1.2000" CuryTranPtdCredit="2.4000" CuryTranPtdDebit="0.0000" CuryTranYtdBalance="3.6000" CuryTranBegBalance="1.2000" FinPeriodID="201403" DetDeleted="0" />
		<row LedgerID="1" BranchID="1" AccountID="37" SubID="1" CuryID="USD" BalanceType="A" BaseCuryID="USD" FinPtdCredit="0.0000" FinPtdDebit="100.0000" FinYtdBalance="100.0000" FinBegBalance="0.0000" CuryFinPtdCredit="0.0000" CuryFinPtdDebit="100.0000" CuryFinYtdBalance="100.0000" CuryFinBegBalance="0.0000" TranPtdCredit="0.0000" TranPtdDebit="100.0000" TranYtdBalance="100.0000" TranBegBalance="0.0000" CuryTranPtdCredit="0.0000" CuryTranPtdDebit="100.0000" CuryTranYtdBalance="100.0000" CuryTranBegBalance="0.0000" FinPeriodID="201401" DetDeleted="0" />
		<row LedgerID="1" BranchID="1" AccountID="37" SubID="1" CuryID="USD" BalanceType="A" BaseCuryID="USD" FinPtdCredit="20.0000" FinPtdDebit="20.0000" FinYtdBalance="100.0000" FinBegBalance="100.0000" CuryFinPtdCredit="20.0000" CuryFinPtdDebit="20.0000" CuryFinYtdBalance="100.0000" CuryFinBegBalance="100.0000" TranPtdCredit="20.0000" TranPtdDebit="20.0000" TranYtdBalance="100.0000" TranBegBalance="100.0000" CuryTranPtdCredit="20.0000" CuryTranPtdDebit="20.0000" CuryTranYtdBalance="100.0000" CuryTranBegBalance="100.0000" FinPeriodID="201402" DetDeleted="0" />
		<row LedgerID="1" BranchID="1" AccountID="37" SubID="1" CuryID="USD" BalanceType="A" BaseCuryID="USD" FinPtdCredit="5.0000" FinPtdDebit="100.0000" FinYtdBalance="195.0000" FinBegBalance="100.0000" CuryFinPtdCredit="5.0000" CuryFinPtdDebit="100.0000" CuryFinYtdBalance="195.0000" CuryFinBegBalance="100.0000" TranPtdCredit="5.0000" TranPtdDebit="100.0000" TranYtdBalance="195.0000" TranBegBalance="100.0000" CuryTranPtdCredit="5.0000" CuryTranPtdDebit="100.0000" CuryTranYtdBalance="195.0000" CuryTranBegBalance="100.0000" FinPeriodID="201403" DetDeleted="0" />
		<row LedgerID="1" BranchID="1" AccountID="38" SubID="1" CuryID="USD" BalanceType="A" BaseCuryID="USD" FinPtdCredit="0.0000" FinPtdDebit="180.0000" FinYtdBalance="180.0000" FinBegBalance="0.0000" CuryFinPtdCredit="0.0000" CuryFinPtdDebit="180.0000" CuryFinYtdBalance="180.0000" CuryFinBegBalance="0.0000" TranPtdCredit="0.0000" TranPtdDebit="180.0000" TranYtdBalance="180.0000" TranBegBalance="0.0000" CuryTranPtdCredit="0.0000" CuryTranPtdDebit="180.0000" CuryTranYtdBalance="180.0000" CuryTranBegBalance="0.0000" FinPeriodID="201402" DetDeleted="0" />
		<row LedgerID="1" BranchID="1" AccountID="39" SubID="1" CuryID="USD" BalanceType="A" BaseCuryID="USD" FinPtdCredit="0.0000" FinPtdDebit="20.0000" FinYtdBalance="20.0000" FinBegBalance="0.0000" CuryFinPtdCredit="0.0000" CuryFinPtdDebit="20.0000" CuryFinYtdBalance="20.0000" CuryFinBegBalance="0.0000" TranPtdCredit="0.0000" TranPtdDebit="20.0000" TranYtdBalance="20.0000" TranBegBalance="0.0000" CuryTranPtdCredit="0.0000" CuryTranPtdDebit="20.0000" CuryTranYtdBalance="20.0000" CuryTranBegBalance="0.0000" FinPeriodID="201403" DetDeleted="0" />
		<row LedgerID="1" BranchID="1" AccountID="40" SubID="1" CuryID="USD" BalanceType="A" BaseCuryID="USD" FinPtdCredit="800.0000" FinPtdDebit="2600.0000" FinYtdBalance="1800.0000" FinBegBalance="0.0000" CuryFinPtdCredit="800.0000" CuryFinPtdDebit="2600.0000" CuryFinYtdBalance="1800.0000" CuryFinBegBalance="0.0000" TranPtdCredit="800.0000" TranPtdDebit="2600.0000" TranYtdBalance="1800.0000" TranBegBalance="0.0000" CuryTranPtdCredit="800.0000" CuryTranPtdDebit="2600.0000" CuryTranYtdBalance="1800.0000" CuryTranBegBalance="0.0000" FinPeriodID="201402" DetDeleted="0" />
		<row LedgerID="1" BranchID="1" AccountID="40" SubID="1" CuryID="USD" BalanceType="A" BaseCuryID="USD" FinPtdCredit="1938.8100" FinPtdDebit="198.8100" FinYtdBalance="60.0000" FinBegBalance="1800.0000" CuryFinPtdCredit="1938.8100" CuryFinPtdDebit="198.8100" CuryFinYtdBalance="60.0000" CuryFinBegBalance="1800.0000" TranPtdCredit="1938.8100" TranPtdDebit="198.8100" TranYtdBalance="60.0000" TranBegBalance="1800.0000" CuryTranPtdCredit="1938.8100" CuryTranPtdDebit="198.8100" CuryTranYtdBalance="60.0000" CuryTranBegBalance="1800.0000" FinPeriodID="201403" DetDeleted="0" />
		<row LedgerID="1" BranchID="1" AccountID="40" SubID="1" CuryID="USD" BalanceType="A" BaseCuryID="USD" FinPtdCredit="60.0000" FinPtdDebit="0.0000" FinYtdBalance="0.0000" FinBegBalance="60.0000" CuryFinPtdCredit="60.0000" CuryFinPtdDebit="0.0000" CuryFinYtdBalance="0.0000" CuryFinBegBalance="60.0000" TranPtdCredit="60.0000" TranPtdDebit="0.0000" TranYtdBalance="0.0000" TranBegBalance="60.0000" CuryTranPtdCredit="60.0000" CuryTranPtdDebit="0.0000" CuryTranYtdBalance="0.0000" CuryTranBegBalance="60.0000" FinPeriodID="201404" DetDeleted="0" />
		<row LedgerID="1" BranchID="1" AccountID="41" SubID="1" CuryID="USD" BalanceType="A" BaseCuryID="USD" FinPtdCredit="100.0000" FinPtdDebit="100.0000" FinYtdBalance="0.0000" FinBegBalance="0.0000" CuryFinPtdCredit="100.0000" CuryFinPtdDebit="100.0000" CuryFinYtdBalance="0.0000" CuryFinBegBalance="0.0000" TranPtdCredit="100.0000" TranPtdDebit="100.0000" TranYtdBalance="0.0000" TranBegBalance="0.0000" CuryTranPtdCredit="100.0000" CuryTranPtdDebit="100.0000" CuryTranYtdBalance="0.0000" CuryTranBegBalance="0.0000" FinPeriodID="201403" DetDeleted="0" />
		<row LedgerID="1" BranchID="1" AccountID="42" SubID="1" CuryID="USD" BalanceType="A" BaseCuryID="USD" FinPtdCredit="0.0000" FinPtdDebit="15.0000" FinYtdBalance="15.0000" FinBegBalance="0.0000" CuryFinPtdCredit="0.0000" CuryFinPtdDebit="15.0000" CuryFinYtdBalance="15.0000" CuryFinBegBalance="0.0000" TranPtdCredit="0.0000" TranPtdDebit="15.0000" TranYtdBalance="15.0000" TranBegBalance="0.0000" CuryTranPtdCredit="0.0000" CuryTranPtdDebit="15.0000" CuryTranYtdBalance="15.0000" CuryTranBegBalance="0.0000" FinPeriodID="201403" DetDeleted="0" />
		<row LedgerID="1" BranchID="1" AccountID="43" SubID="1" CuryID="USD" BalanceType="A" BaseCuryID="USD" FinPtdCredit="13.8100" FinPtdDebit="0.0000" FinYtdBalance="13.8100" FinBegBalance="0.0000" CuryFinPtdCredit="13.8100" CuryFinPtdDebit="0.0000" CuryFinYtdBalance="13.8100" CuryFinBegBalance="0.0000" TranPtdCredit="13.8100" TranPtdDebit="0.0000" TranYtdBalance="13.8100" TranBegBalance="0.0000" CuryTranPtdCredit="13.8100" CuryTranPtdDebit="0.0000" CuryTranYtdBalance="13.8100" CuryTranBegBalance="0.0000" FinPeriodID="201403" DetDeleted="0" />
		<row LedgerID="1" BranchID="1" AccountID="44" SubID="1" CuryID="USD" BalanceType="A" BaseCuryID="USD" FinPtdCredit="5.0000" FinPtdDebit="3.8100" FinYtdBalance="-1.1900" FinBegBalance="0.0000" CuryFinPtdCredit="5.0000" CuryFinPtdDebit="3.8100" CuryFinYtdBalance="-1.1900" CuryFinBegBalance="0.0000" TranPtdCredit="5.0000" TranPtdDebit="3.8100" TranYtdBalance="-1.1900" TranBegBalance="0.0000" CuryTranPtdCredit="5.0000" CuryTranPtdDebit="3.8100" CuryTranYtdBalance="-1.1900" CuryTranBegBalance="0.0000" FinPeriodID="201403" DetDeleted="0" />
		<row LedgerID="1" BranchID="1" AccountID="44" SubID="1" CuryID="USD" BalanceType="A" BaseCuryID="USD" FinPtdCredit="0.0000" FinPtdDebit="0.1000" FinYtdBalance="-1.0900" FinBegBalance="-1.1900" CuryFinPtdCredit="0.0000" CuryFinPtdDebit="0.1000" CuryFinYtdBalance="-1.0900" CuryFinBegBalance="-1.1900" TranPtdCredit="0.0000" TranPtdDebit="0.1000" TranYtdBalance="-1.0900" TranBegBalance="-1.1900" CuryTranPtdCredit="0.0000" CuryTranPtdDebit="0.1000" CuryTranYtdBalance="-1.0900" CuryTranBegBalance="-1.1900" FinPeriodID="201404" DetDeleted="0" />
	</rows>
</data>