﻿<?xml version="1.0" encoding="utf-8"?>
<data>
	<table name="CuryAPHistory">
		<col name="CompanyID" type="Int" default="Zero" />
		<col name="BranchID" type="Int" />
		<col name="AccountID" type="Int" />
		<col name="SubID" type="Int" />
		<col name="VendorID" type="Int" />
		<col name="CuryID" type="NVarChar(5)" />
		<col name="FinBegBalance" type="Decimal(19,4)" />
		<col name="FinPtdPurchases" type="Decimal(19,4)" />
		<col name="FinPtdPayments" type="Decimal(19,4)" />
		<col name="FinPtdDrAdjustments" type="Decimal(19,4)" />
		<col name="FinPtdCrAdjustments" type="Decimal(19,4)" />
		<col name="FinPtdDiscTaken" type="Decimal(19,4)" />
		<col name="FinPtdRGOL" type="Decimal(19,4)" />
		<col name="FinYtdBalance" type="Decimal(19,4)" />
		<col name="FinPtdDeposits" type="Decimal(19,4)" />
		<col name="FinYtdDeposits" type="Decimal(19,4)" />
		<col name="TranBegBalance" type="Decimal(19,4)" />
		<col name="TranPtdPurchases" type="Decimal(19,4)" />
		<col name="TranPtdPayments" type="Decimal(19,4)" />
		<col name="TranPtdDrAdjustments" type="Decimal(19,4)" />
		<col name="TranPtdCrAdjustments" type="Decimal(19,4)" />
		<col name="TranPtdDiscTaken" type="Decimal(19,4)" />
		<col name="TranPtdRGOL" type="Decimal(19,4)" />
		<col name="TranYtdBalance" type="Decimal(19,4)" />
		<col name="TranPtdDeposits" type="Decimal(19,4)" />
		<col name="TranYtdDeposits" type="Decimal(19,4)" />
		<col name="CuryFinBegBalance" type="Decimal(19,4)" />
		<col name="CuryFinPtdPurchases" type="Decimal(19,4)" />
		<col name="CuryFinPtdPayments" type="Decimal(19,4)" />
		<col name="CuryFinPtdDrAdjustments" type="Decimal(19,4)" />
		<col name="CuryFinPtdCrAdjustments" type="Decimal(19,4)" />
		<col name="CuryFinPtdDiscTaken" type="Decimal(19,4)" />
		<col name="CuryFinYtdBalance" type="Decimal(19,4)" />
		<col name="CuryFinPtdDeposits" type="Decimal(19,4)" />
		<col name="CuryFinYtdDeposits" type="Decimal(19,4)" />
		<col name="CuryTranBegBalance" type="Decimal(19,4)" />
		<col name="CuryTranPtdPurchases" type="Decimal(19,4)" />
		<col name="CuryTranPtdPayments" type="Decimal(19,4)" />
		<col name="CuryTranPtdDrAdjustments" type="Decimal(19,4)" />
		<col name="CuryTranPtdCrAdjustments" type="Decimal(19,4)" />
		<col name="CuryTranPtdDiscTaken" type="Decimal(19,4)" />
		<col name="CuryTranYtdBalance" type="Decimal(19,4)" />
		<col name="CuryTranPtdDeposits" type="Decimal(19,4)" />
		<col name="CuryTranYtdDeposits" type="Decimal(19,4)" />
		<col name="tstamp" type="Timestamp" />
		<col name="DetDeleted" type="Bit" default="Zero" />
		<col name="FinPeriodID" type="Char(6)" />
		<col name="CuryFinPtdWhTax" type="Decimal(19,4)" />
		<col name="CuryTranPtdWhTax" type="Decimal(19,4)" />
		<col name="FinPtdWhTax" type="Decimal(19,4)" />
		<col name="TranPtdWhTax" type="Decimal(19,4)" />
		<col name="CuryFinPtdRetainageWithheld" type="Decimal(19,4)" default="Zero" />
		<col name="FinPtdRetainageWithheld" type="Decimal(19,4)" default="Zero" />
		<col name="CuryTranPtdRetainageWithheld" type="Decimal(19,4)" default="Zero" />
		<col name="TranPtdRetainageWithheld" type="Decimal(19,4)" default="Zero" />
		<col name="CuryFinYtdRetainageWithheld" type="Decimal(19,4)" default="Zero" />
		<col name="FinYtdRetainageWithheld" type="Decimal(19,4)" default="Zero" />
		<col name="CuryTranYtdRetainageWithheld" type="Decimal(19,4)" default="Zero" />
		<col name="TranYtdRetainageWithheld" type="Decimal(19,4)" default="Zero" />
		<col name="CuryFinPtdRetainageReleased" type="Decimal(19,4)" default="Zero" />
		<col name="FinPtdRetainageReleased" type="Decimal(19,4)" default="Zero" />
		<col name="CuryTranPtdRetainageReleased" type="Decimal(19,4)" default="Zero" />
		<col name="TranPtdRetainageReleased" type="Decimal(19,4)" default="Zero" />
		<col name="CuryFinYtdRetainageReleased" type="Decimal(19,4)" default="Zero" />
		<col name="FinYtdRetainageReleased" type="Decimal(19,4)" default="Zero" />
		<col name="CuryTranYtdRetainageReleased" type="Decimal(19,4)" default="Zero" />
		<col name="TranYtdRetainageReleased" type="Decimal(19,4)" default="Zero" />
		<col name="FinPtdRevalued" type="Decimal(19,4)" />
	</table>
	<rows>
		<row BranchID="1" AccountID="34" SubID="1" VendorID="14" CuryID="USD" FinBegBalance="0.0000" FinPtdPurchases="30.0000" FinPtdPayments="30.0000" FinPtdDrAdjustments="0.0000" FinPtdCrAdjustments="0.0000" FinPtdDiscTaken="0.0000" FinPtdRGOL="0.0000" FinYtdBalance="0.0000" FinPtdDeposits="0.0000" FinYtdDeposits="0.0000" TranBegBalance="0.0000" TranPtdPurchases="30.0000" TranPtdPayments="30.0000" TranPtdDrAdjustments="0.0000" TranPtdCrAdjustments="0.0000" TranPtdDiscTaken="0.0000" TranPtdRGOL="0.0000" TranYtdBalance="0.0000" TranPtdDeposits="0.0000" TranYtdDeposits="0.0000" CuryFinBegBalance="0.0000" CuryFinPtdPurchases="30.0000" CuryFinPtdPayments="30.0000" CuryFinPtdDrAdjustments="0.0000" CuryFinPtdCrAdjustments="0.0000" CuryFinPtdDiscTaken="0.0000" CuryFinYtdBalance="0.0000" CuryFinPtdDeposits="0.0000" CuryFinYtdDeposits="0.0000" CuryTranBegBalance="0.0000" CuryTranPtdPurchases="30.0000" CuryTranPtdPayments="30.0000" CuryTranPtdDrAdjustments="0.0000" CuryTranPtdCrAdjustments="0.0000" CuryTranPtdDiscTaken="0.0000" CuryTranYtdBalance="0.0000" CuryTranPtdDeposits="0.0000" CuryTranYtdDeposits="0.0000" DetDeleted="0" FinPeriodID="201401" CuryFinPtdWhTax="0.0000" CuryTranPtdWhTax="0.0000" FinPtdWhTax="0.0000" TranPtdWhTax="0.0000" CuryFinPtdRetainageWithheld="0.0000" FinPtdRetainageWithheld="0.0000" CuryTranPtdRetainageWithheld="0.0000" TranPtdRetainageWithheld="0.0000" CuryFinYtdRetainageWithheld="0.0000" FinYtdRetainageWithheld="0.0000" CuryTranYtdRetainageWithheld="0.0000" TranYtdRetainageWithheld="0.0000" CuryFinPtdRetainageReleased="0.0000" FinPtdRetainageReleased="0.0000" CuryTranPtdRetainageReleased="0.0000" TranPtdRetainageReleased="0.0000" CuryFinYtdRetainageReleased="0.0000" FinYtdRetainageReleased="0.0000" CuryTranYtdRetainageReleased="0.0000" TranYtdRetainageReleased="0.0000" FinPtdRevalued="0.0000" />
		<row BranchID="1" AccountID="34" SubID="1" VendorID="14" CuryID="USD" FinBegBalance="0.0000" FinPtdPurchases="0.0000" FinPtdPayments="-10.0000" FinPtdDrAdjustments="10.0000" FinPtdCrAdjustments="0.0000" FinPtdDiscTaken="0.0000" FinPtdRGOL="0.0000" FinYtdBalance="0.0000" FinPtdDeposits="0.0000" FinYtdDeposits="0.0000" TranBegBalance="0.0000" TranPtdPurchases="0.0000" TranPtdPayments="-10.0000" TranPtdDrAdjustments="10.0000" TranPtdCrAdjustments="0.0000" TranPtdDiscTaken="0.0000" TranPtdRGOL="0.0000" TranYtdBalance="0.0000" TranPtdDeposits="0.0000" TranYtdDeposits="0.0000" CuryFinBegBalance="0.0000" CuryFinPtdPurchases="0.0000" CuryFinPtdPayments="-10.0000" CuryFinPtdDrAdjustments="10.0000" CuryFinPtdCrAdjustments="0.0000" CuryFinPtdDiscTaken="0.0000" CuryFinYtdBalance="0.0000" CuryFinPtdDeposits="0.0000" CuryFinYtdDeposits="0.0000" CuryTranBegBalance="0.0000" CuryTranPtdPurchases="0.0000" CuryTranPtdPayments="-10.0000" CuryTranPtdDrAdjustments="10.0000" CuryTranPtdCrAdjustments="0.0000" CuryTranPtdDiscTaken="0.0000" CuryTranYtdBalance="0.0000" CuryTranPtdDeposits="0.0000" CuryTranYtdDeposits="0.0000" DetDeleted="0" FinPeriodID="201403" CuryFinPtdWhTax="0.0000" CuryTranPtdWhTax="0.0000" FinPtdWhTax="0.0000" TranPtdWhTax="0.0000" CuryFinPtdRetainageWithheld="0.0000" FinPtdRetainageWithheld="0.0000" CuryTranPtdRetainageWithheld="0.0000" TranPtdRetainageWithheld="0.0000" CuryFinYtdRetainageWithheld="0.0000" FinYtdRetainageWithheld="0.0000" CuryTranYtdRetainageWithheld="0.0000" TranYtdRetainageWithheld="0.0000" CuryFinPtdRetainageReleased="0.0000" FinPtdRetainageReleased="0.0000" CuryTranPtdRetainageReleased="0.0000" TranPtdRetainageReleased="0.0000" CuryFinYtdRetainageReleased="0.0000" FinYtdRetainageReleased="0.0000" CuryTranYtdRetainageReleased="0.0000" TranYtdRetainageReleased="0.0000" FinPtdRevalued="0.0000" />
		<row BranchID="1" AccountID="34" SubID="1" VendorID="15" CuryID="USD" FinBegBalance="0.0000" FinPtdPurchases="2200.0000" FinPtdPayments="1000.0000" FinPtdDrAdjustments="0.0000" FinPtdCrAdjustments="0.0000" FinPtdDiscTaken="0.0000" FinPtdRGOL="0.0000" FinYtdBalance="1200.0000" FinPtdDeposits="0.0000" FinYtdDeposits="0.0000" TranBegBalance="0.0000" TranPtdPurchases="2200.0000" TranPtdPayments="1000.0000" TranPtdDrAdjustments="0.0000" TranPtdCrAdjustments="0.0000" TranPtdDiscTaken="0.0000" TranPtdRGOL="0.0000" TranYtdBalance="1200.0000" TranPtdDeposits="0.0000" TranYtdDeposits="0.0000" CuryFinBegBalance="0.0000" CuryFinPtdPurchases="2200.0000" CuryFinPtdPayments="1000.0000" CuryFinPtdDrAdjustments="0.0000" CuryFinPtdCrAdjustments="0.0000" CuryFinPtdDiscTaken="0.0000" CuryFinYtdBalance="1200.0000" CuryFinPtdDeposits="0.0000" CuryFinYtdDeposits="0.0000" CuryTranBegBalance="0.0000" CuryTranPtdPurchases="2200.0000" CuryTranPtdPayments="1000.0000" CuryTranPtdDrAdjustments="0.0000" CuryTranPtdCrAdjustments="0.0000" CuryTranPtdDiscTaken="0.0000" CuryTranYtdBalance="1200.0000" CuryTranPtdDeposits="0.0000" CuryTranYtdDeposits="0.0000" DetDeleted="0" FinPeriodID="201401" CuryFinPtdWhTax="0.0000" CuryTranPtdWhTax="0.0000" FinPtdWhTax="0.0000" TranPtdWhTax="0.0000" CuryFinPtdRetainageWithheld="0.0000" FinPtdRetainageWithheld="0.0000" CuryTranPtdRetainageWithheld="0.0000" TranPtdRetainageWithheld="0.0000" CuryFinYtdRetainageWithheld="0.0000" FinYtdRetainageWithheld="0.0000" CuryTranYtdRetainageWithheld="0.0000" TranYtdRetainageWithheld="0.0000" CuryFinPtdRetainageReleased="0.0000" FinPtdRetainageReleased="0.0000" CuryTranPtdRetainageReleased="0.0000" TranPtdRetainageReleased="0.0000" CuryFinYtdRetainageReleased="0.0000" FinYtdRetainageReleased="0.0000" CuryTranYtdRetainageReleased="0.0000" TranYtdRetainageReleased="0.0000" FinPtdRevalued="0.0000" />
		<row BranchID="1" AccountID="34" SubID="1" VendorID="15" CuryID="USD" FinBegBalance="1200.0000" FinPtdPurchases="0.0000" FinPtdPayments="1220.0000" FinPtdDrAdjustments="0.0000" FinPtdCrAdjustments="20.0000" FinPtdDiscTaken="0.0000" FinPtdRGOL="0.0000" FinYtdBalance="0.0000" FinPtdDeposits="0.0000" FinYtdDeposits="0.0000" TranBegBalance="1200.0000" TranPtdPurchases="0.0000" TranPtdPayments="1220.0000" TranPtdDrAdjustments="0.0000" TranPtdCrAdjustments="20.0000" TranPtdDiscTaken="0.0000" TranPtdRGOL="0.0000" TranYtdBalance="0.0000" TranPtdDeposits="0.0000" TranYtdDeposits="0.0000" CuryFinBegBalance="1200.0000" CuryFinPtdPurchases="0.0000" CuryFinPtdPayments="1220.0000" CuryFinPtdDrAdjustments="0.0000" CuryFinPtdCrAdjustments="20.0000" CuryFinPtdDiscTaken="0.0000" CuryFinYtdBalance="0.0000" CuryFinPtdDeposits="0.0000" CuryFinYtdDeposits="0.0000" CuryTranBegBalance="1200.0000" CuryTranPtdPurchases="0.0000" CuryTranPtdPayments="1220.0000" CuryTranPtdDrAdjustments="0.0000" CuryTranPtdCrAdjustments="20.0000" CuryTranPtdDiscTaken="0.0000" CuryTranYtdBalance="0.0000" CuryTranPtdDeposits="0.0000" CuryTranYtdDeposits="0.0000" DetDeleted="0" FinPeriodID="201403" CuryFinPtdWhTax="0.0000" CuryTranPtdWhTax="0.0000" FinPtdWhTax="0.0000" TranPtdWhTax="0.0000" CuryFinPtdRetainageWithheld="0.0000" FinPtdRetainageWithheld="0.0000" CuryTranPtdRetainageWithheld="0.0000" TranPtdRetainageWithheld="0.0000" CuryFinYtdRetainageWithheld="0.0000" FinYtdRetainageWithheld="0.0000" CuryTranYtdRetainageWithheld="0.0000" TranYtdRetainageWithheld="0.0000" CuryFinPtdRetainageReleased="0.0000" FinPtdRetainageReleased="0.0000" CuryTranPtdRetainageReleased="0.0000" TranPtdRetainageReleased="0.0000" CuryFinYtdRetainageReleased="0.0000" FinYtdRetainageReleased="0.0000" CuryTranYtdRetainageReleased="0.0000" TranYtdRetainageReleased="0.0000" FinPtdRevalued="0.0000" />
		<row BranchID="1" AccountID="34" SubID="1" VendorID="16" CuryID="USD" FinBegBalance="0.0000" FinPtdPurchases="100.0000" FinPtdPayments="0.0000" FinPtdDrAdjustments="0.0000" FinPtdCrAdjustments="0.0000" FinPtdDiscTaken="0.0000" FinPtdRGOL="0.0000" FinYtdBalance="100.0000" FinPtdDeposits="0.0000" FinYtdDeposits="0.0000" TranBegBalance="0.0000" TranPtdPurchases="100.0000" TranPtdPayments="0.0000" TranPtdDrAdjustments="0.0000" TranPtdCrAdjustments="0.0000" TranPtdDiscTaken="0.0000" TranPtdRGOL="0.0000" TranYtdBalance="100.0000" TranPtdDeposits="0.0000" TranYtdDeposits="0.0000" CuryFinBegBalance="0.0000" CuryFinPtdPurchases="100.0000" CuryFinPtdPayments="0.0000" CuryFinPtdDrAdjustments="0.0000" CuryFinPtdCrAdjustments="0.0000" CuryFinPtdDiscTaken="0.0000" CuryFinYtdBalance="100.0000" CuryFinPtdDeposits="0.0000" CuryFinYtdDeposits="0.0000" CuryTranBegBalance="0.0000" CuryTranPtdPurchases="100.0000" CuryTranPtdPayments="0.0000" CuryTranPtdDrAdjustments="0.0000" CuryTranPtdCrAdjustments="0.0000" CuryTranPtdDiscTaken="0.0000" CuryTranYtdBalance="100.0000" CuryTranPtdDeposits="0.0000" CuryTranYtdDeposits="0.0000" DetDeleted="0" FinPeriodID="201401" CuryFinPtdWhTax="0.0000" CuryTranPtdWhTax="0.0000" FinPtdWhTax="0.0000" TranPtdWhTax="0.0000" CuryFinPtdRetainageWithheld="0.0000" FinPtdRetainageWithheld="0.0000" CuryTranPtdRetainageWithheld="0.0000" TranPtdRetainageWithheld="0.0000" CuryFinYtdRetainageWithheld="0.0000" FinYtdRetainageWithheld="0.0000" CuryTranYtdRetainageWithheld="0.0000" TranYtdRetainageWithheld="0.0000" CuryFinPtdRetainageReleased="0.0000" FinPtdRetainageReleased="0.0000" CuryTranPtdRetainageReleased="0.0000" TranPtdRetainageReleased="0.0000" CuryFinYtdRetainageReleased="0.0000" FinYtdRetainageReleased="0.0000" CuryTranYtdRetainageReleased="0.0000" TranYtdRetainageReleased="0.0000" FinPtdRevalued="0.0000" />
		<row BranchID="1" AccountID="34" SubID="1" VendorID="16" CuryID="USD" FinBegBalance="100.0000" FinPtdPurchases="20.0000" FinPtdPayments="0.0000" FinPtdDrAdjustments="20.0000" FinPtdCrAdjustments="0.0000" FinPtdDiscTaken="0.0000" FinPtdRGOL="0.0000" FinYtdBalance="100.0000" FinPtdDeposits="0.0000" FinYtdDeposits="0.0000" TranBegBalance="100.0000" TranPtdPurchases="20.0000" TranPtdPayments="0.0000" TranPtdDrAdjustments="20.0000" TranPtdCrAdjustments="0.0000" TranPtdDiscTaken="0.0000" TranPtdRGOL="0.0000" TranYtdBalance="100.0000" TranPtdDeposits="0.0000" TranYtdDeposits="0.0000" CuryFinBegBalance="100.0000" CuryFinPtdPurchases="20.0000" CuryFinPtdPayments="0.0000" CuryFinPtdDrAdjustments="20.0000" CuryFinPtdCrAdjustments="0.0000" CuryFinPtdDiscTaken="0.0000" CuryFinYtdBalance="100.0000" CuryFinPtdDeposits="0.0000" CuryFinYtdDeposits="0.0000" CuryTranBegBalance="100.0000" CuryTranPtdPurchases="20.0000" CuryTranPtdPayments="0.0000" CuryTranPtdDrAdjustments="20.0000" CuryTranPtdCrAdjustments="0.0000" CuryTranPtdDiscTaken="0.0000" CuryTranYtdBalance="100.0000" CuryTranPtdDeposits="0.0000" CuryTranYtdDeposits="0.0000" DetDeleted="0" FinPeriodID="201402" CuryFinPtdWhTax="0.0000" CuryTranPtdWhTax="0.0000" FinPtdWhTax="0.0000" TranPtdWhTax="0.0000" CuryFinPtdRetainageWithheld="0.0000" FinPtdRetainageWithheld="0.0000" CuryTranPtdRetainageWithheld="0.0000" TranPtdRetainageWithheld="0.0000" CuryFinYtdRetainageWithheld="0.0000" FinYtdRetainageWithheld="0.0000" CuryTranYtdRetainageWithheld="0.0000" TranYtdRetainageWithheld="0.0000" CuryFinPtdRetainageReleased="0.0000" FinPtdRetainageReleased="0.0000" CuryTranPtdRetainageReleased="0.0000" TranPtdRetainageReleased="0.0000" CuryFinYtdRetainageReleased="0.0000" FinYtdRetainageReleased="0.0000" CuryTranYtdRetainageReleased="0.0000" TranYtdRetainageReleased="0.0000" FinPtdRevalued="0.0000" />
		<row BranchID="1" AccountID="34" SubID="1" VendorID="16" CuryID="USD" FinBegBalance="100.0000" FinPtdPurchases="100.0000" FinPtdPayments="195.0000" FinPtdDrAdjustments="5.0000" FinPtdCrAdjustments="0.0000" FinPtdDiscTaken="0.0000" FinPtdRGOL="0.0000" FinYtdBalance="0.0000" FinPtdDeposits="0.0000" FinYtdDeposits="0.0000" TranBegBalance="100.0000" TranPtdPurchases="100.0000" TranPtdPayments="195.0000" TranPtdDrAdjustments="5.0000" TranPtdCrAdjustments="0.0000" TranPtdDiscTaken="0.0000" TranPtdRGOL="0.0000" TranYtdBalance="0.0000" TranPtdDeposits="0.0000" TranYtdDeposits="0.0000" CuryFinBegBalance="100.0000" CuryFinPtdPurchases="100.0000" CuryFinPtdPayments="195.0000" CuryFinPtdDrAdjustments="5.0000" CuryFinPtdCrAdjustments="0.0000" CuryFinPtdDiscTaken="0.0000" CuryFinYtdBalance="0.0000" CuryFinPtdDeposits="0.0000" CuryFinYtdDeposits="0.0000" CuryTranBegBalance="100.0000" CuryTranPtdPurchases="100.0000" CuryTranPtdPayments="195.0000" CuryTranPtdDrAdjustments="5.0000" CuryTranPtdCrAdjustments="0.0000" CuryTranPtdDiscTaken="0.0000" CuryTranYtdBalance="0.0000" CuryTranPtdDeposits="0.0000" CuryTranYtdDeposits="0.0000" DetDeleted="0" FinPeriodID="201403" CuryFinPtdWhTax="0.0000" CuryTranPtdWhTax="0.0000" FinPtdWhTax="0.0000" TranPtdWhTax="0.0000" CuryFinPtdRetainageWithheld="0.0000" FinPtdRetainageWithheld="0.0000" CuryTranPtdRetainageWithheld="0.0000" TranPtdRetainageWithheld="0.0000" CuryFinYtdRetainageWithheld="0.0000" FinYtdRetainageWithheld="0.0000" CuryTranYtdRetainageWithheld="0.0000" TranYtdRetainageWithheld="0.0000" CuryFinPtdRetainageReleased="0.0000" FinPtdRetainageReleased="0.0000" CuryTranPtdRetainageReleased="0.0000" TranPtdRetainageReleased="0.0000" CuryFinYtdRetainageReleased="0.0000" FinYtdRetainageReleased="0.0000" CuryTranYtdRetainageReleased="0.0000" TranYtdRetainageReleased="0.0000" FinPtdRevalued="0.0000" />
		<row BranchID="1" AccountID="34" SubID="1" VendorID="17" CuryID="USD" FinBegBalance="0.0000" FinPtdPurchases="180.0000" FinPtdPayments="38.8000" FinPtdDrAdjustments="0.0000" FinPtdCrAdjustments="0.0000" FinPtdDiscTaken="1.2000" FinPtdRGOL="0.0000" FinYtdBalance="140.0000" FinPtdDeposits="0.0000" FinYtdDeposits="0.0000" TranBegBalance="0.0000" TranPtdPurchases="180.0000" TranPtdPayments="38.8000" TranPtdDrAdjustments="0.0000" TranPtdCrAdjustments="0.0000" TranPtdDiscTaken="1.2000" TranPtdRGOL="0.0000" TranYtdBalance="140.0000" TranPtdDeposits="0.0000" TranYtdDeposits="0.0000" CuryFinBegBalance="0.0000" CuryFinPtdPurchases="180.0000" CuryFinPtdPayments="38.8000" CuryFinPtdDrAdjustments="0.0000" CuryFinPtdCrAdjustments="0.0000" CuryFinPtdDiscTaken="1.2000" CuryFinYtdBalance="140.0000" CuryFinPtdDeposits="0.0000" CuryFinYtdDeposits="0.0000" CuryTranBegBalance="0.0000" CuryTranPtdPurchases="180.0000" CuryTranPtdPayments="38.8000" CuryTranPtdDrAdjustments="0.0000" CuryTranPtdCrAdjustments="0.0000" CuryTranPtdDiscTaken="1.2000" CuryTranYtdBalance="140.0000" CuryTranPtdDeposits="0.0000" CuryTranYtdDeposits="0.0000" DetDeleted="0" FinPeriodID="201402" CuryFinPtdWhTax="0.0000" CuryTranPtdWhTax="0.0000" FinPtdWhTax="0.0000" TranPtdWhTax="0.0000" CuryFinPtdRetainageWithheld="0.0000" FinPtdRetainageWithheld="0.0000" CuryTranPtdRetainageWithheld="0.0000" TranPtdRetainageWithheld="0.0000" CuryFinYtdRetainageWithheld="0.0000" FinYtdRetainageWithheld="0.0000" CuryTranYtdRetainageWithheld="0.0000" TranYtdRetainageWithheld="0.0000" CuryFinPtdRetainageReleased="0.0000" FinPtdRetainageReleased="0.0000" CuryTranPtdRetainageReleased="0.0000" TranPtdRetainageReleased="0.0000" CuryFinYtdRetainageReleased="0.0000" FinYtdRetainageReleased="0.0000" CuryTranYtdRetainageReleased="0.0000" TranYtdRetainageReleased="0.0000" FinPtdRevalued="0.0000" />
		<row BranchID="1" AccountID="34" SubID="1" VendorID="17" CuryID="USD" FinBegBalance="140.0000" FinPtdPurchases="0.0000" FinPtdPayments="137.6000" FinPtdDrAdjustments="0.0000" FinPtdCrAdjustments="0.0000" FinPtdDiscTaken="2.4000" FinPtdRGOL="0.0000" FinYtdBalance="0.0000" FinPtdDeposits="0.0000" FinYtdDeposits="0.0000" TranBegBalance="140.0000" TranPtdPurchases="0.0000" TranPtdPayments="137.6000" TranPtdDrAdjustments="0.0000" TranPtdCrAdjustments="0.0000" TranPtdDiscTaken="2.4000" TranPtdRGOL="0.0000" TranYtdBalance="0.0000" TranPtdDeposits="0.0000" TranYtdDeposits="0.0000" CuryFinBegBalance="140.0000" CuryFinPtdPurchases="0.0000" CuryFinPtdPayments="137.6000" CuryFinPtdDrAdjustments="0.0000" CuryFinPtdCrAdjustments="0.0000" CuryFinPtdDiscTaken="2.4000" CuryFinYtdBalance="0.0000" CuryFinPtdDeposits="0.0000" CuryFinYtdDeposits="0.0000" CuryTranBegBalance="140.0000" CuryTranPtdPurchases="0.0000" CuryTranPtdPayments="137.6000" CuryTranPtdDrAdjustments="0.0000" CuryTranPtdCrAdjustments="0.0000" CuryTranPtdDiscTaken="2.4000" CuryTranYtdBalance="0.0000" CuryTranPtdDeposits="0.0000" CuryTranYtdDeposits="0.0000" DetDeleted="0" FinPeriodID="201403" CuryFinPtdWhTax="0.0000" CuryTranPtdWhTax="0.0000" FinPtdWhTax="0.0000" TranPtdWhTax="0.0000" CuryFinPtdRetainageWithheld="0.0000" FinPtdRetainageWithheld="0.0000" CuryTranPtdRetainageWithheld="0.0000" TranPtdRetainageWithheld="0.0000" CuryFinYtdRetainageWithheld="0.0000" FinYtdRetainageWithheld="0.0000" CuryTranYtdRetainageWithheld="0.0000" TranYtdRetainageWithheld="0.0000" CuryFinPtdRetainageReleased="0.0000" FinPtdRetainageReleased="0.0000" CuryTranPtdRetainageReleased="0.0000" TranPtdRetainageReleased="0.0000" CuryFinYtdRetainageReleased="0.0000" FinYtdRetainageReleased="0.0000" CuryTranYtdRetainageReleased="0.0000" TranYtdRetainageReleased="0.0000" FinPtdRevalued="0.0000" />
		<row BranchID="1" AccountID="35" SubID="1" VendorID="16" CuryID="USD" FinBegBalance="0.0000" FinPtdPurchases="0.0000" FinPtdPayments="0.0000" FinPtdDrAdjustments="0.0000" FinPtdCrAdjustments="0.0000" FinPtdDiscTaken="0.0000" FinPtdRGOL="0.0000" FinYtdBalance="0.0000" FinPtdDeposits="0.0000" FinYtdDeposits="0.0000" TranBegBalance="0.0000" TranPtdPurchases="0.0000" TranPtdPayments="0.0000" TranPtdDrAdjustments="0.0000" TranPtdCrAdjustments="0.0000" TranPtdDiscTaken="0.0000" TranPtdRGOL="0.0000" TranYtdBalance="0.0000" TranPtdDeposits="0.0000" TranYtdDeposits="0.0000" CuryFinBegBalance="0.0000" CuryFinPtdPurchases="0.0000" CuryFinPtdPayments="0.0000" CuryFinPtdDrAdjustments="0.0000" CuryFinPtdCrAdjustments="0.0000" CuryFinPtdDiscTaken="0.0000" CuryFinYtdBalance="0.0000" CuryFinPtdDeposits="0.0000" CuryFinYtdDeposits="0.0000" CuryTranBegBalance="0.0000" CuryTranPtdPurchases="0.0000" CuryTranPtdPayments="0.0000" CuryTranPtdDrAdjustments="0.0000" CuryTranPtdCrAdjustments="0.0000" CuryTranPtdDiscTaken="0.0000" CuryTranYtdBalance="0.0000" CuryTranPtdDeposits="0.0000" CuryTranYtdDeposits="0.0000" DetDeleted="0" FinPeriodID="201403" CuryFinPtdWhTax="0.0000" CuryTranPtdWhTax="0.0000" FinPtdWhTax="0.0000" TranPtdWhTax="0.0000" CuryFinPtdRetainageWithheld="0.0000" FinPtdRetainageWithheld="0.0000" CuryTranPtdRetainageWithheld="0.0000" TranPtdRetainageWithheld="0.0000" CuryFinYtdRetainageWithheld="0.0000" FinYtdRetainageWithheld="0.0000" CuryTranYtdRetainageWithheld="0.0000" TranYtdRetainageWithheld="0.0000" CuryFinPtdRetainageReleased="0.0000" FinPtdRetainageReleased="0.0000" CuryTranPtdRetainageReleased="0.0000" TranPtdRetainageReleased="0.0000" CuryFinYtdRetainageReleased="0.0000" FinYtdRetainageReleased="0.0000" CuryTranYtdRetainageReleased="0.0000" TranYtdRetainageReleased="0.0000" FinPtdRevalued="0.0000" />
	</rows>
</data>