﻿<?xml version="1.0" encoding="utf-8"?>
<data>
	<table name="CustProject">
		<col name="CompanyID" type="Int" default="Zero" />
		<col name="ProjID" type="UniqueIdentifier" />
		<col name="Name" type="NVarChar(255)" />
		<col name="IsWorking" type="Bit" default="Zero" />
		<col name="Description" type="NVarChar(512)" nullable="true" />
		<col name="CreatedByID" type="UniqueIdentifier" />
		<col name="CreatedDateTime" type="DateTime" />
		<col name="LastModifiedByID" type="UniqueIdentifier" />
		<col name="LastModifiedDateTime" type="DateTime" />
		<col name="ParentID" type="UniqueIdentifier" nullable="true" />
		<col name="tstamp" type="Timestamp" />
		<col name="Level" type="Int" nullable="true" />
		<col name="SnapshotID" type="UniqueIdentifier" nullable="true" />
	</table>
	<rows>
		<row ProjID="c6198787-9df0-470e-9133-bea1dbbeaf23" Name="BridgeForShopifyAcumaticav1" IsWorking="0" Description="" CreatedByID="b5344897-037e-4d58-b5c3-1bdfd0f47bf9" CreatedDateTime="2019-12-05 10:48:17.297" LastModifiedByID="b5344897-037e-4d58-b5c3-1bdfd0f47bf9" LastModifiedDateTime="2019-12-05 10:58:34.023" />
	</rows>
</data>