﻿<?xml version="1.0" encoding="utf-8"?>
<data>
	<table name="CustomerClass">
		<col name="CompanyID" type="Int" default="Zero" />
		<col name="CustomerClassID" type="NVarChar(10)" />
		<col name="Descr" type="NVarChar(60)" nullable="true" />
		<col name="TermsID" type="NVarChar(10)" nullable="true" />
		<col name="TaxZoneID" type="NVarChar(10)" nullable="true" />
		<col name="RequireTaxZone" type="Bit" default="Zero" />
		<col name="AvalaraCustomerUsageType" type="Char(1)" nullable="true" />
		<col name="RequireAvalaraCustomerUsageType" type="Bit" default="Zero" />
		<col name="DefPaymentMethodID" type="NVarChar(10)" nullable="true" />
		<col name="CuryID" type="NVarChar(5)" nullable="true" />
		<col name="CuryRateTypeID" type="NVarChar(6)" nullable="true" />
		<col name="AllowOverrideCury" type="Bit" default="Zero" />
		<col name="AllowOverrideRate" type="Bit" default="Zero" />
		<col name="ARAcctID" type="Int" nullable="true" />
		<col name="ARSubID" type="Int" nullable="true" />
		<col name="ContraARAcctID" type="Int" nullable="true" />
		<col name="ContraARSubID" type="Int" nullable="true" />
		<col name="DiscountAcctID" type="Int" nullable="true" />
		<col name="DiscountSubID" type="Int" nullable="true" />
		<col name="DiscTakenAcctID" type="Int" nullable="true" />
		<col name="DiscTakenSubID" type="Int" nullable="true" />
		<col name="SalesAcctID" type="Int" nullable="true" />
		<col name="SalesSubID" type="Int" nullable="true" />
		<col name="COGSAcctID" type="Int" nullable="true" />
		<col name="COGSSubID" type="Int" nullable="true" />
		<col name="FreightAcctID" type="Int" nullable="true" />
		<col name="FreightSubID" type="Int" nullable="true" />
		<col name="MiscAcctID" type="Int" nullable="true" />
		<col name="MiscSubID" type="Int" nullable="true" />
		<col name="UnrealizedGainAcctID" type="Int" nullable="true" />
		<col name="UnrealizedGainSubID" type="Int" nullable="true" />
		<col name="UnrealizedLossAcctID" type="Int" nullable="true" />
		<col name="UnrealizedLossSubID" type="Int" nullable="true" />
		<col name="RetainageAcctID" type="Int" nullable="true" />
		<col name="RetainageSubID" type="Int" nullable="true" />
		<col name="AutoApplyPayments" type="Bit" default="Zero" />
		<col name="PrintStatements" type="Bit" default="Zero" />
		<col name="PrintCuryStatements" type="Bit" default="Zero" />
		<col name="SendStatementByEmail" type="Bit" default="Zero" />
		<col name="CreditLimit" type="Decimal(19,4)" />
		<col name="CreditRule" type="Char(1)" />
		<col name="CreditDaysPastDue" type="SmallInt" nullable="true" />
		<col name="StatementCycleId" type="NVarChar(10)" nullable="true" />
		<col name="StatementType" type="Char(1)" nullable="true" />
		<col name="SmallBalanceAllow" type="Bit" />
		<col name="SmallBalanceLimit" type="Decimal(19,4)" nullable="true" />
		<col name="FinChargeApply" type="Bit" />
		<col name="FinChargeID" type="NVarChar(10)" nullable="true" />
		<col name="CountryID" type="NVarChar(2)" nullable="true" />
		<col name="OverLimitAmount" type="Decimal(19,4)" />
		<col name="PrepaymentAcctID" type="Int" nullable="true" />
		<col name="PrepaymentSubID" type="Int" nullable="true" />
		<col name="ShipVia" type="NVarChar(15)" nullable="true" />
		<col name="ShipComplete" type="Char(1)" />
		<col name="ShipTermsID" type="NVarChar(10)" nullable="true" />
		<col name="SalesPersonID" type="Int" nullable="true" />
		<col name="DiscountLimit" type="Decimal(5,2)" />
		<col name="GroupMask" type="VarBinary(32)" default="BinaryMaskZero" />
		<col name="tstamp" type="Timestamp" />
		<col name="CreatedByID" type="UniqueIdentifier" />
		<col name="CreatedByScreenID" type="Char(8)" />
		<col name="CreatedDateTime" type="DateTime" />
		<col name="LastModifiedByID" type="UniqueIdentifier" />
		<col name="LastModifiedByScreenID" type="Char(8)" />
		<col name="LastModifiedDateTime" type="DateTime" />
		<col name="PrintInvoices" type="Bit" />
		<col name="MailInvoices" type="Bit" />
		<col name="PrintDunningLetters" type="Bit" />
		<col name="MailDunningLetters" type="Bit" default="Zero" />
		<col name="PriceClassID" type="NVarChar(10)" nullable="true" />
		<col name="DefaultLocationCDFromBranch" type="Bit" default="Zero" />
		<col name="LocaleName" type="NVarChar(10)" nullable="true" />
		<col name="NoteID" type="UniqueIdentifier" nullable="true" />
	</table>
	<rows>
		<row CustomerClassID="DEFAULT" Descr="Default" TermsID="30D" RequireTaxZone="0" RequireAvalaraCustomerUsageType="0" DefPaymentMethodID="CHECK" AllowOverrideCury="0" AllowOverrideRate="0" ARAcctID="40" ARSubID="1" DiscountSubID="1" DiscTakenAcctID="42" DiscTakenSubID="1" SalesAcctID="5" SalesSubID="1" COGSSubID="1" FreightSubID="1" MiscSubID="1" UnrealizedGainSubID="1" UnrealizedLossSubID="1" AutoApplyPayments="0" PrintStatements="0" PrintCuryStatements="0" SendStatementByEmail="0" CreditLimit="0.0000" CreditRule="N" CreditDaysPastDue="0" StatementCycleId="EOM" StatementType="O" SmallBalanceAllow="0" SmallBalanceLimit="0.0000" FinChargeApply="0" CountryID="US" OverLimitAmount="0.0000" PrepaymentAcctID="41" PrepaymentSubID="1" ShipComplete="L" DiscountLimit="50.00" GroupMask="0x" CreatedByID="b5344897-037e-4d58-b5c3-1bdfd0f47bf9" CreatedByScreenID="AR201000" CreatedDateTime="2014-11-05 14:24:30.717" LastModifiedByID="b5344897-037e-4d58-b5c3-1bdfd0f47bf9" LastModifiedByScreenID="AR201000" LastModifiedDateTime="2015-07-17 06:06:43.667" PrintInvoices="0" MailInvoices="0" PrintDunningLetters="1" MailDunningLetters="0" DefaultLocationCDFromBranch="0" NoteID="3bb51814-de64-e411-8774-74d435e7799b" />
	</rows>
</data>