﻿<?xml version="1.0" encoding="utf-8"?>
<data>
	<table name="Dimension">
		<col name="CompanyID" type="Int" default="Zero" />
		<col name="DimensionID" type="NVarChar(15)" />
		<col name="Descr" type="NVarChar(60)" nullable="true" />
		<col name="Length" type="SmallInt" />
		<col name="Segments" type="SmallInt" />
		<col name="Internal" type="Bit" />
		<col name="NumberingID" type="NVarChar(10)" nullable="true" />
		<col name="Validate" type="Bit" />
		<col name="LookupMode" type="Char(2)" />
		<col name="SpecificModule" type="VarChar(255)" nullable="true" />
		<col name="ParentDimensionID" type="NVarChar(15)" nullable="true" />
		<col name="TableName" type="NVarChar(50)" nullable="true" />
		<col name="FieldName" type="NVarChar(50)" nullable="true" />
		<col name="DividerField" type="NVarChar(50)" nullable="true" />
		<col name="DividerValue" type="Bit" nullable="true" />
		<col name="tstamp" type="Timestamp" />
		<col name="CreatedByID" type="UniqueIdentifier" />
		<col name="CreatedByScreenID" type="Char(8)" />
		<col name="CreatedDateTime" type="DateTime" />
		<col name="LastModifiedByID" type="UniqueIdentifier" />
		<col name="LastModifiedByScreenID" type="Char(8)" />
		<col name="LastModifiedDateTime" type="DateTime" />
		<col name="CompanyMask" type="VarBinary(32)" default="CompanyMaskReadOnly" />
	</table>
	<rows>
		<row DimensionID="ACCOUNT" Descr="Account" Length="6" Segments="1" Internal="1" Validate="1" LookupMode="K0" CreatedByID="b5344897-037e-4d58-b5c3-1bdfd0f47bf9" CreatedByScreenID="        " CreatedDateTime="2014-10-02 11:36:24.39" LastModifiedByID="b5344897-037e-4d58-b5c3-1bdfd0f47bf9" LastModifiedByScreenID="CS202000" LastModifiedDateTime="2014-10-02 11:36:24.39" />
		<row DimensionID="BIZACCT" Descr="Business Account ID" Length="30" Segments="1" Internal="1" NumberingID="CUSTNUM" Validate="1" LookupMode="K0" CreatedByID="b5344897-037e-4d58-b5c3-1bdfd0f47bf9" CreatedByScreenID="SM209900" CreatedDateTime="2019-12-02 19:56:07.423" LastModifiedByID="b5344897-037e-4d58-b5c3-1bdfd0f47bf9" LastModifiedByScreenID="CS202000" LastModifiedDateTime="2019-12-02 19:56:07.423" />
		<row DimensionID="CASHACCOUNT" Descr="Cash Account" Length="6" Segments="1" Internal="1" Validate="1" LookupMode="K0" CreatedByID="b5344897-037e-4d58-b5c3-1bdfd0f47bf9" CreatedByScreenID="CS202000" CreatedDateTime="2014-10-21 14:40:03.66" LastModifiedByID="b5344897-037e-4d58-b5c3-1bdfd0f47bf9" LastModifiedByScreenID="CS202000" LastModifiedDateTime="2014-10-21 14:40:03.66" />
		<row DimensionID="COMPANY" Descr="Company ID" Length="30" Segments="1" Internal="1" NumberingID="CUSTNUM" Validate="1" LookupMode="K0" ParentDimensionID="BIZACCT" CreatedByID="b5344897-037e-4d58-b5c3-1bdfd0f47bf9" CreatedByScreenID="SM209900" CreatedDateTime="2019-12-02 19:56:07.43" LastModifiedByID="b5344897-037e-4d58-b5c3-1bdfd0f47bf9" LastModifiedByScreenID="CS202000" LastModifiedDateTime="2019-12-02 19:56:07.43" />
		<row DimensionID="CUSTOMER" Descr="Customer ID" Length="30" Segments="1" Internal="1" NumberingID="CUSTNUM" Validate="1" LookupMode="K0" ParentDimensionID="BIZACCT" CreatedByID="b5344897-037e-4d58-b5c3-1bdfd0f47bf9" CreatedByScreenID="CS202000" CreatedDateTime="2014-11-05 14:30:01.753" LastModifiedByID="b5344897-037e-4d58-b5c3-1bdfd0f47bf9" LastModifiedByScreenID="CS202000" LastModifiedDateTime="2019-12-02 20:05:40.383" />
		<row DimensionID="EMPLOYEE" Descr="Employee ID" Length="30" Segments="1" Internal="1" NumberingID="CUSTNUM" Validate="1" LookupMode="K0" ParentDimensionID="BIZACCT" CreatedByID="b5344897-037e-4d58-b5c3-1bdfd0f47bf9" CreatedByScreenID="SM209900" CreatedDateTime="2019-12-02 19:56:07.427" LastModifiedByID="b5344897-037e-4d58-b5c3-1bdfd0f47bf9" LastModifiedByScreenID="CS202000" LastModifiedDateTime="2019-12-02 19:56:07.427" />
		<row DimensionID="INVENTORY" Descr="Inventory ID" Length="30" Segments="1" Internal="1" Validate="1" LookupMode="K0" CreatedByID="b5344897-037e-4d58-b5c3-1bdfd0f47bf9" CreatedByScreenID="SM209900" CreatedDateTime="2019-12-02 20:08:48.213" LastModifiedByID="b5344897-037e-4d58-b5c3-1bdfd0f47bf9" LastModifiedByScreenID="CS202000" LastModifiedDateTime="2019-12-02 20:08:48.213" />
		<row DimensionID="VENDOR" Descr="Vendor ID" Length="30" Segments="1" Internal="1" NumberingID="VENDORNUM" Validate="1" LookupMode="K0" ParentDimensionID="BIZACCT" CreatedByID="b5344897-037e-4d58-b5c3-1bdfd0f47bf9" CreatedByScreenID="CS202000" CreatedDateTime="2014-10-22 12:43:54.087" LastModifiedByID="b5344897-037e-4d58-b5c3-1bdfd0f47bf9" LastModifiedByScreenID="CS202000" LastModifiedDateTime="2019-12-02 19:56:07.427" />
	</rows>
</data>