﻿<?xml version="1.0" encoding="utf-8"?>
<data>
	<table name="EntityMapping">
		<col name="CompanyID" type="Int" default="Zero" />
		<col name="CompanyMask" type="VarBinary(32)" default="CompanyMaskReadOnly" />
		<col name="MappingKey" type="NVarChar(64)" />
		<col name="MappedObject" type="NVarChar(64)" nullable="true" />
		<col name="MappedField" type="NVarChar(64)" nullable="true" />
	</table>
	<rows>
		<row MappingKey="E/629/1" MappedObject="CurrentDocument: 6" MappedField="CuryFreightAmt" />
		<row MappingKey="E/629/2" MappedObject="CurrentDocument: 6" MappedField="FreightTaxCategoryID" />
		<row MappingKey="E/629/3" MappedObject="CurrentDocument: 6" MappedField="OverrideFreightAmount" />
	</rows>
</data>