﻿<?xml version="1.0" encoding="utf-8"?>
<data>
	<table name="EPDepartment">
		<col name="CompanyID" type="Int" default="Zero" />
		<col name="DepartmentID" type="NVarChar(10)" />
		<col name="Description" type="NVarChar(60)" nullable="true" />
		<col name="ExpenseAccountID" type="Int" nullable="true" />
		<col name="ExpenseSubID" type="Int" nullable="true" />
		<col name="tstamp" type="Timestamp" />
		<col name="CreatedByID" type="UniqueIdentifier" />
		<col name="CreatedByScreenID" type="Char(8)" />
		<col name="CreatedDateTime" type="DateTime" />
		<col name="LastModifiedByID" type="UniqueIdentifier" />
		<col name="LastModifiedByScreenID" type="Char(8)" />
		<col name="LastModifiedDateTime" type="DateTime" />
	</table>
	<rows>
		<row DepartmentID="ADMIN" Description="Administrative" ExpenseSubID="1" CreatedByID="b5344897-037e-4d58-b5c3-1bdfd0f47bf9" CreatedByScreenID="EP201500" CreatedDateTime="2015-04-22 17:13:01.29" LastModifiedByID="b5344897-037e-4d58-b5c3-1bdfd0f47bf9" LastModifiedByScreenID="EP201500" LastModifiedDateTime="2015-04-22 17:13:01.29" />
		<row DepartmentID="CONSULT" Description="Consulting" ExpenseSubID="1" CreatedByID="b5344897-037e-4d58-b5c3-1bdfd0f47bf9" CreatedByScreenID="EP201500" CreatedDateTime="2015-04-22 17:13:01.29" LastModifiedByID="b5344897-037e-4d58-b5c3-1bdfd0f47bf9" LastModifiedByScreenID="EP201500" LastModifiedDateTime="2015-04-22 17:13:01.29" />
		<row DepartmentID="DEV" Description="Development" ExpenseSubID="1" CreatedByID="b5344897-037e-4d58-b5c3-1bdfd0f47bf9" CreatedByScreenID="EP201500" CreatedDateTime="2015-04-22 17:13:01.29" LastModifiedByID="b5344897-037e-4d58-b5c3-1bdfd0f47bf9" LastModifiedByScreenID="EP201500" LastModifiedDateTime="2015-04-22 17:13:01.29" />
		<row DepartmentID="SALES" Description="Sales" ExpenseSubID="1" CreatedByID="b5344897-037e-4d58-b5c3-1bdfd0f47bf9" CreatedByScreenID="EP201500" CreatedDateTime="2015-04-22 17:13:01.29" LastModifiedByID="b5344897-037e-4d58-b5c3-1bdfd0f47bf9" LastModifiedByScreenID="EP201500" LastModifiedDateTime="2015-04-22 17:13:01.29" />
	</rows>
</data>