﻿<?xml version="1.0" encoding="utf-8"?>
<data>
	<table name="FeaturesSet">
		<col name="CompanyID" type="Int" default="Zero" />
		<col name="Status" type="Int" />
		<col name="ValidUntill" type="SmallDateTime" nullable="true" />
		<col name="ValidationCode" type="NVarChar(500)" nullable="true" />
		<col name="OrganizationModule" type="Bit" />
		<col name="ProjectModule" type="Bit" />
		<col name="ProjectAccounting" type="Bit" />
		<col name="ChangeOrder" type="Bit" />
		<col name="BudgetForecast" type="Bit" />
		<col name="CostCodes" type="Bit" />
		<col name="Construction" type="Bit" />
		<col name="ConstructionProjectManagement" type="Bit" />
		<col name="ProjectQuotes" type="Bit" />
		<col name="CustomerModule" type="Bit" />
		<col name="CaseManagement" type="Bit" default="Zero" />
		<col name="ContactDuplicate" type="Bit" />
		<col name="SalesQuotes" type="Bit" default="Zero" />
		<col name="IncomingPayments" type="Bit" default="Zero" />
		<col name="FinancialModule" type="Bit" />
		<col name="FinancialStandard" type="Bit" />
		<col name="FinancialAdvanced" type="Bit" />
		<col name="Branch" type="Bit" />
		<col name="InterBranch" type="Bit" default="Zero" />
		<col name="SubAccount" type="Bit" />
		<col name="DunningLetter" type="Bit" />
		<col name="Multicurrency" type="Bit" />
		<col name="CentralizedPeriodsManagement" type="Bit" />
		<col name="MultipleCalendarsSupport" type="Bit" default="Zero" />
		<col name="ProjectMultiCurrency" type="Bit" />
		<col name="DefferedRevenue" type="Bit" />
		<col name="ASC606" type="Bit" />
		<col name="FixedAsset" type="Bit" />
		<col name="VATReporting" type="Bit" />
		<col name="Reporting1099" type="Bit" />
		<col name="NetGrossEntryMode" type="Bit" />
		<col name="ManualVATEntryMode" type="Bit" />
		<col name="InvoiceRounding" type="Bit" />
		<col name="Prebooking" type="Bit" default="Zero" />
		<col name="ContractManagement" type="Bit" default="Zero" />
		<col name="Retainage" type="Bit" default="Zero" />
		<col name="PaymentsByLines" type="Bit" default="Zero" />
		<col name="ExemptedTaxReporting" type="Bit" default="Zero" />
		<col name="DistributionModule" type="Bit" />
		<col name="DistributionStandard" type="Bit" />
		<col name="Inventory" type="Bit" />
		<col name="DistributionAdvanced" type="Bit" />
		<col name="SubItem" type="Bit" />
		<col name="AutoPackaging" type="Bit" />
		<col name="Warehouse" type="Bit" />
		<col name="WarehouseLocation" type="Bit" />
		<col name="BlanketPO" type="Bit" />
		<col name="DropShipments" type="Bit" />
		<col name="MultipleUnitMeasure" type="Bit" />
		<col name="Replenishment" type="Bit" />
		<col name="AdvancedPhysicalCounts" type="Bit" />
		<col name="SOToPOLink" type="Bit" />
		<col name="PurchaseRequisitions" type="Bit" />
		<col name="AdvancedSOInvoices" type="Bit" default="Zero" />
		<col name="CrossReferenceUniqueness" type="Bit" default="Zero" />
		<col name="KitAssemblies" type="Bit" />
		<col name="UserDefinedOrderTypes" type="Bit" />
		<col name="VendorRelations" type="Bit" default="Zero" />
		<col name="AdvancedFulfillment" type="Bit" default="Zero" />
		<col name="WMSFulfillment" type="Bit" default="Zero" />
		<col name="WMSReceiving" type="Bit" default="Zero" />
		<col name="WMSInventory" type="Bit" default="Zero" />
		<col name="WMSCartTracking" type="Bit" default="Zero" />
		<col name="IntegrationModule" type="Bit" default="Zero" />
		<col name="MiscModule" type="Bit" />
		<col name="RowLevelSecurity" type="Bit" />
		<col name="FieldLevelLogging" type="Bit" />
		<col name="ExchangeIntegration" type="Bit" default="Zero" />
		<col name="AvalaraTax" type="Bit" default="Zero" />
		<col name="AddressValidation" type="Bit" default="Zero" />
		<col name="TimeReportingModule" type="Bit" default="Zero" />
		<col name="TaxEntryFromGL" type="Bit" default="Zero" />
		<col name="RutRotDeduction" type="Bit" default="Zero" />
		<col name="GLWorkBooks" type="Bit" default="Zero" />
		<col name="ConsolidatedPosting" type="Bit" default="Zero" />
		<col name="ParentChildAccount" type="Bit" default="Zero" />
		<col name="AutomationModule" type="Bit" />
		<col name="NotificationModule" type="Bit" />
		<col name="ApprovalWorkflow" type="Bit" />
		<col name="ScheduleModule" type="Bit" />
		<col name="DeviceHub" type="Bit" default="Zero" />
		<col name="SecureBusinessDate" type="Bit" default="Zero" />
		<col name="CustomerDiscounts" type="Bit" default="Zero" />
		<col name="VendorDiscounts" type="Bit" default="Zero" />
		<col name="SupportBreakQty" type="Bit" default="Zero" />
		<col name="AccountLocations" type="Bit" default="Zero" />
		<col name="CarrierIntegration" type="Bit" default="Zero" />
		<col name="LotSerialTracking" type="Bit" default="Zero" />
		<col name="PortalModule" type="Bit" default="Zero" />
		<col name="B2BOrdering" type="Bit" default="Zero" />
		<col name="PortalCaseManagement" type="Bit" default="Zero" />
		<col name="PortalFinancials" type="Bit" default="Zero" />
		<col name="GDPRCompliance" type="Bit" />
		<col name="OverdueFinCharges" type="Bit" default="Zero" />
		<col name="AllocationTemplates" type="Bit" default="Zero" />
		<col name="Commissions" type="Bit" default="Zero" />
		<col name="FinStatementCurTranslation" type="Bit" default="Zero" />
		<col name="GLConsolidation" type="Bit" default="Zero" />
		<col name="SalesforceIntegration" type="Bit" default="Zero" />
		<col name="ProcoreIntegration" type="Bit" default="Zero" />
		<col name="ServiceManagementModule" type="Bit" default="Zero" />
		<col name="ServiceManagementStaffMembersPack" type="Bit" default="Zero" />
		<col name="ServiceManagementStaffMembersPack10" type="Bit" default="Zero" />
		<col name="ServiceManagementStaffMembersPack50" type="Bit" default="Zero" />
		<col name="ServiceManagementStaffMembersPackUnlimited" type="Bit" default="Zero" />
		<col name="EquipmentManagementModule" type="Bit" default="Zero" />
		<col name="RouteManagementModule" type="Bit" default="Zero" />
		<col name="RouteManagementVehiclesPack" type="Bit" default="Zero" />
		<col name="RouteManagementVehiclesPack10" type="Bit" default="Zero" />
		<col name="RouteManagementVehiclesPack50" type="Bit" default="Zero" />
		<col name="RouteManagementVehiclesPackUnlimited" type="Bit" default="Zero" />
		<col name="Manufacturing" type="Bit" default="Zero" />
		<col name="ManufacturingMRP" type="Bit" default="Zero" />
		<col name="ManufacturingProductConfigurator" type="Bit" default="Zero" />
		<col name="ManufacturingEstimating" type="Bit" default="Zero" />
		<col name="ManufacturingAdvancedPlanning" type="Bit" default="Zero" />
	</table>
	<rows>
		<row Status="0" OrganizationModule="1" ProjectModule="0" ProjectAccounting="0" ChangeOrder="0" BudgetForecast="0" CostCodes="0" Construction="0" ConstructionProjectManagement="0" ProjectQuotes="0" CustomerModule="0" CaseManagement="0" ContactDuplicate="0" SalesQuotes="0" IncomingPayments="0" FinancialModule="1" FinancialStandard="1" FinancialAdvanced="1" Branch="0" InterBranch="0" SubAccount="0" DunningLetter="1" Multicurrency="0" CentralizedPeriodsManagement="1" MultipleCalendarsSupport="0" ProjectMultiCurrency="0" DefferedRevenue="0" ASC606="0" FixedAsset="0" VATReporting="0" Reporting1099="0" NetGrossEntryMode="0" ManualVATEntryMode="0" InvoiceRounding="0" Prebooking="0" ContractManagement="0" Retainage="0" PaymentsByLines="0" ExemptedTaxReporting="0" DistributionModule="1" DistributionStandard="1" Inventory="1" DistributionAdvanced="1" SubItem="0" AutoPackaging="0" Warehouse="1" WarehouseLocation="0" BlanketPO="0" DropShipments="0" MultipleUnitMeasure="0" Replenishment="0" AdvancedPhysicalCounts="0" SOToPOLink="0" PurchaseRequisitions="0" AdvancedSOInvoices="0" CrossReferenceUniqueness="0" KitAssemblies="0" UserDefinedOrderTypes="0" VendorRelations="0" AdvancedFulfillment="0" WMSFulfillment="0" WMSReceiving="0" WMSInventory="0" WMSCartTracking="0" IntegrationModule="1" MiscModule="1" RowLevelSecurity="0" FieldLevelLogging="0" ExchangeIntegration="0" AvalaraTax="1" AddressValidation="0" TimeReportingModule="0" TaxEntryFromGL="0" RutRotDeduction="0" GLWorkBooks="0" ConsolidatedPosting="1" ParentChildAccount="0" AutomationModule="1" NotificationModule="0" ApprovalWorkflow="1" ScheduleModule="1" DeviceHub="0" SecureBusinessDate="0" CustomerDiscounts="0" VendorDiscounts="0" SupportBreakQty="0" AccountLocations="0" CarrierIntegration="0" LotSerialTracking="0" PortalModule="1" B2BOrdering="0" PortalCaseManagement="0" PortalFinancials="0" GDPRCompliance="1" OverdueFinCharges="1" AllocationTemplates="1" Commissions="1" FinStatementCurTranslation="0" GLConsolidation="1" SalesforceIntegration="0" ProcoreIntegration="0" ServiceManagementModule="0" ServiceManagementStaffMembersPack="0" ServiceManagementStaffMembersPack10="0" ServiceManagementStaffMembersPack50="0" ServiceManagementStaffMembersPackUnlimited="0" EquipmentManagementModule="0" RouteManagementModule="0" RouteManagementVehiclesPack="0" RouteManagementVehiclesPack10="0" RouteManagementVehiclesPack50="0" RouteManagementVehiclesPackUnlimited="0" Manufacturing="0" ManufacturingMRP="0" ManufacturingProductConfigurator="0" ManufacturingEstimating="0" ManufacturingAdvancedPlanning="0" />
	</rows>
</data>