﻿<?xml version="1.0" encoding="utf-8"?>
<data>
	<table name="FilterRow">
		<col name="CompanyID" type="Int" default="Zero" />
		<col name="FilterID" type="BigInt" />
		<col name="FilterRowNbr" type="SmallInt" />
		<col name="OpenBrackets" type="Int" default="Zero" />
		<col name="DataField" type="VarChar(256)" />
		<col name="Condition" type="TinyInt" />
		<col name="ValueSt" type="NVarChar(256)" nullable="true" />
		<col name="ValueSt2" type="NVarChar(256)" nullable="true" />
		<col name="CloseBrackets" type="Int" default="Zero" />
		<col name="Operator" type="Int" default="Zero" />
		<col name="IsUsed" type="Bit" default="Zero" />
		<col name="FilterType" type="TinyInt" default="Zero" />
		<col name="CompanyMask" type="VarBinary(32)" default="CompanyMaskReadOnly" />
	</table>
	<rows>
		<row FilterID="422" FilterRowNbr="1" OpenBrackets="0" DataField="SOOrder_status" Condition="0" ValueSt="C" ValueSt2="" CloseBrackets="0" Operator="0" IsUsed="1" FilterType="0" />
	</rows>
</data>