﻿<?xml version="1.0" encoding="utf-8"?>
<data>
	<table name="FinPeriodSetup">
		<col name="CompanyID" type="Int" default="Zero" />
		<col name="PeriodNbr" type="Char(2)" />
		<col name="StartDate" type="SmallDateTime" />
		<col name="EndDate" type="SmallDateTime" />
		<col name="Descr" type="NVarChar(60)" nullable="true" />
		<col name="tstamp" type="Timestamp" />
		<col name="CreatedByID" type="UniqueIdentifier" />
		<col name="CreatedByScreenID" type="Char(8)" />
		<col name="CreatedDateTime" type="DateTime" />
		<col name="LastModifiedByID" type="UniqueIdentifier" />
		<col name="LastModifiedByScreenID" type="Char(8)" />
		<col name="LastModifiedDateTime" type="DateTime" />
		<col name="NoteID" type="UniqueIdentifier" />
	</table>
	<rows>
		<row PeriodNbr="01" StartDate="2013-01-01 00:00:00" EndDate="2013-02-01 00:00:00" Descr="January" CreatedByID="b5344897-037e-4d58-b5c3-1bdfd0f47bf9" CreatedByScreenID="GL101000" CreatedDateTime="2014-10-02 11:39:27.04" LastModifiedByID="b5344897-037e-4d58-b5c3-1bdfd0f47bf9" LastModifiedByScreenID="GL101000" LastModifiedDateTime="2014-10-02 11:39:27.04" NoteID="cc461aeb-9a2e-4b46-8c9d-5c1d3340f772" />
		<row PeriodNbr="02" StartDate="2013-02-01 00:00:00" EndDate="2013-03-01 00:00:00" Descr="February" CreatedByID="b5344897-037e-4d58-b5c3-1bdfd0f47bf9" CreatedByScreenID="GL101000" CreatedDateTime="2014-10-02 11:39:27.04" LastModifiedByID="b5344897-037e-4d58-b5c3-1bdfd0f47bf9" LastModifiedByScreenID="GL101000" LastModifiedDateTime="2014-10-02 11:39:27.04" NoteID="0720eddb-2a1d-4e81-9a0a-b82e296ed759" />
		<row PeriodNbr="03" StartDate="2013-03-01 00:00:00" EndDate="2013-04-01 00:00:00" Descr="March" CreatedByID="b5344897-037e-4d58-b5c3-1bdfd0f47bf9" CreatedByScreenID="GL101000" CreatedDateTime="2014-10-02 11:39:27.043" LastModifiedByID="b5344897-037e-4d58-b5c3-1bdfd0f47bf9" LastModifiedByScreenID="GL101000" LastModifiedDateTime="2014-10-02 11:39:27.043" NoteID="9e2ceb0a-9207-478d-af7e-26dcd775e4fa" />
		<row PeriodNbr="04" StartDate="2013-04-01 00:00:00" EndDate="2013-05-01 00:00:00" Descr="April" CreatedByID="b5344897-037e-4d58-b5c3-1bdfd0f47bf9" CreatedByScreenID="GL101000" CreatedDateTime="2014-10-02 11:39:27.043" LastModifiedByID="b5344897-037e-4d58-b5c3-1bdfd0f47bf9" LastModifiedByScreenID="GL101000" LastModifiedDateTime="2014-10-02 11:39:27.043" NoteID="54b38b21-b515-489a-8a50-a0e8dab36162" />
		<row PeriodNbr="05" StartDate="2013-05-01 00:00:00" EndDate="2013-06-01 00:00:00" Descr="May" CreatedByID="b5344897-037e-4d58-b5c3-1bdfd0f47bf9" CreatedByScreenID="GL101000" CreatedDateTime="2014-10-02 11:39:27.043" LastModifiedByID="b5344897-037e-4d58-b5c3-1bdfd0f47bf9" LastModifiedByScreenID="GL101000" LastModifiedDateTime="2014-10-02 11:39:27.043" NoteID="ae5b461a-7de0-42f3-85b5-93ad6460999f" />
		<row PeriodNbr="06" StartDate="2013-06-01 00:00:00" EndDate="2013-07-01 00:00:00" Descr="June" CreatedByID="b5344897-037e-4d58-b5c3-1bdfd0f47bf9" CreatedByScreenID="GL101000" CreatedDateTime="2014-10-02 11:39:27.043" LastModifiedByID="b5344897-037e-4d58-b5c3-1bdfd0f47bf9" LastModifiedByScreenID="GL101000" LastModifiedDateTime="2014-10-02 11:39:27.043" NoteID="ad033963-4ef8-4bc9-8d88-21225d7c4991" />
		<row PeriodNbr="07" StartDate="2013-07-01 00:00:00" EndDate="2013-08-01 00:00:00" Descr="July" CreatedByID="b5344897-037e-4d58-b5c3-1bdfd0f47bf9" CreatedByScreenID="GL101000" CreatedDateTime="2014-10-02 11:39:27.043" LastModifiedByID="b5344897-037e-4d58-b5c3-1bdfd0f47bf9" LastModifiedByScreenID="GL101000" LastModifiedDateTime="2014-10-02 11:39:27.043" NoteID="e63a5468-aa47-40b8-a255-eeed3dc6e6ac" />
		<row PeriodNbr="08" StartDate="2013-08-01 00:00:00" EndDate="2013-09-01 00:00:00" Descr="August" CreatedByID="b5344897-037e-4d58-b5c3-1bdfd0f47bf9" CreatedByScreenID="GL101000" CreatedDateTime="2014-10-02 11:39:27.043" LastModifiedByID="b5344897-037e-4d58-b5c3-1bdfd0f47bf9" LastModifiedByScreenID="GL101000" LastModifiedDateTime="2014-10-02 11:39:27.043" NoteID="b7626378-e8ed-4c92-a78c-b4b70f3e552a" />
		<row PeriodNbr="09" StartDate="2013-09-01 00:00:00" EndDate="2013-10-01 00:00:00" Descr="September" CreatedByID="b5344897-037e-4d58-b5c3-1bdfd0f47bf9" CreatedByScreenID="GL101000" CreatedDateTime="2014-10-02 11:39:27.043" LastModifiedByID="b5344897-037e-4d58-b5c3-1bdfd0f47bf9" LastModifiedByScreenID="GL101000" LastModifiedDateTime="2014-10-02 11:39:27.043" NoteID="05b1a54b-8098-4ad7-8140-5df33869e0e0" />
		<row PeriodNbr="10" StartDate="2013-10-01 00:00:00" EndDate="2013-11-01 00:00:00" Descr="October" CreatedByID="b5344897-037e-4d58-b5c3-1bdfd0f47bf9" CreatedByScreenID="GL101000" CreatedDateTime="2014-10-02 11:39:27.043" LastModifiedByID="b5344897-037e-4d58-b5c3-1bdfd0f47bf9" LastModifiedByScreenID="GL101000" LastModifiedDateTime="2014-10-02 11:39:27.043" NoteID="08974a59-1874-4b1e-a271-48aa953d2194" />
		<row PeriodNbr="11" StartDate="2013-11-01 00:00:00" EndDate="2013-12-01 00:00:00" Descr="November" CreatedByID="b5344897-037e-4d58-b5c3-1bdfd0f47bf9" CreatedByScreenID="GL101000" CreatedDateTime="2014-10-02 11:39:27.043" LastModifiedByID="b5344897-037e-4d58-b5c3-1bdfd0f47bf9" LastModifiedByScreenID="GL101000" LastModifiedDateTime="2014-10-02 11:39:27.043" NoteID="488c2ea3-3984-4ba4-bcb8-85135ead3123" />
		<row PeriodNbr="12" StartDate="2013-12-01 00:00:00" EndDate="2014-01-01 00:00:00" Descr="December" CreatedByID="b5344897-037e-4d58-b5c3-1bdfd0f47bf9" CreatedByScreenID="GL101000" CreatedDateTime="2014-10-02 11:39:27.043" LastModifiedByID="b5344897-037e-4d58-b5c3-1bdfd0f47bf9" LastModifiedByScreenID="GL101000" LastModifiedDateTime="2014-10-02 11:39:27.043" NoteID="098142ab-3c3b-4556-917b-4ff53590b866" />
	</rows>
</data>