﻿<?xml version="1.0" encoding="utf-8"?>
<data>
	<table name="FinYear">
		<col name="CompanyID" type="Int" default="Zero" />
		<col name="OrganizationID" type="Int" />
		<col name="Year" type="Char(4)" />
		<col name="StartDate" type="SmallDateTime" />
		<col name="EndDate" type="SmallDateTime" />
		<col name="FinPeriods" type="SmallInt" />
		<col name="CustomPeriods" type="Bit" nullable="true" />
		<col name="BegFinYearHist" type="SmallDateTime" nullable="true" />
		<col name="PeriodsStartDateHist" type="SmallDateTime" nullable="true" />
		<col name="StartMasterFinPeriodID" type="Char(6)" nullable="true" />
		<col name="tstamp" type="Timestamp" />
		<col name="CreatedByID" type="UniqueIdentifier" />
		<col name="CreatedByScreenID" type="Char(8)" />
		<col name="CreatedDateTime" type="DateTime" />
		<col name="LastModifiedByID" type="UniqueIdentifier" />
		<col name="LastModifiedByScreenID" type="Char(8)" />
		<col name="LastModifiedDateTime" type="DateTime" />
		<col name="NoteID" type="UniqueIdentifier" nullable="true" />
	</table>
	<rows>
		<row OrganizationID="0" Year="2013" StartDate="2013-01-01 00:00:00" EndDate="2014-01-01 00:00:00" FinPeriods="12" CustomPeriods="0" BegFinYearHist="2013-01-01 00:00:00" PeriodsStartDateHist="2013-01-01 00:00:00" CreatedByID="b5344897-037e-4d58-b5c3-1bdfd0f47bf9" CreatedByScreenID="GL201000" CreatedDateTime="2014-10-02 11:39:49.893" LastModifiedByID="b5344897-037e-4d58-b5c3-1bdfd0f47bf9" LastModifiedByScreenID="GL201000" LastModifiedDateTime="2014-10-02 11:40:23.17" NoteID="cd7f4c42-074a-e411-b973-74d435e7799b" />
		<row OrganizationID="0" Year="2014" StartDate="2014-01-01 00:00:00" EndDate="2015-01-01 00:00:00" FinPeriods="12" CustomPeriods="0" BegFinYearHist="2013-01-01 00:00:00" PeriodsStartDateHist="2013-01-01 00:00:00" CreatedByID="b5344897-037e-4d58-b5c3-1bdfd0f47bf9" CreatedByScreenID="GL201000" CreatedDateTime="2014-10-02 11:39:54.307" LastModifiedByID="b5344897-037e-4d58-b5c3-1bdfd0f47bf9" LastModifiedByScreenID="GL201000" LastModifiedDateTime="2015-11-12 02:09:30.74" NoteID="2777ae4a-074a-e411-b973-74d435e7799b" />
		<row OrganizationID="0" Year="2015" StartDate="2015-01-01 00:00:00" EndDate="2016-01-01 00:00:00" FinPeriods="12" CustomPeriods="0" BegFinYearHist="2013-01-01 00:00:00" PeriodsStartDateHist="2013-01-01 00:00:00" CreatedByID="b5344897-037e-4d58-b5c3-1bdfd0f47bf9" CreatedByScreenID="GL201000" CreatedDateTime="2015-11-12 02:09:38.54" LastModifiedByID="b5344897-037e-4d58-b5c3-1bdfd0f47bf9" LastModifiedByScreenID="GL201000" LastModifiedDateTime="2015-11-12 02:09:38.54" NoteID="efb345db-2d89-e511-80c0-00155d012302" />
		<row OrganizationID="0" Year="2016" StartDate="2016-01-01 00:00:00" EndDate="2017-01-01 00:00:00" FinPeriods="12" CustomPeriods="0" BegFinYearHist="2013-01-01 00:00:00" PeriodsStartDateHist="2013-01-01 00:00:00" CreatedByID="b5344897-037e-4d58-b5c3-1bdfd0f47bf9" CreatedByScreenID="GL201000" CreatedDateTime="2016-01-07 02:57:50.477" LastModifiedByID="b5344897-037e-4d58-b5c3-1bdfd0f47bf9" LastModifiedByScreenID="GL201000" LastModifiedDateTime="2016-01-07 02:57:50.477" NoteID="a3f110de-35b5-e511-80c0-00155d012302" />
		<row OrganizationID="0" Year="2017" StartDate="2017-01-01 00:00:00" EndDate="2018-01-01 00:00:00" FinPeriods="12" CustomPeriods="0" BegFinYearHist="2013-01-01 00:00:00" PeriodsStartDateHist="2013-01-01 00:00:00" CreatedByID="b5344897-037e-4d58-b5c3-1bdfd0f47bf9" CreatedByScreenID="GL201000" CreatedDateTime="2016-06-16 09:36:31.79" LastModifiedByID="b5344897-037e-4d58-b5c3-1bdfd0f47bf9" LastModifiedByScreenID="GL201000" LastModifiedDateTime="2016-06-16 09:36:31.79" NoteID="ec631724-f133-e611-80c4-00155d012302" />
		<row OrganizationID="0" Year="2018" StartDate="2018-01-01 00:00:00" EndDate="2019-01-01 00:00:00" FinPeriods="12" CustomPeriods="0" BegFinYearHist="2013-01-01 00:00:00" PeriodsStartDateHist="2013-01-01 00:00:00" CreatedByID="b5344897-037e-4d58-b5c3-1bdfd0f47bf9" CreatedByScreenID="GL201000" CreatedDateTime="2019-12-04 17:55:32.793" LastModifiedByID="b5344897-037e-4d58-b5c3-1bdfd0f47bf9" LastModifiedByScreenID="GL201000" LastModifiedDateTime="2019-12-04 17:55:32.793" NoteID="1dd56088-f116-ea11-a6ed-9cb6d0c82c0c" />
		<row OrganizationID="0" Year="2019" StartDate="2019-01-01 00:00:00" EndDate="2020-01-01 00:00:00" FinPeriods="12" CustomPeriods="0" BegFinYearHist="2013-01-01 00:00:00" PeriodsStartDateHist="2013-01-01 00:00:00" CreatedByID="b5344897-037e-4d58-b5c3-1bdfd0f47bf9" CreatedByScreenID="GL201000" CreatedDateTime="2019-12-04 17:55:42.017" LastModifiedByID="b5344897-037e-4d58-b5c3-1bdfd0f47bf9" LastModifiedByScreenID="GL201000" LastModifiedDateTime="2019-12-04 17:55:42.017" NoteID="2cddbf93-f116-ea11-a6ed-9cb6d0c82c0c" />
		<row OrganizationID="0" Year="2020" StartDate="2020-01-01 00:00:00" EndDate="2021-01-01 00:00:00" FinPeriods="12" CustomPeriods="0" BegFinYearHist="2013-01-01 00:00:00" PeriodsStartDateHist="2013-01-01 00:00:00" CreatedByID="b5344897-037e-4d58-b5c3-1bdfd0f47bf9" CreatedByScreenID="GL201000" CreatedDateTime="2020-01-15 13:22:33.927" LastModifiedByID="b5344897-037e-4d58-b5c3-1bdfd0f47bf9" LastModifiedByScreenID="GL201000" LastModifiedDateTime="2020-01-15 13:22:33.927" NoteID="88371fff-c337-ea11-80c9-18fb7b9a5888" />
		<row OrganizationID="7" Year="2013" StartDate="2013-01-01 00:00:00" EndDate="2014-01-01 00:00:00" FinPeriods="12" StartMasterFinPeriodID="201301" CreatedByID="b5344897-037e-4d58-b5c3-1bdfd0f47bf9" CreatedByScreenID="GL201000" CreatedDateTime="2014-10-02 11:39:49.893" LastModifiedByID="b5344897-037e-4d58-b5c3-1bdfd0f47bf9" LastModifiedByScreenID="GL201000" LastModifiedDateTime="2014-10-02 11:40:23.17" />
		<row OrganizationID="7" Year="2014" StartDate="2014-01-01 00:00:00" EndDate="2015-01-01 00:00:00" FinPeriods="12" StartMasterFinPeriodID="201401" CreatedByID="b5344897-037e-4d58-b5c3-1bdfd0f47bf9" CreatedByScreenID="GL201000" CreatedDateTime="2014-10-02 11:39:54.307" LastModifiedByID="b5344897-037e-4d58-b5c3-1bdfd0f47bf9" LastModifiedByScreenID="GL201000" LastModifiedDateTime="2015-11-12 02:09:30.74" />
		<row OrganizationID="7" Year="2015" StartDate="2015-01-01 00:00:00" EndDate="2016-01-01 00:00:00" FinPeriods="12" StartMasterFinPeriodID="201501" CreatedByID="b5344897-037e-4d58-b5c3-1bdfd0f47bf9" CreatedByScreenID="GL201000" CreatedDateTime="2015-11-12 02:09:38.54" LastModifiedByID="b5344897-037e-4d58-b5c3-1bdfd0f47bf9" LastModifiedByScreenID="GL201000" LastModifiedDateTime="2015-11-12 02:09:38.54" />
		<row OrganizationID="7" Year="2016" StartDate="2016-01-01 00:00:00" EndDate="2017-01-01 00:00:00" FinPeriods="12" StartMasterFinPeriodID="201601" CreatedByID="b5344897-037e-4d58-b5c3-1bdfd0f47bf9" CreatedByScreenID="GL201000" CreatedDateTime="2016-01-07 02:57:50.477" LastModifiedByID="b5344897-037e-4d58-b5c3-1bdfd0f47bf9" LastModifiedByScreenID="GL201000" LastModifiedDateTime="2016-01-07 02:57:50.477" />
		<row OrganizationID="7" Year="2017" StartDate="2017-01-01 00:00:00" EndDate="2018-01-01 00:00:00" FinPeriods="12" StartMasterFinPeriodID="201701" CreatedByID="b5344897-037e-4d58-b5c3-1bdfd0f47bf9" CreatedByScreenID="GL201000" CreatedDateTime="2016-06-16 09:36:31.79" LastModifiedByID="b5344897-037e-4d58-b5c3-1bdfd0f47bf9" LastModifiedByScreenID="GL201000" LastModifiedDateTime="2016-06-16 09:36:31.79" />
		<row OrganizationID="7" Year="2018" StartDate="2018-01-01 00:00:00" EndDate="2019-01-01 00:00:00" FinPeriods="12" StartMasterFinPeriodID="201801" CreatedByID="b5344897-037e-4d58-b5c3-1bdfd0f47bf9" CreatedByScreenID="GL201000" CreatedDateTime="2019-12-04 17:55:32.813" LastModifiedByID="b5344897-037e-4d58-b5c3-1bdfd0f47bf9" LastModifiedByScreenID="GL201000" LastModifiedDateTime="2019-12-04 17:55:32.813" NoteID="2bd56088-f116-ea11-a6ed-9cb6d0c82c0c" />
		<row OrganizationID="7" Year="2019" StartDate="2019-01-01 00:00:00" EndDate="2020-01-01 00:00:00" FinPeriods="12" StartMasterFinPeriodID="201901" CreatedByID="b5344897-037e-4d58-b5c3-1bdfd0f47bf9" CreatedByScreenID="GL201000" CreatedDateTime="2019-12-04 17:55:42.03" LastModifiedByID="b5344897-037e-4d58-b5c3-1bdfd0f47bf9" LastModifiedByScreenID="GL201000" LastModifiedDateTime="2019-12-04 17:55:42.03" NoteID="3addbf93-f116-ea11-a6ed-9cb6d0c82c0c" />
		<row OrganizationID="7" Year="2020" StartDate="2020-01-01 00:00:00" EndDate="2021-01-01 00:00:00" FinPeriods="12" StartMasterFinPeriodID="202001" CreatedByID="b5344897-037e-4d58-b5c3-1bdfd0f47bf9" CreatedByScreenID="GL201000" CreatedDateTime="2020-01-15 13:22:33.953" LastModifiedByID="b5344897-037e-4d58-b5c3-1bdfd0f47bf9" LastModifiedByScreenID="GL201000" LastModifiedDateTime="2020-01-15 13:22:33.953" NoteID="96371fff-c337-ea11-80c9-18fb7b9a5888" />
	</rows>
</data>