﻿<?xml version="1.0" encoding="utf-8"?>
<data>
	<table name="GIDesign">
		<col name="CompanyID" type="Int" default="Zero" />
		<col name="DesignID" type="UniqueIdentifier" />
		<col name="Name" type="NVarChar(255)" />
		<col name="FilterCaption" type="NVarChar(255)" nullable="true" />
		<col name="ResultsCaption" type="NVarChar(255)" nullable="true" />
		<col name="SelectTop" type="Int" nullable="true" />
		<col name="FilterColCount" type="Int" nullable="true" />
		<col name="PageSize" type="Int" nullable="true" />
		<col name="ExportTop" type="Int" nullable="true" />
		<col name="PrimaryScreenIDNew" type="VarChar(8)" nullable="true" />
		<col name="NewRecordCreationEnabled" type="Bit" default="Zero" />
		<col name="MassDeleteEnabled" type="Bit" default="Zero" />
		<col name="AutoConfirmDelete" type="Bit" default="Zero" />
		<col name="MassRecordsUpdateEnabled" type="Bit" default="Zero" />
		<col name="MassActionsOnRecordsEnabled" type="Bit" default="Zero" />
		<col name="ExposeViaOData" type="Bit" default="Zero" />
		<col name="ExposeViaMobile" type="Bit" default="Zero" />
		<col name="RowStyleFormula" type="NVarChar(MAX)" nullable="true" />
		<col name="CreatedByID" type="UniqueIdentifier" />
		<col name="CreatedDateTime" type="DateTime" />
		<col name="CreatedByScreenID" type="Char(8)" />
		<col name="LastModifiedByID" type="UniqueIdentifier" />
		<col name="LastModifiedDateTime" type="DateTime" />
		<col name="LastModifiedByScreenID" type="Char(8)" />
		<col name="NoteID" type="UniqueIdentifier" nullable="true" />
		<col name="CompanyMask" type="VarBinary(32)" default="CompanyMaskReadOnly" />
	</table>
	<rows>
		<row DesignID="685bdfd2-a335-4163-a812-474cc5e3ab31" Name="Purchase Receipts" FilterColCount="1" PageSize="0" NewRecordCreationEnabled="0" MassDeleteEnabled="0" AutoConfirmDelete="0" MassRecordsUpdateEnabled="0" MassActionsOnRecordsEnabled="0" ExposeViaOData="0" ExposeViaMobile="0" CreatedByID="b5344897-037e-4d58-b5c3-1bdfd0f47bf9" CreatedDateTime="2015-12-22 13:28:30" CreatedByScreenID="SM209900" LastModifiedByID="b5344897-037e-4d58-b5c3-1bdfd0f47bf9" LastModifiedDateTime="2015-12-22 13:28:30" LastModifiedByScreenID="SM209900" NoteID="b0d783be-96a8-e511-80c0-00155d012302" />
		<row DesignID="0ecb05fd-7b11-4671-a7c0-ce8bc6c0f179" Name="InventoryStatus" FilterColCount="3" PageSize="0" ExportTop="0" NewRecordCreationEnabled="0" MassDeleteEnabled="0" AutoConfirmDelete="0" MassRecordsUpdateEnabled="0" MassActionsOnRecordsEnabled="0" ExposeViaOData="1" ExposeViaMobile="0" CreatedByID="b5344897-037e-4d58-b5c3-1bdfd0f47bf9" CreatedDateTime="2019-12-04 09:03:13.16" CreatedByScreenID="SM209900" LastModifiedByID="b5344897-037e-4d58-b5c3-1bdfd0f47bf9" LastModifiedDateTime="2019-12-04 18:33:05.467" LastModifiedByScreenID="SM208000" NoteID="4a29c230-a716-ea11-a6ed-9cb6d0c82c0c" />
	</rows>
</data>