﻿<?xml version="1.0" encoding="utf-8"?>
<data>
	<table name="GIFilter">
		<col name="CompanyID" type="Int" default="Zero" />
		<col name="DesignID" type="UniqueIdentifier" />
		<col name="LineNbr" type="Int" />
		<col name="IsActive" type="Bit" />
		<col name="Name" type="NVarChar(255)" />
		<col name="FieldName" type="NVarChar(512)" />
		<col name="DataType" type="VarChar(50)" />
		<col name="DisplayName" type="NVarChar(512)" nullable="true" />
		<col name="AvailableValues" type="NVarChar(1024)" nullable="true" />
		<col name="IsExpression" type="Bit" default="Zero" />
		<col name="DefaultValue" type="NVarChar(512)" nullable="true" />
		<col name="ColSpan" type="Int" />
		<col name="Required" type="Bit" default="Zero" />
		<col name="Hidden" type="Bit" nullable="true" />
		<col name="Size" type="VarChar(3)" nullable="true" />
		<col name="LabelSize" type="VarChar(3)" nullable="true" />
		<col name="CreatedByID" type="UniqueIdentifier" />
		<col name="CreatedDateTime" type="DateTime" />
		<col name="CreatedByScreenID" type="Char(8)" />
		<col name="LastModifiedByID" type="UniqueIdentifier" />
		<col name="LastModifiedDateTime" type="DateTime" />
		<col name="LastModifiedByScreenID" type="Char(8)" />
		<col name="NoteID" type="UniqueIdentifier" nullable="true" />
		<col name="CompanyMask" type="VarBinary(32)" default="CompanyMaskReadOnly" />
	</table>
	<rows>
		<row DesignID="685bdfd2-a335-4163-a812-474cc5e3ab31" LineNbr="2" IsActive="1" Name="DateFrom" FieldName="POReceipt.receiptDate" DataType="string" DisplayName="Start Date" IsExpression="0" DefaultValue="@PeriodStart" ColSpan="1" Required="0" Size="SM" CreatedByID="b5344897-037e-4d58-b5c3-1bdfd0f47bf9" CreatedDateTime="2015-12-22 13:28:31" CreatedByScreenID="SM209900" LastModifiedByID="b5344897-037e-4d58-b5c3-1bdfd0f47bf9" LastModifiedDateTime="2015-12-22 13:28:31" LastModifiedByScreenID="SM209900" NoteID="bcd783be-96a8-e511-80c0-00155d012302" />
		<row DesignID="685bdfd2-a335-4163-a812-474cc5e3ab31" LineNbr="3" IsActive="1" Name="DateTo" FieldName="POReceipt.receiptDate" DataType="string" DisplayName="End Date" IsExpression="0" DefaultValue="@PeriodEnd" ColSpan="1" Required="0" Size="SM" CreatedByID="b5344897-037e-4d58-b5c3-1bdfd0f47bf9" CreatedDateTime="2015-12-22 13:28:31" CreatedByScreenID="SM209900" LastModifiedByID="b5344897-037e-4d58-b5c3-1bdfd0f47bf9" LastModifiedDateTime="2015-12-22 13:28:31" LastModifiedByScreenID="SM209900" NoteID="bdd783be-96a8-e511-80c0-00155d012302" />
		<row DesignID="685bdfd2-a335-4163-a812-474cc5e3ab31" LineNbr="4" IsActive="1" Name="InventoryItem" FieldName="InventoryItem.inventoryCD" DataType="string" DisplayName="Inventory ID" IsExpression="0" ColSpan="1" Required="0" Size="SM" CreatedByID="b5344897-037e-4d58-b5c3-1bdfd0f47bf9" CreatedDateTime="2015-12-22 13:28:31" CreatedByScreenID="SM209900" LastModifiedByID="b5344897-037e-4d58-b5c3-1bdfd0f47bf9" LastModifiedDateTime="2015-12-22 13:28:31" LastModifiedByScreenID="SM209900" NoteID="bed783be-96a8-e511-80c0-00155d012302" />
	</rows>
</data>