﻿<?xml version="1.0" encoding="utf-8"?>
<data>
	<table name="GIResult">
		<col name="CompanyID" type="Int" default="Zero" />
		<col name="DesignID" type="UniqueIdentifier" />
		<col name="LineNbr" type="Int" />
		<col name="SortOrder" type="Int" nullable="true" />
		<col name="IsActive" type="Bit" />
		<col name="ObjectName" type="NVarChar(255)" />
		<col name="Field" type="NVarChar(MAX)" />
		<col name="SchemaField" type="NVarChar(255)" nullable="true" />
		<col name="Caption" type="NVarChar(128)" nullable="true" />
		<col name="StyleFormula" type="NVarChar(MAX)" nullable="true" />
		<col name="Width" type="Int" nullable="true" />
		<col name="IsVisible" type="Bit" />
		<col name="DefaultNav" type="Bit" />
		<col name="AggregateFunction" type="NVarChar(32)" nullable="true" />
		<col name="TotalAggregateFunction" type="NVarChar(32)" nullable="true" />
		<col name="NavigationNbr" type="Int" nullable="true" />
		<col name="QuickFilter" type="Bit" default="Zero" />
		<col name="FastFilter" type="Bit" />
		<col name="RowID" type="UniqueIdentifier" />
		<col name="CreatedByID" type="UniqueIdentifier" />
		<col name="CreatedDateTime" type="DateTime" />
		<col name="CreatedByScreenID" type="Char(8)" />
		<col name="LastModifiedByID" type="UniqueIdentifier" />
		<col name="LastModifiedDateTime" type="DateTime" />
		<col name="LastModifiedByScreenID" type="Char(8)" />
		<col name="NoteID" type="UniqueIdentifier" nullable="true" />
		<col name="CompanyMask" type="VarBinary(32)" default="CompanyMaskReadOnly" />
	</table>
	<rows>
		<row DesignID="685bdfd2-a335-4163-a812-474cc5e3ab31" LineNbr="1" SortOrder="1" IsActive="1" ObjectName="POReceiptLine" Field="inventoryID" Caption="Inventory ID" IsVisible="1" DefaultNav="1" QuickFilter="0" FastFilter="1" RowID="d4d783be-96a8-e511-80c0-00155d012302" CreatedByID="b5344897-037e-4d58-b5c3-1bdfd0f47bf9" CreatedDateTime="2015-12-22 13:28:31" CreatedByScreenID="SM209900" LastModifiedByID="b5344897-037e-4d58-b5c3-1bdfd0f47bf9" LastModifiedDateTime="2015-12-22 13:28:31" LastModifiedByScreenID="SM209900" NoteID="d4d783be-96a8-e511-80c0-00155d012302" />
		<row DesignID="685bdfd2-a335-4163-a812-474cc5e3ab31" LineNbr="2" SortOrder="2" IsActive="1" ObjectName="POReceipt" Field="receiptDate" Caption="Receipt Date" IsVisible="1" DefaultNav="1" QuickFilter="0" FastFilter="0" RowID="cfd783be-96a8-e511-80c0-00155d012302" CreatedByID="b5344897-037e-4d58-b5c3-1bdfd0f47bf9" CreatedDateTime="2015-12-22 13:28:31" CreatedByScreenID="SM209900" LastModifiedByID="b5344897-037e-4d58-b5c3-1bdfd0f47bf9" LastModifiedDateTime="2015-12-22 13:28:31" LastModifiedByScreenID="SM209900" NoteID="cfd783be-96a8-e511-80c0-00155d012302" />
		<row DesignID="685bdfd2-a335-4163-a812-474cc5e3ab31" LineNbr="3" SortOrder="3" IsActive="1" ObjectName="POReceipt" Field="receiptType" Caption="Receipt Type" IsVisible="1" DefaultNav="1" QuickFilter="0" FastFilter="1" RowID="d0d783be-96a8-e511-80c0-00155d012302" CreatedByID="b5344897-037e-4d58-b5c3-1bdfd0f47bf9" CreatedDateTime="2015-12-22 13:28:31" CreatedByScreenID="SM209900" LastModifiedByID="b5344897-037e-4d58-b5c3-1bdfd0f47bf9" LastModifiedDateTime="2015-12-22 13:28:31" LastModifiedByScreenID="SM209900" NoteID="d0d783be-96a8-e511-80c0-00155d012302" />
		<row DesignID="685bdfd2-a335-4163-a812-474cc5e3ab31" LineNbr="4" SortOrder="4" IsActive="1" ObjectName="POReceipt" Field="receiptNbr" Caption="Receipt Nbr" IsVisible="1" DefaultNav="1" QuickFilter="0" FastFilter="1" RowID="d1d783be-96a8-e511-80c0-00155d012302" CreatedByID="b5344897-037e-4d58-b5c3-1bdfd0f47bf9" CreatedDateTime="2015-12-22 13:28:31" CreatedByScreenID="SM209900" LastModifiedByID="b5344897-037e-4d58-b5c3-1bdfd0f47bf9" LastModifiedDateTime="2015-12-22 13:28:31" LastModifiedByScreenID="SM209900" NoteID="d1d783be-96a8-e511-80c0-00155d012302" />
		<row DesignID="685bdfd2-a335-4163-a812-474cc5e3ab31" LineNbr="5" SortOrder="5" IsActive="0" ObjectName="POReceipt" Field="finPeriodID" Caption="Post Period" IsVisible="1" DefaultNav="1" QuickFilter="0" FastFilter="1" RowID="d2d783be-96a8-e511-80c0-00155d012302" CreatedByID="b5344897-037e-4d58-b5c3-1bdfd0f47bf9" CreatedDateTime="2015-12-22 13:28:31" CreatedByScreenID="SM209900" LastModifiedByID="b5344897-037e-4d58-b5c3-1bdfd0f47bf9" LastModifiedDateTime="2015-12-22 13:28:31" LastModifiedByScreenID="SM209900" NoteID="d2d783be-96a8-e511-80c0-00155d012302" />
		<row DesignID="685bdfd2-a335-4163-a812-474cc5e3ab31" LineNbr="6" SortOrder="6" IsActive="1" ObjectName="POReceipt" Field="status" Caption="PO Receipt Status" IsVisible="1" DefaultNav="1" QuickFilter="0" FastFilter="1" RowID="d3d783be-96a8-e511-80c0-00155d012302" CreatedByID="b5344897-037e-4d58-b5c3-1bdfd0f47bf9" CreatedDateTime="2015-12-22 13:28:31" CreatedByScreenID="SM209900" LastModifiedByID="b5344897-037e-4d58-b5c3-1bdfd0f47bf9" LastModifiedDateTime="2015-12-22 13:28:31" LastModifiedByScreenID="SM209900" NoteID="d3d783be-96a8-e511-80c0-00155d012302" />
		<row DesignID="685bdfd2-a335-4163-a812-474cc5e3ab31" LineNbr="7" SortOrder="7" IsActive="1" ObjectName="POReceiptLine" Field="uOM" Caption="Receipt UOM" IsVisible="1" DefaultNav="1" QuickFilter="0" FastFilter="1" RowID="d5d783be-96a8-e511-80c0-00155d012302" CreatedByID="b5344897-037e-4d58-b5c3-1bdfd0f47bf9" CreatedDateTime="2015-12-22 13:28:31" CreatedByScreenID="SM209900" LastModifiedByID="b5344897-037e-4d58-b5c3-1bdfd0f47bf9" LastModifiedDateTime="2015-12-22 13:28:31" LastModifiedByScreenID="SM209900" NoteID="d5d783be-96a8-e511-80c0-00155d012302" />
		<row DesignID="685bdfd2-a335-4163-a812-474cc5e3ab31" LineNbr="8" SortOrder="8" IsActive="1" ObjectName="POReceiptLine" Field="receiptQty" Caption="Receipt Qty" IsVisible="1" DefaultNav="1" QuickFilter="0" FastFilter="1" RowID="d6d783be-96a8-e511-80c0-00155d012302" CreatedByID="b5344897-037e-4d58-b5c3-1bdfd0f47bf9" CreatedDateTime="2015-12-22 13:28:31" CreatedByScreenID="SM209900" LastModifiedByID="b5344897-037e-4d58-b5c3-1bdfd0f47bf9" LastModifiedDateTime="2015-12-22 13:28:31" LastModifiedByScreenID="SM209900" NoteID="d6d783be-96a8-e511-80c0-00155d012302" />
		<row DesignID="685bdfd2-a335-4163-a812-474cc5e3ab31" LineNbr="9" SortOrder="9" IsActive="1" ObjectName="InventoryItem" Field="baseUnit" Caption="Base UOM" IsVisible="1" DefaultNav="1" QuickFilter="0" FastFilter="1" RowID="ced783be-96a8-e511-80c0-00155d012302" CreatedByID="b5344897-037e-4d58-b5c3-1bdfd0f47bf9" CreatedDateTime="2015-12-22 13:28:31" CreatedByScreenID="SM209900" LastModifiedByID="b5344897-037e-4d58-b5c3-1bdfd0f47bf9" LastModifiedDateTime="2015-12-22 13:28:31" LastModifiedByScreenID="SM209900" NoteID="ced783be-96a8-e511-80c0-00155d012302" />
		<row DesignID="685bdfd2-a335-4163-a812-474cc5e3ab31" LineNbr="10" SortOrder="10" IsActive="1" ObjectName="POReceiptLine" Field="baseReceiptQty" Caption="Base Qty" IsVisible="1" DefaultNav="1" QuickFilter="0" FastFilter="1" RowID="d7d783be-96a8-e511-80c0-00155d012302" CreatedByID="b5344897-037e-4d58-b5c3-1bdfd0f47bf9" CreatedDateTime="2015-12-22 13:28:31" CreatedByScreenID="SM209900" LastModifiedByID="b5344897-037e-4d58-b5c3-1bdfd0f47bf9" LastModifiedDateTime="2015-12-22 13:28:31" LastModifiedByScreenID="SM209900" NoteID="d7d783be-96a8-e511-80c0-00155d012302" />
		<row DesignID="685bdfd2-a335-4163-a812-474cc5e3ab31" LineNbr="11" SortOrder="11" IsActive="1" ObjectName="INTran" Field="tranType" Caption="IN Tran. Type" IsVisible="1" DefaultNav="1" QuickFilter="0" FastFilter="1" RowID="ccd783be-96a8-e511-80c0-00155d012302" CreatedByID="b5344897-037e-4d58-b5c3-1bdfd0f47bf9" CreatedDateTime="2015-12-22 13:28:31" CreatedByScreenID="SM209900" LastModifiedByID="b5344897-037e-4d58-b5c3-1bdfd0f47bf9" LastModifiedDateTime="2015-12-22 13:28:31" LastModifiedByScreenID="SM209900" NoteID="ccd783be-96a8-e511-80c0-00155d012302" />
		<row DesignID="685bdfd2-a335-4163-a812-474cc5e3ab31" LineNbr="13" SortOrder="13" IsActive="1" ObjectName="INRegister" Field="refNbr" Caption="IN Tran. Nbr" IsVisible="1" DefaultNav="1" QuickFilter="0" FastFilter="1" RowID="cbd783be-96a8-e511-80c0-00155d012302" CreatedByID="b5344897-037e-4d58-b5c3-1bdfd0f47bf9" CreatedDateTime="2015-12-22 13:28:31" CreatedByScreenID="SM209900" LastModifiedByID="b5344897-037e-4d58-b5c3-1bdfd0f47bf9" LastModifiedDateTime="2015-12-22 13:28:31" LastModifiedByScreenID="SM209900" NoteID="cbd783be-96a8-e511-80c0-00155d012302" />
		<row DesignID="685bdfd2-a335-4163-a812-474cc5e3ab31" LineNbr="14" SortOrder="14" IsActive="1" ObjectName="INTran" Field="released" Caption="IN Tran. Released" IsVisible="1" DefaultNav="1" QuickFilter="0" FastFilter="1" RowID="cdd783be-96a8-e511-80c0-00155d012302" CreatedByID="b5344897-037e-4d58-b5c3-1bdfd0f47bf9" CreatedDateTime="2015-12-22 13:28:31" CreatedByScreenID="SM209900" LastModifiedByID="b5344897-037e-4d58-b5c3-1bdfd0f47bf9" LastModifiedDateTime="2015-12-22 13:28:31" LastModifiedByScreenID="SM209900" NoteID="cdd783be-96a8-e511-80c0-00155d012302" />
		<row DesignID="0ecb05fd-7b11-4671-a7c0-ce8bc6c0f179" LineNbr="1" SortOrder="1" IsActive="1" ObjectName="InventoryItem" Field="inventoryCD" SchemaField="InventoryItem.InventoryCD" IsVisible="1" DefaultNav="1" QuickFilter="0" FastFilter="1" RowID="1b476f0c-5ef7-414e-92b7-b921bcf230a1" CreatedByID="b5344897-037e-4d58-b5c3-1bdfd0f47bf9" CreatedDateTime="2019-12-04 09:03:13.18" CreatedByScreenID="SM209900" LastModifiedByID="b5344897-037e-4d58-b5c3-1bdfd0f47bf9" LastModifiedDateTime="2019-12-04 09:03:13.18" LastModifiedByScreenID="SM209900" NoteID="5429c230-a716-ea11-a6ed-9cb6d0c82c0c" />
		<row DesignID="0ecb05fd-7b11-4671-a7c0-ce8bc6c0f179" LineNbr="2" SortOrder="2" IsActive="1" ObjectName="INSiteStatus" Field="lastModifiedDateTime" SchemaField="INSiteStatus.LastModifiedDateTime" IsVisible="1" DefaultNav="1" QuickFilter="0" FastFilter="0" RowID="947365b5-69c2-4cc5-aa94-da49de717aa1" CreatedByID="b5344897-037e-4d58-b5c3-1bdfd0f47bf9" CreatedDateTime="2019-12-04 09:03:13.18" CreatedByScreenID="SM209900" LastModifiedByID="b5344897-037e-4d58-b5c3-1bdfd0f47bf9" LastModifiedDateTime="2019-12-04 09:03:13.18" LastModifiedByScreenID="SM209900" NoteID="5629c230-a716-ea11-a6ed-9cb6d0c82c0c" />
		<row DesignID="0ecb05fd-7b11-4671-a7c0-ce8bc6c0f179" LineNbr="3" SortOrder="3" IsActive="1" ObjectName="INSiteStatus" Field="qtyAvail" SchemaField="INSiteStatus.QtyAvail" IsVisible="1" DefaultNav="1" QuickFilter="0" FastFilter="1" RowID="b6632e53-b57e-480e-8279-4a42c7215809" CreatedByID="b5344897-037e-4d58-b5c3-1bdfd0f47bf9" CreatedDateTime="2019-12-04 09:03:13.18" CreatedByScreenID="SM209900" LastModifiedByID="b5344897-037e-4d58-b5c3-1bdfd0f47bf9" LastModifiedDateTime="2019-12-04 09:03:13.18" LastModifiedByScreenID="SM209900" NoteID="5529c230-a716-ea11-a6ed-9cb6d0c82c0c" />
		<row DesignID="0ecb05fd-7b11-4671-a7c0-ce8bc6c0f179" LineNbr="4" SortOrder="4" IsActive="1" ObjectName="InventoryItem" Field="basePrice" SchemaField="InventoryItem.BasePrice" IsVisible="1" DefaultNav="1" QuickFilter="0" FastFilter="1" RowID="a9110603-4f10-4187-a0e1-4cfbb9097489" CreatedByID="b5344897-037e-4d58-b5c3-1bdfd0f47bf9" CreatedDateTime="2019-12-04 09:03:13.18" CreatedByScreenID="SM209900" LastModifiedByID="b5344897-037e-4d58-b5c3-1bdfd0f47bf9" LastModifiedDateTime="2019-12-04 09:03:13.18" LastModifiedByScreenID="SM209900" NoteID="5329c230-a716-ea11-a6ed-9cb6d0c82c0c" />
		<row DesignID="0ecb05fd-7b11-4671-a7c0-ce8bc6c0f179" LineNbr="5" SortOrder="5" IsActive="1" ObjectName="INItemCost" Field="lastCost" SchemaField="INItemCost.LastCost" IsVisible="1" DefaultNav="1" QuickFilter="0" FastFilter="1" RowID="2092974b-5de5-4cc7-af89-c83156304fc7" CreatedByID="b5344897-037e-4d58-b5c3-1bdfd0f47bf9" CreatedDateTime="2019-12-04 09:03:13.18" CreatedByScreenID="SM209900" LastModifiedByID="b5344897-037e-4d58-b5c3-1bdfd0f47bf9" LastModifiedDateTime="2019-12-04 09:03:13.18" LastModifiedByScreenID="SM209900" NoteID="5729c230-a716-ea11-a6ed-9cb6d0c82c0c" />
		<row DesignID="0ecb05fd-7b11-4671-a7c0-ce8bc6c0f179" LineNbr="6" SortOrder="6" IsActive="1" ObjectName="INSiteStatus" Field="siteID" SchemaField="INSiteStatus.SiteID" IsVisible="1" DefaultNav="1" QuickFilter="0" FastFilter="1" RowID="43ffaaee-a556-40aa-bbb3-6bb91003d9e9" CreatedByID="b5344897-037e-4d58-b5c3-1bdfd0f47bf9" CreatedDateTime="2019-12-04 18:33:05.44" CreatedByScreenID="SM208000" LastModifiedByID="b5344897-037e-4d58-b5c3-1bdfd0f47bf9" LastModifiedDateTime="2019-12-04 18:33:05.44" LastModifiedByScreenID="SM208000" NoteID="be9f0192-f616-ea11-a6ed-9cb6d0c82c0c" />
	</rows>
</data>