﻿<?xml version="1.0" encoding="utf-8"?>
<data>
	<table name="GITable">
		<col name="CompanyID" type="Int" default="Zero" />
		<col name="DesignID" type="UniqueIdentifier" />
		<col name="Alias" type="NVarChar(255)" />
		<col name="Name" type="VarChar(255)" />
		<col name="Number" type="Int" nullable="true" />
		<col name="CreatedByID" type="UniqueIdentifier" />
		<col name="CreatedDateTime" type="DateTime" />
		<col name="CreatedByScreenID" type="Char(8)" />
		<col name="LastModifiedByID" type="UniqueIdentifier" />
		<col name="LastModifiedDateTime" type="DateTime" />
		<col name="LastModifiedByScreenID" type="Char(8)" />
		<col name="NoteID" type="UniqueIdentifier" nullable="true" />
		<col name="CompanyMask" type="VarBinary(32)" default="CompanyMaskReadOnly" />
	</table>
	<rows>
		<row DesignID="685bdfd2-a335-4163-a812-474cc5e3ab31" Alias="INRegister" Name="PX.Objects.IN.INRegister" CreatedByID="b5344897-037e-4d58-b5c3-1bdfd0f47bf9" CreatedDateTime="2015-12-22 13:28:30" CreatedByScreenID="SM209900" LastModifiedByID="b5344897-037e-4d58-b5c3-1bdfd0f47bf9" LastModifiedDateTime="2015-12-22 13:28:30" LastModifiedByScreenID="SM209900" NoteID="b1d783be-96a8-e511-80c0-00155d012302" />
		<row DesignID="685bdfd2-a335-4163-a812-474cc5e3ab31" Alias="INTran" Name="PX.Objects.IN.INTran" CreatedByID="b5344897-037e-4d58-b5c3-1bdfd0f47bf9" CreatedDateTime="2015-12-22 13:28:30" CreatedByScreenID="SM209900" LastModifiedByID="b5344897-037e-4d58-b5c3-1bdfd0f47bf9" LastModifiedDateTime="2015-12-22 13:28:30" LastModifiedByScreenID="SM209900" NoteID="b2d783be-96a8-e511-80c0-00155d012302" />
		<row DesignID="685bdfd2-a335-4163-a812-474cc5e3ab31" Alias="InventoryItem" Name="PX.Objects.IN.InventoryItem" CreatedByID="b5344897-037e-4d58-b5c3-1bdfd0f47bf9" CreatedDateTime="2015-12-22 13:28:30" CreatedByScreenID="SM209900" LastModifiedByID="b5344897-037e-4d58-b5c3-1bdfd0f47bf9" LastModifiedDateTime="2015-12-22 13:28:30" LastModifiedByScreenID="SM209900" NoteID="b3d783be-96a8-e511-80c0-00155d012302" />
		<row DesignID="685bdfd2-a335-4163-a812-474cc5e3ab31" Alias="POReceipt" Name="PX.Objects.PO.POReceipt" CreatedByID="b5344897-037e-4d58-b5c3-1bdfd0f47bf9" CreatedDateTime="2015-12-22 13:28:30" CreatedByScreenID="SM209900" LastModifiedByID="b5344897-037e-4d58-b5c3-1bdfd0f47bf9" LastModifiedDateTime="2015-12-22 13:28:30" LastModifiedByScreenID="SM209900" NoteID="b4d783be-96a8-e511-80c0-00155d012302" />
		<row DesignID="685bdfd2-a335-4163-a812-474cc5e3ab31" Alias="POReceiptLine" Name="PX.Objects.PO.POReceiptLine" CreatedByID="b5344897-037e-4d58-b5c3-1bdfd0f47bf9" CreatedDateTime="2015-12-22 13:28:30" CreatedByScreenID="SM209900" LastModifiedByID="b5344897-037e-4d58-b5c3-1bdfd0f47bf9" LastModifiedDateTime="2015-12-22 13:28:30" LastModifiedByScreenID="SM209900" NoteID="b5d783be-96a8-e511-80c0-00155d012302" />
		<row DesignID="685bdfd2-a335-4163-a812-474cc5e3ab31" Alias="Vendor" Name="PX.Objects.AP.Vendor" CreatedByID="b5344897-037e-4d58-b5c3-1bdfd0f47bf9" CreatedDateTime="2015-12-22 13:28:30" CreatedByScreenID="SM209900" LastModifiedByID="b5344897-037e-4d58-b5c3-1bdfd0f47bf9" LastModifiedDateTime="2015-12-22 13:28:30" LastModifiedByScreenID="SM209900" NoteID="b6d783be-96a8-e511-80c0-00155d012302" />
		<row DesignID="0ecb05fd-7b11-4671-a7c0-ce8bc6c0f179" Alias="INItemCost" Name="PX.Objects.IN.INItemCost" CreatedByID="b5344897-037e-4d58-b5c3-1bdfd0f47bf9" CreatedDateTime="2019-12-04 09:03:13.163" CreatedByScreenID="SM209900" LastModifiedByID="b5344897-037e-4d58-b5c3-1bdfd0f47bf9" LastModifiedDateTime="2019-12-04 09:03:13.163" LastModifiedByScreenID="SM209900" NoteID="4d29c230-a716-ea11-a6ed-9cb6d0c82c0c" />
		<row DesignID="0ecb05fd-7b11-4671-a7c0-ce8bc6c0f179" Alias="INSiteStatus" Name="PX.Objects.IN.INSiteStatus" CreatedByID="b5344897-037e-4d58-b5c3-1bdfd0f47bf9" CreatedDateTime="2019-12-04 09:03:13.163" CreatedByScreenID="SM209900" LastModifiedByID="b5344897-037e-4d58-b5c3-1bdfd0f47bf9" LastModifiedDateTime="2019-12-04 09:03:13.163" LastModifiedByScreenID="SM209900" NoteID="4c29c230-a716-ea11-a6ed-9cb6d0c82c0c" />
		<row DesignID="0ecb05fd-7b11-4671-a7c0-ce8bc6c0f179" Alias="InventoryItem" Name="PX.Objects.IN.InventoryItem" CreatedByID="b5344897-037e-4d58-b5c3-1bdfd0f47bf9" CreatedDateTime="2019-12-04 09:03:13.163" CreatedByScreenID="SM209900" LastModifiedByID="b5344897-037e-4d58-b5c3-1bdfd0f47bf9" LastModifiedDateTime="2019-12-04 09:03:13.163" LastModifiedByScreenID="SM209900" NoteID="4b29c230-a716-ea11-a6ed-9cb6d0c82c0c" />
	</rows>
</data>