﻿<?xml version="1.0" encoding="utf-8"?>
<data>
	<table name="GIWhere">
		<col name="CompanyID" type="Int" default="Zero" />
		<col name="DesignID" type="UniqueIdentifier" />
		<col name="LineNbr" type="Int" />
		<col name="IsActive" type="Bit" />
		<col name="OpenBrackets" type="Char(9)" nullable="true" />
		<col name="DataFieldName" type="NVarChar(512)" />
		<col name="Condition" type="Char(2)" />
		<col name="IsExpression" type="Bit" default="Zero" />
		<col name="Value1" type="NVarChar(MAX)" nullable="true" />
		<col name="Value2" type="NVarChar(MAX)" nullable="true" />
		<col name="CloseBrackets" type="Char(9)" nullable="true" />
		<col name="Operation" type="Char(1)" />
		<col name="CreatedByID" type="UniqueIdentifier" />
		<col name="CreatedDateTime" type="DateTime" />
		<col name="CreatedByScreenID" type="Char(8)" />
		<col name="LastModifiedByID" type="UniqueIdentifier" />
		<col name="LastModifiedDateTime" type="DateTime" />
		<col name="LastModifiedByScreenID" type="Char(8)" />
		<col name="NoteID" type="UniqueIdentifier" nullable="true" />
		<col name="CompanyMask" type="VarBinary(32)" default="CompanyMaskReadOnly" />
	</table>
	<rows>
		<row DesignID="685bdfd2-a335-4163-a812-474cc5e3ab31" LineNbr="1" IsActive="1" OpenBrackets="(        " DataFieldName="POReceipt.receiptDate" Condition="GE" IsExpression="0" Value1="[DateFrom]" Operation="O" CreatedByID="b5344897-037e-4d58-b5c3-1bdfd0f47bf9" CreatedDateTime="2015-12-22 13:28:31" CreatedByScreenID="SM209900" LastModifiedByID="b5344897-037e-4d58-b5c3-1bdfd0f47bf9" LastModifiedDateTime="2015-12-22 13:28:31" LastModifiedByScreenID="SM209900" NoteID="d8d783be-96a8-e511-80c0-00155d012302" />
		<row DesignID="685bdfd2-a335-4163-a812-474cc5e3ab31" LineNbr="2" IsActive="1" DataFieldName="[DateFrom]" Condition="NU" IsExpression="0" CloseBrackets=")        " Operation="A" CreatedByID="b5344897-037e-4d58-b5c3-1bdfd0f47bf9" CreatedDateTime="2015-12-22 13:28:31" CreatedByScreenID="SM209900" LastModifiedByID="b5344897-037e-4d58-b5c3-1bdfd0f47bf9" LastModifiedDateTime="2015-12-22 13:28:31" LastModifiedByScreenID="SM209900" NoteID="d9d783be-96a8-e511-80c0-00155d012302" />
		<row DesignID="685bdfd2-a335-4163-a812-474cc5e3ab31" LineNbr="3" IsActive="1" OpenBrackets="(        " DataFieldName="POReceipt.receiptDate" Condition="LE" IsExpression="0" Value1="[DateTo]" Operation="O" CreatedByID="b5344897-037e-4d58-b5c3-1bdfd0f47bf9" CreatedDateTime="2015-12-22 13:28:31" CreatedByScreenID="SM209900" LastModifiedByID="b5344897-037e-4d58-b5c3-1bdfd0f47bf9" LastModifiedDateTime="2015-12-22 13:28:31" LastModifiedByScreenID="SM209900" NoteID="dad783be-96a8-e511-80c0-00155d012302" />
		<row DesignID="685bdfd2-a335-4163-a812-474cc5e3ab31" LineNbr="4" IsActive="1" DataFieldName="[DateTo]" Condition="NU" IsExpression="0" CloseBrackets=")        " Operation="A" CreatedByID="b5344897-037e-4d58-b5c3-1bdfd0f47bf9" CreatedDateTime="2015-12-22 13:28:31" CreatedByScreenID="SM209900" LastModifiedByID="b5344897-037e-4d58-b5c3-1bdfd0f47bf9" LastModifiedDateTime="2015-12-22 13:28:31" LastModifiedByScreenID="SM209900" NoteID="dbd783be-96a8-e511-80c0-00155d012302" />
		<row DesignID="685bdfd2-a335-4163-a812-474cc5e3ab31" LineNbr="5" IsActive="1" OpenBrackets="(        " DataFieldName="InventoryItem.inventoryCD" Condition="E " IsExpression="0" Value1="[InventoryItem]" Operation="O" CreatedByID="b5344897-037e-4d58-b5c3-1bdfd0f47bf9" CreatedDateTime="2015-12-22 13:28:31" CreatedByScreenID="SM209900" LastModifiedByID="b5344897-037e-4d58-b5c3-1bdfd0f47bf9" LastModifiedDateTime="2015-12-22 13:28:31" LastModifiedByScreenID="SM209900" NoteID="dcd783be-96a8-e511-80c0-00155d012302" />
		<row DesignID="685bdfd2-a335-4163-a812-474cc5e3ab31" LineNbr="6" IsActive="1" DataFieldName="[InventoryItem]" Condition="NU" IsExpression="0" CloseBrackets=")        " Operation="A" CreatedByID="b5344897-037e-4d58-b5c3-1bdfd0f47bf9" CreatedDateTime="2015-12-22 13:28:31" CreatedByScreenID="SM209900" LastModifiedByID="b5344897-037e-4d58-b5c3-1bdfd0f47bf9" LastModifiedDateTime="2015-12-22 13:28:31" LastModifiedByScreenID="SM209900" NoteID="ddd783be-96a8-e511-80c0-00155d012302" />
	</rows>
</data>