﻿<?xml version="1.0" encoding="utf-8"?>
<data>
	<table name="INAvailabilityScheme">
		<col name="CompanyID" type="Int" default="Zero" />
		<col name="AvailabilitySchemeID" type="NVarChar(10)" />
		<col name="Description" type="NVarChar(256)" nullable="true" />
		<col name="InclQtyFSSrvOrdBooked" type="Bit" default="Zero" />
		<col name="InclQtyFSSrvOrdAllocated" type="Bit" default="Zero" />
		<col name="InclQtyFSSrvOrdPrepared" type="Bit" default="Zero" />
		<col name="InclQtySOBackOrdered" type="Bit" />
		<col name="InclQtySOPrepared" type="Bit" />
		<col name="InclQtySOBooked" type="Bit" />
		<col name="InclQtySOShipped" type="Bit" />
		<col name="InclQtySOShipping" type="Bit" />
		<col name="InclQtyInTransit" type="Bit" />
		<col name="InclQtyPOReceipts" type="Bit" />
		<col name="InclQtyPOPrepared" type="Bit" />
		<col name="InclQtyPOOrders" type="Bit" />
		<col name="InclQtyINIssues" type="Bit" />
		<col name="InclQtyINReceipts" type="Bit" />
		<col name="InclQtyINAssemblyDemand" type="Bit" />
		<col name="InclQtyINAssemblySupply" type="Bit" />
		<col name="InclQtyProductionSupplyPrepared" type="Bit" default="Zero" />
		<col name="InclQtyProductionSupply" type="Bit" default="Zero" />
		<col name="InclQtyProductionDemandPrepared" type="Bit" default="Zero" />
		<col name="InclQtyProductionDemand" type="Bit" default="Zero" />
		<col name="InclQtyProductionAllocated" type="Bit" default="Zero" />
		<col name="InclQtySOReverse" type="Bit" />
		<col name="tstamp" type="Timestamp" />
		<col name="CreatedByID" type="UniqueIdentifier" />
		<col name="CreatedByScreenID" type="Char(8)" />
		<col name="CreatedDateTime" type="DateTime" />
		<col name="LastModifiedByID" type="UniqueIdentifier" />
		<col name="LastModifiedByScreenID" type="Char(8)" />
		<col name="LastModifiedDateTime" type="DateTime" />
	</table>
	<rows>
		<row AvailabilitySchemeID="DEFAULT" Description="Default Availability Rules" InclQtyFSSrvOrdBooked="1" InclQtyFSSrvOrdAllocated="1" InclQtyFSSrvOrdPrepared="1" InclQtySOBackOrdered="1" InclQtySOPrepared="1" InclQtySOBooked="1" InclQtySOShipped="1" InclQtySOShipping="1" InclQtyInTransit="0" InclQtyPOReceipts="0" InclQtyPOPrepared="0" InclQtyPOOrders="0" InclQtyINIssues="1" InclQtyINReceipts="1" InclQtyINAssemblyDemand="1" InclQtyINAssemblySupply="0" InclQtyProductionSupplyPrepared="0" InclQtyProductionSupply="0" InclQtyProductionDemandPrepared="0" InclQtyProductionDemand="0" InclQtyProductionAllocated="0" InclQtySOReverse="0" CreatedByID="b5344897-037e-4d58-b5c3-1bdfd0f47bf9" CreatedByScreenID="IN201500" CreatedDateTime="2019-12-02 19:41:50.913" LastModifiedByID="b5344897-037e-4d58-b5c3-1bdfd0f47bf9" LastModifiedByScreenID="IN201500" LastModifiedDateTime="2019-12-02 19:41:50.913" />
	</rows>
</data>