﻿<?xml version="1.0" encoding="utf-8"?>
<data>
	<table name="INCostStatus">
		<col name="CompanyID" type="Int" default="Zero" />
		<col name="CostID" type="BigInt" identity="true" />
		<col name="InventoryID" type="Int" />
		<col name="CostSubItemID" type="Int" />
		<col name="CostSiteID" type="Int" />
		<col name="AccountID" type="Int" />
		<col name="SubID" type="Int" />
		<col name="SiteID" type="Int" />
		<col name="ReceiptNbr" type="NVarChar(15)" nullable="true" />
		<col name="ReceiptDate" type="SmallDateTime" nullable="true" />
		<col name="LotSerialNbr" type="NVarChar(100)" nullable="true" />
		<col name="OrigQty" type="Decimal(25,6)" default="Zero" />
		<col name="QtyOnHand" type="Decimal(25,6)" />
		<col name="UnitCost" type="Decimal(19,6)" />
		<col name="TotalCost" type="Decimal(19,4)" />
		<col name="tstamp" type="Timestamp" />
		<col name="ValMethod" type="Char(1)" />
		<col name="LayerType" type="Char(1)" />
	</table>
	<rows>
		<row CostID="1" InventoryID="2608" CostSubItemID="9" CostSiteID="17" AccountID="2720" SubID="1" SiteID="17" ReceiptNbr="ZZZ" ReceiptDate="1900-01-01 00:00:00" OrigQty="0.000000" QtyOnHand="200.000000" UnitCost="0.000000" TotalCost="16000.0000" ValMethod="A" LayerType="N" />
		<row CostID="2" InventoryID="2610" CostSubItemID="9" CostSiteID="17" AccountID="2720" SubID="1" SiteID="17" ReceiptNbr="ZZZ" ReceiptDate="1900-01-01 00:00:00" OrigQty="0.000000" QtyOnHand="100.000000" UnitCost="0.000000" TotalCost="2000.0000" ValMethod="A" LayerType="N" />
	</rows>
</data>