﻿<?xml version="1.0" encoding="utf-8"?>
<data>
	<table name="INItemPlan">
		<col name="CompanyID" type="Int" default="Zero" />
		<col name="InventoryID" type="Int" />
		<col name="SiteID" type="Int" />
		<col name="PlanDate" type="SmallDateTime" />
		<col name="PlanID" type="BigInt" identity="true" />
		<col name="PlanType" type="Char(2)" />
		<col name="ExcludePlanLevel" type="Int" nullable="true" />
		<col name="OrigPlanID" type="BigInt" nullable="true" />
		<col name="OrigPlanType" type="Char(2)" nullable="true" />
		<col name="OrigNoteID" type="UniqueIdentifier" nullable="true" />
		<col name="OrigPlanLevel" type="Int" nullable="true" />
		<col name="IgnoreOrigPlan" type="Bit" default="Zero" />
		<col name="SubItemID" type="Int" nullable="true" />
		<col name="LocationID" type="Int" nullable="true" />
		<col name="LotSerialNbr" type="NVarChar(100)" nullable="true" />
		<col name="VendorID" type="Int" nullable="true" />
		<col name="VendorLocationID" type="Int" nullable="true" />
		<col name="SourceSiteID" type="Int" nullable="true" />
		<col name="SupplyPlanID" type="BigInt" nullable="true" />
		<col name="DemandPlanID" type="BigInt" nullable="true" />
		<col name="PlanQty" type="Decimal(25,6)" />
		<col name="tstamp" type="Timestamp" />
		<col name="FixedSource" type="Char(1)" nullable="true" />
		<col name="Reverse" type="Bit" />
		<col name="BAccountID" type="Int" nullable="true" />
		<col name="Hold" type="Bit" />
		<col name="RefNoteID" type="UniqueIdentifier" />
	</table>
	<rows>
		<row InventoryID="2608" SiteID="17" PlanDate="2019-12-05 00:00:00" PlanID="2" PlanType="60" IgnoreOrigPlan="0" SubItemID="9" SourceSiteID="17" PlanQty="3.000000" FixedSource="N" Reverse="0" BAccountID="30" Hold="0" RefNoteID="ea387e74-8a17-ea11-a6ed-9cb6d0c82c0c" />
		<row InventoryID="2608" SiteID="17" PlanDate="2019-12-05 00:00:00" PlanID="3" PlanType="60" IgnoreOrigPlan="0" SubItemID="9" SourceSiteID="17" PlanQty="3.000000" FixedSource="N" Reverse="0" BAccountID="30" Hold="0" RefNoteID="f8387e74-8a17-ea11-a6ed-9cb6d0c82c0c" />
		<row InventoryID="2608" SiteID="17" PlanDate="2019-12-05 00:00:00" PlanID="4" PlanType="60" IgnoreOrigPlan="0" SubItemID="9" SourceSiteID="17" PlanQty="3.000000" FixedSource="N" Reverse="0" BAccountID="30" Hold="0" RefNoteID="a2550c7b-8a17-ea11-a6ed-9cb6d0c82c0c" />
		<row InventoryID="2608" SiteID="17" PlanDate="2019-12-23 00:00:00" PlanID="6" PlanType="60" IgnoreOrigPlan="0" SubItemID="9" SourceSiteID="17" PlanQty="3.000000" FixedSource="N" Reverse="0" BAccountID="30" Hold="0" RefNoteID="5bbf6704-da25-ea11-a6f0-9cb6d0c82c0c" />
		<row InventoryID="2608" SiteID="17" PlanDate="2019-12-23 00:00:00" PlanID="7" PlanType="62" OrigPlanID="5" OrigNoteID="33560c7b-8a17-ea11-a6ed-9cb6d0c82c0c" OrigPlanLevel="0" IgnoreOrigPlan="0" SubItemID="9" LocationID="18" LotSerialNbr="" PlanQty="3.000000" FixedSource="P" Reverse="0" BAccountID="30" Hold="0" RefNoteID="6305fb8f-da25-ea11-a6f0-9cb6d0c82c0c" />
		<row InventoryID="2608" SiteID="17" PlanDate="2019-12-23 00:00:00" PlanID="9" PlanType="62" OrigPlanID="8" OrigNoteID="bef80588-da25-ea11-a6f0-9cb6d0c82c0c" OrigPlanLevel="0" IgnoreOrigPlan="0" SubItemID="9" LocationID="18" LotSerialNbr="" PlanQty="3.000000" FixedSource="P" Reverse="0" BAccountID="30" Hold="0" RefNoteID="24bd2aca-da25-ea11-a6f0-9cb6d0c82c0c" />
		<row InventoryID="2608" SiteID="17" PlanDate="2019-12-23 00:00:00" PlanID="11" PlanType="62" OrigPlanID="10" OrigNoteID="a4ec5143-db25-ea11-a6f0-9cb6d0c82c0c" OrigPlanLevel="0" IgnoreOrigPlan="0" SubItemID="9" LocationID="18" LotSerialNbr="" PlanQty="3.000000" FixedSource="P" Reverse="0" BAccountID="30" Hold="0" RefNoteID="91356e94-db25-ea11-a6f0-9cb6d0c82c0c" />
		<row InventoryID="2608" SiteID="17" PlanDate="2019-12-23 00:00:00" PlanID="13" PlanType="62" OrigPlanID="12" OrigNoteID="7fd6d61e-dc25-ea11-a6f0-9cb6d0c82c0c" OrigPlanLevel="0" IgnoreOrigPlan="0" SubItemID="9" LocationID="18" LotSerialNbr="" PlanQty="1.000000" FixedSource="P" Reverse="0" BAccountID="30" Hold="0" RefNoteID="20ed1c66-dc25-ea11-a6f0-9cb6d0c82c0c" />
		<row InventoryID="2608" SiteID="17" PlanDate="2019-12-23 00:00:00" PlanID="15" PlanType="62" OrigPlanID="14" OrigNoteID="7fd6d61e-dc25-ea11-a6f0-9cb6d0c82c0c" OrigPlanLevel="0" IgnoreOrigPlan="0" SubItemID="9" LocationID="18" LotSerialNbr="" PlanQty="2.000000" FixedSource="P" Reverse="0" BAccountID="30" Hold="0" RefNoteID="b5336674-dc25-ea11-a6f0-9cb6d0c82c0c" />
		<row InventoryID="2608" SiteID="17" PlanDate="2019-12-23 00:00:00" PlanID="17" PlanType="62" OrigPlanID="16" OrigNoteID="88170699-dc25-ea11-a6f0-9cb6d0c82c0c" OrigPlanLevel="0" IgnoreOrigPlan="0" SubItemID="9" LocationID="18" LotSerialNbr="" PlanQty="2.000000" FixedSource="P" Reverse="0" BAccountID="30" Hold="0" RefNoteID="fa4e85f6-dc25-ea11-a6f0-9cb6d0c82c0c" />
		<row InventoryID="2608" SiteID="17" PlanDate="2019-12-23 00:00:00" PlanID="19" PlanType="62" OrigPlanID="18" OrigNoteID="452aac30-dd25-ea11-a6f0-9cb6d0c82c0c" OrigPlanLevel="0" IgnoreOrigPlan="0" SubItemID="9" LocationID="18" LotSerialNbr="" PlanQty="1.000000" FixedSource="P" Reverse="0" BAccountID="30" Hold="0" RefNoteID="c02a6108-de25-ea11-a6f0-9cb6d0c82c0c" />
		<row InventoryID="2608" SiteID="17" PlanDate="2019-12-23 00:00:00" PlanID="21" PlanType="62" OrigPlanID="20" OrigNoteID="452aac30-dd25-ea11-a6f0-9cb6d0c82c0c" OrigPlanLevel="0" IgnoreOrigPlan="0" SubItemID="9" LocationID="18" LotSerialNbr="" PlanQty="1.000000" FixedSource="P" Reverse="0" BAccountID="30" Hold="0" RefNoteID="58949f1b-de25-ea11-a6f0-9cb6d0c82c0c" />
		<row InventoryID="2608" SiteID="17" PlanDate="2019-12-23 00:00:00" PlanID="23" PlanType="62" OrigPlanID="22" OrigNoteID="d6d75468-de25-ea11-a6f0-9cb6d0c82c0c" OrigPlanLevel="0" IgnoreOrigPlan="0" SubItemID="9" LocationID="18" LotSerialNbr="" PlanQty="2.000000" FixedSource="P" Reverse="0" BAccountID="30" Hold="0" RefNoteID="3a163896-de25-ea11-a6f0-9cb6d0c82c0c" />
		<row InventoryID="2608" SiteID="17" PlanDate="2019-12-24 00:00:00" PlanID="27" PlanType="62" OrigPlanID="26" OrigNoteID="8b72bfc5-0326-ea11-a6f0-9cb6d0c82c0c" OrigPlanLevel="0" IgnoreOrigPlan="0" SubItemID="9" LocationID="18" LotSerialNbr="" PlanQty="3.000000" FixedSource="P" Reverse="0" BAccountID="30" Hold="0" RefNoteID="5839ef2e-0426-ea11-a6f0-9cb6d0c82c0c" />
		<row InventoryID="2608" SiteID="17" PlanDate="2019-12-24 00:00:00" PlanID="28" PlanType="62" OrigPlanID="24" OrigNoteID="de403b49-df25-ea11-a6f0-9cb6d0c82c0c" OrigPlanLevel="0" IgnoreOrigPlan="0" SubItemID="9" LocationID="18" LotSerialNbr="" PlanQty="2.000000" FixedSource="P" Reverse="0" BAccountID="30" Hold="0" RefNoteID="90d6c8b8-0426-ea11-a6f0-9cb6d0c82c0c" />
		<row InventoryID="2608" SiteID="17" PlanDate="2019-12-24 00:00:00" PlanID="29" PlanType="62" OrigPlanID="25" OrigNoteID="c80fec08-0326-ea11-a6f0-9cb6d0c82c0c" OrigPlanLevel="0" IgnoreOrigPlan="0" SubItemID="9" LocationID="18" LotSerialNbr="" PlanQty="1.000000" FixedSource="P" Reverse="0" BAccountID="30" Hold="0" RefNoteID="901d3277-0526-ea11-a6f0-9cb6d0c82c0c" />
		<row InventoryID="2608" SiteID="17" PlanDate="2019-12-24 00:00:00" PlanID="31" PlanType="62" OrigPlanID="30" OrigNoteID="c80fec08-0326-ea11-a6f0-9cb6d0c82c0c" OrigPlanLevel="0" IgnoreOrigPlan="0" SubItemID="9" LocationID="18" LotSerialNbr="" PlanQty="1.000000" FixedSource="P" Reverse="0" BAccountID="30" Hold="0" RefNoteID="dadbe697-0526-ea11-a6f0-9cb6d0c82c0c" />
		<row InventoryID="2608" SiteID="17" PlanDate="2019-12-24 00:00:00" PlanID="33" PlanType="62" OrigPlanID="32" OrigNoteID="8005ae58-0626-ea11-a6f0-9cb6d0c82c0c" OrigPlanLevel="0" IgnoreOrigPlan="0" SubItemID="9" LocationID="18" LotSerialNbr="" PlanQty="3.000000" FixedSource="P" Reverse="0" BAccountID="30" Hold="0" RefNoteID="388a174e-0726-ea11-a6f0-9cb6d0c82c0c" />
		<row InventoryID="2608" SiteID="17" PlanDate="2019-12-24 00:00:00" PlanID="35" PlanType="62" OrigPlanID="34" OrigNoteID="6193cecf-0726-ea11-a6f0-9cb6d0c82c0c" OrigPlanLevel="0" IgnoreOrigPlan="0" SubItemID="9" LocationID="18" LotSerialNbr="" PlanQty="3.000000" FixedSource="P" Reverse="0" BAccountID="30" Hold="0" RefNoteID="f0863415-0826-ea11-a6f0-9cb6d0c82c0c" />
		<row InventoryID="2608" SiteID="17" PlanDate="2019-12-24 00:00:00" PlanID="37" PlanType="62" OrigPlanID="36" OrigNoteID="d50594ad-0826-ea11-a6f0-9cb6d0c82c0c" OrigPlanLevel="0" IgnoreOrigPlan="0" SubItemID="9" LocationID="18" LotSerialNbr="" PlanQty="2.000000" FixedSource="P" Reverse="0" BAccountID="30" Hold="0" RefNoteID="d1a23120-0926-ea11-a6f0-9cb6d0c82c0c" />
		<row InventoryID="2608" SiteID="17" PlanDate="2019-12-24 00:00:00" PlanID="39" PlanType="62" OrigPlanID="38" OrigNoteID="d50594ad-0826-ea11-a6f0-9cb6d0c82c0c" OrigPlanLevel="0" IgnoreOrigPlan="0" SubItemID="9" LocationID="18" LotSerialNbr="" PlanQty="1.000000" FixedSource="P" Reverse="0" BAccountID="30" Hold="0" RefNoteID="315ea550-0926-ea11-a6f0-9cb6d0c82c0c" />
		<row InventoryID="2608" SiteID="17" PlanDate="2019-12-24 00:00:00" PlanID="43" PlanType="62" OrigPlanID="41" OrigNoteID="703910b4-0a26-ea11-a6f0-9cb6d0c82c0c" OrigPlanLevel="0" IgnoreOrigPlan="0" SubItemID="9" LocationID="18" LotSerialNbr="" PlanQty="1.000000" FixedSource="P" Reverse="0" BAccountID="30" Hold="0" RefNoteID="171e02ed-0a26-ea11-a6f0-9cb6d0c82c0c" />
		<row InventoryID="2610" SiteID="17" PlanDate="2019-12-24 00:00:00" PlanID="44" PlanType="62" OrigPlanID="42" OrigNoteID="703910b4-0a26-ea11-a6f0-9cb6d0c82c0c" OrigPlanLevel="0" IgnoreOrigPlan="0" SubItemID="9" LocationID="18" LotSerialNbr="" PlanQty="1.000000" FixedSource="P" Reverse="0" BAccountID="30" Hold="0" RefNoteID="171e02ed-0a26-ea11-a6f0-9cb6d0c82c0c" />
		<row InventoryID="2608" SiteID="17" PlanDate="2019-12-24 00:00:00" PlanID="46" PlanType="62" OrigPlanID="45" OrigNoteID="703910b4-0a26-ea11-a6f0-9cb6d0c82c0c" OrigPlanLevel="0" IgnoreOrigPlan="0" SubItemID="9" LocationID="18" LotSerialNbr="" PlanQty="1.000000" FixedSource="P" Reverse="0" BAccountID="30" Hold="0" RefNoteID="f3b34b89-0b26-ea11-a6f0-9cb6d0c82c0c" />
		<row InventoryID="2608" SiteID="17" PlanDate="2019-12-24 00:00:00" PlanID="56" PlanType="68" IgnoreOrigPlan="0" SubItemID="9" SourceSiteID="17" PlanQty="2.000000" FixedSource="N" Reverse="0" BAccountID="30" Hold="0" RefNoteID="cd7df320-1426-ea11-a6f0-9cb6d0c82c0c" />
		<row InventoryID="2608" SiteID="17" PlanDate="2019-12-24 00:00:00" PlanID="49" PlanType="69" IgnoreOrigPlan="0" SubItemID="9" SourceSiteID="17" PlanQty="3.000000" FixedSource="N" Reverse="0" BAccountID="30" Hold="1" RefNoteID="c934a793-1426-ea11-a6f0-9cb6d0c82c0c" />
		<row InventoryID="2608" SiteID="17" PlanDate="2019-12-31 00:00:00" PlanID="52" PlanType="62" OrigPlanID="51" OrigNoteID="341aa8fc-ea2b-ea11-a6f1-9cb6d0c82c0c" OrigPlanLevel="0" IgnoreOrigPlan="0" SubItemID="9" LocationID="18" LotSerialNbr="" PlanQty="1.000000" FixedSource="P" Reverse="0" BAccountID="30" Hold="0" RefNoteID="77440221-eb2b-ea11-a6f1-9cb6d0c82c0c" />
		<row InventoryID="2610" SiteID="17" PlanDate="2019-12-31 00:00:00" PlanID="53" PlanType="62" OrigPlanID="50" OrigNoteID="341aa8fc-ea2b-ea11-a6f1-9cb6d0c82c0c" OrigPlanLevel="0" IgnoreOrigPlan="0" SubItemID="9" LocationID="18" LotSerialNbr="" PlanQty="1.000000" FixedSource="P" Reverse="0" BAccountID="30" Hold="0" RefNoteID="77440221-eb2b-ea11-a6f1-9cb6d0c82c0c" />
		<row InventoryID="2608" SiteID="17" PlanDate="2020-01-06 00:00:00" PlanID="55" PlanType="62" OrigPlanID="54" OrigNoteID="cd7df320-1426-ea11-a6f0-9cb6d0c82c0c" OrigPlanLevel="0" IgnoreOrigPlan="0" SubItemID="9" LocationID="18" LotSerialNbr="" PlanQty="1.000000" FixedSource="P" Reverse="0" BAccountID="30" Hold="0" RefNoteID="eab2f187-df30-ea11-a6f1-9cb6d0c82c0c" />
	</rows>
</data>