﻿<?xml version="1.0" encoding="utf-8"?>
<data>
	<table name="INItemSiteHist">
		<col name="CompanyID" type="Int" default="Zero" />
		<col name="InventoryID" type="Int" />
		<col name="SubItemID" type="Int" />
		<col name="SiteID" type="Int" />
		<col name="LocationID" type="Int" />
		<col name="FinPeriodID" type="Char(6)" />
		<col name="tstamp" type="Timestamp" />
		<col name="FinPtdQtyIssued" type="Decimal(25,6)" />
		<col name="FinPtdQtyReceived" type="Decimal(25,6)" />
		<col name="FinBegQty" type="Decimal(25,6)" />
		<col name="FinYtdQty" type="Decimal(25,6)" />
		<col name="FinPtdQtySales" type="Decimal(25,6)" />
		<col name="FinPtdQtyCreditMemos" type="Decimal(25,6)" />
		<col name="FinPtdQtyDropShipSales" type="Decimal(25,6)" />
		<col name="FinPtdQtyTransferIn" type="Decimal(25,6)" />
		<col name="FinPtdQtyTransferOut" type="Decimal(25,6)" />
		<col name="FinPtdQtyAssemblyIn" type="Decimal(25,6)" default="Zero" />
		<col name="FinPtdQtyAssemblyOut" type="Decimal(25,6)" default="Zero" />
		<col name="FinPtdQtyAdjusted" type="Decimal(25,6)" />
		<col name="TranPtdQtyReceived" type="Decimal(25,6)" />
		<col name="TranPtdQtyIssued" type="Decimal(25,6)" />
		<col name="TranPtdQtySales" type="Decimal(25,6)" />
		<col name="TranPtdQtyCreditMemos" type="Decimal(25,6)" />
		<col name="TranPtdQtyDropShipSales" type="Decimal(25,6)" />
		<col name="TranPtdQtyTransferIn" type="Decimal(25,6)" />
		<col name="TranPtdQtyTransferOut" type="Decimal(25,6)" />
		<col name="TranPtdQtyAssemblyIn" type="Decimal(25,6)" default="Zero" />
		<col name="TranPtdQtyAssemblyOut" type="Decimal(25,6)" default="Zero" />
		<col name="TranPtdQtyAdjusted" type="Decimal(25,6)" />
		<col name="TranBegQty" type="Decimal(25,6)" />
		<col name="TranYtdQty" type="Decimal(25,6)" />
	</table>
	<rows>
		<row InventoryID="2608" SubItemID="9" SiteID="17" LocationID="18" FinPeriodID="201912" FinPtdQtyIssued="0.000000" FinPtdQtyReceived="200.000000" FinBegQty="0.000000" FinYtdQty="200.000000" FinPtdQtySales="0.000000" FinPtdQtyCreditMemos="0.000000" FinPtdQtyDropShipSales="0.000000" FinPtdQtyTransferIn="0.000000" FinPtdQtyTransferOut="0.000000" FinPtdQtyAssemblyIn="0.000000" FinPtdQtyAssemblyOut="0.000000" FinPtdQtyAdjusted="0.000000" TranPtdQtyReceived="200.000000" TranPtdQtyIssued="0.000000" TranPtdQtySales="0.000000" TranPtdQtyCreditMemos="0.000000" TranPtdQtyDropShipSales="0.000000" TranPtdQtyTransferIn="0.000000" TranPtdQtyTransferOut="0.000000" TranPtdQtyAssemblyIn="0.000000" TranPtdQtyAssemblyOut="0.000000" TranPtdQtyAdjusted="0.000000" TranBegQty="0.000000" TranYtdQty="200.000000" />
		<row InventoryID="2610" SubItemID="9" SiteID="17" LocationID="18" FinPeriodID="201912" FinPtdQtyIssued="0.000000" FinPtdQtyReceived="100.000000" FinBegQty="0.000000" FinYtdQty="100.000000" FinPtdQtySales="0.000000" FinPtdQtyCreditMemos="0.000000" FinPtdQtyDropShipSales="0.000000" FinPtdQtyTransferIn="0.000000" FinPtdQtyTransferOut="0.000000" FinPtdQtyAssemblyIn="0.000000" FinPtdQtyAssemblyOut="0.000000" FinPtdQtyAdjusted="0.000000" TranPtdQtyReceived="100.000000" TranPtdQtyIssued="0.000000" TranPtdQtySales="0.000000" TranPtdQtyCreditMemos="0.000000" TranPtdQtyDropShipSales="0.000000" TranPtdQtyTransferIn="0.000000" TranPtdQtyTransferOut="0.000000" TranPtdQtyAssemblyIn="0.000000" TranPtdQtyAssemblyOut="0.000000" TranPtdQtyAdjusted="0.000000" TranBegQty="0.000000" TranYtdQty="100.000000" />
	</rows>
</data>