﻿<?xml version="1.0" encoding="utf-8"?>
<data>
	<table name="INItemSiteHistDay">
		<col name="CompanyID" type="Int" default="Zero" />
		<col name="InventoryID" type="Int" />
		<col name="SubItemID" type="Int" />
		<col name="SiteID" type="Int" />
		<col name="LocationID" type="Int" />
		<col name="SDate" type="DateTime" />
		<col name="BegQty" type="Decimal(25,6)" />
		<col name="EndQty" type="Decimal(25,6)" />
		<col name="QtyReceived" type="Decimal(25,6)" />
		<col name="QtyIssued" type="Decimal(25,6)" />
		<col name="QtySales" type="Decimal(25,6)" />
		<col name="QtyCreditMemos" type="Decimal(25,6)" />
		<col name="QtyDropShipSales" type="Decimal(25,6)" />
		<col name="QtyTransferIn" type="Decimal(25,6)" />
		<col name="QtyTransferOut" type="Decimal(25,6)" />
		<col name="QtyAssemblyIn" type="Decimal(25,6)" />
		<col name="QtyAssemblyOut" type="Decimal(25,6)" />
		<col name="QtyAdjusted" type="Decimal(25,6)" />
		<col name="QtyDebit" type="Decimal(25,6)" />
		<col name="QtyCredit" type="Decimal(25,6)" />
		<col name="tstamp" type="Timestamp" />
	</table>
	<rows>
		<row InventoryID="2608" SubItemID="9" SiteID="17" LocationID="18" SDate="2019-12-04 00:00:00" BegQty="0.000000" EndQty="200.000000" QtyReceived="200.000000" QtyIssued="0.000000" QtySales="0.000000" QtyCreditMemos="0.000000" QtyDropShipSales="0.000000" QtyTransferIn="0.000000" QtyTransferOut="0.000000" QtyAssemblyIn="0.000000" QtyAssemblyOut="0.000000" QtyAdjusted="0.000000" QtyDebit="200.000000" QtyCredit="0.000000" />
		<row InventoryID="2610" SubItemID="9" SiteID="17" LocationID="18" SDate="2019-12-24 00:00:00" BegQty="0.000000" EndQty="100.000000" QtyReceived="100.000000" QtyIssued="0.000000" QtySales="0.000000" QtyCreditMemos="0.000000" QtyDropShipSales="0.000000" QtyTransferIn="0.000000" QtyTransferOut="0.000000" QtyAssemblyIn="0.000000" QtyAssemblyOut="0.000000" QtyAdjusted="0.000000" QtyDebit="100.000000" QtyCredit="0.000000" />
	</rows>
</data>