﻿<?xml version="1.0" encoding="utf-8"?>
<data>
	<table name="INItemSite">
		<col name="CompanyID" type="Int" default="Zero" />
		<col name="InventoryID" type="Int" />
		<col name="SiteID" type="Int" />
		<col name="InvtAcctID" type="Int" nullable="true" />
		<col name="InvtSubID" type="Int" nullable="true" />
		<col name="OverrideInvtAcctSub" type="Bit" />
		<col name="DfltSalesUnit" type="NVarChar(6)" nullable="true" />
		<col name="DfltPurchaseUnit" type="NVarChar(6)" nullable="true" />
		<col name="LastStdCost" type="Decimal(19,6)" />
		<col name="PendingStdCostDate" type="SmallDateTime" nullable="true" />
		<col name="PendingStdCost" type="Decimal(19,6)" />
		<col name="PendingStdCostReset" type="Bit" default="Zero" />
		<col name="StdCost" type="Decimal(19,6)" />
		<col name="StdCostDate" type="SmallDateTime" nullable="true" />
		<col name="CreatedByID" type="UniqueIdentifier" />
		<col name="CreatedByScreenID" type="Char(8)" />
		<col name="CreatedDateTime" type="DateTime" />
		<col name="LastModifiedByID" type="UniqueIdentifier" />
		<col name="LastModifiedByScreenID" type="Char(8)" />
		<col name="LastModifiedDateTime" type="DateTime" />
		<col name="tstamp" type="Timestamp" />
		<col name="DfltShipLocationID" type="Int" nullable="true" />
		<col name="DfltReceiptLocationID" type="Int" nullable="true" />
		<col name="IsDefault" type="Bit" />
		<col name="StdCostOverride" type="Bit" />
		<col name="BasePriceOverride" type="Bit" />
		<col name="LastBasePrice" type="Decimal(19,6)" />
		<col name="PendingBasePriceDate" type="SmallDateTime" nullable="true" />
		<col name="PendingBasePrice" type="Decimal(19,6)" />
		<col name="BasePrice" type="Decimal(19,6)" />
		<col name="BasePriceDate" type="SmallDateTime" nullable="true" />
		<col name="ProductWorkGroupID" type="Int" nullable="true" />
		<col name="ProductManagerID" type="UniqueIdentifier" nullable="true" />
		<col name="PriceWorkGroupID" type="Int" nullable="true" />
		<col name="PriceManagerID" type="UniqueIdentifier" nullable="true" />
		<col name="SiteStatus" type="Char(2)" />
		<col name="PreferredVendorOverride" type="Bit" default="Zero" />
		<col name="PreferredVendorID" type="Int" nullable="true" />
		<col name="PreferredVendorLocationID" type="Int" nullable="true" />
		<col name="Commissionable" type="Bit" />
		<col name="ValMethod" type="Char(1)" />
		<col name="ABCCodeOverride" type="Bit" nullable="true" />
		<col name="ABCCodeID" type="Char(1)" nullable="true" />
		<col name="ABCCodeIsFixed" type="Bit" />
		<col name="MovementClassOverride" type="Bit" nullable="true" />
		<col name="MovementClassID" type="NVarChar(10)" nullable="true" />
		<col name="MovementClassIsFixed" type="Bit" />
		<col name="MarkupPct" type="Decimal(19,6)" nullable="true" />
		<col name="MarkupPctOverride" type="Bit" default="Zero" />
		<col name="RecPrice" type="Decimal(19,6)" nullable="true" />
		<col name="RecPriceOverride" type="Bit" default="Zero" />
		<col name="ReplenishmentClassID" type="NVarChar(10)" nullable="true" />
		<col name="ReplenishmentMethod" type="Char(1)" nullable="true" />
		<col name="ReplenishmentPolicyOverride" type="Bit" default="Zero" />
		<col name="ReplenishmentPolicyID" type="NVarChar(10)" nullable="true" />
		<col name="ReplenishmentSource" type="Char(1)" nullable="true" />
		<col name="ReplenishmentSourceSiteID" type="Int" nullable="true" />
		<col name="MaxShelfLifeOverride" type="Bit" default="Zero" />
		<col name="MaxShelfLife" type="Int" nullable="true" />
		<col name="LaunchDateOverride" type="Bit" default="Zero" />
		<col name="LaunchDate" type="DateTime" nullable="true" />
		<col name="TerminationDateOverride" type="Bit" default="Zero" />
		<col name="TerminationDate" type="DateTime" nullable="true" />
		<col name="ServiceLevelOverride" type="Bit" default="Zero" />
		<col name="ServiceLevel" type="Decimal(19,6)" nullable="true" />
		<col name="SafetyStockOverride" type="Bit" default="Zero" />
		<col name="SafetyStock" type="Decimal(16,9)" nullable="true" />
		<col name="MinQtyOverride" type="Bit" default="Zero" />
		<col name="MinQty" type="Decimal(16,9)" nullable="true" />
		<col name="MaxQtyOverride" type="Bit" default="Zero" />
		<col name="MaxQty" type="Decimal(16,9)" nullable="true" />
		<col name="TransferERQOverride" type="Bit" default="Zero" />
		<col name="TransferERQ" type="Decimal(16,9)" nullable="true" />
		<col name="ESSmoothingConstantL" type="Decimal(16,9)" nullable="true" />
		<col name="ESSmoothingConstantLOverride" type="Bit" default="Zero" />
		<col name="ESSmoothingConstantT" type="Decimal(16,9)" nullable="true" />
		<col name="ESSmoothingConstantTOverride" type="Bit" default="Zero" />
		<col name="ESSmoothingConstantS" type="Decimal(16,9)" nullable="true" />
		<col name="ESSmoothingConstantSOverride" type="Bit" default="Zero" />
		<col name="AutoFitModel" type="Bit" default="Zero" />
		<col name="LastForecastDate" type="SmallDateTime" nullable="true" />
		<col name="ForecastModelType" type="Char(3)" nullable="true" />
		<col name="ForecastPeriodType" type="Char(2)" nullable="true" />
		<col name="SafetyStockSuggested" type="Decimal(16,9)" nullable="true" />
		<col name="MinQtySuggested" type="Decimal(16,9)" nullable="true" />
		<col name="MaxQtySuggested" type="Decimal(16,9)" nullable="true" />
		<col name="DemandPerDayAverage" type="Decimal(16,9)" nullable="true" />
		<col name="DemandPerDayMSE" type="Decimal(16,9)" nullable="true" />
		<col name="DemandPerDayMAD" type="Decimal(16,9)" nullable="true" />
		<col name="LeadTimeAverage" type="Decimal(16,9)" nullable="true" />
		<col name="LeadTimeMAD" type="Decimal(16,9)" nullable="true" />
		<col name="LeadTimeMSE" type="Decimal(16,9)" nullable="true" />
		<col name="LastFCApplicationDate" type="SmallDateTime" nullable="true" />
		<col name="SubItemOverride" type="Bit" default="Zero" />
		<col name="CountryOfOrigin" type="NVarChar(2)" nullable="true" />
		<col name="NoteID" type="UniqueIdentifier" nullable="true" />
		<col name="ProductManagerOverride" type="Bit" default="Zero" />
	</table>
	<rows>
		<row InventoryID="2608" SiteID="17" OverrideInvtAcctSub="0" DfltSalesUnit="PIECE" DfltPurchaseUnit="PIECE" LastStdCost="0.000000" PendingStdCost="0.000000" PendingStdCostReset="0" StdCost="0.000000" CreatedByID="b5344897-037e-4d58-b5c3-1bdfd0f47bf9" CreatedByScreenID="IN202500" CreatedDateTime="2019-12-04 17:47:16.92" LastModifiedByID="b5344897-037e-4d58-b5c3-1bdfd0f47bf9" LastModifiedByScreenID="IN202500" LastModifiedDateTime="2019-12-04 17:58:13.94" DfltShipLocationID="18" DfltReceiptLocationID="18" IsDefault="1" StdCostOverride="0" BasePriceOverride="0" LastBasePrice="0.000000" PendingBasePrice="0.000000" BasePrice="114.950000" SiteStatus="AC" PreferredVendorOverride="0" Commissionable="0" ValMethod="A" ABCCodeOverride="0" ABCCodeIsFixed="0" MovementClassOverride="0" MovementClassIsFixed="0" MarkupPct="0.000000" MarkupPctOverride="0" RecPrice="0.000000" RecPriceOverride="0" ReplenishmentMethod="N" ReplenishmentPolicyOverride="0" ReplenishmentSource="N" MaxShelfLifeOverride="0" LaunchDateOverride="0" TerminationDateOverride="0" ServiceLevelOverride="0" SafetyStockOverride="0" MinQtyOverride="0" MaxQtyOverride="0" TransferERQOverride="0" ESSmoothingConstantLOverride="0" ESSmoothingConstantTOverride="0" ESSmoothingConstantSOverride="0" AutoFitModel="0" SafetyStockSuggested="0.000000000" MinQtySuggested="0.000000000" SubItemOverride="0" NoteID="f6834166-f016-ea11-a6ed-9cb6d0c82c0c" ProductManagerOverride="0" />
		<row InventoryID="2609" SiteID="17" OverrideInvtAcctSub="0" DfltSalesUnit="PIECE" DfltPurchaseUnit="PIECE" LastStdCost="0.000000" PendingStdCost="0.000000" PendingStdCostReset="0" StdCost="0.000000" CreatedByID="b5344897-037e-4d58-b5c3-1bdfd0f47bf9" CreatedByScreenID="IN202500" CreatedDateTime="2019-12-23 22:55:44.073" LastModifiedByID="b5344897-037e-4d58-b5c3-1bdfd0f47bf9" LastModifiedByScreenID="IN202500" LastModifiedDateTime="2019-12-23 22:55:44.073" DfltShipLocationID="18" DfltReceiptLocationID="18" IsDefault="1" StdCostOverride="0" BasePriceOverride="0" LastBasePrice="0.000000" PendingBasePrice="0.000000" BasePrice="39.950000" SiteStatus="AC" PreferredVendorOverride="0" Commissionable="0" ValMethod="A" ABCCodeOverride="0" ABCCodeIsFixed="0" MovementClassOverride="0" MovementClassIsFixed="0" MarkupPct="0.000000" MarkupPctOverride="0" RecPrice="0.000000" RecPriceOverride="0" ReplenishmentMethod="N" ReplenishmentPolicyOverride="0" ReplenishmentSource="N" MaxShelfLifeOverride="0" LaunchDateOverride="0" TerminationDateOverride="0" ServiceLevelOverride="0" SafetyStockOverride="0" MinQtyOverride="0" MaxQtyOverride="0" TransferERQOverride="0" ESSmoothingConstantLOverride="0" ESSmoothingConstantTOverride="0" ESSmoothingConstantSOverride="0" AutoFitModel="0" SafetyStockSuggested="0.000000000" MinQtySuggested="0.000000000" SubItemOverride="0" NoteID="e0a59ca2-0926-ea11-a6f0-9cb6d0c82c0c" ProductManagerOverride="0" />
		<row InventoryID="2610" SiteID="17" OverrideInvtAcctSub="0" DfltSalesUnit="PIECE" DfltPurchaseUnit="PIECE" LastStdCost="0.000000" PendingStdCost="0.000000" PendingStdCostReset="0" StdCost="0.000000" CreatedByID="b5344897-037e-4d58-b5c3-1bdfd0f47bf9" CreatedByScreenID="IN202500" CreatedDateTime="2019-12-23 22:55:46.333" LastModifiedByID="b5344897-037e-4d58-b5c3-1bdfd0f47bf9" LastModifiedByScreenID="IN202500" LastModifiedDateTime="2019-12-23 22:55:46.333" DfltShipLocationID="18" DfltReceiptLocationID="18" IsDefault="1" StdCostOverride="0" BasePriceOverride="0" LastBasePrice="0.000000" PendingBasePrice="0.000000" BasePrice="49.950000" SiteStatus="AC" PreferredVendorOverride="0" Commissionable="0" ValMethod="A" ABCCodeOverride="0" ABCCodeIsFixed="0" MovementClassOverride="0" MovementClassIsFixed="0" MarkupPct="0.000000" MarkupPctOverride="0" RecPrice="0.000000" RecPriceOverride="0" ReplenishmentMethod="N" ReplenishmentPolicyOverride="0" ReplenishmentSource="N" MaxShelfLifeOverride="0" LaunchDateOverride="0" TerminationDateOverride="0" ServiceLevelOverride="0" SafetyStockOverride="0" MinQtyOverride="0" MaxQtyOverride="0" TransferERQOverride="0" ESSmoothingConstantLOverride="0" ESSmoothingConstantTOverride="0" ESSmoothingConstantSOverride="0" AutoFitModel="0" SafetyStockSuggested="0.000000000" MinQtySuggested="0.000000000" SubItemOverride="0" NoteID="e5a59ca2-0926-ea11-a6f0-9cb6d0c82c0c" ProductManagerOverride="0" />
	</rows>
</data>