﻿<?xml version="1.0" encoding="utf-8"?>
<data>
	<table name="INItemSiteHistD">
		<col name="CompanyID" type="Int" default="Zero" />
		<col name="InventoryID" type="Int" />
		<col name="SubItemID" type="Int" />
		<col name="SiteID" type="Int" />
		<col name="SDate" type="DateTime" />
		<col name="SYear" type="Int" />
		<col name="SMonth" type="Int" />
		<col name="SQuater" type="Int" />
		<col name="SDay" type="Int" />
		<col name="SDayOfWeek" type="Int" />
		<col name="tstamp" type="Timestamp" />
		<col name="QtyReceived" type="Decimal(25,6)" />
		<col name="QtyIssued" type="Decimal(25,6)" />
		<col name="QtySales" type="Decimal(25,6)" />
		<col name="QtyCreditMemos" type="Decimal(25,6)" />
		<col name="QtyDropShipSales" type="Decimal(25,6)" />
		<col name="QtyTransferIn" type="Decimal(25,6)" />
		<col name="QtyTransferOut" type="Decimal(25,6)" />
		<col name="QtyAssemblyIn" type="Decimal(25,6)" default="Zero" />
		<col name="QtyAssemblyOut" type="Decimal(25,6)" default="Zero" />
		<col name="QtyAdjusted" type="Decimal(25,6)" />
	</table>
	<rows>
		<row InventoryID="2608" SubItemID="9" SiteID="17" SDate="2019-12-04 00:00:00" SYear="2019" SMonth="12" SQuater="4" SDay="4" SDayOfWeek="3" QtyReceived="200.000000" QtyIssued="0.000000" QtySales="0.000000" QtyCreditMemos="0.000000" QtyDropShipSales="0.000000" QtyTransferIn="0.000000" QtyTransferOut="0.000000" QtyAssemblyIn="0.000000" QtyAssemblyOut="0.000000" QtyAdjusted="0.000000" />
		<row InventoryID="2610" SubItemID="9" SiteID="17" SDate="2019-12-24 00:00:00" SYear="2019" SMonth="12" SQuater="4" SDay="24" SDayOfWeek="2" QtyReceived="100.000000" QtyIssued="0.000000" QtySales="0.000000" QtyCreditMemos="0.000000" QtyDropShipSales="0.000000" QtyTransferIn="0.000000" QtyTransferOut="0.000000" QtyAssemblyIn="0.000000" QtyAssemblyOut="0.000000" QtyAdjusted="0.000000" />
	</rows>
</data>