﻿<?xml version="1.0" encoding="utf-8"?>
<data>
	<table name="INLocation">
		<col name="CompanyID" type="Int" default="Zero" />
		<col name="SiteID" type="Int" />
		<col name="LocationID" type="Int" />
		<col name="LocationCD" type="NVarChar(30)" />
		<col name="Descr" type="NVarChar(60)" nullable="true" />
		<col name="tstamp" type="Timestamp" />
		<col name="IsCosted" type="Bit" />
		<col name="InclQtyAvail" type="Bit" />
		<col name="PickPriority" type="SmallInt" />
		<col name="SalesValid" type="Bit" />
		<col name="ReceiptsValid" type="Bit" />
		<col name="TransfersValid" type="Bit" />
		<col name="PrimaryItemValid" type="Char(1)" />
		<col name="PrimaryItemID" type="Int" nullable="true" />
		<col name="PrimaryItemClassID" type="Int" nullable="true" />
		<col name="ProjectID" type="Int" nullable="true" />
		<col name="TaskID" type="Int" nullable="true" />
		<col name="AssemblyValid" type="Bit" />
		<col name="Active" type="Bit" />
		<col name="CreatedByID" type="UniqueIdentifier" />
		<col name="CreatedByScreenID" type="Char(8)" />
		<col name="CreatedDateTime" type="DateTime" />
		<col name="LastModifiedByID" type="UniqueIdentifier" />
		<col name="LastModifiedByScreenID" type="Char(8)" />
		<col name="LastModifiedDateTime" type="DateTime" />
		<col name="NoteID" type="UniqueIdentifier" nullable="true" />
	</table>
	<rows>
		<row SiteID="17" LocationID="18" LocationCD="MAIN      " IsCosted="0" InclQtyAvail="1" PickPriority="1" SalesValid="1" ReceiptsValid="1" TransfersValid="1" PrimaryItemValid="N" AssemblyValid="1" Active="1" CreatedByID="b5344897-037e-4d58-b5c3-1bdfd0f47bf9" CreatedByScreenID="IN202000" CreatedDateTime="2014-10-22 14:53:06.277" LastModifiedByID="b5344897-037e-4d58-b5c3-1bdfd0f47bf9" LastModifiedByScreenID="IN202000" LastModifiedDateTime="2014-10-22 14:53:06.277" NoteID="2889d189-d959-e411-8568-74d435e7799b" />
		<row SiteID="21" LocationID="22" LocationCD="MAIN      " IsCosted="0" InclQtyAvail="1" PickPriority="1" SalesValid="1" ReceiptsValid="1" TransfersValid="1" PrimaryItemValid="N" AssemblyValid="1" Active="1" CreatedByID="b5344897-037e-4d58-b5c3-1bdfd0f47bf9" CreatedByScreenID="IN101000" CreatedDateTime="2019-12-02 19:19:09.807" LastModifiedByID="b5344897-037e-4d58-b5c3-1bdfd0f47bf9" LastModifiedByScreenID="IN101000" LastModifiedDateTime="2019-12-02 19:19:09.807" NoteID="4ac21bc9-6a15-ea11-a6ec-9cb6d0c82c0c" />
	</rows>
</data>