﻿<?xml version="1.0" encoding="utf-8"?>
<data>
	<table name="INLotSerClass">
		<col name="CompanyID" type="Int" default="Zero" />
		<col name="LotSerClassID" type="NVarChar(10)" />
		<col name="Descr" type="NVarChar(256)" nullable="true" />
		<col name="LotSerTrack" type="Char(1)" />
		<col name="LotSerTrackExpiration" type="Bit" default="Zero" />
		<col name="LotSerAssign" type="Char(1)" />
		<col name="LotSerIssueMethod" type="Char(1)" />
		<col name="LotSerFormatStr" type="VarChar(60)" nullable="true" />
		<col name="LotSerNumShared" type="Bit" />
		<col name="AutoNextNbr" type="Bit" />
		<col name="AutoSerialMaxCount" type="Int" />
		<col name="RequiredForDropship" type="Bit" default="Zero" />
		<col name="CreatedByID" type="UniqueIdentifier" />
		<col name="CreatedByScreenID" type="Char(8)" />
		<col name="CreatedDateTime" type="DateTime" />
		<col name="LastModifiedByID" type="UniqueIdentifier" />
		<col name="LastModifiedByScreenID" type="Char(8)" />
		<col name="LastModifiedDateTime" type="DateTime" />
		<col name="tstamp" type="Timestamp" />
		<col name="NoteID" type="UniqueIdentifier" nullable="true" />
	</table>
	<rows>
		<row LotSerClassID="DEFAULT" LotSerTrack="N" LotSerTrackExpiration="0" LotSerAssign="R" LotSerIssueMethod="F" LotSerNumShared="0" AutoNextNbr="1" AutoSerialMaxCount="0" RequiredForDropship="0" CreatedByID="b5344897-037e-4d58-b5c3-1bdfd0f47bf9" CreatedByScreenID="IN201000" CreatedDateTime="2019-12-02 19:43:54.623" LastModifiedByID="b5344897-037e-4d58-b5c3-1bdfd0f47bf9" LastModifiedByScreenID="IN201000" LastModifiedDateTime="2019-12-02 19:43:54.623" NoteID="fb97d05c-6e15-ea11-a6ec-9cb6d0c82c0c" />
	</rows>
</data>