﻿<?xml version="1.0" encoding="utf-8"?>
<data>
	<table name="INRegister">
		<col name="CompanyID" type="Int" default="Zero" />
		<col name="BranchID" type="Int" />
		<col name="DocType" type="Char(1)" />
		<col name="RefNbr" type="NVarChar(15)" />
		<col name="TranDesc" type="NVarChar(256)" nullable="true" />
		<col name="Released" type="Bit" default="Zero" />
		<col name="Hold" type="Bit" />
		<col name="Status" type="Char(1)" />
		<col name="TranDate" type="SmallDateTime" />
		<col name="FinPeriodID" type="Char(6)" />
		<col name="TranPeriodID" type="Char(6)" />
		<col name="LineCntr" type="Int" />
		<col name="tstamp" type="Timestamp" />
		<col name="CreatedByID" type="UniqueIdentifier" />
		<col name="CreatedByScreenID" type="Char(8)" />
		<col name="CreatedDateTime" type="DateTime" />
		<col name="LastModifiedByID" type="UniqueIdentifier" />
		<col name="LastModifiedByScreenID" type="Char(8)" />
		<col name="LastModifiedDateTime" type="DateTime" />
		<col name="TotalQty" type="Decimal(25,6)" />
		<col name="TotalAmount" type="Decimal(19,4)" />
		<col name="ControlQty" type="Decimal(25,6)" />
		<col name="ControlAmount" type="Decimal(19,4)" />
		<col name="SiteID" type="Int" nullable="true" />
		<col name="ToSiteID" type="Int" nullable="true" />
		<col name="BatchNbr" type="NVarChar(15)" nullable="true" />
		<col name="TransferType" type="Char(1)" nullable="true" />
		<col name="TotalCost" type="Decimal(19,4)" />
		<col name="ControlCost" type="Decimal(19,4)" />
		<col name="ExtRefNbr" type="NVarChar(40)" nullable="true" />
		<col name="OrigModule" type="Char(2)" nullable="true" />
		<col name="OrigRefNbr" type="NVarChar(15)" nullable="true" />
		<col name="KitInventoryID" type="Int" nullable="true" />
		<col name="KitRevisionID" type="NVarChar(10)" nullable="true" />
		<col name="KitLineNbr" type="Int" nullable="true" />
		<col name="SOShipmentNbr" type="NVarChar(15)" nullable="true" />
		<col name="SOShipmentType" type="Char(1)" nullable="true" />
		<col name="SOOrderType" type="Char(2)" nullable="true" />
		<col name="SOOrderNbr" type="NVarChar(15)" nullable="true" />
		<col name="POReceiptType" type="Char(2)" nullable="true" />
		<col name="POReceiptNbr" type="NVarChar(15)" nullable="true" />
		<col name="IsPPVTran" type="Bit" default="Zero" />
		<col name="NoteID" type="UniqueIdentifier" nullable="true" />
		<col name="PIID" type="NVarChar(15)" nullable="true" />
	</table>
	<rows>
		<row BranchID="1" DocType="I" RefNbr="000001" Released="0" Hold="0" Status="B" TranDate="2019-12-23 00:00:00" FinPeriodID="201912" TranPeriodID="201912" LineCntr="2" CreatedByID="b5344897-037e-4d58-b5c3-1bdfd0f47bf9" CreatedByScreenID="SO303000" CreatedDateTime="2019-12-23 17:18:51.05" LastModifiedByID="b5344897-037e-4d58-b5c3-1bdfd0f47bf9" LastModifiedByScreenID="SO303000" LastModifiedDateTime="2019-12-23 17:18:51.05" TotalQty="3.000000" TotalAmount="344.8500" ControlQty="3.000000" ControlAmount="344.8500" SiteID="17" TransferType="1" TotalCost="240.0000" ControlCost="0.0000" OrigModule="SO" KitLineNbr="0" SOShipmentNbr="000001" SOShipmentType="I" SOOrderType="SO" SOOrderNbr="000005" IsPPVTran="0" NoteID="6305fb8f-da25-ea11-a6f0-9cb6d0c82c0c" />
		<row BranchID="1" DocType="I" RefNbr="000002" Released="0" Hold="0" Status="B" TranDate="2019-12-23 00:00:00" FinPeriodID="201912" TranPeriodID="201912" LineCntr="2" CreatedByID="b5344897-037e-4d58-b5c3-1bdfd0f47bf9" CreatedByScreenID="SO303000" CreatedDateTime="2019-12-23 17:20:28.07" LastModifiedByID="b5344897-037e-4d58-b5c3-1bdfd0f47bf9" LastModifiedByScreenID="SO303000" LastModifiedDateTime="2019-12-23 17:20:28.07" TotalQty="3.000000" TotalAmount="344.8500" ControlQty="3.000000" ControlAmount="344.8500" SiteID="17" TransferType="1" TotalCost="240.0000" ControlCost="0.0000" OrigModule="SO" KitLineNbr="0" SOShipmentNbr="000002" SOShipmentType="I" SOOrderType="SO" SOOrderNbr="000007" IsPPVTran="0" NoteID="24bd2aca-da25-ea11-a6f0-9cb6d0c82c0c" />
		<row BranchID="1" DocType="I" RefNbr="000003" Released="0" Hold="0" Status="B" TranDate="2019-12-23 00:00:00" FinPeriodID="201912" TranPeriodID="201912" LineCntr="2" CreatedByID="b5344897-037e-4d58-b5c3-1bdfd0f47bf9" CreatedByScreenID="SO303000" CreatedDateTime="2019-12-23 17:26:07.177" LastModifiedByID="b5344897-037e-4d58-b5c3-1bdfd0f47bf9" LastModifiedByScreenID="SO303000" LastModifiedDateTime="2019-12-23 17:26:07.177" TotalQty="3.000000" TotalAmount="254.8500" ControlQty="3.000000" ControlAmount="254.8500" SiteID="17" TransferType="1" TotalCost="240.0000" ControlCost="0.0000" OrigModule="SO" KitLineNbr="0" SOShipmentNbr="000003" SOShipmentType="I" SOOrderType="SO" SOOrderNbr="000008" IsPPVTran="0" NoteID="91356e94-db25-ea11-a6f0-9cb6d0c82c0c" />
		<row BranchID="1" DocType="I" RefNbr="000004" Released="0" Hold="0" Status="B" TranDate="2019-12-23 00:00:00" FinPeriodID="201912" TranPeriodID="201912" LineCntr="2" CreatedByID="b5344897-037e-4d58-b5c3-1bdfd0f47bf9" CreatedByScreenID="SO303000" CreatedDateTime="2019-12-23 17:31:58.07" LastModifiedByID="b5344897-037e-4d58-b5c3-1bdfd0f47bf9" LastModifiedByScreenID="SO303000" LastModifiedDateTime="2019-12-23 17:31:58.07" TotalQty="1.000000" TotalAmount="114.9500" ControlQty="1.000000" ControlAmount="114.9500" SiteID="17" TransferType="1" TotalCost="80.0000" ControlCost="0.0000" OrigModule="SO" KitLineNbr="0" SOShipmentNbr="000004" SOShipmentType="I" SOOrderType="SO" SOOrderNbr="000009" IsPPVTran="0" NoteID="20ed1c66-dc25-ea11-a6f0-9cb6d0c82c0c" />
		<row BranchID="1" DocType="I" RefNbr="000005" Released="0" Hold="0" Status="B" TranDate="2019-12-23 00:00:00" FinPeriodID="201912" TranPeriodID="201912" LineCntr="2" CreatedByID="b5344897-037e-4d58-b5c3-1bdfd0f47bf9" CreatedByScreenID="SO303000" CreatedDateTime="2019-12-23 17:32:22.653" LastModifiedByID="b5344897-037e-4d58-b5c3-1bdfd0f47bf9" LastModifiedByScreenID="SO303000" LastModifiedDateTime="2019-12-23 17:32:22.653" TotalQty="2.000000" TotalAmount="229.9000" ControlQty="2.000000" ControlAmount="229.9000" SiteID="17" TransferType="1" TotalCost="160.0000" ControlCost="0.0000" OrigModule="SO" KitLineNbr="0" SOShipmentNbr="000005" SOShipmentType="I" SOOrderType="SO" SOOrderNbr="000009" IsPPVTran="0" NoteID="b5336674-dc25-ea11-a6f0-9cb6d0c82c0c" />
		<row BranchID="1" DocType="I" RefNbr="000006" Released="0" Hold="0" Status="B" TranDate="2019-12-23 00:00:00" FinPeriodID="201912" TranPeriodID="201912" LineCntr="2" CreatedByID="b5344897-037e-4d58-b5c3-1bdfd0f47bf9" CreatedByScreenID="SO303000" CreatedDateTime="2019-12-23 17:35:59.393" LastModifiedByID="b5344897-037e-4d58-b5c3-1bdfd0f47bf9" LastModifiedByScreenID="SO303000" LastModifiedDateTime="2019-12-23 17:35:59.393" TotalQty="2.000000" TotalAmount="229.9000" ControlQty="2.000000" ControlAmount="229.9000" SiteID="17" TransferType="1" TotalCost="160.0000" ControlCost="0.0000" OrigModule="SO" KitLineNbr="0" SOShipmentNbr="000006" SOShipmentType="I" SOOrderType="SO" SOOrderNbr="000010" IsPPVTran="0" NoteID="fa4e85f6-dc25-ea11-a6f0-9cb6d0c82c0c" />
		<row BranchID="1" DocType="I" RefNbr="000007" Released="0" Hold="0" Status="B" TranDate="2019-12-23 00:00:00" FinPeriodID="201912" TranPeriodID="201912" LineCntr="2" CreatedByID="b5344897-037e-4d58-b5c3-1bdfd0f47bf9" CreatedByScreenID="SO303000" CreatedDateTime="2019-12-23 17:43:39.167" LastModifiedByID="b5344897-037e-4d58-b5c3-1bdfd0f47bf9" LastModifiedByScreenID="SO303000" LastModifiedDateTime="2019-12-23 17:43:39.167" TotalQty="1.000000" TotalAmount="114.9500" ControlQty="1.000000" ControlAmount="114.9500" SiteID="17" TransferType="1" TotalCost="80.0000" ControlCost="0.0000" OrigModule="SO" KitLineNbr="0" SOShipmentNbr="000007" SOShipmentType="I" SOOrderType="SO" SOOrderNbr="000011" IsPPVTran="0" NoteID="c02a6108-de25-ea11-a6f0-9cb6d0c82c0c" />
		<row BranchID="1" DocType="I" RefNbr="000008" Released="0" Hold="0" Status="B" TranDate="2019-12-23 00:00:00" FinPeriodID="201912" TranPeriodID="201912" LineCntr="2" CreatedByID="b5344897-037e-4d58-b5c3-1bdfd0f47bf9" CreatedByScreenID="SO303000" CreatedDateTime="2019-12-23 17:44:08.01" LastModifiedByID="b5344897-037e-4d58-b5c3-1bdfd0f47bf9" LastModifiedByScreenID="SO303000" LastModifiedDateTime="2019-12-23 17:44:08.01" TotalQty="1.000000" TotalAmount="114.9500" ControlQty="1.000000" ControlAmount="114.9500" SiteID="17" TransferType="1" TotalCost="80.0000" ControlCost="0.0000" OrigModule="SO" KitLineNbr="0" SOShipmentNbr="000008" SOShipmentType="I" SOOrderType="SO" SOOrderNbr="000011" IsPPVTran="0" NoteID="58949f1b-de25-ea11-a6f0-9cb6d0c82c0c" />
		<row BranchID="1" DocType="I" RefNbr="000009" Released="0" Hold="0" Status="B" TranDate="2019-12-23 00:00:00" FinPeriodID="201912" TranPeriodID="201912" LineCntr="2" CreatedByID="b5344897-037e-4d58-b5c3-1bdfd0f47bf9" CreatedByScreenID="SO303000" CreatedDateTime="2019-12-23 17:47:37.16" LastModifiedByID="b5344897-037e-4d58-b5c3-1bdfd0f47bf9" LastModifiedByScreenID="SO303000" LastModifiedDateTime="2019-12-23 17:47:37.16" TotalQty="2.000000" TotalAmount="229.9000" ControlQty="2.000000" ControlAmount="229.9000" SiteID="17" TransferType="1" TotalCost="160.0000" ControlCost="0.0000" OrigModule="SO" KitLineNbr="0" SOShipmentNbr="000009" SOShipmentType="I" SOOrderType="SO" SOOrderNbr="000012" IsPPVTran="0" NoteID="3a163896-de25-ea11-a6f0-9cb6d0c82c0c" />
		<row BranchID="1" DocType="I" RefNbr="000010" Released="0" Hold="0" Status="B" TranDate="2019-12-24 00:00:00" FinPeriodID="201912" TranPeriodID="201912" LineCntr="2" CreatedByID="b5344897-037e-4d58-b5c3-1bdfd0f47bf9" CreatedByScreenID="SO303000" CreatedDateTime="2019-12-23 22:20:35.38" LastModifiedByID="b5344897-037e-4d58-b5c3-1bdfd0f47bf9" LastModifiedByScreenID="SO303000" LastModifiedDateTime="2019-12-23 22:20:35.38" TotalQty="2.000000" TotalAmount="229.9000" ControlQty="2.000000" ControlAmount="229.9000" SiteID="17" TransferType="1" TotalCost="160.0000" ControlCost="0.0000" OrigModule="SO" KitLineNbr="0" SOShipmentNbr="000011" SOShipmentType="I" SOOrderType="SO" SOOrderNbr="000013" IsPPVTran="0" NoteID="90d6c8b8-0426-ea11-a6f0-9cb6d0c82c0c" />
		<row BranchID="1" DocType="I" RefNbr="000011" Released="0" Hold="0" Status="B" TranDate="2019-12-24 00:00:00" FinPeriodID="201912" TranPeriodID="201912" LineCntr="2" CreatedByID="b5344897-037e-4d58-b5c3-1bdfd0f47bf9" CreatedByScreenID="SO303000" CreatedDateTime="2019-12-23 22:25:54.523" LastModifiedByID="b5344897-037e-4d58-b5c3-1bdfd0f47bf9" LastModifiedByScreenID="SO303000" LastModifiedDateTime="2019-12-23 22:25:54.523" TotalQty="1.000000" TotalAmount="114.9500" ControlQty="1.000000" ControlAmount="114.9500" SiteID="17" TransferType="1" TotalCost="80.0000" ControlCost="0.0000" OrigModule="SO" KitLineNbr="0" SOShipmentNbr="000012" SOShipmentType="I" SOOrderType="SO" SOOrderNbr="000014" IsPPVTran="0" NoteID="901d3277-0526-ea11-a6f0-9cb6d0c82c0c" />
		<row BranchID="1" DocType="I" RefNbr="000012" Released="0" Hold="0" Status="B" TranDate="2019-12-24 00:00:00" FinPeriodID="201912" TranPeriodID="201912" LineCntr="2" CreatedByID="b5344897-037e-4d58-b5c3-1bdfd0f47bf9" CreatedByScreenID="SO303000" CreatedDateTime="2019-12-23 22:26:50.413" LastModifiedByID="b5344897-037e-4d58-b5c3-1bdfd0f47bf9" LastModifiedByScreenID="SO303000" LastModifiedDateTime="2019-12-23 22:26:50.413" TotalQty="1.000000" TotalAmount="114.9500" ControlQty="1.000000" ControlAmount="114.9500" SiteID="17" TransferType="1" TotalCost="80.0000" ControlCost="0.0000" OrigModule="SO" KitLineNbr="0" SOShipmentNbr="000013" SOShipmentType="I" SOOrderType="SO" SOOrderNbr="000014" IsPPVTran="0" NoteID="dadbe697-0526-ea11-a6f0-9cb6d0c82c0c" />
		<row BranchID="1" DocType="I" RefNbr="000013" Released="0" Hold="0" Status="B" TranDate="2019-12-24 00:00:00" FinPeriodID="201912" TranPeriodID="201912" LineCntr="2" CreatedByID="b5344897-037e-4d58-b5c3-1bdfd0f47bf9" CreatedByScreenID="SO303000" CreatedDateTime="2019-12-23 22:39:04.78" LastModifiedByID="b5344897-037e-4d58-b5c3-1bdfd0f47bf9" LastModifiedByScreenID="SO303000" LastModifiedDateTime="2019-12-23 22:39:04.78" TotalQty="3.000000" TotalAmount="344.8500" ControlQty="3.000000" ControlAmount="344.8500" SiteID="17" TransferType="1" TotalCost="240.0000" ControlCost="0.0000" OrigModule="SO" KitLineNbr="0" SOShipmentNbr="000014" SOShipmentType="I" SOOrderType="SO" SOOrderNbr="000016" IsPPVTran="0" NoteID="388a174e-0726-ea11-a6f0-9cb6d0c82c0c" />
		<row BranchID="1" DocType="I" RefNbr="000014" Released="0" Hold="0" Status="B" TranDate="2019-12-24 00:00:00" FinPeriodID="201912" TranPeriodID="201912" LineCntr="2" CreatedByID="b5344897-037e-4d58-b5c3-1bdfd0f47bf9" CreatedByScreenID="SO303000" CreatedDateTime="2019-12-23 22:44:38.503" LastModifiedByID="b5344897-037e-4d58-b5c3-1bdfd0f47bf9" LastModifiedByScreenID="SO303000" LastModifiedDateTime="2019-12-23 22:44:38.503" TotalQty="3.000000" TotalAmount="344.8500" ControlQty="3.000000" ControlAmount="344.8500" SiteID="17" TransferType="1" TotalCost="240.0000" ControlCost="0.0000" OrigModule="SO" KitLineNbr="0" SOShipmentNbr="000015" SOShipmentType="I" SOOrderType="SO" SOOrderNbr="000017" IsPPVTran="0" NoteID="f0863415-0826-ea11-a6f0-9cb6d0c82c0c" />
		<row BranchID="1" DocType="I" RefNbr="000015" Released="0" Hold="0" Status="B" TranDate="2019-12-24 00:00:00" FinPeriodID="201912" TranPeriodID="201912" LineCntr="2" CreatedByID="b5344897-037e-4d58-b5c3-1bdfd0f47bf9" CreatedByScreenID="SO303000" CreatedDateTime="2019-12-23 22:52:07.093" LastModifiedByID="b5344897-037e-4d58-b5c3-1bdfd0f47bf9" LastModifiedByScreenID="SO303000" LastModifiedDateTime="2019-12-23 22:52:07.093" TotalQty="2.000000" TotalAmount="198.5700" ControlQty="2.000000" ControlAmount="198.5700" SiteID="17" TransferType="1" TotalCost="160.0000" ControlCost="0.0000" OrigModule="SO" KitLineNbr="0" SOShipmentNbr="000016" SOShipmentType="I" SOOrderType="SO" SOOrderNbr="000018" IsPPVTran="0" NoteID="d1a23120-0926-ea11-a6f0-9cb6d0c82c0c" />
		<row BranchID="1" DocType="I" RefNbr="000016" Released="0" Hold="0" Status="B" TranDate="2019-12-24 00:00:00" FinPeriodID="201912" TranPeriodID="201912" LineCntr="2" CreatedByID="b5344897-037e-4d58-b5c3-1bdfd0f47bf9" CreatedByScreenID="SO303000" CreatedDateTime="2019-12-23 22:53:28.157" LastModifiedByID="b5344897-037e-4d58-b5c3-1bdfd0f47bf9" LastModifiedByScreenID="SO303000" LastModifiedDateTime="2019-12-23 22:53:28.157" TotalQty="1.000000" TotalAmount="99.2800" ControlQty="1.000000" ControlAmount="99.2800" SiteID="17" TransferType="1" TotalCost="80.0000" ControlCost="0.0000" OrigModule="SO" KitLineNbr="0" SOShipmentNbr="000017" SOShipmentType="I" SOOrderType="SO" SOOrderNbr="000018" IsPPVTran="0" NoteID="315ea550-0926-ea11-a6f0-9cb6d0c82c0c" />
		<row BranchID="1" DocType="I" RefNbr="000017" Released="0" Hold="0" Status="B" TranDate="2019-12-24 00:00:00" FinPeriodID="201912" TranPeriodID="201912" LineCntr="4" CreatedByID="b5344897-037e-4d58-b5c3-1bdfd0f47bf9" CreatedByScreenID="SO303000" CreatedDateTime="2019-12-23 23:04:59.307" LastModifiedByID="b5344897-037e-4d58-b5c3-1bdfd0f47bf9" LastModifiedByScreenID="SO303000" LastModifiedDateTime="2019-12-23 23:04:59.307" TotalQty="2.000000" TotalAmount="164.9000" ControlQty="2.000000" ControlAmount="164.9000" SiteID="17" TransferType="1" TotalCost="100.0000" ControlCost="0.0000" OrigModule="SO" KitLineNbr="0" SOShipmentNbr="000018" SOShipmentType="I" SOOrderType="SO" SOOrderNbr="000019" IsPPVTran="0" NoteID="171e02ed-0a26-ea11-a6f0-9cb6d0c82c0c" />
		<row BranchID="1" DocType="R" RefNbr="000001" Released="1" Hold="0" Status="R" TranDate="2019-12-04 00:00:00" FinPeriodID="201912" TranPeriodID="201912" LineCntr="2" CreatedByID="b5344897-037e-4d58-b5c3-1bdfd0f47bf9" CreatedByScreenID="IN301000" CreatedDateTime="2019-12-04 17:58:44.423" LastModifiedByID="b5344897-037e-4d58-b5c3-1bdfd0f47bf9" LastModifiedByScreenID="IN301000" LastModifiedDateTime="2019-12-04 17:59:02.837" TotalQty="200.000000" TotalAmount="0.0000" ControlQty="200.000000" ControlAmount="0.0000" BatchNbr="000017" TransferType="1" TotalCost="16000.0000" ControlCost="16000.0000" OrigModule="IN" KitLineNbr="0" IsPPVTran="0" NoteID="a1e9d5f1-f116-ea11-a6ed-9cb6d0c82c0c" />
		<row BranchID="1" DocType="R" RefNbr="000002" Released="1" Hold="0" Status="R" TranDate="2019-12-24 00:00:00" FinPeriodID="201912" TranPeriodID="201912" LineCntr="2" CreatedByID="b5344897-037e-4d58-b5c3-1bdfd0f47bf9" CreatedByScreenID="IN301000" CreatedDateTime="2019-12-23 22:56:37.767" LastModifiedByID="b5344897-037e-4d58-b5c3-1bdfd0f47bf9" LastModifiedByScreenID="IN301000" LastModifiedDateTime="2019-12-23 22:56:46.743" TotalQty="100.000000" TotalAmount="0.0000" ControlQty="100.000000" ControlAmount="0.0000" BatchNbr="000018" TransferType="1" TotalCost="2000.0000" ControlCost="2000.0000" OrigModule="IN" KitLineNbr="0" IsPPVTran="0" NoteID="9cefa2b4-0926-ea11-a6f0-9cb6d0c82c0c" />
	</rows>
</data>