﻿<?xml version="1.0" encoding="utf-8"?>
<data>
	<table name="INSite">
		<col name="CompanyID" type="Int" default="Zero" />
		<col name="SiteID" type="Int" />
		<col name="SiteCD" type="NVarChar(30)" />
		<col name="Descr" type="NVarChar(60)" nullable="true" />
		<col name="Active" type="Bit" />
		<col name="tstamp" type="Timestamp" />
		<col name="CreatedByID" type="UniqueIdentifier" />
		<col name="CreatedByScreenID" type="Char(8)" />
		<col name="CreatedDateTime" type="DateTime" />
		<col name="LastModifiedByID" type="UniqueIdentifier" />
		<col name="LastModifiedByScreenID" type="Char(8)" />
		<col name="LastModifiedDateTime" type="DateTime" />
		<col name="InvtAcctID" type="Int" nullable="true" />
		<col name="InvtSubID" type="Int" nullable="true" />
		<col name="COGSAcctID" type="Int" nullable="true" />
		<col name="COGSSubID" type="Int" nullable="true" />
		<col name="SalesAcctID" type="Int" nullable="true" />
		<col name="SalesSubID" type="Int" nullable="true" />
		<col name="DiscAcctID" type="Int" nullable="true" />
		<col name="DiscSubID" type="Int" nullable="true" />
		<col name="FreightAcctID" type="Int" nullable="true" />
		<col name="FreightSubID" type="Int" nullable="true" />
		<col name="MiscAcctID" type="Int" nullable="true" />
		<col name="MiscSubID" type="Int" nullable="true" />
		<col name="StdCstRevAcctID" type="Int" nullable="true" />
		<col name="StdCstRevSubID" type="Int" nullable="true" />
		<col name="PPVAcctID" type="Int" nullable="true" />
		<col name="PPVSubID" type="Int" nullable="true" />
		<col name="POAccrualAcctID" type="Int" nullable="true" />
		<col name="POAccrualSubID" type="Int" nullable="true" />
		<col name="LocationValid" type="Char(1)" nullable="true" />
		<col name="StdCstVarAcctID" type="Int" nullable="true" />
		<col name="StdCstVarSubID" type="Int" nullable="true" />
		<col name="ReceiptLocationID" type="Int" nullable="true" />
		<col name="ShipLocationID" type="Int" nullable="true" />
		<col name="ReturnLocationID" type="Int" nullable="true" />
		<col name="DropShipLocationID" type="Int" nullable="true" />
		<col name="ReasonCodeSubID" type="Int" nullable="true" />
		<col name="BranchID" type="Int" />
		<col name="ContactID" type="Int" nullable="true" />
		<col name="AddressID" type="Int" nullable="true" />
		<col name="BuildingID" type="Int" nullable="true" />
		<col name="LCVarianceAcctID" type="Int" nullable="true" />
		<col name="LCVarianceSubID" type="Int" nullable="true" />
		<col name="ReplenishmentClassID" type="NVarChar(10)" nullable="true" />
		<col name="AvgDefaultCost" type="Char(1)" />
		<col name="FIFODefaultCost" type="Char(1)" />
		<col name="OverrideInvtAccSub" type="Bit" default="Zero" />
		<col name="GroupMask" type="VarBinary(32)" default="BinaryMaskZero" />
		<col name="NoteID" type="UniqueIdentifier" nullable="true" />
	</table>
	<rows>
		<row SiteID="17" SiteCD="MAIN      " Active="1" CreatedByID="b5344897-037e-4d58-b5c3-1bdfd0f47bf9" CreatedByScreenID="IN202000" CreatedDateTime="2014-10-22 14:53:06.28" LastModifiedByID="b5344897-037e-4d58-b5c3-1bdfd0f47bf9" LastModifiedByScreenID="IN202000" LastModifiedDateTime="2014-10-22 14:53:06.28" InvtSubID="1" COGSSubID="1" SalesSubID="1" DiscSubID="1" FreightSubID="1" MiscSubID="1" StdCstRevSubID="1" PPVSubID="1" POAccrualSubID="1" LocationValid="V" StdCstVarSubID="1" ReceiptLocationID="18" ShipLocationID="18" ReturnLocationID="18" DropShipLocationID="18" ReasonCodeSubID="1" BranchID="1" LCVarianceSubID="1" AvgDefaultCost="A" FIFODefaultCost="A" OverrideInvtAccSub="0" GroupMask="0x" NoteID="2a89d189-d959-e411-8568-74d435e7799b" />
		<row SiteID="21" SiteCD="INTR      " Descr="Transit default warehouse" Active="1" CreatedByID="b5344897-037e-4d58-b5c3-1bdfd0f47bf9" CreatedByScreenID="IN101000" CreatedDateTime="2019-12-02 19:19:09.81" LastModifiedByID="b5344897-037e-4d58-b5c3-1bdfd0f47bf9" LastModifiedByScreenID="IN101000" LastModifiedDateTime="2019-12-02 19:19:09.81" InvtSubID="1" COGSSubID="1" SalesSubID="1" DiscSubID="1" FreightSubID="1" MiscSubID="1" StdCstRevSubID="1" PPVSubID="1" POAccrualSubID="1" LocationValid="V" StdCstVarSubID="1" ReceiptLocationID="22" ShipLocationID="22" ReturnLocationID="22" DropShipLocationID="22" ReasonCodeSubID="1" BranchID="1" LCVarianceSubID="1" AvgDefaultCost="A" FIFODefaultCost="A" OverrideInvtAccSub="1" GroupMask="0x" NoteID="4cc21bc9-6a15-ea11-a6ec-9cb6d0c82c0c" />
	</rows>
</data>