﻿<?xml version="1.0" encoding="utf-8"?>
<data>
	<table name="INSubItem">
		<col name="CompanyID" type="Int" default="Zero" />
		<col name="SubItemID" type="Int" identity="true" />
		<col name="SubItemCD" type="NVarChar(30)" />
		<col name="tstamp" type="Timestamp" />
		<col name="Descr" type="NVarChar(60)" nullable="true" />
		<col name="CreatedByID" type="UniqueIdentifier" />
		<col name="CreatedByScreenID" type="Char(8)" />
		<col name="CreatedDateTime" type="DateTime" />
		<col name="LastModifiedByID" type="UniqueIdentifier" />
		<col name="LastModifiedByScreenID" type="Char(8)" />
		<col name="LastModifiedDateTime" type="DateTime" />
		<col name="GroupMask" type="VarBinary(32)" default="BinaryMaskZero" />
	</table>
	<rows>
		<row SubItemID="9" SubItemCD="0" CreatedByID="b5344897-037e-4d58-b5c3-1bdfd0f47bf9" CreatedByScreenID="IN202000" CreatedDateTime="2014-10-22 14:53:06.28" LastModifiedByID="b5344897-037e-4d58-b5c3-1bdfd0f47bf9" LastModifiedByScreenID="IN202000" LastModifiedDateTime="2014-10-22 14:53:06.28" GroupMask="0x" />
	</rows>
</data>