﻿<?xml version="1.0" encoding="utf-8"?>
<data>
	<table name="INTran">
		<col name="CompanyID" type="Int" default="Zero" />
		<col name="BranchID" type="Int" />
		<col name="DocType" type="Char(1)" />
		<col name="TranType" type="Char(3)" />
		<col name="RefNbr" type="NVarChar(15)" />
		<col name="LineNbr" type="Int" />
		<col name="TranDate" type="SmallDateTime" />
		<col name="InventoryID" type="Int" />
		<col name="SubItemID" type="Int" nullable="true" />
		<col name="SiteID" type="Int" />
		<col name="LocationID" type="Int" nullable="true" />
		<col name="BAccountID" type="Int" nullable="true" />
		<col name="LotSerialNbr" type="NVarChar(100)" nullable="true" />
		<col name="ExpireDate" type="SmallDateTime" nullable="true" />
		<col name="InvtMult" type="SmallInt" />
		<col name="Qty" type="Decimal(25,6)" />
		<col name="MaxTransferBaseQty" type="Decimal(25,6)" nullable="true" />
		<col name="Released" type="Bit" />
		<col name="FinPeriodID" type="Char(6)" />
		<col name="TranPeriodID" type="Char(6)" />
		<col name="UnitPrice" type="Decimal(19,6)" />
		<col name="TranAmt" type="Decimal(19,4)" />
		<col name="UnitCost" type="Decimal(19,6)" />
		<col name="TranCost" type="Decimal(19,6)" />
		<col name="TranDesc" type="NVarChar(256)" nullable="true" />
		<col name="tstamp" type="Timestamp" />
		<col name="UOM" type="NVarChar(6)" />
		<col name="CreatedByID" type="UniqueIdentifier" />
		<col name="CreatedByScreenID" type="Char(8)" />
		<col name="CreatedDateTime" type="DateTime" />
		<col name="LastModifiedByID" type="UniqueIdentifier" />
		<col name="LastModifiedByScreenID" type="Char(8)" />
		<col name="LastModifiedDateTime" type="DateTime" />
		<col name="SubID" type="Int" nullable="true" />
		<col name="ReasonCode" type="NVarChar(20)" nullable="true" />
		<col name="ToSiteID" type="Int" nullable="true" />
		<col name="ToLocationID" type="Int" nullable="true" />
		<col name="BaseQty" type="Decimal(25,6)" />
		<col name="UnassignedQty" type="Decimal(25,6)" default="Zero" />
		<col name="ARDocType" type="Char(3)" nullable="true" />
		<col name="ARRefNbr" type="NVarChar(15)" nullable="true" />
		<col name="ARLineNbr" type="Int" nullable="true" />
		<col name="AcctID" type="Int" nullable="true" />
		<col name="COGSAcctID" type="Int" nullable="true" />
		<col name="COGSSubID" type="Int" nullable="true" />
		<col name="InvtAcctID" type="Int" nullable="true" />
		<col name="InvtSubID" type="Int" nullable="true" />
		<col name="OrigBranchID" type="Int" nullable="true" />
		<col name="OrigDocType" type="Char(1)" nullable="true" />
		<col name="OrigTranType" type="Char(3)" nullable="true" />
		<col name="OrigRefNbr" type="NVarChar(15)" nullable="true" />
		<col name="OrigLineNbr" type="Int" nullable="true" />
		<col name="OrigToLocationID" type="Int" nullable="true" />
		<col name="OrigIsLotSerial" type="Bit" nullable="true" />
		<col name="OrigNoteID" type="UniqueIdentifier" nullable="true" />
		<col name="SOShipmentNbr" type="NVarChar(15)" nullable="true" />
		<col name="SOShipmentType" type="Char(1)" nullable="true" />
		<col name="SOShipmentLineNbr" type="Int" nullable="true" />
		<col name="SOOrderType" type="Char(2)" nullable="true" />
		<col name="SOOrderNbr" type="NVarChar(15)" nullable="true" />
		<col name="SOOrderLineNbr" type="Int" nullable="true" />
		<col name="SOLineType" type="Char(2)" nullable="true" />
		<col name="POReceiptType" type="Char(2)" nullable="true" />
		<col name="POReceiptNbr" type="NVarChar(15)" nullable="true" />
		<col name="POReceiptLineNbr" type="Int" nullable="true" />
		<col name="POLineType" type="Char(2)" nullable="true" />
		<col name="OrigPlanType" type="Char(2)" nullable="true" />
		<col name="ProjectID" type="Int" nullable="true" />
		<col name="TaskID" type="Int" nullable="true" />
		<col name="CostCodeID" type="Int" nullable="true" />
		<col name="AssyType" type="Char(1)" nullable="true" />
		<col name="UpdateShippedNotInvoiced" type="Bit" nullable="true" />
		<col name="NoteID" type="UniqueIdentifier" nullable="true" />
		<col name="ReclassificationProhibited" type="Bit" default="Zero" />
		<col name="IsComponentItem" type="Bit" default="Zero" />
		<col name="IsCostUnmanaged" type="Bit" nullable="true" />
		<col name="PIID" type="NVarChar(15)" nullable="true" />
		<col name="PILineNbr" type="Int" nullable="true" />
		<col name="ManualCost" type="Bit" default="Zero" />
		<col name="ExactCost" type="Bit" default="Zero" />
	</table>
	<rows>
		<row BranchID="1" DocType="I" TranType="INV" RefNbr="000001" LineNbr="1" TranDate="2019-12-23 00:00:00" InventoryID="2608" SubItemID="9" SiteID="17" LocationID="18" BAccountID="30" LotSerialNbr="" InvtMult="-1" Qty="3.000000" Released="0" FinPeriodID="201912" TranPeriodID="201912" UnitPrice="114.950000" TranAmt="344.8500" UnitCost="80.000000" TranCost="240.000000" TranDesc="Tax Rounding Beast from the Depths - ROUNDING-DOOM" UOM="PIECE" CreatedByID="b5344897-037e-4d58-b5c3-1bdfd0f47bf9" CreatedByScreenID="SO303000" CreatedDateTime="2019-12-23 17:18:51.057" LastModifiedByID="b5344897-037e-4d58-b5c3-1bdfd0f47bf9" LastModifiedByScreenID="SO303000" LastModifiedDateTime="2019-12-23 17:18:51.057" SubID="1" BaseQty="3.000000" UnassignedQty="0.000000" ARDocType="INV" ARRefNbr="000013" ARLineNbr="1" AcctID="2724" COGSSubID="1" InvtSubID="1" SOShipmentNbr="000001" SOShipmentType="I" SOShipmentLineNbr="1" SOOrderType="SO" SOOrderNbr="000005" SOOrderLineNbr="1" SOLineType="GI" ProjectID="0" UpdateShippedNotInvoiced="0" NoteID="6505fb8f-da25-ea11-a6f0-9cb6d0c82c0c" ReclassificationProhibited="0" IsComponentItem="0" ManualCost="0" ExactCost="0" />
		<row BranchID="1" DocType="I" TranType="INV" RefNbr="000002" LineNbr="1" TranDate="2019-12-23 00:00:00" InventoryID="2608" SubItemID="9" SiteID="17" LocationID="18" BAccountID="30" LotSerialNbr="" InvtMult="-1" Qty="3.000000" Released="0" FinPeriodID="201912" TranPeriodID="201912" UnitPrice="114.950000" TranAmt="344.8500" UnitCost="80.000000" TranCost="240.000000" TranDesc="Tax Rounding Beast from the Depths - ROUNDING-DOOM" UOM="PIECE" CreatedByID="b5344897-037e-4d58-b5c3-1bdfd0f47bf9" CreatedByScreenID="SO303000" CreatedDateTime="2019-12-23 17:20:28.073" LastModifiedByID="b5344897-037e-4d58-b5c3-1bdfd0f47bf9" LastModifiedByScreenID="SO303000" LastModifiedDateTime="2019-12-23 17:20:28.073" SubID="1" BaseQty="3.000000" UnassignedQty="0.000000" ARDocType="INV" ARRefNbr="000014" ARLineNbr="1" AcctID="2724" COGSSubID="1" InvtSubID="1" SOShipmentNbr="000002" SOShipmentType="I" SOShipmentLineNbr="1" SOOrderType="SO" SOOrderNbr="000007" SOOrderLineNbr="1" SOLineType="GI" ProjectID="0" UpdateShippedNotInvoiced="0" NoteID="26bd2aca-da25-ea11-a6f0-9cb6d0c82c0c" ReclassificationProhibited="0" IsComponentItem="0" ManualCost="0" ExactCost="0" />
		<row BranchID="1" DocType="I" TranType="INV" RefNbr="000003" LineNbr="1" TranDate="2019-12-23 00:00:00" InventoryID="2608" SubItemID="9" SiteID="17" LocationID="18" BAccountID="30" LotSerialNbr="" InvtMult="-1" Qty="3.000000" Released="0" FinPeriodID="201912" TranPeriodID="201912" UnitPrice="114.950000" TranAmt="254.8500" UnitCost="80.000000" TranCost="240.000000" TranDesc="Tax Rounding Beast from the Depths - ROUNDING-DOOM" UOM="PIECE" CreatedByID="b5344897-037e-4d58-b5c3-1bdfd0f47bf9" CreatedByScreenID="SO303000" CreatedDateTime="2019-12-23 17:26:07.18" LastModifiedByID="b5344897-037e-4d58-b5c3-1bdfd0f47bf9" LastModifiedByScreenID="SO303000" LastModifiedDateTime="2019-12-23 17:26:07.18" SubID="1" BaseQty="3.000000" UnassignedQty="0.000000" ARDocType="INV" ARRefNbr="000015" ARLineNbr="1" AcctID="2724" COGSSubID="1" InvtSubID="1" SOShipmentNbr="000003" SOShipmentType="I" SOShipmentLineNbr="1" SOOrderType="SO" SOOrderNbr="000008" SOOrderLineNbr="1" SOLineType="GI" ProjectID="0" UpdateShippedNotInvoiced="0" NoteID="93356e94-db25-ea11-a6f0-9cb6d0c82c0c" ReclassificationProhibited="0" IsComponentItem="0" ManualCost="0" ExactCost="0" />
		<row BranchID="1" DocType="I" TranType="INV" RefNbr="000004" LineNbr="1" TranDate="2019-12-23 00:00:00" InventoryID="2608" SubItemID="9" SiteID="17" LocationID="18" BAccountID="30" LotSerialNbr="" InvtMult="-1" Qty="1.000000" Released="0" FinPeriodID="201912" TranPeriodID="201912" UnitPrice="114.950000" TranAmt="114.9500" UnitCost="80.000000" TranCost="80.000000" TranDesc="Tax Rounding Beast from the Depths - ROUNDING-DOOM" UOM="PIECE" CreatedByID="b5344897-037e-4d58-b5c3-1bdfd0f47bf9" CreatedByScreenID="SO303000" CreatedDateTime="2019-12-23 17:31:58.073" LastModifiedByID="b5344897-037e-4d58-b5c3-1bdfd0f47bf9" LastModifiedByScreenID="SO303000" LastModifiedDateTime="2019-12-23 17:31:58.073" SubID="1" BaseQty="1.000000" UnassignedQty="0.000000" ARDocType="INV" ARRefNbr="000016" ARLineNbr="1" AcctID="2724" COGSSubID="1" InvtSubID="1" SOShipmentNbr="000004" SOShipmentType="I" SOShipmentLineNbr="1" SOOrderType="SO" SOOrderNbr="000009" SOOrderLineNbr="1" SOLineType="GI" ProjectID="0" UpdateShippedNotInvoiced="0" NoteID="22ed1c66-dc25-ea11-a6f0-9cb6d0c82c0c" ReclassificationProhibited="0" IsComponentItem="0" ManualCost="0" ExactCost="0" />
		<row BranchID="1" DocType="I" TranType="INV" RefNbr="000005" LineNbr="1" TranDate="2019-12-23 00:00:00" InventoryID="2608" SubItemID="9" SiteID="17" LocationID="18" BAccountID="30" LotSerialNbr="" InvtMult="-1" Qty="2.000000" Released="0" FinPeriodID="201912" TranPeriodID="201912" UnitPrice="114.950000" TranAmt="229.9000" UnitCost="80.000000" TranCost="160.000000" TranDesc="Tax Rounding Beast from the Depths - ROUNDING-DOOM" UOM="PIECE" CreatedByID="b5344897-037e-4d58-b5c3-1bdfd0f47bf9" CreatedByScreenID="SO303000" CreatedDateTime="2019-12-23 17:32:22.657" LastModifiedByID="b5344897-037e-4d58-b5c3-1bdfd0f47bf9" LastModifiedByScreenID="SO303000" LastModifiedDateTime="2019-12-23 17:32:22.657" SubID="1" BaseQty="2.000000" UnassignedQty="0.000000" ARDocType="INV" ARRefNbr="000017" ARLineNbr="1" AcctID="2724" COGSSubID="1" InvtSubID="1" SOShipmentNbr="000005" SOShipmentType="I" SOShipmentLineNbr="1" SOOrderType="SO" SOOrderNbr="000009" SOOrderLineNbr="1" SOLineType="GI" ProjectID="0" UpdateShippedNotInvoiced="0" NoteID="b7336674-dc25-ea11-a6f0-9cb6d0c82c0c" ReclassificationProhibited="0" IsComponentItem="0" ManualCost="0" ExactCost="0" />
		<row BranchID="1" DocType="I" TranType="INV" RefNbr="000006" LineNbr="1" TranDate="2019-12-23 00:00:00" InventoryID="2608" SubItemID="9" SiteID="17" LocationID="18" BAccountID="30" LotSerialNbr="" InvtMult="-1" Qty="2.000000" Released="0" FinPeriodID="201912" TranPeriodID="201912" UnitPrice="114.950000" TranAmt="229.9000" UnitCost="80.000000" TranCost="160.000000" TranDesc="Tax Rounding Beast from the Depths - ROUNDING-DOOM" UOM="PIECE" CreatedByID="b5344897-037e-4d58-b5c3-1bdfd0f47bf9" CreatedByScreenID="SO303000" CreatedDateTime="2019-12-23 17:35:59.397" LastModifiedByID="b5344897-037e-4d58-b5c3-1bdfd0f47bf9" LastModifiedByScreenID="SO303000" LastModifiedDateTime="2019-12-23 17:35:59.397" SubID="1" BaseQty="2.000000" UnassignedQty="0.000000" ARDocType="INV" ARRefNbr="000018" ARLineNbr="1" AcctID="2724" COGSSubID="1" InvtSubID="1" SOShipmentNbr="000006" SOShipmentType="I" SOShipmentLineNbr="1" SOOrderType="SO" SOOrderNbr="000010" SOOrderLineNbr="1" SOLineType="GI" ProjectID="0" UpdateShippedNotInvoiced="0" NoteID="fc4e85f6-dc25-ea11-a6f0-9cb6d0c82c0c" ReclassificationProhibited="0" IsComponentItem="0" ManualCost="0" ExactCost="0" />
		<row BranchID="1" DocType="I" TranType="INV" RefNbr="000007" LineNbr="1" TranDate="2019-12-23 00:00:00" InventoryID="2608" SubItemID="9" SiteID="17" LocationID="18" BAccountID="30" LotSerialNbr="" InvtMult="-1" Qty="1.000000" Released="0" FinPeriodID="201912" TranPeriodID="201912" UnitPrice="114.950000" TranAmt="114.9500" UnitCost="80.000000" TranCost="80.000000" TranDesc="Tax Rounding Beast from the Depths - ROUNDING-DOOM" UOM="PIECE" CreatedByID="b5344897-037e-4d58-b5c3-1bdfd0f47bf9" CreatedByScreenID="SO303000" CreatedDateTime="2019-12-23 17:43:39.17" LastModifiedByID="b5344897-037e-4d58-b5c3-1bdfd0f47bf9" LastModifiedByScreenID="SO303000" LastModifiedDateTime="2019-12-23 17:43:39.17" SubID="1" BaseQty="1.000000" UnassignedQty="0.000000" ARDocType="INV" ARRefNbr="000019" ARLineNbr="1" AcctID="2724" COGSSubID="1" InvtSubID="1" SOShipmentNbr="000007" SOShipmentType="I" SOShipmentLineNbr="1" SOOrderType="SO" SOOrderNbr="000011" SOOrderLineNbr="1" SOLineType="GI" ProjectID="0" UpdateShippedNotInvoiced="0" NoteID="c22a6108-de25-ea11-a6f0-9cb6d0c82c0c" ReclassificationProhibited="0" IsComponentItem="0" ManualCost="0" ExactCost="0" />
		<row BranchID="1" DocType="I" TranType="INV" RefNbr="000008" LineNbr="1" TranDate="2019-12-23 00:00:00" InventoryID="2608" SubItemID="9" SiteID="17" LocationID="18" BAccountID="30" LotSerialNbr="" InvtMult="-1" Qty="1.000000" Released="0" FinPeriodID="201912" TranPeriodID="201912" UnitPrice="114.950000" TranAmt="114.9500" UnitCost="80.000000" TranCost="80.000000" TranDesc="Tax Rounding Beast from the Depths - ROUNDING-DOOM" UOM="PIECE" CreatedByID="b5344897-037e-4d58-b5c3-1bdfd0f47bf9" CreatedByScreenID="SO303000" CreatedDateTime="2019-12-23 17:44:08.013" LastModifiedByID="b5344897-037e-4d58-b5c3-1bdfd0f47bf9" LastModifiedByScreenID="SO303000" LastModifiedDateTime="2019-12-23 17:44:08.013" SubID="1" BaseQty="1.000000" UnassignedQty="0.000000" ARDocType="INV" ARRefNbr="000020" ARLineNbr="1" AcctID="2724" COGSSubID="1" InvtSubID="1" SOShipmentNbr="000008" SOShipmentType="I" SOShipmentLineNbr="1" SOOrderType="SO" SOOrderNbr="000011" SOOrderLineNbr="1" SOLineType="GI" ProjectID="0" UpdateShippedNotInvoiced="0" NoteID="5a949f1b-de25-ea11-a6f0-9cb6d0c82c0c" ReclassificationProhibited="0" IsComponentItem="0" ManualCost="0" ExactCost="0" />
		<row BranchID="1" DocType="I" TranType="INV" RefNbr="000009" LineNbr="1" TranDate="2019-12-23 00:00:00" InventoryID="2608" SubItemID="9" SiteID="17" LocationID="18" BAccountID="30" LotSerialNbr="" InvtMult="-1" Qty="2.000000" Released="0" FinPeriodID="201912" TranPeriodID="201912" UnitPrice="114.950000" TranAmt="229.9000" UnitCost="80.000000" TranCost="160.000000" TranDesc="Tax Rounding Beast from the Depths - ROUNDING-DOOM" UOM="PIECE" CreatedByID="b5344897-037e-4d58-b5c3-1bdfd0f47bf9" CreatedByScreenID="SO303000" CreatedDateTime="2019-12-23 17:47:37.16" LastModifiedByID="b5344897-037e-4d58-b5c3-1bdfd0f47bf9" LastModifiedByScreenID="SO303000" LastModifiedDateTime="2019-12-23 17:47:37.16" SubID="1" BaseQty="2.000000" UnassignedQty="0.000000" ARDocType="INV" ARRefNbr="000021" ARLineNbr="1" AcctID="2724" COGSSubID="1" InvtSubID="1" SOShipmentNbr="000009" SOShipmentType="I" SOShipmentLineNbr="1" SOOrderType="SO" SOOrderNbr="000012" SOOrderLineNbr="1" SOLineType="GI" ProjectID="0" UpdateShippedNotInvoiced="0" NoteID="3c163896-de25-ea11-a6f0-9cb6d0c82c0c" ReclassificationProhibited="0" IsComponentItem="0" ManualCost="0" ExactCost="0" />
		<row BranchID="1" DocType="I" TranType="INV" RefNbr="000010" LineNbr="1" TranDate="2019-12-24 00:00:00" InventoryID="2608" SubItemID="9" SiteID="17" LocationID="18" BAccountID="30" LotSerialNbr="" InvtMult="-1" Qty="2.000000" Released="0" FinPeriodID="201912" TranPeriodID="201912" UnitPrice="114.950000" TranAmt="229.9000" UnitCost="80.000000" TranCost="160.000000" TranDesc="Tax Rounding Beast from the Depths - ROUNDING-DOOM" UOM="PIECE" CreatedByID="b5344897-037e-4d58-b5c3-1bdfd0f47bf9" CreatedByScreenID="SO303000" CreatedDateTime="2019-12-23 22:20:35.4" LastModifiedByID="b5344897-037e-4d58-b5c3-1bdfd0f47bf9" LastModifiedByScreenID="SO303000" LastModifiedDateTime="2019-12-23 22:20:35.4" SubID="1" BaseQty="2.000000" UnassignedQty="0.000000" ARDocType="INV" ARRefNbr="000023" ARLineNbr="1" AcctID="2724" COGSSubID="1" InvtSubID="1" SOShipmentNbr="000011" SOShipmentType="I" SOShipmentLineNbr="1" SOOrderType="SO" SOOrderNbr="000013" SOOrderLineNbr="1" SOLineType="GI" ProjectID="0" UpdateShippedNotInvoiced="0" NoteID="92d6c8b8-0426-ea11-a6f0-9cb6d0c82c0c" ReclassificationProhibited="0" IsComponentItem="0" ManualCost="0" ExactCost="0" />
		<row BranchID="1" DocType="I" TranType="INV" RefNbr="000011" LineNbr="1" TranDate="2019-12-24 00:00:00" InventoryID="2608" SubItemID="9" SiteID="17" LocationID="18" BAccountID="30" LotSerialNbr="" InvtMult="-1" Qty="1.000000" Released="0" FinPeriodID="201912" TranPeriodID="201912" UnitPrice="114.950000" TranAmt="114.9500" UnitCost="80.000000" TranCost="80.000000" TranDesc="Tax Rounding Beast from the Depths - ROUNDING-DOOM" UOM="PIECE" CreatedByID="b5344897-037e-4d58-b5c3-1bdfd0f47bf9" CreatedByScreenID="SO303000" CreatedDateTime="2019-12-23 22:25:54.543" LastModifiedByID="b5344897-037e-4d58-b5c3-1bdfd0f47bf9" LastModifiedByScreenID="SO303000" LastModifiedDateTime="2019-12-23 22:25:54.543" SubID="1" BaseQty="1.000000" UnassignedQty="0.000000" ARDocType="INV" ARRefNbr="000024" ARLineNbr="1" AcctID="2724" COGSSubID="1" InvtSubID="1" SOShipmentNbr="000012" SOShipmentType="I" SOShipmentLineNbr="1" SOOrderType="SO" SOOrderNbr="000014" SOOrderLineNbr="1" SOLineType="GI" ProjectID="0" UpdateShippedNotInvoiced="0" NoteID="921d3277-0526-ea11-a6f0-9cb6d0c82c0c" ReclassificationProhibited="0" IsComponentItem="0" ManualCost="0" ExactCost="0" />
		<row BranchID="1" DocType="I" TranType="INV" RefNbr="000012" LineNbr="1" TranDate="2019-12-24 00:00:00" InventoryID="2608" SubItemID="9" SiteID="17" LocationID="18" BAccountID="30" LotSerialNbr="" InvtMult="-1" Qty="1.000000" Released="0" FinPeriodID="201912" TranPeriodID="201912" UnitPrice="114.950000" TranAmt="114.9500" UnitCost="80.000000" TranCost="80.000000" TranDesc="Tax Rounding Beast from the Depths - ROUNDING-DOOM" UOM="PIECE" CreatedByID="b5344897-037e-4d58-b5c3-1bdfd0f47bf9" CreatedByScreenID="SO303000" CreatedDateTime="2019-12-23 22:26:50.447" LastModifiedByID="b5344897-037e-4d58-b5c3-1bdfd0f47bf9" LastModifiedByScreenID="SO303000" LastModifiedDateTime="2019-12-23 22:26:50.447" SubID="1" BaseQty="1.000000" UnassignedQty="0.000000" ARDocType="INV" ARRefNbr="000025" ARLineNbr="1" AcctID="2724" COGSSubID="1" InvtSubID="1" SOShipmentNbr="000013" SOShipmentType="I" SOShipmentLineNbr="1" SOOrderType="SO" SOOrderNbr="000014" SOOrderLineNbr="1" SOLineType="GI" ProjectID="0" UpdateShippedNotInvoiced="0" NoteID="dcdbe697-0526-ea11-a6f0-9cb6d0c82c0c" ReclassificationProhibited="0" IsComponentItem="0" ManualCost="0" ExactCost="0" />
		<row BranchID="1" DocType="I" TranType="INV" RefNbr="000013" LineNbr="1" TranDate="2019-12-24 00:00:00" InventoryID="2608" SubItemID="9" SiteID="17" LocationID="18" BAccountID="30" LotSerialNbr="" InvtMult="-1" Qty="3.000000" Released="0" FinPeriodID="201912" TranPeriodID="201912" UnitPrice="114.950000" TranAmt="344.8500" UnitCost="80.000000" TranCost="240.000000" TranDesc="Tax Rounding Beast from the Depths - ROUNDING-DOOM" UOM="PIECE" CreatedByID="b5344897-037e-4d58-b5c3-1bdfd0f47bf9" CreatedByScreenID="SO303000" CreatedDateTime="2019-12-23 22:39:04.797" LastModifiedByID="b5344897-037e-4d58-b5c3-1bdfd0f47bf9" LastModifiedByScreenID="SO303000" LastModifiedDateTime="2019-12-23 22:39:04.797" SubID="1" BaseQty="3.000000" UnassignedQty="0.000000" ARDocType="INV" ARRefNbr="000026" ARLineNbr="1" AcctID="2724" COGSSubID="1" InvtSubID="1" SOShipmentNbr="000014" SOShipmentType="I" SOShipmentLineNbr="1" SOOrderType="SO" SOOrderNbr="000016" SOOrderLineNbr="1" SOLineType="GI" ProjectID="0" UpdateShippedNotInvoiced="0" NoteID="3a8a174e-0726-ea11-a6f0-9cb6d0c82c0c" ReclassificationProhibited="0" IsComponentItem="0" ManualCost="0" ExactCost="0" />
		<row BranchID="1" DocType="I" TranType="INV" RefNbr="000014" LineNbr="1" TranDate="2019-12-24 00:00:00" InventoryID="2608" SubItemID="9" SiteID="17" LocationID="18" BAccountID="30" LotSerialNbr="" InvtMult="-1" Qty="3.000000" Released="0" FinPeriodID="201912" TranPeriodID="201912" UnitPrice="114.950000" TranAmt="344.8500" UnitCost="80.000000" TranCost="240.000000" TranDesc="Tax Rounding Beast from the Depths - ROUNDING-DOOM" UOM="PIECE" CreatedByID="b5344897-037e-4d58-b5c3-1bdfd0f47bf9" CreatedByScreenID="SO303000" CreatedDateTime="2019-12-23 22:44:38.52" LastModifiedByID="b5344897-037e-4d58-b5c3-1bdfd0f47bf9" LastModifiedByScreenID="SO303000" LastModifiedDateTime="2019-12-23 22:44:38.52" SubID="1" BaseQty="3.000000" UnassignedQty="0.000000" ARDocType="INV" ARRefNbr="000027" ARLineNbr="1" AcctID="2724" COGSSubID="1" InvtSubID="1" SOShipmentNbr="000015" SOShipmentType="I" SOShipmentLineNbr="1" SOOrderType="SO" SOOrderNbr="000017" SOOrderLineNbr="1" SOLineType="GI" ProjectID="0" UpdateShippedNotInvoiced="0" NoteID="f2863415-0826-ea11-a6f0-9cb6d0c82c0c" ReclassificationProhibited="0" IsComponentItem="0" ManualCost="0" ExactCost="0" />
		<row BranchID="1" DocType="I" TranType="INV" RefNbr="000015" LineNbr="1" TranDate="2019-12-24 00:00:00" InventoryID="2608" SubItemID="9" SiteID="17" LocationID="18" BAccountID="30" LotSerialNbr="" InvtMult="-1" Qty="2.000000" Released="0" FinPeriodID="201912" TranPeriodID="201912" UnitPrice="114.950000" TranAmt="198.5700" UnitCost="80.000000" TranCost="160.000000" TranDesc="Tax Rounding Beast from the Depths - ROUNDING-DOOM" UOM="PIECE" CreatedByID="b5344897-037e-4d58-b5c3-1bdfd0f47bf9" CreatedByScreenID="SO303000" CreatedDateTime="2019-12-23 22:52:07.11" LastModifiedByID="b5344897-037e-4d58-b5c3-1bdfd0f47bf9" LastModifiedByScreenID="SO303000" LastModifiedDateTime="2019-12-23 22:52:07.11" SubID="1" BaseQty="2.000000" UnassignedQty="0.000000" ARDocType="INV" ARRefNbr="000028" ARLineNbr="1" AcctID="2724" COGSSubID="1" InvtSubID="1" SOShipmentNbr="000016" SOShipmentType="I" SOShipmentLineNbr="1" SOOrderType="SO" SOOrderNbr="000018" SOOrderLineNbr="1" SOLineType="GI" ProjectID="0" UpdateShippedNotInvoiced="0" NoteID="d3a23120-0926-ea11-a6f0-9cb6d0c82c0c" ReclassificationProhibited="0" IsComponentItem="0" ManualCost="0" ExactCost="0" />
		<row BranchID="1" DocType="I" TranType="INV" RefNbr="000016" LineNbr="1" TranDate="2019-12-24 00:00:00" InventoryID="2608" SubItemID="9" SiteID="17" LocationID="18" BAccountID="30" LotSerialNbr="" InvtMult="-1" Qty="1.000000" Released="0" FinPeriodID="201912" TranPeriodID="201912" UnitPrice="114.950000" TranAmt="99.2800" UnitCost="80.000000" TranCost="80.000000" TranDesc="Tax Rounding Beast from the Depths - ROUNDING-DOOM" UOM="PIECE" CreatedByID="b5344897-037e-4d58-b5c3-1bdfd0f47bf9" CreatedByScreenID="SO303000" CreatedDateTime="2019-12-23 22:53:28.177" LastModifiedByID="b5344897-037e-4d58-b5c3-1bdfd0f47bf9" LastModifiedByScreenID="SO303000" LastModifiedDateTime="2019-12-23 22:53:28.177" SubID="1" BaseQty="1.000000" UnassignedQty="0.000000" ARDocType="INV" ARRefNbr="000029" ARLineNbr="1" AcctID="2724" COGSSubID="1" InvtSubID="1" SOShipmentNbr="000017" SOShipmentType="I" SOShipmentLineNbr="1" SOOrderType="SO" SOOrderNbr="000018" SOOrderLineNbr="1" SOLineType="GI" ProjectID="0" UpdateShippedNotInvoiced="0" NoteID="335ea550-0926-ea11-a6f0-9cb6d0c82c0c" ReclassificationProhibited="0" IsComponentItem="0" ManualCost="0" ExactCost="0" />
		<row BranchID="1" DocType="I" TranType="INV" RefNbr="000017" LineNbr="1" TranDate="2019-12-24 00:00:00" InventoryID="2608" SubItemID="9" SiteID="17" LocationID="18" BAccountID="30" LotSerialNbr="" InvtMult="-1" Qty="1.000000" Released="0" FinPeriodID="201912" TranPeriodID="201912" UnitPrice="114.950000" TranAmt="114.9500" UnitCost="80.000000" TranCost="80.000000" TranDesc="Tax Rounding Beast from the Depths - ROUNDING-DOOM" UOM="PIECE" CreatedByID="b5344897-037e-4d58-b5c3-1bdfd0f47bf9" CreatedByScreenID="SO303000" CreatedDateTime="2019-12-23 23:04:59.317" LastModifiedByID="b5344897-037e-4d58-b5c3-1bdfd0f47bf9" LastModifiedByScreenID="SO303000" LastModifiedDateTime="2019-12-23 23:04:59.317" SubID="1" BaseQty="1.000000" UnassignedQty="0.000000" ARDocType="INV" ARRefNbr="000030" ARLineNbr="1" AcctID="2724" COGSSubID="1" InvtSubID="1" SOShipmentNbr="000018" SOShipmentType="I" SOShipmentLineNbr="1" SOOrderType="SO" SOOrderNbr="000019" SOOrderLineNbr="1" SOLineType="GI" ProjectID="0" UpdateShippedNotInvoiced="0" NoteID="191e02ed-0a26-ea11-a6f0-9cb6d0c82c0c" ReclassificationProhibited="0" IsComponentItem="0" ManualCost="0" ExactCost="0" />
		<row BranchID="1" DocType="I" TranType="INV" RefNbr="000017" LineNbr="3" TranDate="2019-12-24 00:00:00" InventoryID="2610" SubItemID="9" SiteID="17" LocationID="18" BAccountID="30" LotSerialNbr="" InvtMult="-1" Qty="1.000000" Released="0" FinPeriodID="201912" TranPeriodID="201912" UnitPrice="49.950000" TranAmt="49.9500" UnitCost="20.000000" TranCost="20.000000" TranDesc="Made in Acumatica - MADEINACU2" UOM="PIECE" CreatedByID="b5344897-037e-4d58-b5c3-1bdfd0f47bf9" CreatedByScreenID="SO303000" CreatedDateTime="2019-12-23 23:04:59.327" LastModifiedByID="b5344897-037e-4d58-b5c3-1bdfd0f47bf9" LastModifiedByScreenID="SO303000" LastModifiedDateTime="2019-12-23 23:04:59.327" SubID="1" BaseQty="1.000000" UnassignedQty="0.000000" ARDocType="INV" ARRefNbr="000030" ARLineNbr="2" AcctID="2724" COGSSubID="1" InvtSubID="1" SOShipmentNbr="000018" SOShipmentType="I" SOShipmentLineNbr="3" SOOrderType="SO" SOOrderNbr="000019" SOOrderLineNbr="3" SOLineType="GI" ProjectID="0" UpdateShippedNotInvoiced="0" NoteID="1a1e02ed-0a26-ea11-a6f0-9cb6d0c82c0c" ReclassificationProhibited="0" IsComponentItem="0" ManualCost="0" ExactCost="0" />
		<row BranchID="1" DocType="R" TranType="RCP" RefNbr="000001" LineNbr="1" TranDate="2019-12-04 00:00:00" InventoryID="2608" SubItemID="9" SiteID="17" LocationID="18" LotSerialNbr="" InvtMult="1" Qty="200.000000" Released="1" FinPeriodID="201912" TranPeriodID="201912" UnitPrice="0.000000" TranAmt="0.0000" UnitCost="80.000000" TranCost="16000.000000" TranDesc="Tax Rounding Beast from the Depths - ROUNDING-DOOM" UOM="PIECE" CreatedByID="b5344897-037e-4d58-b5c3-1bdfd0f47bf9" CreatedByScreenID="IN301000" CreatedDateTime="2019-12-04 17:58:44.48" LastModifiedByID="b5344897-037e-4d58-b5c3-1bdfd0f47bf9" LastModifiedByScreenID="IN301000" LastModifiedDateTime="2019-12-04 17:59:02.847" SubID="1" ReasonCode="INRECEIPT" BaseQty="200.000000" UnassignedQty="0.000000" AcctID="2723" COGSSubID="1" InvtAcctID="2720" InvtSubID="1" ProjectID="0" UpdateShippedNotInvoiced="0" NoteID="e1c4dcf7-f116-ea11-a6ed-9cb6d0c82c0c" ReclassificationProhibited="0" IsComponentItem="0" ManualCost="0" ExactCost="0" />
		<row BranchID="1" DocType="R" TranType="RCP" RefNbr="000002" LineNbr="1" TranDate="2019-12-24 00:00:00" InventoryID="2610" SubItemID="9" SiteID="17" LocationID="18" LotSerialNbr="" InvtMult="1" Qty="100.000000" Released="1" FinPeriodID="201912" TranPeriodID="201912" UnitPrice="0.000000" TranAmt="0.0000" UnitCost="20.000000" TranCost="2000.000000" TranDesc="Made in Acumatica - MADEINACU2" UOM="PIECE" CreatedByID="b5344897-037e-4d58-b5c3-1bdfd0f47bf9" CreatedByScreenID="IN301000" CreatedDateTime="2019-12-23 22:56:37.83" LastModifiedByID="b5344897-037e-4d58-b5c3-1bdfd0f47bf9" LastModifiedByScreenID="IN301000" LastModifiedDateTime="2019-12-23 22:56:46.78" SubID="1" ReasonCode="INRECEIPT" BaseQty="100.000000" UnassignedQty="0.000000" AcctID="2723" COGSSubID="1" InvtAcctID="2720" InvtSubID="1" ProjectID="0" UpdateShippedNotInvoiced="0" NoteID="a1efa2b4-0926-ea11-a6f0-9cb6d0c82c0c" ReclassificationProhibited="0" IsComponentItem="0" ManualCost="0" ExactCost="0" />
	</rows>
</data>