﻿<?xml version="1.0" encoding="utf-8"?>
<data>
	<table name="INTranSplit">
		<col name="CompanyID" type="Int" default="Zero" />
		<col name="DocType" type="Char(1)" />
		<col name="TranType" type="Char(3)" />
		<col name="RefNbr" type="NVarChar(15)" />
		<col name="LineNbr" type="Int" />
		<col name="SplitLineNbr" type="Int" />
		<col name="TranDate" type="SmallDateTime" />
		<col name="InventoryID" type="Int" />
		<col name="SubItemID" type="Int" />
		<col name="SiteID" type="Int" />
		<col name="LocationID" type="Int" nullable="true" />
		<col name="LotSerialNbr" type="NVarChar(100)" nullable="true" />
		<col name="ExpireDate" type="SmallDateTime" nullable="true" />
		<col name="InvtMult" type="SmallInt" />
		<col name="Qty" type="Decimal(25,6)" />
		<col name="Released" type="Bit" />
		<col name="tstamp" type="Timestamp" />
		<col name="UOM" type="NVarChar(6)" />
		<col name="POLineType" type="Char(2)" nullable="true" />
		<col name="SOLineType" type="Char(2)" nullable="true" />
		<col name="TransferType" type="Char(1)" nullable="true" />
		<col name="ToSiteID" type="Int" nullable="true" />
		<col name="ToLocationID" type="Int" nullable="true" />
		<col name="CostSubItemID" type="Int" nullable="true" />
		<col name="CostSiteID" type="Int" nullable="true" />
		<col name="TotalQty" type="Decimal(25,6)" default="Zero" />
		<col name="TotalCost" type="Decimal(19,6)" default="Zero" />
		<col name="AdditionalCost" type="Decimal(19,6)" default="Zero" />
		<col name="CreatedByID" type="UniqueIdentifier" />
		<col name="CreatedByScreenID" type="Char(8)" />
		<col name="CreatedDateTime" type="DateTime" />
		<col name="LastModifiedByID" type="UniqueIdentifier" />
		<col name="LastModifiedByScreenID" type="Char(8)" />
		<col name="LastModifiedDateTime" type="DateTime" />
		<col name="BaseQty" type="Decimal(25,6)" />
		<col name="MaxTransferBaseQty" type="Decimal(25,6)" nullable="true" />
		<col name="OrigPlanType" type="Char(2)" nullable="true" />
		<col name="IsFixedInTransit" type="Bit" default="Zero" />
		<col name="PlanID" type="BigInt" nullable="true" />
	</table>
	<rows>
		<row DocType="I" TranType="INV" RefNbr="000001" LineNbr="1" SplitLineNbr="2" TranDate="2019-12-23 00:00:00" InventoryID="2608" SubItemID="9" SiteID="17" LocationID="18" LotSerialNbr="" InvtMult="-1" Qty="3.000000" Released="0" UOM="PIECE" SOLineType="GI" TransferType="1" TotalQty="0.000000" TotalCost="0.000000" AdditionalCost="0.000000" CreatedByID="b5344897-037e-4d58-b5c3-1bdfd0f47bf9" CreatedByScreenID="SO303000" CreatedDateTime="2019-12-23 17:18:51.067" LastModifiedByID="b5344897-037e-4d58-b5c3-1bdfd0f47bf9" LastModifiedByScreenID="SO303000" LastModifiedDateTime="2019-12-23 17:18:51.067" BaseQty="3.000000" IsFixedInTransit="0" PlanID="7" />
		<row DocType="I" TranType="INV" RefNbr="000002" LineNbr="1" SplitLineNbr="2" TranDate="2019-12-23 00:00:00" InventoryID="2608" SubItemID="9" SiteID="17" LocationID="18" LotSerialNbr="" InvtMult="-1" Qty="3.000000" Released="0" UOM="PIECE" SOLineType="GI" TransferType="1" TotalQty="0.000000" TotalCost="0.000000" AdditionalCost="0.000000" CreatedByID="b5344897-037e-4d58-b5c3-1bdfd0f47bf9" CreatedByScreenID="SO303000" CreatedDateTime="2019-12-23 17:20:28.073" LastModifiedByID="b5344897-037e-4d58-b5c3-1bdfd0f47bf9" LastModifiedByScreenID="SO303000" LastModifiedDateTime="2019-12-23 17:20:28.073" BaseQty="3.000000" IsFixedInTransit="0" PlanID="9" />
		<row DocType="I" TranType="INV" RefNbr="000003" LineNbr="1" SplitLineNbr="2" TranDate="2019-12-23 00:00:00" InventoryID="2608" SubItemID="9" SiteID="17" LocationID="18" LotSerialNbr="" InvtMult="-1" Qty="3.000000" Released="0" UOM="PIECE" SOLineType="GI" TransferType="1" TotalQty="0.000000" TotalCost="0.000000" AdditionalCost="0.000000" CreatedByID="b5344897-037e-4d58-b5c3-1bdfd0f47bf9" CreatedByScreenID="SO303000" CreatedDateTime="2019-12-23 17:26:07.18" LastModifiedByID="b5344897-037e-4d58-b5c3-1bdfd0f47bf9" LastModifiedByScreenID="SO303000" LastModifiedDateTime="2019-12-23 17:26:07.18" BaseQty="3.000000" IsFixedInTransit="0" PlanID="11" />
		<row DocType="I" TranType="INV" RefNbr="000004" LineNbr="1" SplitLineNbr="2" TranDate="2019-12-23 00:00:00" InventoryID="2608" SubItemID="9" SiteID="17" LocationID="18" LotSerialNbr="" InvtMult="-1" Qty="1.000000" Released="0" UOM="PIECE" SOLineType="GI" TransferType="1" TotalQty="0.000000" TotalCost="0.000000" AdditionalCost="0.000000" CreatedByID="b5344897-037e-4d58-b5c3-1bdfd0f47bf9" CreatedByScreenID="SO303000" CreatedDateTime="2019-12-23 17:31:58.077" LastModifiedByID="b5344897-037e-4d58-b5c3-1bdfd0f47bf9" LastModifiedByScreenID="SO303000" LastModifiedDateTime="2019-12-23 17:31:58.077" BaseQty="1.000000" IsFixedInTransit="0" PlanID="13" />
		<row DocType="I" TranType="INV" RefNbr="000005" LineNbr="1" SplitLineNbr="2" TranDate="2019-12-23 00:00:00" InventoryID="2608" SubItemID="9" SiteID="17" LocationID="18" LotSerialNbr="" InvtMult="-1" Qty="2.000000" Released="0" UOM="PIECE" SOLineType="GI" TransferType="1" TotalQty="0.000000" TotalCost="0.000000" AdditionalCost="0.000000" CreatedByID="b5344897-037e-4d58-b5c3-1bdfd0f47bf9" CreatedByScreenID="SO303000" CreatedDateTime="2019-12-23 17:32:22.66" LastModifiedByID="b5344897-037e-4d58-b5c3-1bdfd0f47bf9" LastModifiedByScreenID="SO303000" LastModifiedDateTime="2019-12-23 17:32:22.66" BaseQty="2.000000" IsFixedInTransit="0" PlanID="15" />
		<row DocType="I" TranType="INV" RefNbr="000006" LineNbr="1" SplitLineNbr="2" TranDate="2019-12-23 00:00:00" InventoryID="2608" SubItemID="9" SiteID="17" LocationID="18" LotSerialNbr="" InvtMult="-1" Qty="2.000000" Released="0" UOM="PIECE" SOLineType="GI" TransferType="1" TotalQty="0.000000" TotalCost="0.000000" AdditionalCost="0.000000" CreatedByID="b5344897-037e-4d58-b5c3-1bdfd0f47bf9" CreatedByScreenID="SO303000" CreatedDateTime="2019-12-23 17:35:59.397" LastModifiedByID="b5344897-037e-4d58-b5c3-1bdfd0f47bf9" LastModifiedByScreenID="SO303000" LastModifiedDateTime="2019-12-23 17:35:59.397" BaseQty="2.000000" IsFixedInTransit="0" PlanID="17" />
		<row DocType="I" TranType="INV" RefNbr="000007" LineNbr="1" SplitLineNbr="2" TranDate="2019-12-23 00:00:00" InventoryID="2608" SubItemID="9" SiteID="17" LocationID="18" LotSerialNbr="" InvtMult="-1" Qty="1.000000" Released="0" UOM="PIECE" SOLineType="GI" TransferType="1" TotalQty="0.000000" TotalCost="0.000000" AdditionalCost="0.000000" CreatedByID="b5344897-037e-4d58-b5c3-1bdfd0f47bf9" CreatedByScreenID="SO303000" CreatedDateTime="2019-12-23 17:43:39.17" LastModifiedByID="b5344897-037e-4d58-b5c3-1bdfd0f47bf9" LastModifiedByScreenID="SO303000" LastModifiedDateTime="2019-12-23 17:43:39.17" BaseQty="1.000000" IsFixedInTransit="0" PlanID="19" />
		<row DocType="I" TranType="INV" RefNbr="000008" LineNbr="1" SplitLineNbr="2" TranDate="2019-12-23 00:00:00" InventoryID="2608" SubItemID="9" SiteID="17" LocationID="18" LotSerialNbr="" InvtMult="-1" Qty="1.000000" Released="0" UOM="PIECE" SOLineType="GI" TransferType="1" TotalQty="0.000000" TotalCost="0.000000" AdditionalCost="0.000000" CreatedByID="b5344897-037e-4d58-b5c3-1bdfd0f47bf9" CreatedByScreenID="SO303000" CreatedDateTime="2019-12-23 17:44:08.017" LastModifiedByID="b5344897-037e-4d58-b5c3-1bdfd0f47bf9" LastModifiedByScreenID="SO303000" LastModifiedDateTime="2019-12-23 17:44:08.017" BaseQty="1.000000" IsFixedInTransit="0" PlanID="21" />
		<row DocType="I" TranType="INV" RefNbr="000009" LineNbr="1" SplitLineNbr="2" TranDate="2019-12-23 00:00:00" InventoryID="2608" SubItemID="9" SiteID="17" LocationID="18" LotSerialNbr="" InvtMult="-1" Qty="2.000000" Released="0" UOM="PIECE" SOLineType="GI" TransferType="1" TotalQty="0.000000" TotalCost="0.000000" AdditionalCost="0.000000" CreatedByID="b5344897-037e-4d58-b5c3-1bdfd0f47bf9" CreatedByScreenID="SO303000" CreatedDateTime="2019-12-23 17:47:37.163" LastModifiedByID="b5344897-037e-4d58-b5c3-1bdfd0f47bf9" LastModifiedByScreenID="SO303000" LastModifiedDateTime="2019-12-23 17:47:37.163" BaseQty="2.000000" IsFixedInTransit="0" PlanID="23" />
		<row DocType="I" TranType="INV" RefNbr="000010" LineNbr="1" SplitLineNbr="2" TranDate="2019-12-24 00:00:00" InventoryID="2608" SubItemID="9" SiteID="17" LocationID="18" LotSerialNbr="" InvtMult="-1" Qty="2.000000" Released="0" UOM="PIECE" SOLineType="GI" TransferType="1" TotalQty="0.000000" TotalCost="0.000000" AdditionalCost="0.000000" CreatedByID="b5344897-037e-4d58-b5c3-1bdfd0f47bf9" CreatedByScreenID="SO303000" CreatedDateTime="2019-12-23 22:20:35.423" LastModifiedByID="b5344897-037e-4d58-b5c3-1bdfd0f47bf9" LastModifiedByScreenID="SO303000" LastModifiedDateTime="2019-12-23 22:20:35.423" BaseQty="2.000000" IsFixedInTransit="0" PlanID="28" />
		<row DocType="I" TranType="INV" RefNbr="000011" LineNbr="1" SplitLineNbr="2" TranDate="2019-12-24 00:00:00" InventoryID="2608" SubItemID="9" SiteID="17" LocationID="18" LotSerialNbr="" InvtMult="-1" Qty="1.000000" Released="0" UOM="PIECE" SOLineType="GI" TransferType="1" TotalQty="0.000000" TotalCost="0.000000" AdditionalCost="0.000000" CreatedByID="b5344897-037e-4d58-b5c3-1bdfd0f47bf9" CreatedByScreenID="SO303000" CreatedDateTime="2019-12-23 22:25:54.557" LastModifiedByID="b5344897-037e-4d58-b5c3-1bdfd0f47bf9" LastModifiedByScreenID="SO303000" LastModifiedDateTime="2019-12-23 22:25:54.557" BaseQty="1.000000" IsFixedInTransit="0" PlanID="29" />
		<row DocType="I" TranType="INV" RefNbr="000012" LineNbr="1" SplitLineNbr="2" TranDate="2019-12-24 00:00:00" InventoryID="2608" SubItemID="9" SiteID="17" LocationID="18" LotSerialNbr="" InvtMult="-1" Qty="1.000000" Released="0" UOM="PIECE" SOLineType="GI" TransferType="1" TotalQty="0.000000" TotalCost="0.000000" AdditionalCost="0.000000" CreatedByID="b5344897-037e-4d58-b5c3-1bdfd0f47bf9" CreatedByScreenID="SO303000" CreatedDateTime="2019-12-23 22:26:50.46" LastModifiedByID="b5344897-037e-4d58-b5c3-1bdfd0f47bf9" LastModifiedByScreenID="SO303000" LastModifiedDateTime="2019-12-23 22:26:50.46" BaseQty="1.000000" IsFixedInTransit="0" PlanID="31" />
		<row DocType="I" TranType="INV" RefNbr="000013" LineNbr="1" SplitLineNbr="2" TranDate="2019-12-24 00:00:00" InventoryID="2608" SubItemID="9" SiteID="17" LocationID="18" LotSerialNbr="" InvtMult="-1" Qty="3.000000" Released="0" UOM="PIECE" SOLineType="GI" TransferType="1" TotalQty="0.000000" TotalCost="0.000000" AdditionalCost="0.000000" CreatedByID="b5344897-037e-4d58-b5c3-1bdfd0f47bf9" CreatedByScreenID="SO303000" CreatedDateTime="2019-12-23 22:39:04.81" LastModifiedByID="b5344897-037e-4d58-b5c3-1bdfd0f47bf9" LastModifiedByScreenID="SO303000" LastModifiedDateTime="2019-12-23 22:39:04.81" BaseQty="3.000000" IsFixedInTransit="0" PlanID="33" />
		<row DocType="I" TranType="INV" RefNbr="000014" LineNbr="1" SplitLineNbr="2" TranDate="2019-12-24 00:00:00" InventoryID="2608" SubItemID="9" SiteID="17" LocationID="18" LotSerialNbr="" InvtMult="-1" Qty="3.000000" Released="0" UOM="PIECE" SOLineType="GI" TransferType="1" TotalQty="0.000000" TotalCost="0.000000" AdditionalCost="0.000000" CreatedByID="b5344897-037e-4d58-b5c3-1bdfd0f47bf9" CreatedByScreenID="SO303000" CreatedDateTime="2019-12-23 22:44:38.533" LastModifiedByID="b5344897-037e-4d58-b5c3-1bdfd0f47bf9" LastModifiedByScreenID="SO303000" LastModifiedDateTime="2019-12-23 22:44:38.533" BaseQty="3.000000" IsFixedInTransit="0" PlanID="35" />
		<row DocType="I" TranType="INV" RefNbr="000015" LineNbr="1" SplitLineNbr="2" TranDate="2019-12-24 00:00:00" InventoryID="2608" SubItemID="9" SiteID="17" LocationID="18" LotSerialNbr="" InvtMult="-1" Qty="2.000000" Released="0" UOM="PIECE" SOLineType="GI" TransferType="1" TotalQty="0.000000" TotalCost="0.000000" AdditionalCost="0.000000" CreatedByID="b5344897-037e-4d58-b5c3-1bdfd0f47bf9" CreatedByScreenID="SO303000" CreatedDateTime="2019-12-23 22:52:07.13" LastModifiedByID="b5344897-037e-4d58-b5c3-1bdfd0f47bf9" LastModifiedByScreenID="SO303000" LastModifiedDateTime="2019-12-23 22:52:07.13" BaseQty="2.000000" IsFixedInTransit="0" PlanID="37" />
		<row DocType="I" TranType="INV" RefNbr="000016" LineNbr="1" SplitLineNbr="2" TranDate="2019-12-24 00:00:00" InventoryID="2608" SubItemID="9" SiteID="17" LocationID="18" LotSerialNbr="" InvtMult="-1" Qty="1.000000" Released="0" UOM="PIECE" SOLineType="GI" TransferType="1" TotalQty="0.000000" TotalCost="0.000000" AdditionalCost="0.000000" CreatedByID="b5344897-037e-4d58-b5c3-1bdfd0f47bf9" CreatedByScreenID="SO303000" CreatedDateTime="2019-12-23 22:53:28.193" LastModifiedByID="b5344897-037e-4d58-b5c3-1bdfd0f47bf9" LastModifiedByScreenID="SO303000" LastModifiedDateTime="2019-12-23 22:53:28.193" BaseQty="1.000000" IsFixedInTransit="0" PlanID="39" />
		<row DocType="I" TranType="INV" RefNbr="000017" LineNbr="1" SplitLineNbr="2" TranDate="2019-12-24 00:00:00" InventoryID="2608" SubItemID="9" SiteID="17" LocationID="18" LotSerialNbr="" InvtMult="-1" Qty="1.000000" Released="0" UOM="PIECE" SOLineType="GI" TransferType="1" TotalQty="0.000000" TotalCost="0.000000" AdditionalCost="0.000000" CreatedByID="b5344897-037e-4d58-b5c3-1bdfd0f47bf9" CreatedByScreenID="SO303000" CreatedDateTime="2019-12-23 23:04:59.333" LastModifiedByID="b5344897-037e-4d58-b5c3-1bdfd0f47bf9" LastModifiedByScreenID="SO303000" LastModifiedDateTime="2019-12-23 23:04:59.333" BaseQty="1.000000" IsFixedInTransit="0" PlanID="43" />
		<row DocType="I" TranType="INV" RefNbr="000017" LineNbr="3" SplitLineNbr="4" TranDate="2019-12-24 00:00:00" InventoryID="2610" SubItemID="9" SiteID="17" LocationID="18" LotSerialNbr="" InvtMult="-1" Qty="1.000000" Released="0" UOM="PIECE" SOLineType="GI" TransferType="1" TotalQty="0.000000" TotalCost="0.000000" AdditionalCost="0.000000" CreatedByID="b5344897-037e-4d58-b5c3-1bdfd0f47bf9" CreatedByScreenID="SO303000" CreatedDateTime="2019-12-23 23:04:59.333" LastModifiedByID="b5344897-037e-4d58-b5c3-1bdfd0f47bf9" LastModifiedByScreenID="SO303000" LastModifiedDateTime="2019-12-23 23:04:59.333" BaseQty="1.000000" IsFixedInTransit="0" PlanID="44" />
		<row DocType="R" TranType="RCP" RefNbr="000001" LineNbr="1" SplitLineNbr="2" TranDate="2019-12-04 00:00:00" InventoryID="2608" SubItemID="9" SiteID="17" LocationID="18" LotSerialNbr="" InvtMult="1" Qty="200.000000" Released="1" UOM="PIECE" TransferType="1" CostSubItemID="9" CostSiteID="17" TotalQty="200.000000" TotalCost="16000.000000" AdditionalCost="0.000000" CreatedByID="b5344897-037e-4d58-b5c3-1bdfd0f47bf9" CreatedByScreenID="IN301000" CreatedDateTime="2019-12-04 17:58:44.513" LastModifiedByID="b5344897-037e-4d58-b5c3-1bdfd0f47bf9" LastModifiedByScreenID="IN301000" LastModifiedDateTime="2019-12-04 17:59:02.853" BaseQty="200.000000" IsFixedInTransit="0" />
		<row DocType="R" TranType="RCP" RefNbr="000002" LineNbr="1" SplitLineNbr="2" TranDate="2019-12-24 00:00:00" InventoryID="2610" SubItemID="9" SiteID="17" LocationID="18" LotSerialNbr="" InvtMult="1" Qty="100.000000" Released="1" UOM="PIECE" TransferType="1" CostSubItemID="9" CostSiteID="17" TotalQty="100.000000" TotalCost="2000.000000" AdditionalCost="0.000000" CreatedByID="b5344897-037e-4d58-b5c3-1bdfd0f47bf9" CreatedByScreenID="IN301000" CreatedDateTime="2019-12-23 22:56:37.843" LastModifiedByID="b5344897-037e-4d58-b5c3-1bdfd0f47bf9" LastModifiedByScreenID="IN301000" LastModifiedDateTime="2019-12-23 22:56:46.793" BaseQty="100.000000" IsFixedInTransit="0" />
	</rows>
</data>