﻿<?xml version="1.0" encoding="utf-8"?>
<data>
	<table name="InventoryItem">
		<col name="CompanyID" type="Int" default="Zero" />
		<col name="InventoryID" type="Int" identity="true" />
		<col name="InventoryCD" type="NVarChar(30)" />
		<col name="Descr" type="NVarChar(256)" nullable="true" />
		<col name="CreatedByID" type="UniqueIdentifier" />
		<col name="CreatedByScreenID" type="Char(8)" />
		<col name="CreatedDateTime" type="DateTime" />
		<col name="LastModifiedByID" type="UniqueIdentifier" />
		<col name="LastModifiedByScreenID" type="Char(8)" />
		<col name="LastModifiedDateTime" type="DateTime" />
		<col name="tstamp" type="Timestamp" />
		<col name="TaxCategoryID" type="NVarChar(10)" nullable="true" />
		<col name="SalesSubID" type="Int" nullable="true" />
		<col name="ItemType" type="Char(1)" />
		<col name="ItemStatus" type="Char(2)" />
		<col name="BaseUnit" type="NVarChar(6)" />
		<col name="SalesUnit" type="NVarChar(6)" />
		<col name="PurchaseUnit" type="NVarChar(6)" />
		<col name="BasePrice" type="Decimal(19,6)" />
		<col name="Commisionable" type="Bit" />
		<col name="ItemClassID" type="Int" nullable="true" />
		<col name="GroupMask" type="VarBinary(32)" default="BinaryMaskZero" />
		<col name="DeferredCode" type="NVarChar(10)" nullable="true" />
		<col name="DefaultTerm" type="Decimal(9,4)" default="Zero" />
		<col name="DefaultTermUOM" type="Char(1)" />
		<col name="InvtAcctID" type="Int" nullable="true" />
		<col name="InvtSubID" type="Int" nullable="true" />
		<col name="COGSAcctID" type="Int" nullable="true" />
		<col name="COGSSubID" type="Int" nullable="true" />
		<col name="ValMethod" type="Char(1)" nullable="true" />
		<col name="DiscAcctID" type="Int" nullable="true" />
		<col name="DiscSubID" type="Int" nullable="true" />
		<col name="StdCstRevAcctID" type="Int" nullable="true" />
		<col name="StdCstRevSubID" type="Int" nullable="true" />
		<col name="PPVAcctID" type="Int" nullable="true" />
		<col name="PPVSubID" type="Int" nullable="true" />
		<col name="DeferralAcctID" type="Int" nullable="true" />
		<col name="DeferralSubID" type="Int" nullable="true" />
		<col name="SalesAcctID" type="Int" nullable="true" />
		<col name="LastSiteID" type="Int" nullable="true" />
		<col name="LastStdCost" type="Decimal(19,6)" />
		<col name="PendingStdCost" type="Decimal(19,6)" />
		<col name="PendingStdCostDate" type="SmallDateTime" nullable="true" />
		<col name="StdCost" type="Decimal(19,6)" />
		<col name="StdCostDate" type="SmallDateTime" nullable="true" />
		<col name="StkItem" type="Bit" />
		<col name="LotSerClassID" type="NVarChar(10)" nullable="true" />
		<col name="PostClassID" type="NVarChar(10)" nullable="true" />
		<col name="StdCstVarAcctID" type="Int" nullable="true" />
		<col name="StdCstVarSubID" type="Int" nullable="true" />
		<col name="POAccrualAcctID" type="Int" nullable="true" />
		<col name="POAccrualSubID" type="Int" nullable="true" />
		<col name="DfltSiteID" type="Int" nullable="true" />
		<col name="DfltShipLocationID" type="Int" nullable="true" />
		<col name="DfltReceiptLocationID" type="Int" nullable="true" />
		<col name="ProductWorkGroupID" type="Int" nullable="true" />
		<col name="ProductManagerID" type="UniqueIdentifier" nullable="true" />
		<col name="PriceWorkGroupID" type="Int" nullable="true" />
		<col name="PriceManagerID" type="UniqueIdentifier" nullable="true" />
		<col name="PreferredVendorID" type="Int" nullable="true" />
		<col name="PreferredVendorLocationID" type="Int" nullable="true" />
		<col name="DefaultSubItemID" type="Int" nullable="true" />
		<col name="DefaultSubItemOnEntry" type="Bit" />
		<col name="ReasonCodeSubID" type="Int" nullable="true" />
		<col name="PriceClassID" type="NVarChar(10)" nullable="true" />
		<col name="BaseWeight" type="Decimal(19,6)" />
		<col name="BaseItemWeight" type="Decimal(19,6)" />
		<col name="WeightUOM" type="NVarChar(6)" nullable="true" />
		<col name="BaseVolume" type="Decimal(19,6)" />
		<col name="BaseItemVolume" type="Decimal(19,6)" />
		<col name="VolumeUOM" type="NVarChar(6)" nullable="true" />
		<col name="PackageOption" type="Char(1)" />
		<col name="PackSeparately" type="Bit" default="Zero" />
		<col name="CycleID" type="NVarChar(10)" nullable="true" />
		<col name="IsSplitted" type="Bit" default="Zero" />
		<col name="UseParentSubID" type="Bit" default="Zero" />
		<col name="LCVarianceAcctID" type="Int" nullable="true" />
		<col name="LCVarianceSubID" type="Int" nullable="true" />
		<col name="ImageUrl" type="VarChar(255)" nullable="true" />
		<col name="MinGrossProfitPct" type="Decimal(19,6)" />
		<col name="KitItem" type="Bit" default="Zero" />
		<col name="MarkupPct" type="Decimal(19,6)" nullable="true" />
		<col name="RecPrice" type="Decimal(19,6)" nullable="true" />
		<col name="DeletedDatabaseRecord" type="Bit" default="Zero" />
		<col name="ABCCodeID" type="Char(1)" nullable="true" />
		<col name="ABCCodeIsFixed" type="Bit" default="Zero" />
		<col name="MovementClassID" type="Char(1)" nullable="true" />
		<col name="MovementClassIsFixed" type="Bit" default="Zero" />
		<col name="NonStockReceipt" type="Bit" />
		<col name="NonStockShip" type="Bit" />
		<col name="IsRUTROTDeductible" type="Bit" default="Zero" />
		<col name="NoteID" type="UniqueIdentifier" nullable="true" />
		<col name="Body" type="NVarChar(MAX)" nullable="true" />
		<col name="RUTROTWorkType" type="Char(1)" nullable="true" />
		<col name="RUTROTWorkTypeID" type="Int" nullable="true" />
		<col name="RUTROTItemType" type="Char(1)" nullable="true" />
		<col name="RUTROTType" type="Char(1)" nullable="true" />
		<col name="CompletePOLine" type="Char(1)" nullable="true" />
		<col name="TaxCalcMode" type="Char(1)" />
		<col name="HSTariffCode" type="NVarChar(30)" nullable="true" />
		<col name="CountryOfOrigin" type="NVarChar(2)" nullable="true" />
		<col name="UndershipThreshold" type="Decimal(9,6)" />
		<col name="OvershipThreshold" type="Decimal(9,6)" />
	</table>
	<rows>
		<row InventoryID="22" InventoryCD="UTILITIES                     " Descr="Utilities" CreatedByID="b5344897-037e-4d58-b5c3-1bdfd0f47bf9" CreatedByScreenID="IN202000" CreatedDateTime="2014-10-22 14:53:06.283" LastModifiedByID="b5344897-037e-4d58-b5c3-1bdfd0f47bf9" LastModifiedByScreenID="IN202000" LastModifiedDateTime="2014-10-22 14:53:06.283" TaxCategoryID="EXEMPT" SalesSubID="1" ItemType="C" ItemStatus="AC" BaseUnit="ITEM" SalesUnit="ITEM" PurchaseUnit="ITEM" BasePrice="0.000000" Commisionable="0" GroupMask="0x" DefaultTerm="0.0000" DefaultTermUOM="Y" InvtSubID="1" COGSAcctID="10" COGSSubID="1" ValMethod="T" DiscSubID="1" StdCstRevSubID="1" PPVSubID="1" LastStdCost="0.000000" PendingStdCost="0.000000" StdCost="0.000000" StkItem="0" StdCstVarSubID="1" POAccrualSubID="1" DfltSiteID="17" DfltShipLocationID="18" DfltReceiptLocationID="18" DefaultSubItemID="9" DefaultSubItemOnEntry="0" ReasonCodeSubID="1" BaseWeight="0.000000" BaseItemWeight="0.000000" BaseVolume="0.000000" BaseItemVolume="0.000000" PackageOption="N" PackSeparately="0" IsSplitted="0" UseParentSubID="0" LCVarianceSubID="1" MinGrossProfitPct="0.000000" KitItem="0" MarkupPct="0.000000" RecPrice="0.000000" DeletedDatabaseRecord="0" ABCCodeIsFixed="0" MovementClassIsFixed="0" NonStockReceipt="0" NonStockShip="0" IsRUTROTDeductible="0" NoteID="2c89d189-d959-e411-8568-74d435e7799b" CompletePOLine="A" TaxCalcMode="T" UndershipThreshold="100.000000" OvershipThreshold="100.000000" />
		<row InventoryID="23" InventoryCD="RENT                          " Descr="Rent" CreatedByID="b5344897-037e-4d58-b5c3-1bdfd0f47bf9" CreatedByScreenID="IN202000" CreatedDateTime="2014-10-22 14:53:39.87" LastModifiedByID="b5344897-037e-4d58-b5c3-1bdfd0f47bf9" LastModifiedByScreenID="IN202000" LastModifiedDateTime="2014-10-22 14:53:39.87" TaxCategoryID="EXEMPT" SalesSubID="1" ItemType="C" ItemStatus="AC" BaseUnit="ITEM" SalesUnit="ITEM" PurchaseUnit="ITEM" BasePrice="0.000000" Commisionable="0" GroupMask="0x" DefaultTerm="0.0000" DefaultTermUOM="Y" InvtSubID="1" COGSAcctID="8" COGSSubID="1" ValMethod="T" DiscSubID="1" StdCstRevSubID="1" PPVSubID="1" LastStdCost="0.000000" PendingStdCost="0.000000" StdCost="0.000000" StkItem="0" StdCstVarSubID="1" POAccrualSubID="1" DfltSiteID="17" DfltShipLocationID="18" DfltReceiptLocationID="18" DefaultSubItemID="9" DefaultSubItemOnEntry="0" ReasonCodeSubID="1" BaseWeight="0.000000" BaseItemWeight="0.000000" BaseVolume="0.000000" BaseItemVolume="0.000000" PackageOption="N" PackSeparately="0" IsSplitted="0" UseParentSubID="0" LCVarianceSubID="1" MinGrossProfitPct="0.000000" KitItem="0" MarkupPct="0.000000" RecPrice="0.000000" DeletedDatabaseRecord="0" ABCCodeIsFixed="0" MovementClassIsFixed="0" NonStockReceipt="0" NonStockShip="0" IsRUTROTDeductible="0" NoteID="7daf949f-d959-e411-8568-74d435e7799b" CompletePOLine="A" TaxCalcMode="T" UndershipThreshold="100.000000" OvershipThreshold="100.000000" />
		<row InventoryID="24" InventoryCD="ADVERT                        " Descr="Advertising" CreatedByID="b5344897-037e-4d58-b5c3-1bdfd0f47bf9" CreatedByScreenID="IN202000" CreatedDateTime="2014-10-22 14:54:08.107" LastModifiedByID="b5344897-037e-4d58-b5c3-1bdfd0f47bf9" LastModifiedByScreenID="IN202000" LastModifiedDateTime="2014-10-22 14:54:18.233" TaxCategoryID="EXEMPT" SalesSubID="1" ItemType="S" ItemStatus="AC" BaseUnit="HOUR" SalesUnit="HOUR" PurchaseUnit="HOUR" BasePrice="0.000000" Commisionable="0" GroupMask="0x" DefaultTerm="0.0000" DefaultTermUOM="Y" InvtSubID="1" COGSAcctID="37" COGSSubID="1" ValMethod="T" DiscSubID="1" StdCstRevSubID="1" PPVSubID="1" LastStdCost="0.000000" PendingStdCost="0.000000" StdCost="20.000000" StdCostDate="2014-01-01 00:00:00" StkItem="0" StdCstVarSubID="1" POAccrualSubID="1" DfltSiteID="17" DfltShipLocationID="18" DfltReceiptLocationID="18" DefaultSubItemID="9" DefaultSubItemOnEntry="0" ReasonCodeSubID="1" BaseWeight="0.000000" BaseItemWeight="0.000000" BaseVolume="0.000000" BaseItemVolume="0.000000" PackageOption="N" PackSeparately="0" IsSplitted="0" UseParentSubID="0" LCVarianceSubID="1" MinGrossProfitPct="0.000000" KitItem="0" MarkupPct="0.000000" RecPrice="0.000000" DeletedDatabaseRecord="0" ABCCodeIsFixed="0" MovementClassIsFixed="0" NonStockReceipt="0" NonStockShip="0" IsRUTROTDeductible="0" NoteID="5dde5ab2-d959-e411-8568-74d435e7799b" CompletePOLine="A" TaxCalcMode="T" UndershipThreshold="100.000000" OvershipThreshold="100.000000" />
		<row InventoryID="25" InventoryCD="SERVICE                       " Descr="Service" CreatedByID="b5344897-037e-4d58-b5c3-1bdfd0f47bf9" CreatedByScreenID="IN202000" CreatedDateTime="2014-10-22 14:54:55.53" LastModifiedByID="b5344897-037e-4d58-b5c3-1bdfd0f47bf9" LastModifiedByScreenID="IN202000" LastModifiedDateTime="2014-11-06 14:36:12.79" TaxCategoryID="EXEMPT" SalesSubID="1" ItemType="S" ItemStatus="AC" BaseUnit="HOUR" SalesUnit="HOUR" PurchaseUnit="HOUR" BasePrice="50.000000" Commisionable="0" GroupMask="0x" DefaultTerm="0.0000" DefaultTermUOM="Y" InvtSubID="1" COGSAcctID="38" COGSSubID="1" ValMethod="T" DiscSubID="1" StdCstRevSubID="1" PPVSubID="1" SalesAcctID="5" LastStdCost="0.000000" PendingStdCost="0.000000" StdCost="40.000000" StdCostDate="2014-01-01 00:00:00" StkItem="0" StdCstVarSubID="1" POAccrualSubID="1" DfltSiteID="17" DfltShipLocationID="18" DfltReceiptLocationID="18" DefaultSubItemID="9" DefaultSubItemOnEntry="0" ReasonCodeSubID="1" BaseWeight="0.000000" BaseItemWeight="0.000000" BaseVolume="0.000000" BaseItemVolume="0.000000" PackageOption="N" PackSeparately="0" IsSplitted="0" UseParentSubID="0" LCVarianceSubID="1" MinGrossProfitPct="0.000000" KitItem="0" MarkupPct="0.000000" RecPrice="0.000000" DeletedDatabaseRecord="0" ABCCodeIsFixed="0" MovementClassIsFixed="0" NonStockReceipt="0" NonStockShip="0" IsRUTROTDeductible="0" NoteID="72ae2fca-d959-e411-8568-74d435e7799b" CompletePOLine="A" TaxCalcMode="T" UndershipThreshold="100.000000" OvershipThreshold="100.000000" />
		<row InventoryID="2607" InventoryCD="&lt;N/A&gt;                         " CreatedByID="b5344897-037e-4d58-b5c3-1bdfd0f47bf9" CreatedByScreenID="SM206036" CreatedDateTime="2017-09-06 07:25:13.487" LastModifiedByID="b5344897-037e-4d58-b5c3-1bdfd0f47bf9" LastModifiedByScreenID="SM206036" LastModifiedDateTime="2017-09-06 07:25:13.487" ItemType="N" ItemStatus="XX" BaseUnit="HOUR" SalesUnit="HOUR" PurchaseUnit="HOUR" BasePrice="0.000000" Commisionable="0" GroupMask="0x" DefaultTerm="0.0000" DefaultTermUOM="Y" ValMethod="T" LastStdCost="0.000000" PendingStdCost="0.000000" StdCost="0.000000" StkItem="0" DefaultSubItemOnEntry="0" BaseWeight="0.000000" BaseItemWeight="0.000000" BaseVolume="0.000000" BaseItemVolume="0.000000" PackageOption="N" PackSeparately="0" IsSplitted="0" UseParentSubID="0" MinGrossProfitPct="0.000000" KitItem="0" MarkupPct="0.000000" DeletedDatabaseRecord="0" ABCCodeIsFixed="0" MovementClassIsFixed="0" NonStockReceipt="0" NonStockShip="0" IsRUTROTDeductible="0" CompletePOLine="Q" TaxCalcMode="T" UndershipThreshold="100.000000" OvershipThreshold="100.000000" />
		<row InventoryID="2608" InventoryCD="ROUNDING-DOOM                 " Descr="Tax Rounding Beast from the Depths - ROUNDING-DOOM" CreatedByID="b5344897-037e-4d58-b5c3-1bdfd0f47bf9" CreatedByScreenID="IN202500" CreatedDateTime="2019-12-04 17:47:16.887" LastModifiedByID="b5344897-037e-4d58-b5c3-1bdfd0f47bf9" LastModifiedByScreenID="IN202500" LastModifiedDateTime="2019-12-04 17:58:13.8" TaxCategoryID="TAXABLE" SalesSubID="1" ItemType="F" ItemStatus="AC" BaseUnit="PIECE" SalesUnit="PIECE" PurchaseUnit="PIECE" BasePrice="114.950000" Commisionable="0" ItemClassID="1" GroupMask="0x" DefaultTerm="0.0000" DefaultTermUOM="Y" InvtAcctID="2720" InvtSubID="1" COGSAcctID="2730" COGSSubID="1" ValMethod="A" DiscSubID="1" StdCstRevSubID="1" PPVSubID="1" DeferralSubID="1" SalesAcctID="2724" LastStdCost="0.000000" PendingStdCost="0.000000" StdCost="0.000000" StkItem="1" LotSerClassID="DEFAULT" PostClassID="DEFAULT" StdCstVarSubID="1" POAccrualAcctID="2722" POAccrualSubID="1" DfltSiteID="17" DfltShipLocationID="18" DfltReceiptLocationID="18" DefaultSubItemID="9" DefaultSubItemOnEntry="0" ReasonCodeSubID="1" BaseWeight="16.000000" BaseItemWeight="16.000000" BaseVolume="0.000000" BaseItemVolume="0.000000" PackageOption="N" PackSeparately="0" IsSplitted="0" UseParentSubID="0" LCVarianceSubID="1" MinGrossProfitPct="0.000000" KitItem="0" MarkupPct="0.000000" RecPrice="0.000000" DeletedDatabaseRecord="0" ABCCodeIsFixed="0" MovementClassIsFixed="0" NonStockReceipt="1" NonStockShip="1" IsRUTROTDeductible="0" NoteID="f4834166-f016-ea11-a6ed-9cb6d0c82c0c" CompletePOLine="Q" TaxCalcMode="T" UndershipThreshold="100.000000" OvershipThreshold="100.000000" />
		<row InventoryID="2609" InventoryCD="MADEINACU1                    " Descr="Made in Acumatica - MADEINACU1" CreatedByID="b5344897-037e-4d58-b5c3-1bdfd0f47bf9" CreatedByScreenID="IN202500" CreatedDateTime="2019-12-23 22:55:43.98" LastModifiedByID="b5344897-037e-4d58-b5c3-1bdfd0f47bf9" LastModifiedByScreenID="IN202500" LastModifiedDateTime="2019-12-23 22:55:43.98" TaxCategoryID="TAXABLE" SalesSubID="1" ItemType="F" ItemStatus="AC" BaseUnit="PIECE" SalesUnit="PIECE" PurchaseUnit="PIECE" BasePrice="39.950000" Commisionable="0" ItemClassID="1" GroupMask="0x" DefaultTerm="0.0000" DefaultTermUOM="Y" InvtAcctID="2720" InvtSubID="1" COGSAcctID="2730" COGSSubID="1" ValMethod="A" DiscSubID="1" StdCstRevSubID="1" PPVSubID="1" DeferralSubID="1" SalesAcctID="2724" LastStdCost="0.000000" PendingStdCost="0.000000" StdCost="0.000000" StkItem="1" LotSerClassID="DEFAULT" PostClassID="DEFAULT" StdCstVarSubID="1" POAccrualAcctID="2722" POAccrualSubID="1" DfltSiteID="17" DfltShipLocationID="18" DfltReceiptLocationID="18" DefaultSubItemID="9" DefaultSubItemOnEntry="0" ReasonCodeSubID="1" BaseWeight="47.972640" BaseItemWeight="47.972640" BaseVolume="0.000000" BaseItemVolume="0.000000" PackageOption="N" PackSeparately="0" IsSplitted="0" UseParentSubID="0" LCVarianceSubID="1" MinGrossProfitPct="0.000000" KitItem="0" MarkupPct="0.000000" RecPrice="0.000000" DeletedDatabaseRecord="0" ABCCodeIsFixed="0" MovementClassIsFixed="0" NonStockReceipt="1" NonStockShip="1" IsRUTROTDeductible="0" NoteID="dea59ca2-0926-ea11-a6f0-9cb6d0c82c0c" CompletePOLine="Q" TaxCalcMode="T" UndershipThreshold="100.000000" OvershipThreshold="100.000000" />
		<row InventoryID="2610" InventoryCD="MADEINACU2                    " Descr="Made in Acumatica - MADEINACU2" CreatedByID="b5344897-037e-4d58-b5c3-1bdfd0f47bf9" CreatedByScreenID="IN202500" CreatedDateTime="2019-12-23 22:55:46.33" LastModifiedByID="b5344897-037e-4d58-b5c3-1bdfd0f47bf9" LastModifiedByScreenID="IN202500" LastModifiedDateTime="2019-12-23 22:55:46.33" TaxCategoryID="EXEMPT" SalesSubID="1" ItemType="F" ItemStatus="AC" BaseUnit="PIECE" SalesUnit="PIECE" PurchaseUnit="PIECE" BasePrice="49.950000" Commisionable="0" ItemClassID="1" GroupMask="0x" DefaultTerm="0.0000" DefaultTermUOM="Y" InvtAcctID="2720" InvtSubID="1" COGSAcctID="2730" COGSSubID="1" ValMethod="A" DiscSubID="1" StdCstRevSubID="1" PPVSubID="1" DeferralSubID="1" SalesAcctID="2724" LastStdCost="0.000000" PendingStdCost="0.000000" StdCost="0.000000" StkItem="1" LotSerClassID="DEFAULT" PostClassID="DEFAULT" StdCstVarSubID="1" POAccrualAcctID="2722" POAccrualSubID="1" DfltSiteID="17" DfltShipLocationID="18" DfltReceiptLocationID="18" DefaultSubItemID="9" DefaultSubItemOnEntry="0" ReasonCodeSubID="1" BaseWeight="47.972640" BaseItemWeight="47.972640" BaseVolume="0.000000" BaseItemVolume="0.000000" PackageOption="N" PackSeparately="0" IsSplitted="0" UseParentSubID="0" LCVarianceSubID="1" MinGrossProfitPct="0.000000" KitItem="0" MarkupPct="0.000000" RecPrice="0.000000" DeletedDatabaseRecord="0" ABCCodeIsFixed="0" MovementClassIsFixed="0" NonStockReceipt="1" NonStockShip="1" IsRUTROTDeductible="0" NoteID="e3a59ca2-0926-ea11-a6f0-9cb6d0c82c0c" CompletePOLine="Q" TaxCalcMode="T" UndershipThreshold="100.000000" OvershipThreshold="100.000000" />
	</rows>
</data>