﻿<?xml version="1.0" encoding="utf-8"?>
<data>
	<table name="MUIScreen">
		<col name="CompanyID" type="Int" default="Zero" />
		<col name="IsPortal" type="Bit" default="Zero" />
		<col name="NodeID" type="UniqueIdentifier" />
		<col name="WorkspaceID" type="UniqueIdentifier" />
		<col name="Order" type="Real" />
		<col name="SubcategoryID" type="UniqueIdentifier" />
		<col name="CompanyMask" type="VarBinary(32)" default="CompanyMaskReadOnly" />
	</table>
	<rows>
		<row IsPortal="0" NodeID="685bdfd2-a335-4163-a812-474cc5e3ab31" WorkspaceID="bbbbbbbb-bbbb-bbbb-bbbb-bbbbbbbbbbbb" Order="384" SubcategoryID="98e86774-69e3-41ea-b94f-eb2c7a8426d4" />
		<row IsPortal="0" NodeID="e943674e-7cfe-439f-b8d1-bb71e793966b" WorkspaceID="bbbbbbbb-bbbb-bbbb-bbbb-bbbbbbbbbbbb" Order="1990" SubcategoryID="98e86774-69e3-41ea-b94f-eb2c7a8426d4" />
	</rows>
</data>