﻿<?xml version="1.0" encoding="utf-8"?>
<data>
	<table name="MUISubcategory">
		<col name="CompanyID" type="Int" default="Zero" />
		<col name="IsPortal" type="Bit" default="Zero" />
		<col name="SubcategoryID" type="UniqueIdentifier" />
		<col name="Order" type="Real" />
		<col name="Name" type="NVarChar(255)" />
		<col name="Icon" type="NVarChar(255)" nullable="true" />
		<col name="Column" type="Int" nullable="true" />
		<col name="IsSystem" type="Bit" default="Zero" />
		<col name="tstamp" type="Timestamp" />
		<col name="CompanyMask" type="VarBinary(32)" default="CompanyMaskReadOnly" />
	</table>
	<rows>
		<row IsPortal="0" SubcategoryID="98e86774-69e3-41ea-b94f-eb2c7a8426d4" Order="896" Name="Inquiries" Icon="" IsSystem="1" />
		<row IsPortal="1" SubcategoryID="98e86774-69e3-41ea-b94f-eb2c7a8426d4" Order="896" Name="Inquiries" Icon="" IsSystem="1" />
	</rows>
</data>