﻿<?xml version="1.0" encoding="utf-8"?>
<data>
	<table name="Note">
		<col name="CompanyID" type="Int" default="Zero" />
		<col name="oldNoteID" type="BigInt" nullable="true" />
		<col name="ExternalKey" type="NVarChar(255)" nullable="true" />
		<col name="NoteText" type="NVarChar(MAX)" />
		<col name="NotePopupText" type="NVarChar(MAX)" nullable="true" />
		<col name="GraphType" type="VarChar(255)" nullable="true" />
		<col name="EntityType" type="VarChar(255)" nullable="true" />
		<col name="CompanyMask" type="VarBinary(32)" default="CompanyMaskReadOnly" />
		<col name="NoteID" type="UniqueIdentifier" default="SequentialId" />
	</table>
	<rows>
		<row NoteText="" GraphType="PX.Api.SYProviderMaint" EntityType="PX.Api.SYProvider" NoteID="8883cf87-e502-e611-80c4-00155d012302" />
		<row NoteText="" GraphType="PX.Api.SYProviderMaint" EntityType="PX.Api.SYProvider" NoteID="563057d4-e502-e611-80c4-00155d012302" />
		<row NoteText="" GraphType="PX.Api.SYProviderMaint" EntityType="PX.Api.SYProvider" NoteID="99f25e6d-e602-e611-80c4-00155d012302" />
		<row NoteText="" GraphType="PX.SM.AccessUsers" EntityType="PX.SM.Users" NoteID="65669236-8a16-e511-aff2-00155d017e09" />
		<row NoteText="" GraphType="PX.Api.SYProviderMaint" EntityType="PX.Api.SYProvider" NoteID="e56ef190-6855-e911-b81b-00155d408001" />
		<row NoteText="" GraphType="PX.Api.SYProviderMaint" EntityType="PX.Api.SYProvider" NoteID="b1ebbb9f-6855-e911-b81b-00155d408001" />
		<row NoteText="" GraphType="PX.Api.SYProviderMaint" EntityType="PX.Api.SYProvider" NoteID="b9a86be2-6855-e911-b81b-00155d408001" />
		<row NoteText="" GraphType="PX.Api.SYProviderMaint" EntityType="PX.Api.SYProvider" NoteID="a1db6e2e-6955-e911-b81b-00155d408001" />
		<row NoteText="" GraphType="PX.Api.SYProviderMaint" EntityType="PX.Api.SYProvider" NoteID="c098ab6b-6955-e911-b81b-00155d408001" />
		<row NoteText="" GraphType="PX.Api.SYProviderMaint" EntityType="PX.Api.SYProvider" NoteID="875172f4-6955-e911-b81b-00155d408001" />
		<row NoteText="" GraphType="PX.Api.SYProviderMaint" EntityType="PX.Api.SYProvider" NoteID="527e2d11-6a55-e911-b81b-00155d408001" />
		<row NoteText="" GraphType="PX.Api.SYProviderMaint" EntityType="PX.Api.SYProvider" NoteID="3763422e-6a55-e911-b81b-00155d408001" />
		<row NoteText="" GraphType="PX.Api.SYProviderMaint" EntityType="PX.Api.SYProvider" NoteID="b55c2f7a-6a55-e911-b81b-00155d408001" />
		<row NoteText="" GraphType="PX.Api.SYProviderMaint" EntityType="PX.Api.SYProvider" NoteID="944fdd9b-6a55-e911-b81b-00155d408001" />
		<row NoteText="" GraphType="PX.Api.SYProviderMaint" EntityType="PX.Api.SYProvider" NoteID="6e954756-6b55-e911-b81b-00155d408001" />
		<row NoteText="" GraphType="PX.Api.SYProviderMaint" EntityType="PX.Api.SYProvider" NoteID="c1c27171-6b55-e911-b81b-00155d408001" />
		<row NoteText="" GraphType="PX.Api.SYProviderMaint" EntityType="PX.Api.SYProvider" NoteID="3180ba87-6b55-e911-b81b-00155d408001" />
		<row NoteText="" GraphType="PX.Objects.AR.ARInvoiceEntry" EntityType="PX.Objects.AR.ARInvoice" NoteID="135b7271-346e-e411-8043-74d435e7799b" />
		<row NoteText="" GraphType="PX.Objects.AR.ARInvoiceEntry" EntityType="PX.Objects.AR.ARInvoice" NoteID="7383eb99-346e-e411-8043-74d435e7799b" />
		<row NoteText="" GraphType="PX.Objects.AR.ARInvoiceEntry" EntityType="PX.Objects.AR.ARInvoice" NoteID="d5519bc5-346e-e411-8043-74d435e7799b" />
		<row NoteText="" GraphType="PX.Objects.AR.ARInvoiceEntry" EntityType="PX.Objects.AR.ARInvoice" NoteID="35e24ef0-346e-e411-8043-74d435e7799b" />
		<row NoteText="" GraphType="PX.Objects.AR.ARInvoiceEntry" EntityType="PX.Objects.AR.ARInvoice" NoteID="ef062a7f-f96e-e411-8157-74d435e7799b" />
		<row NoteText="" GraphType="PX.Objects.AR.ARInvoiceEntry" EntityType="PX.Objects.AR.ARInvoice" NoteID="aa9e3b20-006f-e411-8157-74d435e7799b" />
		<row NoteText="" GraphType="PX.Objects.AR.ARInvoiceEntry" EntityType="PX.Objects.AR.ARInvoice" NoteID="8ab6116a-026f-e411-8157-74d435e7799b" />
		<row NoteText="" GraphType="PX.Objects.AR.ARInvoiceEntry" EntityType="PX.Objects.AR.ARInvoice" NoteID="c6802ba1-236f-e411-8157-74d435e7799b" />
		<row NoteText="" GraphType="PX.Objects.AR.ARInvoiceEntry" EntityType="PX.Objects.AR.ARInvoice" NoteID="c58873fb-276f-e411-8157-74d435e7799b" />
		<row NoteText="" GraphType="PX.Objects.AR.ARInvoiceEntry" EntityType="PX.Objects.AR.ARInvoice" NoteID="8e07cd9d-296f-e411-8157-74d435e7799b" />
		<row NoteText="" GraphType="PX.Objects.AP.VendorMaint" EntityType="PX.Objects.AP.Vendor" NoteID="45086c13-d959-e411-8568-74d435e7799b" />
		<row NoteText="" GraphType="PX.Objects.AP.VendorMaint" EntityType="PX.Objects.AP.Vendor" NoteID="4fd0e622-d959-e411-8568-74d435e7799b" />
		<row NoteText="" GraphType="PX.Objects.AP.VendorMaint" EntityType="PX.Objects.AP.Vendor" NoteID="ce9d1f31-d959-e411-8568-74d435e7799b" />
		<row NoteText="" GraphType="PX.Objects.AP.VendorMaint" EntityType="PX.Objects.AP.Vendor" NoteID="d367553d-d959-e411-8568-74d435e7799b" />
		<row NoteText="" GraphType="PX.Objects.CA.CATranEntry" EntityType="PX.Objects.CA.CAAdj" NoteID="9f1ce8f8-1e59-e411-8712-74d435e7799b" />
		<row NoteText="" GraphType="PX.Objects.CA.CATranEntry" EntityType="PX.Objects.CA.CAAdj" NoteID="8fb00db2-1f59-e411-8712-74d435e7799b" />
		<row NoteText="" GraphType="PX.Objects.AR.CustomerMaint" EntityType="PX.Objects.AR.Customer" NoteID="7053913b-df64-e411-8774-74d435e7799b" />
		<row NoteText="" GraphType="PX.Objects.AR.CustomerMaint" EntityType="PX.Objects.AR.Customer" NoteID="84b92c4d-df64-e411-8774-74d435e7799b" />
		<row NoteText="" GraphType="PX.Objects.AR.CustomerMaint" EntityType="PX.Objects.AR.Customer" NoteID="e803385d-df64-e411-8774-74d435e7799b" />
		<row NoteText="" GraphType="PX.Objects.AR.CustomerMaint" EntityType="PX.Objects.AR.Customer" NoteID="8550a766-df64-e411-8774-74d435e7799b" />
		<row NoteText="" GraphType="PX.Objects.AR.CustomerMaint" EntityType="PX.Objects.AR.Customer" NoteID="f54e9582-7115-ea11-a6ec-9cb6d0c82c0c" />
		<row NoteText="" GraphType="PX.Objects.AP.VendorMaint" EntityType="PX.Objects.AP.Vendor" NoteID="3e93f6b1-ac16-ea11-a6ed-9cb6d0c82c0c" />
		<row NoteText="" GraphType="PX.Objects.IN.INReceiptEntry" EntityType="PX.Objects.IN.INRegister" NoteID="a1e9d5f1-f116-ea11-a6ed-9cb6d0c82c0c" />
		<row NoteText="" GraphType="PX.Objects.AR.CustomerMaint" EntityType="PX.Objects.AR.Customer" NoteID="33b490dc-f916-ea11-a6ed-9cb6d0c82c0c" />
		<row NoteText="" GraphType="PX.Objects.SO.SOOrderEntry" EntityType="PX.Objects.SO.SOOrder" NoteID="ea387e74-8a17-ea11-a6ed-9cb6d0c82c0c" />
		<row NoteText="" GraphType="PX.Objects.SO.SOOrderEntry" EntityType="PX.Objects.SO.SOOrder" NoteID="f8387e74-8a17-ea11-a6ed-9cb6d0c82c0c" />
		<row NoteText="" GraphType="PX.Objects.SO.SOOrderEntry" EntityType="PX.Objects.SO.SOOrder" NoteID="a2550c7b-8a17-ea11-a6ed-9cb6d0c82c0c" />
		<row NoteText="" GraphType="PX.Objects.AR.ARPaymentEntry" EntityType="PX.Objects.AR.ARPayment" NoteID="b4550c7b-8a17-ea11-a6ed-9cb6d0c82c0c" />
		<row NoteText="" GraphType="PX.Objects.AR.ARPaymentEntry" EntityType="PX.Objects.AR.ARPayment" NoteID="bd550c7b-8a17-ea11-a6ed-9cb6d0c82c0c" />
		<row NoteText="" GraphType="PX.Objects.SO.SOOrderEntry" EntityType="PX.Objects.SO.SOOrder" NoteID="33560c7b-8a17-ea11-a6ed-9cb6d0c82c0c" />
		<row NoteText="" GraphType="PX.Objects.AR.ARPaymentEntry" EntityType="PX.Objects.AR.ARPayment" NoteID="48560c7b-8a17-ea11-a6ed-9cb6d0c82c0c" />
		<row NoteText="" GraphType="PX.Objects.AR.ARPaymentEntry" EntityType="PX.Objects.AR.ARPayment" NoteID="c30507ab-8a17-ea11-a6ed-9cb6d0c82c0c" />
		<row NoteText="" GraphType="PX.Objects.SO.SOOrderEntry" EntityType="PX.Objects.SO.SOOrder" NoteID="5bbf6704-da25-ea11-a6f0-9cb6d0c82c0c" />
		<row NoteText="" GraphType="PX.Objects.AR.ARPaymentEntry" EntityType="PX.Objects.AR.ARPayment" NoteID="71bf6704-da25-ea11-a6f0-9cb6d0c82c0c" />
		<row NoteText="" GraphType="PX.Objects.SO.SOShipmentEntry" EntityType="PX.Objects.SO.SOShipment" NoteID="b2f80588-da25-ea11-a6f0-9cb6d0c82c0c" />
		<row NoteText="" GraphType="PX.Objects.SO.SOOrderEntry" EntityType="PX.Objects.SO.SOOrder" NoteID="bef80588-da25-ea11-a6f0-9cb6d0c82c0c" />
		<row NoteText="" GraphType="PX.Objects.AR.ARPaymentEntry" EntityType="PX.Objects.AR.ARPayment" NoteID="d0f80588-da25-ea11-a6f0-9cb6d0c82c0c" />
		<row NoteText="" GraphType="PX.Objects.SO.SOInvoiceEntry" EntityType="PX.Objects.AR.ARInvoice" NoteID="4805fb8f-da25-ea11-a6f0-9cb6d0c82c0c" />
		<row NoteText="" GraphType="PX.Objects.IN.INIssueEntry" EntityType="PX.Objects.IN.INRegister" NoteID="6305fb8f-da25-ea11-a6f0-9cb6d0c82c0c" />
		<row NoteText="" GraphType="PX.Objects.SO.SOShipmentEntry" EntityType="PX.Objects.SO.SOShipment" NoteID="17ac8ec3-da25-ea11-a6f0-9cb6d0c82c0c" />
		<row NoteText="" GraphType="PX.Objects.SO.SOInvoiceEntry" EntityType="PX.Objects.AR.ARInvoice" NoteID="11bd2aca-da25-ea11-a6f0-9cb6d0c82c0c" />
		<row NoteText="" GraphType="PX.Objects.IN.INIssueEntry" EntityType="PX.Objects.IN.INRegister" NoteID="24bd2aca-da25-ea11-a6f0-9cb6d0c82c0c" />
		<row NoteText="" GraphType="PX.Objects.SO.SOOrderEntry" EntityType="PX.Objects.SO.SOOrder" NoteID="a4ec5143-db25-ea11-a6f0-9cb6d0c82c0c" />
		<row NoteText="" GraphType="PX.Objects.AR.ARPaymentEntry" EntityType="PX.Objects.AR.ARPayment" NoteID="b0ec5143-db25-ea11-a6f0-9cb6d0c82c0c" />
		<row NoteText="" GraphType="PX.Objects.SO.SOShipmentEntry" EntityType="PX.Objects.SO.SOShipment" NoteID="4122a08a-db25-ea11-a6f0-9cb6d0c82c0c" />
		<row NoteText="" GraphType="PX.Objects.SO.SOInvoiceEntry" EntityType="PX.Objects.AR.ARInvoice" NoteID="7e356e94-db25-ea11-a6f0-9cb6d0c82c0c" />
		<row NoteText="" GraphType="PX.Objects.IN.INIssueEntry" EntityType="PX.Objects.IN.INRegister" NoteID="91356e94-db25-ea11-a6f0-9cb6d0c82c0c" />
		<row NoteText="" GraphType="PX.Objects.SO.SOOrderEntry" EntityType="PX.Objects.SO.SOOrder" NoteID="7fd6d61e-dc25-ea11-a6f0-9cb6d0c82c0c" />
		<row NoteText="" GraphType="PX.Objects.AR.ARPaymentEntry" EntityType="PX.Objects.AR.ARPayment" NoteID="8bd6d61e-dc25-ea11-a6f0-9cb6d0c82c0c" />
		<row NoteText="" GraphType="PX.Objects.SO.SOShipmentEntry" EntityType="PX.Objects.SO.SOShipment" NoteID="1f4c8e5f-dc25-ea11-a6f0-9cb6d0c82c0c" />
		<row NoteText="" GraphType="PX.Objects.SO.SOInvoiceEntry" EntityType="PX.Objects.AR.ARInvoice" NoteID="0ded1c66-dc25-ea11-a6f0-9cb6d0c82c0c" />
		<row NoteText="" GraphType="PX.Objects.IN.INIssueEntry" EntityType="PX.Objects.IN.INRegister" NoteID="20ed1c66-dc25-ea11-a6f0-9cb6d0c82c0c" />
		<row NoteText="" GraphType="PX.Objects.SO.SOShipmentEntry" EntityType="PX.Objects.SO.SOShipment" NoteID="606e856c-dc25-ea11-a6f0-9cb6d0c82c0c" />
		<row NoteText="" GraphType="PX.Objects.SO.SOInvoiceEntry" EntityType="PX.Objects.AR.ARInvoice" NoteID="a2336674-dc25-ea11-a6f0-9cb6d0c82c0c" />
		<row NoteText="" GraphType="PX.Objects.IN.INIssueEntry" EntityType="PX.Objects.IN.INRegister" NoteID="b5336674-dc25-ea11-a6f0-9cb6d0c82c0c" />
		<row NoteText="" GraphType="PX.Objects.SO.SOOrderEntry" EntityType="PX.Objects.SO.SOOrder" NoteID="88170699-dc25-ea11-a6f0-9cb6d0c82c0c" />
		<row NoteText="" GraphType="PX.Objects.AR.ARPaymentEntry" EntityType="PX.Objects.AR.ARPayment" NoteID="94170699-dc25-ea11-a6f0-9cb6d0c82c0c" />
		<row NoteText="" GraphType="PX.Objects.AR.ARPaymentEntry" EntityType="PX.Objects.AR.ARPayment" NoteID="d6170699-dc25-ea11-a6f0-9cb6d0c82c0c" />
		<row NoteText="" GraphType="PX.Objects.SO.SOShipmentEntry" EntityType="PX.Objects.SO.SOShipment" NoteID="d0ebd0d9-dc25-ea11-a6f0-9cb6d0c82c0c" />
		<row NoteText="" GraphType="PX.Objects.SO.SOInvoiceEntry" EntityType="PX.Objects.AR.ARInvoice" NoteID="e74e85f6-dc25-ea11-a6f0-9cb6d0c82c0c" />
		<row NoteText="" GraphType="PX.Objects.IN.INIssueEntry" EntityType="PX.Objects.IN.INRegister" NoteID="fa4e85f6-dc25-ea11-a6f0-9cb6d0c82c0c" />
		<row NoteText="" GraphType="PX.Objects.SO.SOOrderEntry" EntityType="PX.Objects.SO.SOOrder" NoteID="452aac30-dd25-ea11-a6f0-9cb6d0c82c0c" />
		<row NoteText="" GraphType="PX.Objects.AR.ARPaymentEntry" EntityType="PX.Objects.AR.ARPayment" NoteID="512aac30-dd25-ea11-a6f0-9cb6d0c82c0c" />
		<row NoteText="" GraphType="PX.Objects.AR.ARPaymentEntry" EntityType="PX.Objects.AR.ARPayment" NoteID="8f20504d-dd25-ea11-a6f0-9cb6d0c82c0c" />
		<row NoteText="" GraphType="PX.Objects.SO.SOShipmentEntry" EntityType="PX.Objects.SO.SOShipment" NoteID="0d8e56f3-dd25-ea11-a6f0-9cb6d0c82c0c" />
		<row NoteText="" GraphType="PX.Objects.SO.SOInvoiceEntry" EntityType="PX.Objects.AR.ARInvoice" NoteID="ad2a6108-de25-ea11-a6f0-9cb6d0c82c0c" />
		<row NoteText="" GraphType="PX.Objects.IN.INIssueEntry" EntityType="PX.Objects.IN.INRegister" NoteID="c02a6108-de25-ea11-a6f0-9cb6d0c82c0c" />
		<row NoteText="" GraphType="PX.Objects.SO.SOShipmentEntry" EntityType="PX.Objects.SO.SOShipment" NoteID="1d3ef013-de25-ea11-a6f0-9cb6d0c82c0c" />
		<row NoteText="" GraphType="PX.Objects.SO.SOInvoiceEntry" EntityType="PX.Objects.AR.ARInvoice" NoteID="233ef013-de25-ea11-a6f0-9cb6d0c82c0c" />
		<row NoteText="" GraphType="PX.Objects.IN.INIssueEntry" EntityType="PX.Objects.IN.INRegister" NoteID="58949f1b-de25-ea11-a6f0-9cb6d0c82c0c" />
		<row NoteText="" GraphType="PX.Objects.SO.SOOrderEntry" EntityType="PX.Objects.SO.SOOrder" NoteID="d6d75468-de25-ea11-a6f0-9cb6d0c82c0c" />
		<row NoteText="" GraphType="PX.Objects.AR.ARPaymentEntry" EntityType="PX.Objects.AR.ARPayment" NoteID="e2d75468-de25-ea11-a6f0-9cb6d0c82c0c" />
		<row NoteText="" GraphType="PX.Objects.AR.ARPaymentEntry" EntityType="PX.Objects.AR.ARPayment" NoteID="24d85468-de25-ea11-a6f0-9cb6d0c82c0c" />
		<row NoteText="" GraphType="PX.Objects.SO.SOShipmentEntry" EntityType="PX.Objects.SO.SOShipment" NoteID="4990868e-de25-ea11-a6f0-9cb6d0c82c0c" />
		<row NoteText="" GraphType="PX.Objects.SO.SOInvoiceEntry" EntityType="PX.Objects.AR.ARInvoice" NoteID="27163896-de25-ea11-a6f0-9cb6d0c82c0c" />
		<row NoteText="" GraphType="PX.Objects.IN.INIssueEntry" EntityType="PX.Objects.IN.INRegister" NoteID="3a163896-de25-ea11-a6f0-9cb6d0c82c0c" />
		<row NoteText="" GraphType="PX.Objects.SO.SOOrderEntry" EntityType="PX.Objects.SO.SOOrder" NoteID="de403b49-df25-ea11-a6f0-9cb6d0c82c0c" />
		<row NoteText="" GraphType="PX.Objects.AR.ARPaymentEntry" EntityType="PX.Objects.AR.ARPayment" NoteID="ea403b49-df25-ea11-a6f0-9cb6d0c82c0c" />
		<row NoteText="" GraphType="PX.Objects.AR.ARPaymentEntry" EntityType="PX.Objects.AR.ARPayment" NoteID="2c413b49-df25-ea11-a6f0-9cb6d0c82c0c" />
		<row NoteText="" GraphType="PX.Objects.SO.SOOrderEntry" EntityType="PX.Objects.SO.SOOrder" NoteID="c80fec08-0326-ea11-a6f0-9cb6d0c82c0c" />
		<row NoteText="" GraphType="PX.Objects.AR.ARPaymentEntry" EntityType="PX.Objects.AR.ARPayment" NoteID="66768e10-0326-ea11-a6f0-9cb6d0c82c0c" />
		<row NoteText="" GraphType="PX.Objects.AR.ARPaymentEntry" EntityType="PX.Objects.AR.ARPayment" NoteID="c79e4d17-0326-ea11-a6f0-9cb6d0c82c0c" />
		<row NoteText="" GraphType="PX.Objects.SO.SOOrderEntry" EntityType="PX.Objects.SO.SOOrder" NoteID="8b72bfc5-0326-ea11-a6f0-9cb6d0c82c0c" />
		<row NoteText="" GraphType="PX.Objects.AR.ARPaymentEntry" EntityType="PX.Objects.AR.ARPayment" NoteID="9772bfc5-0326-ea11-a6f0-9cb6d0c82c0c" />
		<row NoteText="" GraphType="PX.Objects.AR.ARPaymentEntry" EntityType="PX.Objects.AR.ARPayment" NoteID="8b9aaa05-0426-ea11-a6f0-9cb6d0c82c0c" />
		<row NoteText="" GraphType="PX.Objects.SO.SOShipmentEntry" EntityType="PX.Objects.SO.SOShipment" NoteID="5839ef2e-0426-ea11-a6f0-9cb6d0c82c0c" />
		<row NoteText="" GraphType="PX.Objects.SO.SOInvoiceEntry" EntityType="PX.Objects.AR.ARInvoice" NoteID="99cab63d-0426-ea11-a6f0-9cb6d0c82c0c" />
		<row NoteText="" GraphType="PX.Objects.SO.SOShipmentEntry" EntityType="PX.Objects.SO.SOShipment" NoteID="6b867ea8-0426-ea11-a6f0-9cb6d0c82c0c" />
		<row NoteText="" GraphType="PX.Objects.SO.SOInvoiceEntry" EntityType="PX.Objects.AR.ARInvoice" NoteID="3011a0b2-0426-ea11-a6f0-9cb6d0c82c0c" />
		<row NoteText="" GraphType="PX.Objects.IN.INIssueEntry" EntityType="PX.Objects.IN.INRegister" NoteID="90d6c8b8-0426-ea11-a6f0-9cb6d0c82c0c" />
		<row NoteText="" GraphType="PX.Objects.SO.SOShipmentEntry" EntityType="PX.Objects.SO.SOShipment" NoteID="29fa2158-0526-ea11-a6f0-9cb6d0c82c0c" />
		<row NoteText="" GraphType="PX.Objects.SO.SOInvoiceEntry" EntityType="PX.Objects.AR.ARInvoice" NoteID="038cf26f-0526-ea11-a6f0-9cb6d0c82c0c" />
		<row NoteText="" GraphType="PX.Objects.IN.INIssueEntry" EntityType="PX.Objects.IN.INRegister" NoteID="901d3277-0526-ea11-a6f0-9cb6d0c82c0c" />
		<row NoteText="" GraphType="PX.Objects.SO.SOShipmentEntry" EntityType="PX.Objects.SO.SOShipment" NoteID="cfdf9482-0526-ea11-a6f0-9cb6d0c82c0c" />
		<row NoteText="" GraphType="PX.Objects.SO.SOInvoiceEntry" EntityType="PX.Objects.AR.ARInvoice" NoteID="35586a8f-0526-ea11-a6f0-9cb6d0c82c0c" />
		<row NoteText="" GraphType="PX.Objects.IN.INIssueEntry" EntityType="PX.Objects.IN.INRegister" NoteID="dadbe697-0526-ea11-a6f0-9cb6d0c82c0c" />
		<row NoteText="" GraphType="PX.Objects.SO.SOOrderEntry" EntityType="PX.Objects.SO.SOOrder" NoteID="8005ae58-0626-ea11-a6f0-9cb6d0c82c0c" />
		<row NoteText="" GraphType="PX.Objects.AR.ARPaymentEntry" EntityType="PX.Objects.AR.ARPayment" NoteID="8c05ae58-0626-ea11-a6f0-9cb6d0c82c0c" />
		<row NoteText="" GraphType="PX.Objects.AR.ARPaymentEntry" EntityType="PX.Objects.AR.ARPayment" NoteID="5cbf1e87-0626-ea11-a6f0-9cb6d0c82c0c" />
		<row NoteText="" GraphType="PX.Objects.SO.SOShipmentEntry" EntityType="PX.Objects.SO.SOShipment" NoteID="7ec69b36-0726-ea11-a6f0-9cb6d0c82c0c" />
		<row NoteText="" GraphType="PX.Objects.SO.SOInvoiceEntry" EntityType="PX.Objects.AR.ARInvoice" NoteID="65fae546-0726-ea11-a6f0-9cb6d0c82c0c" />
		<row NoteText="" GraphType="PX.Objects.IN.INIssueEntry" EntityType="PX.Objects.IN.INRegister" NoteID="388a174e-0726-ea11-a6f0-9cb6d0c82c0c" />
		<row NoteText="" GraphType="PX.Objects.SO.SOOrderEntry" EntityType="PX.Objects.SO.SOOrder" NoteID="6193cecf-0726-ea11-a6f0-9cb6d0c82c0c" />
		<row NoteText="" GraphType="PX.Objects.AR.ARPaymentEntry" EntityType="PX.Objects.AR.ARPayment" NoteID="6d93cecf-0726-ea11-a6f0-9cb6d0c82c0c" />
		<row NoteText="" GraphType="PX.Objects.AR.ARPaymentEntry" EntityType="PX.Objects.AR.ARPayment" NoteID="7ca11cea-0726-ea11-a6f0-9cb6d0c82c0c" />
		<row NoteText="" GraphType="PX.Objects.SO.SOShipmentEntry" EntityType="PX.Objects.SO.SOShipment" NoteID="a1ee1f05-0826-ea11-a6f0-9cb6d0c82c0c" />
		<row NoteText="" GraphType="PX.Objects.SO.SOInvoiceEntry" EntityType="PX.Objects.AR.ARInvoice" NoteID="bd56af0e-0826-ea11-a6f0-9cb6d0c82c0c" />
		<row NoteText="" GraphType="PX.Objects.IN.INIssueEntry" EntityType="PX.Objects.IN.INRegister" NoteID="f0863415-0826-ea11-a6f0-9cb6d0c82c0c" />
		<row NoteText="" GraphType="PX.Objects.SO.SOOrderEntry" EntityType="PX.Objects.SO.SOOrder" NoteID="d50594ad-0826-ea11-a6f0-9cb6d0c82c0c" />
		<row NoteText="" GraphType="PX.Objects.AR.ARPaymentEntry" EntityType="PX.Objects.AR.ARPayment" NoteID="e10594ad-0826-ea11-a6f0-9cb6d0c82c0c" />
		<row NoteText="" GraphType="PX.Objects.SO.SOShipmentEntry" EntityType="PX.Objects.SO.SOShipment" NoteID="19da810a-0926-ea11-a6f0-9cb6d0c82c0c" />
		<row NoteText="" GraphType="PX.Objects.SO.SOInvoiceEntry" EntityType="PX.Objects.AR.ARInvoice" NoteID="8f77eb17-0926-ea11-a6f0-9cb6d0c82c0c" />
		<row NoteText="" GraphType="PX.Objects.IN.INIssueEntry" EntityType="PX.Objects.IN.INRegister" NoteID="d1a23120-0926-ea11-a6f0-9cb6d0c82c0c" />
		<row NoteText="" GraphType="PX.Objects.SO.SOShipmentEntry" EntityType="PX.Objects.SO.SOShipment" NoteID="ad672a40-0926-ea11-a6f0-9cb6d0c82c0c" />
		<row NoteText="" GraphType="PX.Objects.SO.SOInvoiceEntry" EntityType="PX.Objects.AR.ARInvoice" NoteID="bf3b9949-0926-ea11-a6f0-9cb6d0c82c0c" />
		<row NoteText="" GraphType="PX.Objects.IN.INIssueEntry" EntityType="PX.Objects.IN.INRegister" NoteID="315ea550-0926-ea11-a6f0-9cb6d0c82c0c" />
		<row NoteText="" GraphType="PX.Objects.IN.INReceiptEntry" EntityType="PX.Objects.IN.INRegister" NoteID="9cefa2b4-0926-ea11-a6f0-9cb6d0c82c0c" />
		<row NoteText="" GraphType="PX.Objects.SO.SOOrderEntry" EntityType="PX.Objects.SO.SOOrder" NoteID="703910b4-0a26-ea11-a6f0-9cb6d0c82c0c" />
		<row NoteText="" GraphType="PX.Objects.AR.ARPaymentEntry" EntityType="PX.Objects.AR.ARPayment" NoteID="7e3910b4-0a26-ea11-a6f0-9cb6d0c82c0c" />
		<row NoteText="" GraphType="PX.Objects.AR.ARPaymentEntry" EntityType="PX.Objects.AR.ARPayment" NoteID="3ed22fba-0a26-ea11-a6f0-9cb6d0c82c0c" />
		<row NoteText="" GraphType="PX.Objects.SO.SOShipmentEntry" EntityType="PX.Objects.SO.SOShipment" NoteID="83a0b0ce-0a26-ea11-a6f0-9cb6d0c82c0c" />
		<row NoteText="" GraphType="PX.Objects.SO.SOInvoiceEntry" EntityType="PX.Objects.AR.ARInvoice" NoteID="c6e6ecdc-0a26-ea11-a6f0-9cb6d0c82c0c" />
		<row NoteText="" GraphType="PX.Objects.IN.INIssueEntry" EntityType="PX.Objects.IN.INRegister" NoteID="171e02ed-0a26-ea11-a6f0-9cb6d0c82c0c" />
		<row NoteText="" GraphType="PX.Objects.SO.SOShipmentEntry" EntityType="PX.Objects.SO.SOShipment" NoteID="f3b34b89-0b26-ea11-a6f0-9cb6d0c82c0c" />
		<row NoteText="" GraphType="PX.Objects.AR.ARPaymentEntry" EntityType="PX.Objects.AR.ARPayment" NoteID="dc78065e-0c26-ea11-a6f0-9cb6d0c82c0c" />
		<row NoteText="" GraphType="PX.Objects.AR.ARPaymentEntry" EntityType="PX.Objects.AR.ARPayment" NoteID="d07c5e7b-0c26-ea11-a6f0-9cb6d0c82c0c" />
		<row NoteText="" GraphType="PX.Objects.SO.SOOrderEntry" EntityType="PX.Objects.SO.SOOrder" NoteID="0158f614-0e26-ea11-a6f0-9cb6d0c82c0c" />
		<row NoteText="" GraphType="PX.Objects.AR.ARPaymentEntry" EntityType="PX.Objects.AR.ARPayment" NoteID="0d58f614-0e26-ea11-a6f0-9cb6d0c82c0c" />
		<row NoteText="" GraphType="PX.Objects.AR.ARPaymentEntry" EntityType="PX.Objects.AR.ARPayment" NoteID="fd018fcc-0e26-ea11-a6f0-9cb6d0c82c0c" />
		<row NoteText="" GraphType="PX.Objects.AR.ARPaymentEntry" EntityType="PX.Objects.AR.ARPayment" NoteID="8b9f8180-1126-ea11-a6f0-9cb6d0c82c0c" />
		<row NoteText="" GraphType="PX.Objects.AR.ARPaymentEntry" EntityType="PX.Objects.AR.ARPayment" NoteID="67f7cebb-1126-ea11-a6f0-9cb6d0c82c0c" />
		<row NoteText="" GraphType="PX.Objects.SO.SOOrderEntry" EntityType="PX.Objects.SO.SOOrder" NoteID="cd7df320-1426-ea11-a6f0-9cb6d0c82c0c" />
		<row NoteText="" GraphType="PX.Objects.AR.ARPaymentEntry" EntityType="PX.Objects.AR.ARPayment" NoteID="d97df320-1426-ea11-a6f0-9cb6d0c82c0c" />
		<row NoteText="" GraphType="PX.Objects.AR.ARPaymentEntry" EntityType="PX.Objects.AR.ARPayment" NoteID="c4cc968b-1426-ea11-a6f0-9cb6d0c82c0c" />
		<row NoteText="" GraphType="PX.Objects.SO.SOOrderEntry" EntityType="PX.Objects.SO.SOOrder" NoteID="c934a793-1426-ea11-a6f0-9cb6d0c82c0c" />
		<row NoteText="" GraphType="PX.Objects.AR.ARPaymentEntry" EntityType="PX.Objects.AR.ARPayment" NoteID="d534a793-1426-ea11-a6f0-9cb6d0c82c0c" />
		<row NoteText="" GraphType="PX.Objects.SO.SOOrderEntry" EntityType="PX.Objects.SO.SOOrder" NoteID="341aa8fc-ea2b-ea11-a6f1-9cb6d0c82c0c" />
		<row NoteText="" GraphType="PX.Objects.SO.SOShipmentEntry" EntityType="PX.Objects.SO.SOShipment" NoteID="77440221-eb2b-ea11-a6f1-9cb6d0c82c0c" />
		<row NoteText="" GraphType="PX.Objects.SO.SOShipmentEntry" EntityType="PX.Objects.SO.SOShipment" NoteID="eab2f187-df30-ea11-a6f1-9cb6d0c82c0c" />
		<row NoteText="" GraphType="PX.SM.MyAccess" EntityType="PX.SM.Users" NoteID="39bb94ae-bb9f-e311-8ca2-c86000ce5058" />
	</rows>
</data>