﻿<?xml version="1.0" encoding="utf-8"?>
<data>
	<table name="NumberingSequence">
		<col name="CompanyID" type="Int" default="Zero" />
		<col name="NumberingID" type="NVarChar(10)" />
		<col name="NBranchID" type="Int" nullable="true" />
		<col name="CompanyNumberingSEQ" type="Int" identity="true" />
		<col name="StartNbr" type="NVarChar(15)" />
		<col name="EndNbr" type="NVarChar(15)" />
		<col name="StartDate" type="SmallDateTime" nullable="true" />
		<col name="LastNbr" type="NVarChar(15)" nullable="true" />
		<col name="WarnNbr" type="NVarChar(15)" />
		<col name="NbrStep" type="Int" />
		<col name="tstamp" type="Timestamp" />
		<col name="CreatedByID" type="UniqueIdentifier" />
		<col name="CreatedByScreenID" type="Char(8)" />
		<col name="CreatedDateTime" type="DateTime" />
		<col name="LastModifiedByID" type="UniqueIdentifier" />
		<col name="LastModifiedByScreenID" type="Char(8)" />
		<col name="LastModifiedDateTime" type="DateTime" />
		<col name="CompanyMask" type="VarBinary(32)" default="CompanyMaskReadOnly" />
		<col name="NumberingSeq" type="Int" />
	</table>
	<rows>
		<row NumberingID="APBATCH" CompanyNumberingSEQ="3240" StartNbr="000001" EndNbr="999999" StartDate="1900-01-01 00:00:00" LastNbr="000024" WarnNbr="999899" NbrStep="1" CreatedByID="b5344897-037e-4d58-b5c3-1bdfd0f47bf9" CreatedByScreenID="CS201010" CreatedDateTime="2014-10-22 12:13:16.377" LastModifiedByID="b5344897-037e-4d58-b5c3-1bdfd0f47bf9" LastModifiedByScreenID="CS201010" LastModifiedDateTime="2014-10-22 12:13:16.377" NumberingSeq="3240" />
		<row NumberingID="APBILL" CompanyNumberingSEQ="3276" StartNbr="000000" EndNbr="999999" StartDate="1900-01-01 00:00:00" LastNbr="000014" WarnNbr="999990" NbrStep="1" CreatedByID="b5344897-037e-4d58-b5c3-1bdfd0f47bf9" CreatedByScreenID="        " CreatedDateTime="1900-01-01 00:00:00" LastModifiedByID="b5344897-037e-4d58-b5c3-1bdfd0f47bf9" LastModifiedByScreenID="        " LastModifiedDateTime="1900-01-01 00:00:00" NumberingSeq="1" />
		<row NumberingID="APPAYMENT" CompanyNumberingSEQ="3278" StartNbr="000000" EndNbr="999999" StartDate="1900-01-01 00:00:00" LastNbr="000012" WarnNbr="999990" NbrStep="1" CreatedByID="b5344897-037e-4d58-b5c3-1bdfd0f47bf9" CreatedByScreenID="        " CreatedDateTime="1900-01-01 00:00:00" LastModifiedByID="b5344897-037e-4d58-b5c3-1bdfd0f47bf9" LastModifiedByScreenID="        " LastModifiedDateTime="1900-01-01 00:00:00" NumberingSeq="19" />
		<row NumberingID="ARBATCH" CompanyNumberingSEQ="3281" StartNbr="000001" EndNbr="999999" StartDate="1900-01-01 00:00:00" LastNbr="000071" WarnNbr="999899" NbrStep="1" CreatedByID="b5344897-037e-4d58-b5c3-1bdfd0f47bf9" CreatedByScreenID="CS201010" CreatedDateTime="2014-11-05 14:28:18.05" LastModifiedByID="b5344897-037e-4d58-b5c3-1bdfd0f47bf9" LastModifiedByScreenID="CS201010" LastModifiedDateTime="2014-11-05 14:28:18.05" NumberingSeq="3281" />
		<row NumberingID="ARINVOICE" CompanyNumberingSEQ="4288" StartNbr="000000" EndNbr="999999" StartDate="1900-01-01 00:00:00" LastNbr="000030" WarnNbr="999990" NbrStep="1" CreatedByID="b5344897-037e-4d58-b5c3-1bdfd0f47bf9" CreatedByScreenID="        " CreatedDateTime="1900-01-01 00:00:00" LastModifiedByID="b5344897-037e-4d58-b5c3-1bdfd0f47bf9" LastModifiedByScreenID="        " LastModifiedDateTime="1900-01-01 00:00:00" NumberingSeq="3" />
		<row NumberingID="ARPAYMENT" CompanyNumberingSEQ="4289" StartNbr="000000" EndNbr="999999" StartDate="1900-01-01 00:00:00" LastNbr="000044" WarnNbr="999990" NbrStep="1" CreatedByID="b5344897-037e-4d58-b5c3-1bdfd0f47bf9" CreatedByScreenID="        " CreatedDateTime="1900-01-01 00:00:00" LastModifiedByID="b5344897-037e-4d58-b5c3-1bdfd0f47bf9" LastModifiedByScreenID="        " LastModifiedDateTime="1900-01-01 00:00:00" NumberingSeq="5" />
		<row NumberingID="BATCH" CompanyNumberingSEQ="2227" StartNbr="000000" EndNbr="999999" StartDate="1900-01-01 00:00:00" LastNbr="000018" WarnNbr="999990" NbrStep="1" CreatedByID="b5344897-037e-4d58-b5c3-1bdfd0f47bf9" CreatedByScreenID="        " CreatedDateTime="1900-01-01 00:00:00" LastModifiedByID="b5344897-037e-4d58-b5c3-1bdfd0f47bf9" LastModifiedByScreenID="        " LastModifiedDateTime="1900-01-01 00:00:00" NumberingSeq="7" />
		<row NumberingID="CATRAN" CompanyNumberingSEQ="2232" StartNbr="000000" EndNbr="999999" StartDate="1900-01-01 00:00:00" LastNbr="000002" WarnNbr="999990" NbrStep="1" CreatedByID="b5344897-037e-4d58-b5c3-1bdfd0f47bf9" CreatedByScreenID="        " CreatedDateTime="1900-01-01 00:00:00" LastModifiedByID="b5344897-037e-4d58-b5c3-1bdfd0f47bf9" LastModifiedByScreenID="        " LastModifiedDateTime="1900-01-01 00:00:00" NumberingSeq="11" />
		<row NumberingID="CATRANSFER" CompanyNumberingSEQ="2229" StartNbr="000000" EndNbr="999999" StartDate="1900-01-01 00:00:00" LastNbr="000002" WarnNbr="999990" NbrStep="1" CreatedByID="b5344897-037e-4d58-b5c3-1bdfd0f47bf9" CreatedByScreenID="        " CreatedDateTime="1900-01-01 00:00:00" LastModifiedByID="b5344897-037e-4d58-b5c3-1bdfd0f47bf9" LastModifiedByScreenID="        " LastModifiedDateTime="1900-01-01 00:00:00" NumberingSeq="12" />
		<row NumberingID="INISSUE" CompanyNumberingSEQ="10017" StartNbr="000000" EndNbr="999999" StartDate="1900-01-01 00:00:00" LastNbr="000017" WarnNbr="999990" NbrStep="1" CreatedByID="b5344897-037e-4d58-b5c3-1bdfd0f47bf9" CreatedByScreenID="SM209900" CreatedDateTime="2019-10-17 04:44:57.02" LastModifiedByID="b5344897-037e-4d58-b5c3-1bdfd0f47bf9" LastModifiedByScreenID="SM209900" LastModifiedDateTime="2019-10-17 04:44:57.02" NumberingSeq="21" />
		<row NumberingID="INRECEIPT" CompanyNumberingSEQ="10015" StartNbr="000000" EndNbr="999999" StartDate="1900-01-01 00:00:00" LastNbr="000002" WarnNbr="999990" NbrStep="1" CreatedByID="b5344897-037e-4d58-b5c3-1bdfd0f47bf9" CreatedByScreenID="SM209900" CreatedDateTime="2019-10-17 04:44:57.02" LastModifiedByID="b5344897-037e-4d58-b5c3-1bdfd0f47bf9" LastModifiedByScreenID="SM209900" LastModifiedDateTime="2019-10-17 04:44:57.02" NumberingSeq="22" />
		<row NumberingID="SCHEDULE" CompanyNumberingSEQ="2228" StartNbr="000000" EndNbr="999999" StartDate="1900-01-01 00:00:00" LastNbr="000001" WarnNbr="999990" NbrStep="1" CreatedByID="b5344897-037e-4d58-b5c3-1bdfd0f47bf9" CreatedByScreenID="        " CreatedDateTime="1900-01-01 00:00:00" LastModifiedByID="b5344897-037e-4d58-b5c3-1bdfd0f47bf9" LastModifiedByScreenID="        " LastModifiedDateTime="1900-01-01 00:00:00" NumberingSeq="17" />
		<row NumberingID="SOORDER" CompanyNumberingSEQ="10013" StartNbr="000000" EndNbr="999999" StartDate="1900-01-01 00:00:00" LastNbr="000023" WarnNbr="999990" NbrStep="1" CreatedByID="b5344897-037e-4d58-b5c3-1bdfd0f47bf9" CreatedByScreenID="SM209900" CreatedDateTime="2019-10-17 04:44:57.02" LastModifiedByID="b5344897-037e-4d58-b5c3-1bdfd0f47bf9" LastModifiedByScreenID="SM209900" LastModifiedDateTime="2019-10-17 04:44:57.02" NumberingSeq="34" />
		<row NumberingID="SOSHIPMENT" CompanyNumberingSEQ="10016" StartNbr="000000" EndNbr="999999" StartDate="1900-01-01 00:00:00" LastNbr="000021" WarnNbr="999990" NbrStep="1" CreatedByID="b5344897-037e-4d58-b5c3-1bdfd0f47bf9" CreatedByScreenID="SM209900" CreatedDateTime="2019-10-17 04:44:57.02" LastModifiedByID="b5344897-037e-4d58-b5c3-1bdfd0f47bf9" LastModifiedByScreenID="SM209900" LastModifiedDateTime="2019-10-17 04:44:57.02" NumberingSeq="35" />
		<row NumberingID="VENDORNUM" CompanyNumberingSEQ="3255" StartNbr="V000000001" EndNbr="V999999999" StartDate="1900-01-01 00:00:00" LastNbr="V000000005" WarnNbr="V999999899" NbrStep="1" CreatedByID="b5344897-037e-4d58-b5c3-1bdfd0f47bf9" CreatedByScreenID="CS201010" CreatedDateTime="2014-10-22 12:42:48.83" LastModifiedByID="b5344897-037e-4d58-b5c3-1bdfd0f47bf9" LastModifiedByScreenID="CS201010" LastModifiedDateTime="2014-10-22 12:42:48.83" NumberingSeq="3255" />
	</rows>
</data>