﻿<?xml version="1.0" encoding="utf-8"?>
<data>
	<table name="Numbering">
		<col name="CompanyID" type="Int" default="Zero" />
		<col name="NumberingID" type="NVarChar(10)" />
		<col name="Descr" type="NVarChar(60)" nullable="true" />
		<col name="UserNumbering" type="Bit" default="Zero" />
		<col name="NewSymbol" type="NVarChar(15)" nullable="true" />
		<col name="tstamp" type="Timestamp" />
		<col name="CreatedByID" type="UniqueIdentifier" />
		<col name="CreatedByScreenID" type="Char(8)" />
		<col name="CreatedDateTime" type="DateTime" />
		<col name="LastModifiedByID" type="UniqueIdentifier" />
		<col name="LastModifiedByScreenID" type="Char(8)" />
		<col name="LastModifiedDateTime" type="DateTime" />
		<col name="CompanyMask" type="VarBinary(32)" default="CompanyMaskReadOnly" />
		<col name="NoteID" type="UniqueIdentifier" />
	</table>
	<rows>
		<row NumberingID="APBATCH" Descr="Batches created from AP documents" UserNumbering="0" NewSymbol="&lt;NEW&gt;" CreatedByID="b5344897-037e-4d58-b5c3-1bdfd0f47bf9" CreatedByScreenID="CS201010" CreatedDateTime="2014-10-22 12:13:16.373" LastModifiedByID="b5344897-037e-4d58-b5c3-1bdfd0f47bf9" LastModifiedByScreenID="CS201010" LastModifiedDateTime="2014-10-22 12:13:16.373" NoteID="9a9fe5ad-10e0-458c-ba81-67f37850a4c5" />
		<row NumberingID="ARBATCH" Descr="Batches created from AR documents" UserNumbering="0" NewSymbol="&lt;NEW&gt;" CreatedByID="b5344897-037e-4d58-b5c3-1bdfd0f47bf9" CreatedByScreenID="CS201010" CreatedDateTime="2014-11-05 14:28:18.037" LastModifiedByID="b5344897-037e-4d58-b5c3-1bdfd0f47bf9" LastModifiedByScreenID="CS201010" LastModifiedDateTime="2014-11-05 14:28:18.037" NoteID="b678884e-f896-41a9-a21c-8580dc5f83aa" />
		<row NumberingID="CUSTNUM" Descr="Customer account numbers" UserNumbering="1" NewSymbol="&lt;NEW&gt;" CreatedByID="b5344897-037e-4d58-b5c3-1bdfd0f47bf9" CreatedByScreenID="CS201010" CreatedDateTime="2014-11-05 14:29:30.54" LastModifiedByID="b5344897-037e-4d58-b5c3-1bdfd0f47bf9" LastModifiedByScreenID="CS201010" LastModifiedDateTime="2019-12-02 19:54:43.893" NoteID="bf8cbde0-14b8-48b4-95bb-0d5b705b12b8" />
		<row NumberingID="VENDORNUM" Descr="Vendor account numbers" UserNumbering="0" NewSymbol="&lt;NEW&gt;" CreatedByID="b5344897-037e-4d58-b5c3-1bdfd0f47bf9" CreatedByScreenID="CS201010" CreatedDateTime="2014-10-22 12:42:48.823" LastModifiedByID="b5344897-037e-4d58-b5c3-1bdfd0f47bf9" LastModifiedByScreenID="CS201010" LastModifiedDateTime="2014-10-22 12:42:48.823" NoteID="6fe42c9e-5f2e-499b-a253-b4802bfd4c49" />
	</rows>
</data>