﻿<?xml version="1.0" encoding="utf-8"?>
<data>
	<table name="Organization">
		<col name="CompanyID" type="Int" default="Zero" />
		<col name="OrganizationID" type="Int" identity="true" />
		<col name="OrganizationCD" type="NVarChar(30)" />
		<col name="OrganizationType" type="VarChar(15)" />
		<col name="ActualLedgerID" type="Int" nullable="true" />
		<col name="Active" type="Bit" />
		<col name="OrganizationName" type="NVarChar(60)" nullable="true" />
		<col name="FileTaxesByBranches" type="Bit" default="Zero" />
		<col name="RoleName" type="NVarChar(64)" nullable="true" />
		<col name="OverrideThemeVariables" type="Bit" default="Zero" />
		<col name="CountryID" type="NVarChar(2)" nullable="true" />
		<col name="PhoneMask" type="VarChar(50)" nullable="true" />
		<col name="DefaultPrinter" type="VarChar(20)" nullable="true" />
		<col name="BAccountID" type="Int" />
		<col name="LogoName" type="NVarChar(255)" nullable="true" />
		<col name="LogoNameReport" type="NVarChar(255)" nullable="true" />
		<col name="AllowsRUTROT" type="Bit" default="Zero" />
		<col name="RUTROTDeductionPct" type="Decimal(19,4)" nullable="true" />
		<col name="RUTROTPersonalAllowanceLimit" type="Decimal(19,4)" nullable="true" />
		<col name="RUTDeductionPct" type="Decimal(19,4)" default="Zero" />
		<col name="RUTPersonalAllowanceLimit" type="Decimal(19,4)" default="Zero" />
		<col name="RUTExtraAllowanceLimit" type="Decimal(19,4)" default="Zero" />
		<col name="ROTDeductionPct" type="Decimal(19,4)" default="Zero" />
		<col name="ROTPersonalAllowanceLimit" type="Decimal(19,4)" default="Zero" />
		<col name="ROTExtraAllowanceLimit" type="Decimal(19,4)" default="Zero" />
		<col name="RUTROTCuryID" type="NVarChar(5)" nullable="true" />
		<col name="RUTROTClaimNextRefNbr" type="Int" default="Zero" />
		<col name="RUTROTOrgNbrValidRegEx" type="NVarChar(255)" nullable="true" />
		<col name="TCC" type="NVarChar(5)" nullable="true" />
		<col name="ForeignEntity" type="Bit" nullable="true" />
		<col name="CFSFiler" type="Bit" nullable="true" />
		<col name="ContactName" type="NVarChar(255)" nullable="true" />
		<col name="CTelNumber" type="NVarChar(25)" nullable="true" />
		<col name="CEmail" type="NVarChar(255)" nullable="true" />
		<col name="NameControl" type="NVarChar(4)" nullable="true" />
		<col name="Reporting1099" type="Bit" default="Zero" />
		<col name="DefaultRUTROTType" type="NVarChar(1)" nullable="true" />
		<col name="TaxAgencyAccountID" type="Int" nullable="true" />
		<col name="BalanceOnProcess" type="NVarChar(1)" nullable="true" />
		<col name="CreatedByID" type="UniqueIdentifier" />
		<col name="CreatedByScreenID" type="Char(8)" />
		<col name="CreatedDateTime" type="DateTime" />
		<col name="LastModifiedByID" type="UniqueIdentifier" />
		<col name="LastModifiedByScreenID" type="Char(8)" />
		<col name="LastModifiedDateTime" type="DateTime" />
		<col name="tstamp" type="Timestamp" />
		<col name="GroupMask" type="VarBinary(32)" default="BinaryMaskZero" />
		<col name="DeletedDatabaseRecord" type="Bit" default="Zero" />
		<col name="NoteID" type="UniqueIdentifier" nullable="true" />
		<col name="ConvertedFromBranchID" type="Int" nullable="true" />
	</table>
	<rows>
		<row OrganizationID="7" OrganizationCD="MYCOMPANY " OrganizationType="WithoutBranches" ActualLedgerID="1" Active="1" OrganizationName="MyCompany" FileTaxesByBranches="0" OverrideThemeVariables="0" BAccountID="1" AllowsRUTROT="0" RUTROTDeductionPct="0.0000" RUTROTPersonalAllowanceLimit="0.0000" RUTDeductionPct="0.0000" RUTPersonalAllowanceLimit="0.0000" RUTExtraAllowanceLimit="0.0000" ROTDeductionPct="0.0000" ROTPersonalAllowanceLimit="0.0000" ROTExtraAllowanceLimit="0.0000" RUTROTClaimNextRefNbr="0" Reporting1099="0" DefaultRUTROTType="U" CreatedByID="b5344897-037e-4d58-b5c3-1bdfd0f47bf9" CreatedByScreenID="CS102000" CreatedDateTime="2014-10-02 11:35:07.33" LastModifiedByID="b5344897-037e-4d58-b5c3-1bdfd0f47bf9" LastModifiedByScreenID="CS102000" LastModifiedDateTime="2016-04-08 00:42:40.823" GroupMask="0x" DeletedDatabaseRecord="0" NoteID="59752988-064a-e411-b973-74d435e7799b" />
	</rows>
</data>