﻿<?xml version="1.0" encoding="utf-8"?>
<data>
	<table name="PaymentMethodDetail">
		<col name="CompanyID" type="Int" default="Zero" />
		<col name="PaymentMethodID" type="NVarChar(10)" />
		<col name="DetailID" type="NVarChar(10)" />
		<col name="UseFor" type="Char(1)" />
		<col name="Descr" type="NVarChar(60)" nullable="true" />
		<col name="EntryMask" type="VarChar(255)" nullable="true" />
		<col name="ValidRegexp" type="VarChar(255)" nullable="true" />
		<col name="DisplayMask" type="VarChar(255)" nullable="true" />
		<col name="IsEncrypted" type="Bit" default="Zero" />
		<col name="IsRequired" type="Bit" default="Zero" />
		<col name="IsIdentifier" type="Bit" default="Zero" />
		<col name="IsExpirationDate" type="Bit" default="Zero" />
		<col name="IsCVV" type="Bit" default="Zero" />
		<col name="IsOwnerName" type="Bit" default="Zero" />
		<col name="IsCCProcessingID" type="Bit" default="Zero" />
		<col name="OrderIndex" type="SmallInt" nullable="true" />
		<col name="CreatedByID" type="UniqueIdentifier" />
		<col name="CreatedByScreenID" type="Char(8)" />
		<col name="CreatedDateTime" type="DateTime" />
		<col name="LastModifiedByID" type="UniqueIdentifier" />
		<col name="LastModifiedByScreenID" type="Char(8)" />
		<col name="LastModifiedDateTime" type="DateTime" />
		<col name="tstamp" type="Timestamp" />
		<col name="CompanyMask" type="VarBinary(32)" default="CompanyMaskReadOnly" />
		<col name="NoteID" type="UniqueIdentifier" />
	</table>
	<rows>
		<row PaymentMethodID="SHOPIFY" DetailID="CCDNUM" UseFor="R" Descr="Card Number" EntryMask="0000-0000-0000-0000" ValidRegexp="" DisplayMask="****-****-****-0000" IsEncrypted="1" IsRequired="0" IsIdentifier="1" IsExpirationDate="0" IsCVV="0" IsOwnerName="0" IsCCProcessingID="0" OrderIndex="1" CreatedByID="b5344897-037e-4d58-b5c3-1bdfd0f47bf9" CreatedByScreenID="CA204000" CreatedDateTime="2019-12-02 20:26:50.06" LastModifiedByID="b5344897-037e-4d58-b5c3-1bdfd0f47bf9" LastModifiedByScreenID="CA204000" LastModifiedDateTime="2019-12-02 20:26:50.06" NoteID="6ea92545-7415-ea11-a6ec-9cb6d0c82c0c" />
		<row PaymentMethodID="SHOPIFY" DetailID="CCPID" UseFor="R" Descr="Payment Profile ID" EntryMask="" ValidRegexp="" IsEncrypted="0" IsRequired="1" IsIdentifier="0" IsExpirationDate="0" IsCVV="0" IsOwnerName="0" IsCCProcessingID="1" OrderIndex="5" CreatedByID="b5344897-037e-4d58-b5c3-1bdfd0f47bf9" CreatedByScreenID="CA204000" CreatedDateTime="2019-12-02 20:26:50.053" LastModifiedByID="b5344897-037e-4d58-b5c3-1bdfd0f47bf9" LastModifiedByScreenID="CA204000" LastModifiedDateTime="2019-12-02 20:26:50.053" NoteID="6da92545-7415-ea11-a6ec-9cb6d0c82c0c" />
		<row PaymentMethodID="SHOPIFY" DetailID="CVV" UseFor="R" Descr="Card Verification Code" EntryMask="000" ValidRegexp="" IsEncrypted="1" IsRequired="0" IsIdentifier="0" IsExpirationDate="0" IsCVV="1" IsOwnerName="0" IsCCProcessingID="0" OrderIndex="4" CreatedByID="b5344897-037e-4d58-b5c3-1bdfd0f47bf9" CreatedByScreenID="CA204000" CreatedDateTime="2019-12-02 20:26:50.063" LastModifiedByID="b5344897-037e-4d58-b5c3-1bdfd0f47bf9" LastModifiedByScreenID="CA204000" LastModifiedDateTime="2019-12-02 20:26:50.063" NoteID="71a92545-7415-ea11-a6ec-9cb6d0c82c0c" />
		<row PaymentMethodID="SHOPIFY" DetailID="EXPDATE" UseFor="R" Descr="Expiration Date" EntryMask="00/0000" ValidRegexp="" IsEncrypted="1" IsRequired="0" IsIdentifier="0" IsExpirationDate="1" IsCVV="0" IsOwnerName="0" IsCCProcessingID="0" OrderIndex="2" CreatedByID="b5344897-037e-4d58-b5c3-1bdfd0f47bf9" CreatedByScreenID="CA204000" CreatedDateTime="2019-12-02 20:26:50.06" LastModifiedByID="b5344897-037e-4d58-b5c3-1bdfd0f47bf9" LastModifiedByScreenID="CA204000" LastModifiedDateTime="2019-12-02 20:26:50.06" NoteID="6fa92545-7415-ea11-a6ec-9cb6d0c82c0c" />
		<row PaymentMethodID="SHOPIFY" DetailID="NAMEONCC" UseFor="R" Descr="Name on the Card" EntryMask="" ValidRegexp="" IsEncrypted="0" IsRequired="0" IsIdentifier="0" IsExpirationDate="0" IsCVV="0" IsOwnerName="1" IsCCProcessingID="0" OrderIndex="3" CreatedByID="b5344897-037e-4d58-b5c3-1bdfd0f47bf9" CreatedByScreenID="CA204000" CreatedDateTime="2019-12-02 20:26:50.063" LastModifiedByID="b5344897-037e-4d58-b5c3-1bdfd0f47bf9" LastModifiedByScreenID="CA204000" LastModifiedDateTime="2019-12-02 20:26:50.063" NoteID="70a92545-7415-ea11-a6ec-9cb6d0c82c0c" />
	</rows>
</data>