﻿<?xml version="1.0" encoding="utf-8"?>
<data>
	<table name="PaymentMethod">
		<col name="CompanyID" type="Int" default="Zero" />
		<col name="PaymentMethodID" type="NVarChar(10)" />
		<col name="PMInstanceID" type="Int" />
		<col name="Descr" type="NVarChar(60)" nullable="true" />
		<col name="PaymentType" type="Char(3)" />
		<col name="DefaultCashAccountID" type="Int" nullable="true" />
		<col name="IsActive" type="Bit" />
		<col name="UseForAR" type="Bit" />
		<col name="UseForAP" type="Bit" />
		<col name="UseForCA" type="Bit" />
		<col name="APCreateBatchPayment" type="Bit" />
		<col name="APBatchExportSYMappingID" type="UniqueIdentifier" nullable="true" />
		<col name="APPrintChecks" type="Bit" />
		<col name="APCheckReportID" type="VarChar(8)" nullable="true" />
		<col name="APStubLines" type="SmallInt" default="Zero" />
		<col name="APPrintRemittance" type="Bit" />
		<col name="APRemittanceReportID" type="VarChar(8)" nullable="true" />
		<col name="APRequirePaymentRef" type="Bit" />
		<col name="ARIsProcessingRequired" type="Bit" />
		<col name="ARIsOnePerCustomer" type="Bit" />
		<col name="ARDepositAsBatch" type="Bit" />
		<col name="ARVoidOnDepositAccount" type="Bit" />
		<col name="ARDefaultVoidDateToDocumentDate" type="Bit" default="Zero" />
		<col name="ARHasBillingInfo" type="Bit" />
		<col name="ContainsPersonalData" type="Bit" default="Zero" />
		<col name="CreatedByID" type="UniqueIdentifier" />
		<col name="CreatedByScreenID" type="Char(8)" />
		<col name="CreatedDateTime" type="DateTime" />
		<col name="LastModifiedByID" type="UniqueIdentifier" />
		<col name="LastModifiedByScreenID" type="Char(8)" />
		<col name="LastModifiedDateTime" type="DateTime" />
		<col name="DeletedDatabaseRecord" type="Bit" default="Zero" />
		<col name="tstamp" type="Timestamp" />
		<col name="CompanyMask" type="VarBinary(32)" default="CompanyMaskReadOnly" />
		<col name="NoteID" type="UniqueIdentifier" nullable="true" />
	</table>
	<rows>
		<row PaymentMethodID="CASH" PMInstanceID="2247" Descr="Cash Payment" PaymentType="CHC" IsActive="1" UseForAR="1" UseForAP="1" UseForCA="0" APCreateBatchPayment="0" APPrintChecks="0" APStubLines="12" APPrintRemittance="0" APRequirePaymentRef="1" ARIsProcessingRequired="0" ARIsOnePerCustomer="1" ARDepositAsBatch="0" ARVoidOnDepositAccount="0" ARDefaultVoidDateToDocumentDate="0" ARHasBillingInfo="0" ContainsPersonalData="0" CreatedByID="b5344897-037e-4d58-b5c3-1bdfd0f47bf9" CreatedByScreenID="CA201000" CreatedDateTime="2014-10-21 17:01:03.107" LastModifiedByID="b5344897-037e-4d58-b5c3-1bdfd0f47bf9" LastModifiedByScreenID="CA204000" LastModifiedDateTime="2014-10-21 17:01:03.107" DeletedDatabaseRecord="0" NoteID="d8ba7374-8729-46d3-8e57-c83d007eddf7" />
		<row PaymentMethodID="CHECK" PMInstanceID="2248" Descr="Check Payment" PaymentType="CHC" IsActive="1" UseForAR="1" UseForAP="1" UseForCA="0" APCreateBatchPayment="0" APPrintChecks="1" APCheckReportID="AP641000" APStubLines="10" APPrintRemittance="0" APRequirePaymentRef="1" ARIsProcessingRequired="0" ARIsOnePerCustomer="1" ARDepositAsBatch="0" ARVoidOnDepositAccount="0" ARDefaultVoidDateToDocumentDate="0" ARHasBillingInfo="0" ContainsPersonalData="0" CreatedByID="b5344897-037e-4d58-b5c3-1bdfd0f47bf9" CreatedByScreenID="CA201000" CreatedDateTime="2014-10-21 17:02:36.85" LastModifiedByID="b5344897-037e-4d58-b5c3-1bdfd0f47bf9" LastModifiedByScreenID="CA204000" LastModifiedDateTime="2014-10-21 17:02:36.85" DeletedDatabaseRecord="0" NoteID="a753e5fc-356c-46f0-ab44-ed5d9e52f491" />
		<row PaymentMethodID="SHOPIFY" PMInstanceID="2324" Descr="Shopify Online Payments" PaymentType="CCD" IsActive="1" UseForAR="1" UseForAP="0" UseForCA="0" APCreateBatchPayment="0" APPrintChecks="0" APStubLines="10" APPrintRemittance="0" APRequirePaymentRef="1" ARIsProcessingRequired="0" ARIsOnePerCustomer="1" ARDepositAsBatch="0" ARVoidOnDepositAccount="0" ARDefaultVoidDateToDocumentDate="0" ARHasBillingInfo="0" ContainsPersonalData="0" CreatedByID="b5344897-037e-4d58-b5c3-1bdfd0f47bf9" CreatedByScreenID="CA204000" CreatedDateTime="2019-12-02 20:26:49.923" LastModifiedByID="b5344897-037e-4d58-b5c3-1bdfd0f47bf9" LastModifiedByScreenID="CA204000" LastModifiedDateTime="2019-12-05 08:31:12.743" DeletedDatabaseRecord="0" NoteID="dd6bc13e-7415-ea11-a6ec-9cb6d0c82c0c" />
		<row PaymentMethodID="WIRE" PMInstanceID="2322" Descr="Wire Transfer" PaymentType="CHC" IsActive="1" UseForAR="1" UseForAP="1" UseForCA="0" APCreateBatchPayment="0" APPrintChecks="0" APStubLines="10" APPrintRemittance="0" APRequirePaymentRef="1" ARIsProcessingRequired="0" ARIsOnePerCustomer="1" ARDepositAsBatch="0" ARVoidOnDepositAccount="0" ARDefaultVoidDateToDocumentDate="0" ARHasBillingInfo="0" ContainsPersonalData="0" CreatedByID="b5344897-037e-4d58-b5c3-1bdfd0f47bf9" CreatedByScreenID="CA204000" CreatedDateTime="2016-02-09 02:28:13.757" LastModifiedByID="b5344897-037e-4d58-b5c3-1bdfd0f47bf9" LastModifiedByScreenID="CA204000" LastModifiedDateTime="2016-02-09 02:43:31.867" DeletedDatabaseRecord="0" NoteID="5618cb26-20cf-e511-80c0-00155d012302" />
	</rows>
</data>