﻿<?xml version="1.0" encoding="utf-8"?>
<data>
	<table name="PMContact">
		<col name="CompanyID" type="Int" default="Zero" />
		<col name="ContactID" type="Int" identity="true" />
		<col name="CustomerID" type="Int" />
		<col name="CustomerContactID" type="Int" nullable="true" />
		<col name="RevisionID" type="Int" />
		<col name="IsDefaultContact" type="Bit" />
		<col name="Title" type="NVarChar(50)" nullable="true" />
		<col name="Salutation" type="NVarChar(255)" nullable="true" />
		<col name="Attention" type="NVarChar(255)" nullable="true" />
		<col name="FullName" type="NVarChar(255)" nullable="true" />
		<col name="Email" type="NVarChar(255)" nullable="true" />
		<col name="Phone1" type="VarChar(50)" nullable="true" />
		<col name="Phone1Type" type="VarChar(3)" nullable="true" />
		<col name="Phone2" type="VarChar(50)" nullable="true" />
		<col name="Phone2Type" type="VarChar(3)" nullable="true" />
		<col name="Phone3" type="VarChar(50)" nullable="true" />
		<col name="Phone3Type" type="VarChar(3)" nullable="true" />
		<col name="Fax" type="VarChar(50)" nullable="true" />
		<col name="FaxType" type="VarChar(3)" nullable="true" />
		<col name="ContractID" type="Int" nullable="true" />
		<col name="PseudonymizationStatus" type="Int" nullable="true" default="Zero" />
		<col name="NoteID" type="UniqueIdentifier" />
		<col name="CreatedByID" type="UniqueIdentifier" />
		<col name="CreatedByScreenID" type="Char(8)" />
		<col name="CreatedDateTime" type="DateTime" />
		<col name="LastModifiedByID" type="UniqueIdentifier" />
		<col name="LastModifiedByScreenID" type="Char(8)" />
		<col name="LastModifiedDateTime" type="DateTime" />
		<col name="tstamp" type="Timestamp" />
	</table>
	<rows>
		<row ContactID="10" CustomerID="14" CustomerContactID="14" RevisionID="1" IsDefaultContact="1" FullName="OfficeSuppliesCo" Phone1Type="B1" Phone2Type="B2" Phone3Type="H1" FaxType="BF" PseudonymizationStatus="0" NoteID="c8a13d54-e650-47fd-a138-96a4262ae0f6" CreatedByID="b5344897-037e-4d58-b5c3-1bdfd0f47bf9" CreatedByScreenID="AP303000" CreatedDateTime="2014-10-22 14:49:44.167" LastModifiedByID="b5344897-037e-4d58-b5c3-1bdfd0f47bf9" LastModifiedByScreenID="AP303000" LastModifiedDateTime="2014-10-22 14:49:44.167" />
	</rows>
</data>