﻿<?xml version="1.0" encoding="utf-8"?>
<data>
	<table name="PMInstance">
		<col name="CompanyID" type="Int" default="Zero" />
		<col name="PMInstanceID" type="Int" default="IdentCurrent" />
		<col name="CompanyPMInstanceID" type="Int" identity="true" />
		<col name="CompanyMask" type="VarBinary(32)" default="CompanyMaskReadOnly" />
		<col name="tstamp" type="Timestamp" />
	</table>
	<rows>
		<row PMInstanceID="2322" CompanyPMInstanceID="2322" />
		<row PMInstanceID="2324" CompanyPMInstanceID="2324" />
	</rows>
</data>