﻿<?xml version="1.0" encoding="utf-8"?>
<data>
	<table name="Roles">
		<col name="CompanyID" type="Int" default="Zero" />
		<col name="Rolename" type="NVarChar(64)" />
		<col name="ApplicationName" type="VarChar(32)" />
		<col name="Descr" type="NVarChar(255)" nullable="true" />
		<col name="Guest" type="Bit" default="Zero" />
		<col name="CompanyMask" type="VarBinary(32)" default="CompanyMaskReadOnly" />
		<col name="CreatedByID" type="UniqueIdentifier" />
		<col name="CreatedByScreenID" type="Char(8)" />
		<col name="CreatedDateTime" type="DateTime" />
		<col name="LastModifiedByID" type="UniqueIdentifier" />
		<col name="LastModifiedByScreenID" type="Char(8)" />
		<col name="LastModifiedDateTime" type="DateTime" />
	</table>
	<rows>
		<row Rolename="ReportDesigner" ApplicationName="/" Descr="Report Designer" Guest="0" CreatedByID="b5344897-037e-4d58-b5c3-1bdfd0f47bf9" CreatedByScreenID="SM209900" CreatedDateTime="2019-12-31 10:45:59.187" LastModifiedByID="b5344897-037e-4d58-b5c3-1bdfd0f47bf9" LastModifiedByScreenID="SM201005" LastModifiedDateTime="2019-12-31 10:45:59.187" />
	</rows>
</data>