﻿<?xml version="1.0" encoding="utf-8"?>
<data>
	<table name="SegmentValue">
		<col name="CompanyID" type="Int" default="Zero" />
		<col name="DimensionID" type="NVarChar(15)" />
		<col name="SegmentID" type="SmallInt" />
		<col name="Value" type="NVarChar(30)" />
		<col name="Active" type="Bit" />
		<col name="Descr" type="NVarChar(60)" nullable="true" />
		<col name="IsConsolidatedValue" type="Bit" nullable="true" />
		<col name="MappedSegValue" type="NVarChar(30)" nullable="true" />
		<col name="tstamp" type="Timestamp" />
		<col name="CreatedByID" type="UniqueIdentifier" />
		<col name="CreatedByScreenID" type="Char(8)" />
		<col name="CreatedDateTime" type="DateTime" />
		<col name="LastModifiedByID" type="UniqueIdentifier" />
		<col name="LastModifiedByScreenID" type="Char(8)" />
		<col name="LastModifiedDateTime" type="DateTime" />
		<col name="GroupMask" type="VarBinary(32)" default="BinaryMaskZero" />
		<col name="CompanyMask" type="VarBinary(32)" default="CompanyMaskReadOnly" />
	</table>
	<rows>
		<row DimensionID="CUSTOMER" SegmentID="1" Value="&lt;NEW&gt;" Active="1" IsConsolidatedValue="0" CreatedByID="b5344897-037e-4d58-b5c3-1bdfd0f47bf9" CreatedByScreenID="CS202000" CreatedDateTime="2014-11-05 14:30:01.743" LastModifiedByID="b5344897-037e-4d58-b5c3-1bdfd0f47bf9" LastModifiedByScreenID="CS202000" LastModifiedDateTime="2014-11-05 14:30:01.743" GroupMask="0x" />
		<row DimensionID="VENDOR" SegmentID="1" Value="&lt;NEW&gt;" Active="1" IsConsolidatedValue="0" CreatedByID="b5344897-037e-4d58-b5c3-1bdfd0f47bf9" CreatedByScreenID="CS202000" CreatedDateTime="2014-10-22 12:43:54.08" LastModifiedByID="b5344897-037e-4d58-b5c3-1bdfd0f47bf9" LastModifiedByScreenID="CS202000" LastModifiedDateTime="2014-10-22 12:43:54.08" GroupMask="0x" />
	</rows>
</data>