﻿<?xml version="1.0" encoding="utf-8"?>
<data>
	<table name="Segment">
		<col name="CompanyID" type="Int" default="Zero" />
		<col name="DimensionID" type="NVarChar(15)" />
		<col name="SegmentID" type="SmallInt" />
		<col name="Align" type="SmallInt" />
		<col name="Descr" type="NVarChar(60)" nullable="true" />
		<col name="EditMask" type="Char(1)" />
		<col name="FillCharacter" type="Char(1)" />
		<col name="PromptCharacter" type="Char(1)" />
		<col name="Length" type="SmallInt" />
		<col name="Separator" type="Char(1)" />
		<col name="Validate" type="Bit" />
		<col name="AutoNumber" type="Bit" />
		<col name="CaseConvert" type="SmallInt" />
		<col name="ConsolOrder" type="SmallInt" />
		<col name="ConsolNumChar" type="SmallInt" />
		<col name="ParentDimensionID" type="NVarChar(15)" nullable="true" />
		<col name="tstamp" type="Timestamp" />
		<col name="CreatedByID" type="UniqueIdentifier" />
		<col name="CreatedByScreenID" type="Char(8)" />
		<col name="CreatedDateTime" type="DateTime" />
		<col name="LastModifiedByID" type="UniqueIdentifier" />
		<col name="LastModifiedByScreenID" type="Char(8)" />
		<col name="LastModifiedDateTime" type="DateTime" />
		<col name="IsCosted" type="Bit" nullable="true" />
		<col name="CompanyMask" type="VarBinary(32)" default="CompanyMaskReadOnly" />
	</table>
	<rows>
		<row DimensionID="ACCOUNT" SegmentID="1" Align="0" Descr="GL Account" EditMask="C" FillCharacter=" " PromptCharacter="_" Length="6" Separator="-" Validate="0" AutoNumber="0" CaseConvert="1" ConsolOrder="0" ConsolNumChar="6" CreatedByID="b5344897-037e-4d58-b5c3-1bdfd0f47bf9" CreatedByScreenID="        " CreatedDateTime="2014-10-02 11:36:24.4" LastModifiedByID="b5344897-037e-4d58-b5c3-1bdfd0f47bf9" LastModifiedByScreenID="CS202000" LastModifiedDateTime="2014-10-02 11:36:24.4" IsCosted="0" />
		<row DimensionID="BIZACCT" SegmentID="1" Align="0" Descr="Business Account" EditMask="C" FillCharacter=" " PromptCharacter="_" Length="30" Separator="-" Validate="0" AutoNumber="0" CaseConvert="1" ConsolOrder="0" ConsolNumChar="30" CreatedByID="b5344897-037e-4d58-b5c3-1bdfd0f47bf9" CreatedByScreenID="SM209900" CreatedDateTime="2019-12-02 19:56:07.433" LastModifiedByID="b5344897-037e-4d58-b5c3-1bdfd0f47bf9" LastModifiedByScreenID="CS202000" LastModifiedDateTime="2019-12-02 19:56:07.433" IsCosted="0" />
		<row DimensionID="CASHACCOUNT" SegmentID="1" Align="0" Descr="Cash Account" EditMask="C" FillCharacter=" " PromptCharacter="_" Length="6" Separator="-" Validate="0" AutoNumber="0" CaseConvert="1" ConsolOrder="0" ConsolNumChar="6" CreatedByID="b5344897-037e-4d58-b5c3-1bdfd0f47bf9" CreatedByScreenID="CS202000" CreatedDateTime="2014-10-21 14:40:03.667" LastModifiedByID="b5344897-037e-4d58-b5c3-1bdfd0f47bf9" LastModifiedByScreenID="CS202000" LastModifiedDateTime="2014-10-21 14:40:03.667" IsCosted="0" />
		<row DimensionID="CUSTOMER" SegmentID="1" Align="0" Descr="Business Account" EditMask="C" FillCharacter=" " PromptCharacter="_" Length="30" Separator="-" Validate="0" AutoNumber="0" CaseConvert="1" ConsolOrder="0" ConsolNumChar="30" ParentDimensionID="BIZACCT" CreatedByID="b5344897-037e-4d58-b5c3-1bdfd0f47bf9" CreatedByScreenID="        " CreatedDateTime="2014-11-05 14:30:01.74" LastModifiedByID="b5344897-037e-4d58-b5c3-1bdfd0f47bf9" LastModifiedByScreenID="CS202000" LastModifiedDateTime="2019-12-02 20:05:40.39" IsCosted="0" />
		<row DimensionID="INVENTORY" SegmentID="1" Align="0" Descr="Inventory " EditMask="C" FillCharacter=" " PromptCharacter="_" Length="30" Separator="-" Validate="0" AutoNumber="0" CaseConvert="1" ConsolOrder="0" ConsolNumChar="30" CreatedByID="b5344897-037e-4d58-b5c3-1bdfd0f47bf9" CreatedByScreenID="SM209900" CreatedDateTime="2019-12-02 20:08:48.22" LastModifiedByID="b5344897-037e-4d58-b5c3-1bdfd0f47bf9" LastModifiedByScreenID="CS202000" LastModifiedDateTime="2019-12-02 20:08:48.22" IsCosted="0" />
		<row DimensionID="VENDOR" SegmentID="1" Align="0" Descr="Business Account" EditMask="C" FillCharacter=" " PromptCharacter="_" Length="30" Separator="-" Validate="0" AutoNumber="1" CaseConvert="1" ConsolOrder="0" ConsolNumChar="30" ParentDimensionID="BIZACCT" CreatedByID="b5344897-037e-4d58-b5c3-1bdfd0f47bf9" CreatedByScreenID="        " CreatedDateTime="2014-10-22 12:43:54.077" LastModifiedByID="b5344897-037e-4d58-b5c3-1bdfd0f47bf9" LastModifiedByScreenID="CS202000" LastModifiedDateTime="2019-12-02 19:56:07.437" IsCosted="0" />
	</rows>
</data>