﻿<?xml version="1.0" encoding="utf-8"?>
<data>
	<table name="SOAddress">
		<col name="CompanyID" type="Int" default="Zero" />
		<col name="AddressID" type="Int" identity="true" />
		<col name="CustomerID" type="Int" />
		<col name="CustomerAddressID" type="Int" nullable="true" />
		<col name="RevisionID" type="Int" />
		<col name="IsDefaultAddress" type="Bit" />
		<col name="AddressLine1" type="NVarChar(50)" nullable="true" />
		<col name="AddressLine2" type="NVarChar(50)" nullable="true" />
		<col name="AddressLine3" type="NVarChar(50)" nullable="true" />
		<col name="City" type="NVarChar(50)" nullable="true" />
		<col name="CountryID" type="NVarChar(2)" nullable="true" />
		<col name="State" type="NVarChar(50)" nullable="true" />
		<col name="PostalCode" type="VarChar(20)" nullable="true" />
		<col name="IsValidated" type="Bit" />
		<col name="PseudonymizationStatus" type="Int" nullable="true" default="Zero" />
		<col name="NoteID" type="UniqueIdentifier" />
		<col name="CreatedByID" type="UniqueIdentifier" />
		<col name="CreatedByScreenID" type="Char(8)" />
		<col name="CreatedDateTime" type="DateTime" />
		<col name="LastModifiedByID" type="UniqueIdentifier" />
		<col name="LastModifiedByScreenID" type="Char(8)" />
		<col name="LastModifiedDateTime" type="DateTime" />
		<col name="tstamp" type="Timestamp" />
	</table>
	<rows>
		<row AddressID="1" CustomerID="27" CustomerAddressID="36" RevisionID="1" IsDefaultAddress="1" CountryID="US" IsValidated="0" PseudonymizationStatus="0" NoteID="e3b50c59-7b15-ea11-a6ec-9cb6d0c82c0c" CreatedByID="b5344897-037e-4d58-b5c3-1bdfd0f47bf9" CreatedByScreenID="SO301000" CreatedDateTime="2019-12-02 21:17:03.77" LastModifiedByID="b5344897-037e-4d58-b5c3-1bdfd0f47bf9" LastModifiedByScreenID="SO301000" LastModifiedDateTime="2019-12-02 21:17:03.77" />
		<row AddressID="2" CustomerID="30" CustomerAddressID="39" RevisionID="2" IsDefaultAddress="0" AddressLine1="1727 Bonita Avenue" AddressLine2="Suite 900" City="Mount Prospect" CountryID="US" State="ILLINOIS" PostalCode="60056" IsValidated="0" PseudonymizationStatus="0" NoteID="ec387e74-8a17-ea11-a6ed-9cb6d0c82c0c" CreatedByID="b5344897-037e-4d58-b5c3-1bdfd0f47bf9" CreatedByScreenID="SO301000" CreatedDateTime="2019-12-05 12:10:12.107" LastModifiedByID="b5344897-037e-4d58-b5c3-1bdfd0f47bf9" LastModifiedByScreenID="SO301000" LastModifiedDateTime="2019-12-05 12:11:35.33" />
		<row AddressID="3" CustomerID="30" CustomerAddressID="39" RevisionID="2" IsDefaultAddress="0" AddressLine1="1727 Bonita Avenue" AddressLine2="Suite 900" City="Mount Prospect" CountryID="US" State="ILLINOIS" PostalCode="60056" IsValidated="0" PseudonymizationStatus="0" NoteID="ed387e74-8a17-ea11-a6ed-9cb6d0c82c0c" CreatedByID="b5344897-037e-4d58-b5c3-1bdfd0f47bf9" CreatedByScreenID="SO301000" CreatedDateTime="2019-12-05 12:10:12.11" LastModifiedByID="b5344897-037e-4d58-b5c3-1bdfd0f47bf9" LastModifiedByScreenID="SO301000" LastModifiedDateTime="2019-12-05 12:11:35.33" />
		<row AddressID="4" CustomerID="30" CustomerAddressID="39" RevisionID="2" IsDefaultAddress="0" AddressLine1="1727 Bonita Avenue" AddressLine2="Suite 900" City="Mount Prospect" CountryID="US" State="ILLINOIS" PostalCode="60056" IsValidated="0" PseudonymizationStatus="0" NoteID="fa387e74-8a17-ea11-a6ed-9cb6d0c82c0c" CreatedByID="b5344897-037e-4d58-b5c3-1bdfd0f47bf9" CreatedByScreenID="SO301000" CreatedDateTime="2019-12-05 12:10:12.18" LastModifiedByID="b5344897-037e-4d58-b5c3-1bdfd0f47bf9" LastModifiedByScreenID="SO301000" LastModifiedDateTime="2019-12-05 12:10:12.18" />
		<row AddressID="5" CustomerID="30" CustomerAddressID="39" RevisionID="2" IsDefaultAddress="0" AddressLine1="1727 Bonita Avenue" AddressLine2="Suite 900" City="Mount Prospect" CountryID="US" State="ILLINOIS" PostalCode="60056" IsValidated="0" PseudonymizationStatus="0" NoteID="fb387e74-8a17-ea11-a6ed-9cb6d0c82c0c" CreatedByID="b5344897-037e-4d58-b5c3-1bdfd0f47bf9" CreatedByScreenID="SO301000" CreatedDateTime="2019-12-05 12:10:12.18" LastModifiedByID="b5344897-037e-4d58-b5c3-1bdfd0f47bf9" LastModifiedByScreenID="SO301000" LastModifiedDateTime="2019-12-05 12:10:12.18" />
		<row AddressID="6" CustomerID="30" CustomerAddressID="39" RevisionID="2" IsDefaultAddress="0" AddressLine1="1727 Bonita Avenue" AddressLine2="Suite 900" City="Mount Prospect" CountryID="US" State="ILLINOIS" PostalCode="60056" IsValidated="0" PseudonymizationStatus="0" NoteID="a6550c7b-8a17-ea11-a6ed-9cb6d0c82c0c" CreatedByID="b5344897-037e-4d58-b5c3-1bdfd0f47bf9" CreatedByScreenID="SO301000" CreatedDateTime="2019-12-05 12:10:14.1" LastModifiedByID="b5344897-037e-4d58-b5c3-1bdfd0f47bf9" LastModifiedByScreenID="SO301000" LastModifiedDateTime="2019-12-05 12:10:14.1" />
		<row AddressID="7" CustomerID="30" CustomerAddressID="39" RevisionID="2" IsDefaultAddress="0" AddressLine1="1727 Bonita Avenue" AddressLine2="Suite 900" City="Mount Prospect" CountryID="US" State="ILLINOIS" PostalCode="60056" IsValidated="0" PseudonymizationStatus="0" NoteID="a7550c7b-8a17-ea11-a6ed-9cb6d0c82c0c" CreatedByID="b5344897-037e-4d58-b5c3-1bdfd0f47bf9" CreatedByScreenID="SO301000" CreatedDateTime="2019-12-05 12:10:14.1" LastModifiedByID="b5344897-037e-4d58-b5c3-1bdfd0f47bf9" LastModifiedByScreenID="SO301000" LastModifiedDateTime="2019-12-05 12:10:14.1" />
		<row AddressID="8" CustomerID="30" CustomerAddressID="39" RevisionID="2" IsDefaultAddress="0" AddressLine1="1727 Bonita Avenue" AddressLine2="Suite 900" City="Mount Prospect" CountryID="US" State="ILLINOIS" PostalCode="60056" IsValidated="0" PseudonymizationStatus="0" NoteID="37560c7b-8a17-ea11-a6ed-9cb6d0c82c0c" CreatedByID="b5344897-037e-4d58-b5c3-1bdfd0f47bf9" CreatedByScreenID="SO301000" CreatedDateTime="2019-12-05 12:10:19.023" LastModifiedByID="b5344897-037e-4d58-b5c3-1bdfd0f47bf9" LastModifiedByScreenID="SO301000" LastModifiedDateTime="2019-12-05 12:10:19.023" />
		<row AddressID="9" CustomerID="30" CustomerAddressID="39" RevisionID="2" IsDefaultAddress="0" AddressLine1="1727 Bonita Avenue" AddressLine2="Suite 900" City="Mount Prospect" CountryID="US" State="ILLINOIS" PostalCode="60056" IsValidated="0" PseudonymizationStatus="0" NoteID="38560c7b-8a17-ea11-a6ed-9cb6d0c82c0c" CreatedByID="b5344897-037e-4d58-b5c3-1bdfd0f47bf9" CreatedByScreenID="SO301000" CreatedDateTime="2019-12-05 12:10:19.027" LastModifiedByID="b5344897-037e-4d58-b5c3-1bdfd0f47bf9" LastModifiedByScreenID="SO301000" LastModifiedDateTime="2019-12-05 12:10:19.027" />
		<row AddressID="10" CustomerID="30" CustomerAddressID="39" RevisionID="3" IsDefaultAddress="0" AddressLine1="1727 Bonita Avenue" AddressLine2="Suite 900" City="Mount Prospect" CountryID="US" State="ILLINOIS" PostalCode="60056" IsValidated="0" PseudonymizationStatus="0" NoteID="5dbf6704-da25-ea11-a6f0-9cb6d0c82c0c" CreatedByID="b5344897-037e-4d58-b5c3-1bdfd0f47bf9" CreatedByScreenID="SO301000" CreatedDateTime="2019-12-23 17:14:53.237" LastModifiedByID="b5344897-037e-4d58-b5c3-1bdfd0f47bf9" LastModifiedByScreenID="SO301000" LastModifiedDateTime="2019-12-23 17:14:53.237" />
		<row AddressID="11" CustomerID="30" CustomerAddressID="39" RevisionID="3" IsDefaultAddress="0" AddressLine1="123 Test Street" AddressLine2="Suite A" City="Mount Prosepect" CountryID="US" State="ILLINOIS" PostalCode="60056" IsValidated="0" PseudonymizationStatus="0" NoteID="5ebf6704-da25-ea11-a6f0-9cb6d0c82c0c" CreatedByID="b5344897-037e-4d58-b5c3-1bdfd0f47bf9" CreatedByScreenID="SO301000" CreatedDateTime="2019-12-23 17:14:53.24" LastModifiedByID="b5344897-037e-4d58-b5c3-1bdfd0f47bf9" LastModifiedByScreenID="SO301000" LastModifiedDateTime="2019-12-23 17:14:53.24" />
		<row AddressID="12" CustomerID="30" CustomerAddressID="39" RevisionID="3" IsDefaultAddress="0" AddressLine1="1727 Bonita Avenue" AddressLine2="Suite 900" City="Mount Prospect" CountryID="US" State="ILLINOIS" PostalCode="60056" IsValidated="0" PseudonymizationStatus="0" NoteID="c0f80588-da25-ea11-a6f0-9cb6d0c82c0c" CreatedByID="b5344897-037e-4d58-b5c3-1bdfd0f47bf9" CreatedByScreenID="SO301000" CreatedDateTime="2019-12-23 17:18:32.11" LastModifiedByID="b5344897-037e-4d58-b5c3-1bdfd0f47bf9" LastModifiedByScreenID="SO301000" LastModifiedDateTime="2019-12-23 17:18:32.11" />
		<row AddressID="13" CustomerID="30" CustomerAddressID="39" RevisionID="3" IsDefaultAddress="0" AddressLine1="123 Test Street" AddressLine2="Suite A" City="Mount Prosepect" CountryID="US" State="ILLINOIS" PostalCode="60056" IsValidated="0" PseudonymizationStatus="0" NoteID="c1f80588-da25-ea11-a6f0-9cb6d0c82c0c" CreatedByID="b5344897-037e-4d58-b5c3-1bdfd0f47bf9" CreatedByScreenID="SO301000" CreatedDateTime="2019-12-23 17:18:32.11" LastModifiedByID="b5344897-037e-4d58-b5c3-1bdfd0f47bf9" LastModifiedByScreenID="SO301000" LastModifiedDateTime="2019-12-23 17:18:32.11" />
		<row AddressID="14" CustomerID="30" CustomerAddressID="39" RevisionID="3" IsDefaultAddress="0" AddressLine1="1727 Bonita Avenue" AddressLine2="Suite 900" City="Mount Prospect" CountryID="US" State="ILLINOIS" PostalCode="60056" IsValidated="0" PseudonymizationStatus="0" NoteID="a6ec5143-db25-ea11-a6f0-9cb6d0c82c0c" CreatedByID="b5344897-037e-4d58-b5c3-1bdfd0f47bf9" CreatedByScreenID="SO301000" CreatedDateTime="2019-12-23 17:23:53.267" LastModifiedByID="b5344897-037e-4d58-b5c3-1bdfd0f47bf9" LastModifiedByScreenID="SO301000" LastModifiedDateTime="2019-12-23 17:23:53.267" />
		<row AddressID="15" CustomerID="30" CustomerAddressID="39" RevisionID="3" IsDefaultAddress="0" AddressLine1="123 Test Street" AddressLine2="Suite A" City="Mount Prosepect" CountryID="US" State="ILLINOIS" PostalCode="60056" IsValidated="0" PseudonymizationStatus="0" NoteID="a7ec5143-db25-ea11-a6f0-9cb6d0c82c0c" CreatedByID="b5344897-037e-4d58-b5c3-1bdfd0f47bf9" CreatedByScreenID="SO301000" CreatedDateTime="2019-12-23 17:23:53.267" LastModifiedByID="b5344897-037e-4d58-b5c3-1bdfd0f47bf9" LastModifiedByScreenID="SO301000" LastModifiedDateTime="2019-12-23 17:23:53.267" />
		<row AddressID="16" CustomerID="30" CustomerAddressID="39" RevisionID="3" IsDefaultAddress="0" AddressLine1="1727 Bonita Avenue" AddressLine2="Suite 900" City="Mount Prospect" CountryID="US" State="ILLINOIS" PostalCode="60056" IsValidated="0" PseudonymizationStatus="0" NoteID="81d6d61e-dc25-ea11-a6f0-9cb6d0c82c0c" CreatedByID="b5344897-037e-4d58-b5c3-1bdfd0f47bf9" CreatedByScreenID="SO301000" CreatedDateTime="2019-12-23 17:29:54.477" LastModifiedByID="b5344897-037e-4d58-b5c3-1bdfd0f47bf9" LastModifiedByScreenID="SO301000" LastModifiedDateTime="2019-12-23 17:29:54.477" />
		<row AddressID="17" CustomerID="30" CustomerAddressID="39" RevisionID="3" IsDefaultAddress="0" AddressLine1="123 Test Street" AddressLine2="Suite A" City="Mount Prosepect" CountryID="US" State="ILLINOIS" PostalCode="60056" IsValidated="0" PseudonymizationStatus="0" NoteID="82d6d61e-dc25-ea11-a6f0-9cb6d0c82c0c" CreatedByID="b5344897-037e-4d58-b5c3-1bdfd0f47bf9" CreatedByScreenID="SO301000" CreatedDateTime="2019-12-23 17:29:54.477" LastModifiedByID="b5344897-037e-4d58-b5c3-1bdfd0f47bf9" LastModifiedByScreenID="SO301000" LastModifiedDateTime="2019-12-23 17:29:54.477" />
		<row AddressID="18" CustomerID="30" CustomerAddressID="39" RevisionID="3" IsDefaultAddress="0" AddressLine1="1727 Bonita Avenue" AddressLine2="Suite 900" City="Mount Prospect" CountryID="US" State="ILLINOIS" PostalCode="60056" IsValidated="0" PseudonymizationStatus="0" NoteID="8a170699-dc25-ea11-a6f0-9cb6d0c82c0c" CreatedByID="b5344897-037e-4d58-b5c3-1bdfd0f47bf9" CreatedByScreenID="SO301000" CreatedDateTime="2019-12-23 17:33:22.94" LastModifiedByID="b5344897-037e-4d58-b5c3-1bdfd0f47bf9" LastModifiedByScreenID="SO301000" LastModifiedDateTime="2019-12-23 17:33:22.94" />
		<row AddressID="19" CustomerID="30" CustomerAddressID="39" RevisionID="3" IsDefaultAddress="0" AddressLine1="123 Test Street" AddressLine2="Suite A" City="Mount Prosepect" CountryID="US" State="ILLINOIS" PostalCode="60056" IsValidated="0" PseudonymizationStatus="0" NoteID="8b170699-dc25-ea11-a6f0-9cb6d0c82c0c" CreatedByID="b5344897-037e-4d58-b5c3-1bdfd0f47bf9" CreatedByScreenID="SO301000" CreatedDateTime="2019-12-23 17:33:22.94" LastModifiedByID="b5344897-037e-4d58-b5c3-1bdfd0f47bf9" LastModifiedByScreenID="SO301000" LastModifiedDateTime="2019-12-23 17:33:22.94" />
		<row AddressID="20" CustomerID="30" CustomerAddressID="39" RevisionID="3" IsDefaultAddress="0" AddressLine1="1727 Bonita Avenue" AddressLine2="Suite 900" City="Mount Prospect" CountryID="US" State="ILLINOIS" PostalCode="60056" IsValidated="0" PseudonymizationStatus="0" NoteID="472aac30-dd25-ea11-a6f0-9cb6d0c82c0c" CreatedByID="b5344897-037e-4d58-b5c3-1bdfd0f47bf9" CreatedByScreenID="SO301000" CreatedDateTime="2019-12-23 17:37:33.89" LastModifiedByID="b5344897-037e-4d58-b5c3-1bdfd0f47bf9" LastModifiedByScreenID="SO301000" LastModifiedDateTime="2019-12-23 17:42:38.177" />
		<row AddressID="21" CustomerID="30" CustomerAddressID="39" RevisionID="3" IsDefaultAddress="0" AddressLine1="123 Test Street" AddressLine2="Suite A" City="Mount Prosepect" CountryID="US" State="ILLINOIS" PostalCode="60056" IsValidated="0" PseudonymizationStatus="0" NoteID="482aac30-dd25-ea11-a6f0-9cb6d0c82c0c" CreatedByID="b5344897-037e-4d58-b5c3-1bdfd0f47bf9" CreatedByScreenID="SO301000" CreatedDateTime="2019-12-23 17:37:33.89" LastModifiedByID="b5344897-037e-4d58-b5c3-1bdfd0f47bf9" LastModifiedByScreenID="SO301000" LastModifiedDateTime="2019-12-23 17:42:38.177" />
		<row AddressID="22" CustomerID="30" CustomerAddressID="39" RevisionID="3" IsDefaultAddress="0" AddressLine1="1727 Bonita Avenue" AddressLine2="Suite 900" City="Mount Prospect" CountryID="US" State="ILLINOIS" PostalCode="60056" IsValidated="0" PseudonymizationStatus="0" NoteID="d8d75468-de25-ea11-a6f0-9cb6d0c82c0c" CreatedByID="b5344897-037e-4d58-b5c3-1bdfd0f47bf9" CreatedByScreenID="SO301000" CreatedDateTime="2019-12-23 17:46:16.837" LastModifiedByID="b5344897-037e-4d58-b5c3-1bdfd0f47bf9" LastModifiedByScreenID="SO301000" LastModifiedDateTime="2019-12-23 17:46:16.837" />
		<row AddressID="23" CustomerID="30" CustomerAddressID="39" RevisionID="3" IsDefaultAddress="0" AddressLine1="123 Test Street" AddressLine2="Suite A" City="Mount Prosepect" CountryID="US" State="ILLINOIS" PostalCode="60056" IsValidated="0" PseudonymizationStatus="0" NoteID="d9d75468-de25-ea11-a6f0-9cb6d0c82c0c" CreatedByID="b5344897-037e-4d58-b5c3-1bdfd0f47bf9" CreatedByScreenID="SO301000" CreatedDateTime="2019-12-23 17:46:16.837" LastModifiedByID="b5344897-037e-4d58-b5c3-1bdfd0f47bf9" LastModifiedByScreenID="SO301000" LastModifiedDateTime="2019-12-23 17:46:16.837" />
		<row AddressID="24" CustomerID="30" CustomerAddressID="39" RevisionID="3" IsDefaultAddress="0" AddressLine1="1727 Bonita Avenue" AddressLine2="Suite 900" City="Mount Prospect" CountryID="US" State="ILLINOIS" PostalCode="60056" IsValidated="0" PseudonymizationStatus="0" NoteID="e0403b49-df25-ea11-a6f0-9cb6d0c82c0c" CreatedByID="b5344897-037e-4d58-b5c3-1bdfd0f47bf9" CreatedByScreenID="SO301000" CreatedDateTime="2019-12-23 17:52:34.217" LastModifiedByID="b5344897-037e-4d58-b5c3-1bdfd0f47bf9" LastModifiedByScreenID="SO301000" LastModifiedDateTime="2019-12-23 17:52:34.217" />
		<row AddressID="25" CustomerID="30" CustomerAddressID="39" RevisionID="3" IsDefaultAddress="0" AddressLine1="123 Test Street" AddressLine2="Suite A" City="Mount Prosepect" CountryID="US" State="ILLINOIS" PostalCode="60056" IsValidated="0" PseudonymizationStatus="0" NoteID="e1403b49-df25-ea11-a6f0-9cb6d0c82c0c" CreatedByID="b5344897-037e-4d58-b5c3-1bdfd0f47bf9" CreatedByScreenID="SO301000" CreatedDateTime="2019-12-23 17:52:34.217" LastModifiedByID="b5344897-037e-4d58-b5c3-1bdfd0f47bf9" LastModifiedByScreenID="SO301000" LastModifiedDateTime="2019-12-23 17:52:34.217" />
		<row AddressID="26" CustomerID="30" CustomerAddressID="39" RevisionID="3" IsDefaultAddress="0" AddressLine1="1727 Bonita Avenue" AddressLine2="Suite 900" City="Mount Prospect" CountryID="US" State="ILLINOIS" PostalCode="60056" IsValidated="0" PseudonymizationStatus="0" NoteID="ca0fec08-0326-ea11-a6f0-9cb6d0c82c0c" CreatedByID="b5344897-037e-4d58-b5c3-1bdfd0f47bf9" CreatedByScreenID="SO301000" CreatedDateTime="2019-12-23 22:08:36.713" LastModifiedByID="b5344897-037e-4d58-b5c3-1bdfd0f47bf9" LastModifiedByScreenID="SO301000" LastModifiedDateTime="2019-12-23 22:08:36.713" />
		<row AddressID="27" CustomerID="30" CustomerAddressID="39" RevisionID="3" IsDefaultAddress="0" AddressLine1="123 Test Street" AddressLine2="Suite A" City="Mount Prosepect" CountryID="US" State="ILLINOIS" PostalCode="60056" IsValidated="0" PseudonymizationStatus="0" NoteID="cb0fec08-0326-ea11-a6f0-9cb6d0c82c0c" CreatedByID="b5344897-037e-4d58-b5c3-1bdfd0f47bf9" CreatedByScreenID="SO301000" CreatedDateTime="2019-12-23 22:08:36.717" LastModifiedByID="b5344897-037e-4d58-b5c3-1bdfd0f47bf9" LastModifiedByScreenID="SO301000" LastModifiedDateTime="2019-12-23 22:08:36.717" />
		<row AddressID="28" CustomerID="30" CustomerAddressID="39" RevisionID="3" IsDefaultAddress="0" AddressLine1="1727 Bonita Avenue" AddressLine2="Suite 900" City="Mount Prospect" CountryID="US" State="ILLINOIS" PostalCode="60056" IsValidated="0" PseudonymizationStatus="0" NoteID="8d72bfc5-0326-ea11-a6f0-9cb6d0c82c0c" CreatedByID="b5344897-037e-4d58-b5c3-1bdfd0f47bf9" CreatedByScreenID="SO301000" CreatedDateTime="2019-12-23 22:13:47.19" LastModifiedByID="b5344897-037e-4d58-b5c3-1bdfd0f47bf9" LastModifiedByScreenID="SO301000" LastModifiedDateTime="2019-12-23 22:13:47.19" />
		<row AddressID="29" CustomerID="30" CustomerAddressID="39" RevisionID="3" IsDefaultAddress="0" AddressLine1="123 Test Street" AddressLine2="Suite A" City="Mount Prosepect" CountryID="US" State="ILLINOIS" PostalCode="60056" IsValidated="0" PseudonymizationStatus="0" NoteID="8e72bfc5-0326-ea11-a6f0-9cb6d0c82c0c" CreatedByID="b5344897-037e-4d58-b5c3-1bdfd0f47bf9" CreatedByScreenID="SO301000" CreatedDateTime="2019-12-23 22:13:47.193" LastModifiedByID="b5344897-037e-4d58-b5c3-1bdfd0f47bf9" LastModifiedByScreenID="SO301000" LastModifiedDateTime="2019-12-23 22:13:47.193" />
		<row AddressID="30" CustomerID="30" CustomerAddressID="39" RevisionID="3" IsDefaultAddress="0" AddressLine1="1727 Bonita Avenue" AddressLine2="Suite 900" City="Mount Prospect" CountryID="US" State="ILLINOIS" PostalCode="60056" IsValidated="0" PseudonymizationStatus="0" NoteID="8205ae58-0626-ea11-a6f0-9cb6d0c82c0c" CreatedByID="b5344897-037e-4d58-b5c3-1bdfd0f47bf9" CreatedByScreenID="SO301000" CreatedDateTime="2019-12-23 22:32:12.27" LastModifiedByID="b5344897-037e-4d58-b5c3-1bdfd0f47bf9" LastModifiedByScreenID="SO301000" LastModifiedDateTime="2019-12-23 22:33:44.77" />
		<row AddressID="31" CustomerID="30" CustomerAddressID="39" RevisionID="3" IsDefaultAddress="0" AddressLine1="123 Test Street" AddressLine2="Suite A" City="Mount Prosepect" CountryID="US" State="ILLINOIS" PostalCode="60056" IsValidated="0" PseudonymizationStatus="0" NoteID="8305ae58-0626-ea11-a6f0-9cb6d0c82c0c" CreatedByID="b5344897-037e-4d58-b5c3-1bdfd0f47bf9" CreatedByScreenID="SO301000" CreatedDateTime="2019-12-23 22:32:12.273" LastModifiedByID="b5344897-037e-4d58-b5c3-1bdfd0f47bf9" LastModifiedByScreenID="SO301000" LastModifiedDateTime="2019-12-23 22:33:44.773" />
		<row AddressID="32" CustomerID="30" CustomerAddressID="39" RevisionID="3" IsDefaultAddress="0" AddressLine1="1727 Bonita Avenue" AddressLine2="Suite 900" City="Mount Prospect" CountryID="US" State="ILLINOIS" PostalCode="60056" IsValidated="0" PseudonymizationStatus="0" NoteID="6393cecf-0726-ea11-a6f0-9cb6d0c82c0c" CreatedByID="b5344897-037e-4d58-b5c3-1bdfd0f47bf9" CreatedByScreenID="SO301000" CreatedDateTime="2019-12-23 22:42:41.387" LastModifiedByID="b5344897-037e-4d58-b5c3-1bdfd0f47bf9" LastModifiedByScreenID="SO301000" LastModifiedDateTime="2019-12-23 22:43:35.06" />
		<row AddressID="33" CustomerID="30" CustomerAddressID="39" RevisionID="3" IsDefaultAddress="0" AddressLine1="123 Test Street" AddressLine2="Suite A" City="Mount Prosepect" CountryID="US" State="ILLINOIS" PostalCode="60056" IsValidated="0" PseudonymizationStatus="0" NoteID="6493cecf-0726-ea11-a6f0-9cb6d0c82c0c" CreatedByID="b5344897-037e-4d58-b5c3-1bdfd0f47bf9" CreatedByScreenID="SO301000" CreatedDateTime="2019-12-23 22:42:41.39" LastModifiedByID="b5344897-037e-4d58-b5c3-1bdfd0f47bf9" LastModifiedByScreenID="SO301000" LastModifiedDateTime="2019-12-23 22:43:35.06" />
		<row AddressID="34" CustomerID="30" CustomerAddressID="39" RevisionID="3" IsDefaultAddress="0" AddressLine1="1727 Bonita Avenue" AddressLine2="Suite 900" City="Mount Prospect" CountryID="US" State="ILLINOIS" PostalCode="60056" IsValidated="0" PseudonymizationStatus="0" NoteID="d70594ad-0826-ea11-a6f0-9cb6d0c82c0c" CreatedByID="b5344897-037e-4d58-b5c3-1bdfd0f47bf9" CreatedByScreenID="SO301000" CreatedDateTime="2019-12-23 22:48:53.56" LastModifiedByID="b5344897-037e-4d58-b5c3-1bdfd0f47bf9" LastModifiedByScreenID="SO301000" LastModifiedDateTime="2019-12-23 22:48:53.56" />
		<row AddressID="35" CustomerID="30" CustomerAddressID="39" RevisionID="3" IsDefaultAddress="0" AddressLine1="123 Test Street" AddressLine2="Suite A" City="Mount Prosepect" CountryID="US" State="ILLINOIS" PostalCode="60056" IsValidated="0" PseudonymizationStatus="0" NoteID="d80594ad-0826-ea11-a6f0-9cb6d0c82c0c" CreatedByID="b5344897-037e-4d58-b5c3-1bdfd0f47bf9" CreatedByScreenID="SO301000" CreatedDateTime="2019-12-23 22:48:53.563" LastModifiedByID="b5344897-037e-4d58-b5c3-1bdfd0f47bf9" LastModifiedByScreenID="SO301000" LastModifiedDateTime="2019-12-23 22:48:53.563" />
		<row AddressID="36" CustomerID="30" CustomerAddressID="39" RevisionID="3" IsDefaultAddress="0" AddressLine1="1727 Bonita Avenue" AddressLine2="Suite 900" City="Mount Prospect" CountryID="US" State="ILLINOIS" PostalCode="60056" IsValidated="0" PseudonymizationStatus="0" NoteID="723910b4-0a26-ea11-a6f0-9cb6d0c82c0c" CreatedByID="b5344897-037e-4d58-b5c3-1bdfd0f47bf9" CreatedByScreenID="SO301000" CreatedDateTime="2019-12-23 23:03:24.177" LastModifiedByID="b5344897-037e-4d58-b5c3-1bdfd0f47bf9" LastModifiedByScreenID="SO301000" LastModifiedDateTime="2019-12-23 23:03:24.177" />
		<row AddressID="37" CustomerID="30" CustomerAddressID="39" RevisionID="3" IsDefaultAddress="0" AddressLine1="123 Test Street" AddressLine2="Suite A" City="Mount Prosepect" CountryID="US" State="ILLINOIS" PostalCode="60056" IsValidated="0" PseudonymizationStatus="0" NoteID="733910b4-0a26-ea11-a6f0-9cb6d0c82c0c" CreatedByID="b5344897-037e-4d58-b5c3-1bdfd0f47bf9" CreatedByScreenID="SO301000" CreatedDateTime="2019-12-23 23:03:24.18" LastModifiedByID="b5344897-037e-4d58-b5c3-1bdfd0f47bf9" LastModifiedByScreenID="SO301000" LastModifiedDateTime="2019-12-23 23:03:24.18" />
		<row AddressID="38" CustomerID="30" CustomerAddressID="39" RevisionID="3" IsDefaultAddress="0" AddressLine1="1727 Bonita Avenue" AddressLine2="Suite 900" City="Mount Prospect" CountryID="US" State="ILLINOIS" PostalCode="60056" IsValidated="0" PseudonymizationStatus="0" NoteID="0358f614-0e26-ea11-a6f0-9cb6d0c82c0c" CreatedByID="b5344897-037e-4d58-b5c3-1bdfd0f47bf9" CreatedByScreenID="SO301000" CreatedDateTime="2019-12-23 23:27:34.67" LastModifiedByID="b5344897-037e-4d58-b5c3-1bdfd0f47bf9" LastModifiedByScreenID="SO301000" LastModifiedDateTime="2019-12-23 23:32:57.027" />
		<row AddressID="39" CustomerID="30" CustomerAddressID="39" RevisionID="3" IsDefaultAddress="0" AddressLine1="123 Test Street" AddressLine2="Suite A" City="Mount Prosepect" CountryID="US" State="ILLINOIS" PostalCode="60056" IsValidated="0" PseudonymizationStatus="0" NoteID="0458f614-0e26-ea11-a6f0-9cb6d0c82c0c" CreatedByID="b5344897-037e-4d58-b5c3-1bdfd0f47bf9" CreatedByScreenID="SO301000" CreatedDateTime="2019-12-23 23:27:34.67" LastModifiedByID="b5344897-037e-4d58-b5c3-1bdfd0f47bf9" LastModifiedByScreenID="SO301000" LastModifiedDateTime="2019-12-23 23:32:57.03" />
		<row AddressID="40" CustomerID="30" CustomerAddressID="39" RevisionID="3" IsDefaultAddress="0" AddressLine1="1727 Bonita Avenue" AddressLine2="Suite 900" City="Mount Prospect" CountryID="US" State="ILLINOIS" PostalCode="60056" IsValidated="0" PseudonymizationStatus="0" NoteID="cf7df320-1426-ea11-a6f0-9cb6d0c82c0c" CreatedByID="b5344897-037e-4d58-b5c3-1bdfd0f47bf9" CreatedByScreenID="SO301000" CreatedDateTime="2019-12-24 00:10:51.633" LastModifiedByID="b5344897-037e-4d58-b5c3-1bdfd0f47bf9" LastModifiedByScreenID="SO301000" LastModifiedDateTime="2019-12-24 00:13:59.59" />
		<row AddressID="41" CustomerID="30" CustomerAddressID="39" RevisionID="3" IsDefaultAddress="0" AddressLine1="123 Test Street" AddressLine2="Suite A" City="Mount Prosepect" CountryID="US" State="ILLINOIS" PostalCode="60056" IsValidated="0" PseudonymizationStatus="0" NoteID="d07df320-1426-ea11-a6f0-9cb6d0c82c0c" CreatedByID="b5344897-037e-4d58-b5c3-1bdfd0f47bf9" CreatedByScreenID="SO301000" CreatedDateTime="2019-12-24 00:10:51.637" LastModifiedByID="b5344897-037e-4d58-b5c3-1bdfd0f47bf9" LastModifiedByScreenID="SO301000" LastModifiedDateTime="2019-12-24 00:13:59.59" />
		<row AddressID="42" CustomerID="30" CustomerAddressID="39" RevisionID="3" IsDefaultAddress="0" AddressLine1="1727 Bonita Avenue" AddressLine2="Suite 900" City="Mount Prospect" CountryID="US" State="ILLINOIS" PostalCode="60056" IsValidated="0" PseudonymizationStatus="0" NoteID="cb34a793-1426-ea11-a6f0-9cb6d0c82c0c" CreatedByID="b5344897-037e-4d58-b5c3-1bdfd0f47bf9" CreatedByScreenID="SO301000" CreatedDateTime="2019-12-24 00:14:03.72" LastModifiedByID="b5344897-037e-4d58-b5c3-1bdfd0f47bf9" LastModifiedByScreenID="SO301000" LastModifiedDateTime="2019-12-24 00:14:03.72" />
		<row AddressID="43" CustomerID="30" CustomerAddressID="39" RevisionID="3" IsDefaultAddress="0" AddressLine1="123 Test Street" AddressLine2="Suite A" City="Mount Prosepect" CountryID="US" State="IL" PostalCode="60056" IsValidated="0" PseudonymizationStatus="0" NoteID="cc34a793-1426-ea11-a6f0-9cb6d0c82c0c" CreatedByID="b5344897-037e-4d58-b5c3-1bdfd0f47bf9" CreatedByScreenID="SO301000" CreatedDateTime="2019-12-24 00:14:03.727" LastModifiedByID="b5344897-037e-4d58-b5c3-1bdfd0f47bf9" LastModifiedByScreenID="SO301000" LastModifiedDateTime="2019-12-31 13:53:14.4" />
		<row AddressID="44" CustomerID="30" CustomerAddressID="39" RevisionID="3" IsDefaultAddress="1" AddressLine1="123 Test Street" AddressLine2="Suite A" City="Mount Prosepect" CountryID="US" State="ILLINOIS" PostalCode="60056" IsValidated="0" PseudonymizationStatus="0" NoteID="351aa8fc-ea2b-ea11-a6f1-9cb6d0c82c0c" CreatedByID="b5344897-037e-4d58-b5c3-1bdfd0f47bf9" CreatedByScreenID="SO301000" CreatedDateTime="2019-12-31 10:32:11.743" LastModifiedByID="b5344897-037e-4d58-b5c3-1bdfd0f47bf9" LastModifiedByScreenID="SO301000" LastModifiedDateTime="2019-12-31 10:32:11.743" />
	</rows>
</data>