﻿<?xml version="1.0" encoding="utf-8"?>
<data>
	<table name="SOAdjust">
		<col name="CompanyID" type="Int" default="Zero" />
		<col name="AdjdOrderType" type="Char(2)" />
		<col name="AdjdOrderNbr" type="NVarChar(15)" />
		<col name="AdjgDocType" type="Char(3)" />
		<col name="AdjgRefNbr" type="NVarChar(15)" />
		<col name="Hold" type="Bit" default="Zero" />
		<col name="CustomerID" type="Int" />
		<col name="CuryAdjgAmt" type="Decimal(19,4)" default="Zero" />
		<col name="CuryAdjdAmt" type="Decimal(19,4)" default="Zero" />
		<col name="AdjAmt" type="Decimal(19,4)" default="Zero" />
		<col name="CuryAdjgBilledAmt" type="Decimal(19,4)" default="Zero" />
		<col name="CuryAdjdBilledAmt" type="Decimal(19,4)" default="Zero" />
		<col name="AdjBilledAmt" type="Decimal(19,4)" default="Zero" />
		<col name="AdjdCuryInfoID" type="BigInt" />
		<col name="AdjgDocDate" type="SmallDateTime" />
		<col name="AdjdOrderDate" type="SmallDateTime" />
		<col name="AdjgCuryInfoID" type="BigInt" />
		<col name="AdjdOrigCuryInfoID" type="BigInt" />
		<col name="Voided" type="Bit" />
		<col name="tstamp" type="Timestamp" />
		<col name="CreatedByID" type="UniqueIdentifier" />
		<col name="CreatedByScreenID" type="Char(8)" />
		<col name="CreatedDateTime" type="DateTime" />
		<col name="LastModifiedByID" type="UniqueIdentifier" />
		<col name="LastModifiedByScreenID" type="Char(8)" />
		<col name="LastModifiedDateTime" type="DateTime" />
		<col name="NoteID" type="UniqueIdentifier" nullable="true" />
	</table>
	<rows>
		<row AdjdOrderType="SO" AdjdOrderNbr="000002" AdjgDocType="PMT" AdjgRefNbr="000012" Hold="0" CustomerID="30" CuryAdjgAmt="371.5800" CuryAdjdAmt="371.5800" AdjAmt="371.5800" CuryAdjgBilledAmt="0.0000" CuryAdjdBilledAmt="0.0000" AdjBilledAmt="0.0000" AdjdCuryInfoID="663974" AdjgDocDate="2019-12-05 00:00:00" AdjdOrderDate="2019-12-05 00:00:00" AdjgCuryInfoID="663973" AdjdOrigCuryInfoID="663960" Voided="0" CreatedByID="b5344897-037e-4d58-b5c3-1bdfd0f47bf9" CreatedByScreenID="AR302000" CreatedDateTime="2019-12-05 12:11:36.98" LastModifiedByID="b5344897-037e-4d58-b5c3-1bdfd0f47bf9" LastModifiedByScreenID="AR302000" LastModifiedDateTime="2019-12-05 12:11:36.98" NoteID="c60507ab-8a17-ea11-a6ed-9cb6d0c82c0c" />
		<row AdjdOrderType="SO" AdjdOrderNbr="000003" AdjgDocType="PMT" AdjgRefNbr="000009" Hold="0" CustomerID="30" CuryAdjgAmt="379.3300" CuryAdjdAmt="379.3300" AdjAmt="379.3300" CuryAdjgBilledAmt="0.0000" CuryAdjdBilledAmt="0.0000" AdjBilledAmt="0.0000" AdjdCuryInfoID="663964" AdjgDocDate="2019-12-05 00:00:00" AdjdOrderDate="2019-12-05 00:00:00" AdjgCuryInfoID="663963" AdjdOrigCuryInfoID="663961" Voided="0" CreatedByID="b5344897-037e-4d58-b5c3-1bdfd0f47bf9" CreatedByScreenID="AR302000" CreatedDateTime="2019-12-05 12:10:16.233" LastModifiedByID="b5344897-037e-4d58-b5c3-1bdfd0f47bf9" LastModifiedByScreenID="AR302000" LastModifiedDateTime="2019-12-05 12:10:16.233" NoteID="b7550c7b-8a17-ea11-a6ed-9cb6d0c82c0c" />
		<row AdjdOrderType="SO" AdjdOrderNbr="000004" AdjgDocType="PMT" AdjgRefNbr="000010" Hold="0" CustomerID="30" CuryAdjgAmt="379.3300" CuryAdjdAmt="379.3300" AdjAmt="379.3300" CuryAdjgBilledAmt="0.0000" CuryAdjdBilledAmt="0.0000" AdjBilledAmt="0.0000" AdjdCuryInfoID="663966" AdjgDocDate="2019-12-05 00:00:00" AdjdOrderDate="2019-12-05 00:00:00" AdjgCuryInfoID="663965" AdjdOrigCuryInfoID="663962" Voided="0" CreatedByID="b5344897-037e-4d58-b5c3-1bdfd0f47bf9" CreatedByScreenID="AR302000" CreatedDateTime="2019-12-05 12:10:17.193" LastModifiedByID="b5344897-037e-4d58-b5c3-1bdfd0f47bf9" LastModifiedByScreenID="AR302000" LastModifiedDateTime="2019-12-05 12:10:17.193" NoteID="c9550c7b-8a17-ea11-a6ed-9cb6d0c82c0c" />
		<row AdjdOrderType="SO" AdjdOrderNbr="000005" AdjgDocType="PMT" AdjgRefNbr="000011" Hold="0" CustomerID="30" CuryAdjgAmt="0.0000" CuryAdjdAmt="0.0000" AdjAmt="0.0000" CuryAdjgBilledAmt="379.3300" CuryAdjdBilledAmt="379.3300" AdjBilledAmt="379.3300" AdjdCuryInfoID="663971" AdjgDocDate="2019-12-05 00:00:00" AdjdOrderDate="2019-12-05 00:00:00" AdjgCuryInfoID="663970" AdjdOrigCuryInfoID="663969" Voided="0" CreatedByID="b5344897-037e-4d58-b5c3-1bdfd0f47bf9" CreatedByScreenID="AR302000" CreatedDateTime="2019-12-05 12:10:20.113" LastModifiedByID="b5344897-037e-4d58-b5c3-1bdfd0f47bf9" LastModifiedByScreenID="SO303000" LastModifiedDateTime="2019-12-23 17:18:50.543" NoteID="4b560c7b-8a17-ea11-a6ed-9cb6d0c82c0c" />
		<row AdjdOrderType="SO" AdjdOrderNbr="000006" AdjgDocType="PMT" AdjgRefNbr="000013" Hold="0" CustomerID="30" CuryAdjgAmt="379.3300" CuryAdjdAmt="379.3300" AdjAmt="379.3300" CuryAdjgBilledAmt="0.0000" CuryAdjdBilledAmt="0.0000" AdjBilledAmt="0.0000" AdjdCuryInfoID="663978" AdjgDocDate="2019-12-23 00:00:00" AdjdOrderDate="2019-12-23 00:00:00" AdjgCuryInfoID="663977" AdjdOrigCuryInfoID="663976" Voided="0" CreatedByID="b5344897-037e-4d58-b5c3-1bdfd0f47bf9" CreatedByScreenID="AR302000" CreatedDateTime="2019-12-23 17:14:58.26" LastModifiedByID="b5344897-037e-4d58-b5c3-1bdfd0f47bf9" LastModifiedByScreenID="AR302000" LastModifiedDateTime="2019-12-23 17:14:58.26" NoteID="74bf6704-da25-ea11-a6f0-9cb6d0c82c0c" />
		<row AdjdOrderType="SO" AdjdOrderNbr="000007" AdjgDocType="PMT" AdjgRefNbr="000014" Hold="0" CustomerID="30" CuryAdjgAmt="0.0000" CuryAdjdAmt="0.0000" AdjAmt="0.0000" CuryAdjgBilledAmt="401.3300" CuryAdjdBilledAmt="401.3300" AdjBilledAmt="401.3300" AdjdCuryInfoID="663983" AdjgDocDate="2019-12-23 00:00:00" AdjdOrderDate="2019-12-23 00:00:00" AdjgCuryInfoID="663982" AdjdOrigCuryInfoID="663981" Voided="0" CreatedByID="b5344897-037e-4d58-b5c3-1bdfd0f47bf9" CreatedByScreenID="AR302000" CreatedDateTime="2019-12-23 17:18:33.38" LastModifiedByID="b5344897-037e-4d58-b5c3-1bdfd0f47bf9" LastModifiedByScreenID="SO303000" LastModifiedDateTime="2019-12-23 17:20:27.9" NoteID="d3f80588-da25-ea11-a6f0-9cb6d0c82c0c" />
		<row AdjdOrderType="SO" AdjdOrderNbr="000008" AdjgDocType="PMT" AdjgRefNbr="000015" Hold="0" CustomerID="30" CuryAdjgAmt="0.0000" CuryAdjdAmt="0.0000" AdjAmt="0.0000" CuryAdjgBilledAmt="313.3300" CuryAdjdBilledAmt="313.3300" AdjBilledAmt="313.3300" AdjdCuryInfoID="663992" AdjgDocDate="2019-12-23 00:00:00" AdjdOrderDate="2019-12-23 00:00:00" AdjgCuryInfoID="663991" AdjdOrigCuryInfoID="663990" Voided="0" CreatedByID="b5344897-037e-4d58-b5c3-1bdfd0f47bf9" CreatedByScreenID="AR302000" CreatedDateTime="2019-12-23 17:23:54.36" LastModifiedByID="b5344897-037e-4d58-b5c3-1bdfd0f47bf9" LastModifiedByScreenID="SO303000" LastModifiedDateTime="2019-12-23 17:26:07.003" NoteID="b3ec5143-db25-ea11-a6f0-9cb6d0c82c0c" />
		<row AdjdOrderType="SO" AdjdOrderNbr="000009" AdjgDocType="PMT" AdjgRefNbr="000016" Hold="0" CustomerID="30" CuryAdjgAmt="0.0000" CuryAdjdAmt="0.0000" AdjAmt="0.0000" CuryAdjgBilledAmt="390.3400" CuryAdjdBilledAmt="390.3400" AdjBilledAmt="390.3400" AdjdCuryInfoID="663999" AdjgDocDate="2019-12-23 00:00:00" AdjdOrderDate="2019-12-23 00:00:00" AdjgCuryInfoID="663998" AdjdOrigCuryInfoID="663997" Voided="0" CreatedByID="b5344897-037e-4d58-b5c3-1bdfd0f47bf9" CreatedByScreenID="AR302000" CreatedDateTime="2019-12-23 17:29:55.94" LastModifiedByID="b5344897-037e-4d58-b5c3-1bdfd0f47bf9" LastModifiedByScreenID="SO303000" LastModifiedDateTime="2019-12-23 17:32:22.483" NoteID="8ed6d61e-dc25-ea11-a6f0-9cb6d0c82c0c" />
		<row AdjdOrderType="SO" AdjdOrderNbr="000010" AdjgDocType="PMT" AdjgRefNbr="000017" Hold="0" CustomerID="30" CuryAdjgAmt="0.0000" CuryAdjdAmt="0.0000" AdjAmt="0.0000" CuryAdjgBilledAmt="252.8800" CuryAdjdBilledAmt="252.8800" AdjBilledAmt="252.8800" AdjdCuryInfoID="664009" AdjgDocDate="2019-12-23 00:00:00" AdjdOrderDate="2019-12-23 00:00:00" AdjgCuryInfoID="664008" AdjdOrigCuryInfoID="664007" Voided="0" CreatedByID="b5344897-037e-4d58-b5c3-1bdfd0f47bf9" CreatedByScreenID="AR302000" CreatedDateTime="2019-12-23 17:33:24.383" LastModifiedByID="b5344897-037e-4d58-b5c3-1bdfd0f47bf9" LastModifiedByScreenID="SO303000" LastModifiedDateTime="2019-12-23 17:35:59.21" NoteID="97170699-dc25-ea11-a6f0-9cb6d0c82c0c" />
		<row AdjdOrderType="SO" AdjdOrderNbr="000011" AdjgDocType="PMT" AdjgRefNbr="000019" Hold="0" CustomerID="30" CuryAdjgAmt="0.0000" CuryAdjdAmt="0.0000" AdjAmt="0.0000" CuryAdjgBilledAmt="274.8800" CuryAdjdBilledAmt="274.8800" AdjBilledAmt="274.8800" AdjdCuryInfoID="664019" AdjgDocDate="2019-12-23 00:00:00" AdjdOrderDate="2019-12-23 00:00:00" AdjgCuryInfoID="664018" AdjdOrigCuryInfoID="664017" Voided="0" CreatedByID="b5344897-037e-4d58-b5c3-1bdfd0f47bf9" CreatedByScreenID="AR302000" CreatedDateTime="2019-12-23 17:37:35.24" LastModifiedByID="b5344897-037e-4d58-b5c3-1bdfd0f47bf9" LastModifiedByScreenID="SO303000" LastModifiedDateTime="2019-12-23 17:44:07.84" NoteID="542aac30-dd25-ea11-a6f0-9cb6d0c82c0c" />
		<row AdjdOrderType="SO" AdjdOrderNbr="000012" AdjgDocType="PMT" AdjgRefNbr="000021" Hold="0" CustomerID="30" CuryAdjgAmt="0.0000" CuryAdjdAmt="0.0000" AdjAmt="0.0000" CuryAdjgBilledAmt="266.8800" CuryAdjdBilledAmt="266.8800" AdjBilledAmt="266.8800" AdjdCuryInfoID="664033" AdjgDocDate="2019-12-23 00:00:00" AdjdOrderDate="2019-12-23 00:00:00" AdjgCuryInfoID="664032" AdjdOrigCuryInfoID="664031" Voided="0" CreatedByID="b5344897-037e-4d58-b5c3-1bdfd0f47bf9" CreatedByScreenID="AR302000" CreatedDateTime="2019-12-23 17:46:17.963" LastModifiedByID="b5344897-037e-4d58-b5c3-1bdfd0f47bf9" LastModifiedByScreenID="SO303000" LastModifiedDateTime="2019-12-23 17:47:36.987" NoteID="e5d75468-de25-ea11-a6f0-9cb6d0c82c0c" />
		<row AdjdOrderType="SO" AdjdOrderNbr="000013" AdjgDocType="PMT" AdjgRefNbr="000023" Hold="0" CustomerID="30" CuryAdjgAmt="0.0000" CuryAdjdAmt="0.0000" AdjAmt="0.0000" CuryAdjgBilledAmt="274.8800" CuryAdjdBilledAmt="274.8800" AdjBilledAmt="274.8800" AdjdCuryInfoID="664043" AdjgDocDate="2019-12-23 00:00:00" AdjdOrderDate="2019-12-23 00:00:00" AdjgCuryInfoID="664042" AdjdOrigCuryInfoID="664041" Voided="0" CreatedByID="b5344897-037e-4d58-b5c3-1bdfd0f47bf9" CreatedByScreenID="AR302000" CreatedDateTime="2019-12-23 17:52:35.33" LastModifiedByID="b5344897-037e-4d58-b5c3-1bdfd0f47bf9" LastModifiedByScreenID="SO303000" LastModifiedDateTime="2019-12-23 22:20:34.45" NoteID="ed403b49-df25-ea11-a6f0-9cb6d0c82c0c" />
		<row AdjdOrderType="SO" AdjdOrderNbr="000014" AdjgDocType="PMT" AdjgRefNbr="000025" Hold="0" CustomerID="30" CuryAdjgAmt="0.0000" CuryAdjdAmt="0.0000" AdjAmt="0.0000" CuryAdjgBilledAmt="252.8800" CuryAdjdBilledAmt="252.8800" AdjBilledAmt="252.8800" AdjdCuryInfoID="664050" AdjgDocDate="2019-12-23 00:00:00" AdjdOrderDate="2019-12-23 00:00:00" AdjgCuryInfoID="664049" AdjdOrigCuryInfoID="664048" Voided="0" CreatedByID="b5344897-037e-4d58-b5c3-1bdfd0f47bf9" CreatedByScreenID="AR302000" CreatedDateTime="2019-12-23 22:08:46.317" LastModifiedByID="b5344897-037e-4d58-b5c3-1bdfd0f47bf9" LastModifiedByScreenID="SO303000" LastModifiedDateTime="2019-12-23 22:26:49.18" NoteID="69768e10-0326-ea11-a6f0-9cb6d0c82c0c" />
		<row AdjdOrderType="SO" AdjdOrderNbr="000015" AdjgDocType="PMT" AdjgRefNbr="000027" Hold="0" CustomerID="30" CuryAdjgAmt="0.0000" CuryAdjdAmt="0.0000" AdjAmt="0.0000" CuryAdjgBilledAmt="379.3400" CuryAdjdBilledAmt="379.3400" AdjBilledAmt="379.3400" AdjdCuryInfoID="664057" AdjgDocDate="2019-12-23 00:00:00" AdjdOrderDate="2019-12-23 00:00:00" AdjgCuryInfoID="664056" AdjdOrigCuryInfoID="664055" Voided="0" CreatedByID="b5344897-037e-4d58-b5c3-1bdfd0f47bf9" CreatedByScreenID="AR302000" CreatedDateTime="2019-12-23 22:13:51.277" LastModifiedByID="b5344897-037e-4d58-b5c3-1bdfd0f47bf9" LastModifiedByScreenID="SO302000" LastModifiedDateTime="2019-12-23 22:17:09.17" NoteID="9a72bfc5-0326-ea11-a6f0-9cb6d0c82c0c" />
		<row AdjdOrderType="SO" AdjdOrderNbr="000016" AdjgDocType="PMT" AdjgRefNbr="000029" Hold="0" CustomerID="30" CuryAdjgAmt="0.0000" CuryAdjdAmt="0.0000" AdjAmt="0.0000" CuryAdjgBilledAmt="379.3300" CuryAdjdBilledAmt="379.3300" AdjBilledAmt="379.3300" AdjdCuryInfoID="664076" AdjgDocDate="2019-12-23 00:00:00" AdjdOrderDate="2019-12-23 00:00:00" AdjgCuryInfoID="664075" AdjdOrigCuryInfoID="664074" Voided="0" CreatedByID="b5344897-037e-4d58-b5c3-1bdfd0f47bf9" CreatedByScreenID="AR302000" CreatedDateTime="2019-12-23 22:32:17.46" LastModifiedByID="b5344897-037e-4d58-b5c3-1bdfd0f47bf9" LastModifiedByScreenID="SO303000" LastModifiedDateTime="2019-12-23 22:39:04.017" NoteID="8f05ae58-0626-ea11-a6f0-9cb6d0c82c0c" />
		<row AdjdOrderType="SO" AdjdOrderNbr="000017" AdjgDocType="PMT" AdjgRefNbr="000031" Hold="0" CustomerID="30" CuryAdjgAmt="0.0000" CuryAdjdAmt="0.0000" AdjAmt="0.0000" CuryAdjgBilledAmt="329.3300" CuryAdjdBilledAmt="329.3300" AdjBilledAmt="329.3300" AdjdCuryInfoID="664087" AdjgDocDate="2019-12-23 00:00:00" AdjdOrderDate="2019-12-23 00:00:00" AdjgCuryInfoID="664086" AdjdOrigCuryInfoID="664085" Voided="0" CreatedByID="b5344897-037e-4d58-b5c3-1bdfd0f47bf9" CreatedByScreenID="AR302000" CreatedDateTime="2019-12-23 22:42:45.04" LastModifiedByID="b5344897-037e-4d58-b5c3-1bdfd0f47bf9" LastModifiedByScreenID="SO303000" LastModifiedDateTime="2019-12-23 22:44:37.75" NoteID="7093cecf-0726-ea11-a6f0-9cb6d0c82c0c" />
		<row AdjdOrderType="SO" AdjdOrderNbr="000018" AdjgDocType="PMT" AdjgRefNbr="000033" Hold="0" CustomerID="30" CuryAdjgAmt="0.0000" CuryAdjdAmt="0.0000" AdjAmt="0.0000" CuryAdjgBilledAmt="355.1400" CuryAdjdBilledAmt="355.1400" AdjBilledAmt="355.1400" AdjdCuryInfoID="664098" AdjgDocDate="2019-12-23 00:00:00" AdjdOrderDate="2019-12-23 00:00:00" AdjgCuryInfoID="664097" AdjdOrigCuryInfoID="664096" Voided="0" CreatedByID="b5344897-037e-4d58-b5c3-1bdfd0f47bf9" CreatedByScreenID="AR302000" CreatedDateTime="2019-12-23 22:48:57.333" LastModifiedByID="b5344897-037e-4d58-b5c3-1bdfd0f47bf9" LastModifiedByScreenID="SO303000" LastModifiedDateTime="2019-12-23 22:53:27.237" NoteID="e40594ad-0826-ea11-a6f0-9cb6d0c82c0c" />
		<row AdjdOrderType="SO" AdjdOrderNbr="000019" AdjgDocType="PMT" AdjgRefNbr="000034" Hold="0" CustomerID="30" CuryAdjgAmt="126.4400" CuryAdjdAmt="126.4400" AdjAmt="126.4400" CuryAdjgBilledAmt="198.3900" CuryAdjdBilledAmt="198.3900" AdjBilledAmt="198.3900" AdjdCuryInfoID="664109" AdjgDocDate="2019-12-23 00:00:00" AdjdOrderDate="2019-12-23 00:00:00" AdjgCuryInfoID="664108" AdjdOrigCuryInfoID="664107" Voided="0" CreatedByID="b5344897-037e-4d58-b5c3-1bdfd0f47bf9" CreatedByScreenID="AR302000" CreatedDateTime="2019-12-23 23:03:29.57" LastModifiedByID="b5344897-037e-4d58-b5c3-1bdfd0f47bf9" LastModifiedByScreenID="SO302000" LastModifiedDateTime="2019-12-23 23:04:33.127" NoteID="813910b4-0a26-ea11-a6f0-9cb6d0c82c0c" />
		<row AdjdOrderType="SO" AdjdOrderNbr="000020" AdjgDocType="PMT" AdjgRefNbr="000038" Hold="0" CustomerID="30" CuryAdjgAmt="0.0000" CuryAdjdAmt="0.0000" AdjAmt="0.0000" CuryAdjgBilledAmt="0.0000" CuryAdjdBilledAmt="0.0000" AdjBilledAmt="0.0000" AdjdCuryInfoID="664125" AdjgDocDate="2019-12-23 00:00:00" AdjdOrderDate="2019-12-23 00:00:00" AdjgCuryInfoID="664124" AdjdOrigCuryInfoID="664123" Voided="0" CreatedByID="b5344897-037e-4d58-b5c3-1bdfd0f47bf9" CreatedByScreenID="AR302000" CreatedDateTime="2019-12-23 23:27:39.67" LastModifiedByID="b5344897-037e-4d58-b5c3-1bdfd0f47bf9" LastModifiedByScreenID="AR302000" LastModifiedDateTime="2019-12-23 23:32:42.55" NoteID="1058f614-0e26-ea11-a6f0-9cb6d0c82c0c" />
		<row AdjdOrderType="SO" AdjdOrderNbr="000021" AdjgDocType="PMT" AdjgRefNbr="000042" Hold="0" CustomerID="30" CuryAdjgAmt="0.0000" CuryAdjdAmt="0.0000" AdjAmt="0.0000" CuryAdjgBilledAmt="0.0000" CuryAdjdBilledAmt="0.0000" AdjBilledAmt="0.0000" AdjdCuryInfoID="664138" AdjgDocDate="2019-12-24 00:00:00" AdjdOrderDate="2019-12-23 00:00:00" AdjgCuryInfoID="664137" AdjdOrigCuryInfoID="664136" Voided="0" CreatedByID="b5344897-037e-4d58-b5c3-1bdfd0f47bf9" CreatedByScreenID="AR302000" CreatedDateTime="2019-12-24 00:10:54.243" LastModifiedByID="b5344897-037e-4d58-b5c3-1bdfd0f47bf9" LastModifiedByScreenID="AR302000" LastModifiedDateTime="2019-12-24 00:13:50.43" NoteID="dc7df320-1426-ea11-a6f0-9cb6d0c82c0c" />
		<row AdjdOrderType="SO" AdjdOrderNbr="000022" AdjgDocType="PMT" AdjgRefNbr="000044" Hold="0" CustomerID="30" CuryAdjgAmt="379.3300" CuryAdjdAmt="379.3300" AdjAmt="379.3300" CuryAdjgBilledAmt="0.0000" CuryAdjdBilledAmt="0.0000" AdjBilledAmt="0.0000" AdjdCuryInfoID="664146" AdjgDocDate="2019-12-23 00:00:00" AdjdOrderDate="2019-12-23 00:00:00" AdjgCuryInfoID="664145" AdjdOrigCuryInfoID="664144" Voided="0" CreatedByID="b5344897-037e-4d58-b5c3-1bdfd0f47bf9" CreatedByScreenID="AR302000" CreatedDateTime="2019-12-24 00:14:06.16" LastModifiedByID="b5344897-037e-4d58-b5c3-1bdfd0f47bf9" LastModifiedByScreenID="AR302000" LastModifiedDateTime="2019-12-24 00:14:06.16" NoteID="d834a793-1426-ea11-a6f0-9cb6d0c82c0c" />
	</rows>
</data>