﻿<?xml version="1.0" encoding="utf-8"?>
<data>
	<table name="SOContact">
		<col name="CompanyID" type="Int" default="Zero" />
		<col name="ContactID" type="Int" identity="true" />
		<col name="CustomerID" type="Int" />
		<col name="CustomerContactID" type="Int" nullable="true" />
		<col name="RevisionID" type="Int" />
		<col name="IsDefaultContact" type="Bit" />
		<col name="Title" type="NVarChar(50)" nullable="true" />
		<col name="Salutation" type="NVarChar(255)" nullable="true" />
		<col name="Attention" type="NVarChar(255)" nullable="true" />
		<col name="FullName" type="NVarChar(255)" nullable="true" />
		<col name="Email" type="VarChar(255)" nullable="true" />
		<col name="Phone1" type="VarChar(50)" nullable="true" />
		<col name="Phone1Type" type="VarChar(3)" nullable="true" />
		<col name="Phone2" type="VarChar(50)" nullable="true" />
		<col name="Phone2Type" type="VarChar(3)" nullable="true" />
		<col name="Phone3" type="VarChar(50)" nullable="true" />
		<col name="Phone3Type" type="VarChar(3)" nullable="true" />
		<col name="Fax" type="VarChar(50)" nullable="true" />
		<col name="FaxType" type="VarChar(3)" nullable="true" />
		<col name="PseudonymizationStatus" type="Int" nullable="true" default="Zero" />
		<col name="NoteID" type="UniqueIdentifier" />
		<col name="CreatedByID" type="UniqueIdentifier" />
		<col name="CreatedByScreenID" type="Char(8)" />
		<col name="CreatedDateTime" type="DateTime" />
		<col name="LastModifiedByID" type="UniqueIdentifier" />
		<col name="LastModifiedByScreenID" type="Char(8)" />
		<col name="LastModifiedDateTime" type="DateTime" />
		<col name="tstamp" type="Timestamp" />
	</table>
	<rows>
		<row ContactID="1" CustomerID="27" CustomerContactID="27" RevisionID="1" IsDefaultContact="1" FullName="Jones Test" Phone1Type="B1" Phone2Type="C" Phone3Type="H1" FaxType="BF" PseudonymizationStatus="0" NoteID="e5b50c59-7b15-ea11-a6ec-9cb6d0c82c0c" CreatedByID="b5344897-037e-4d58-b5c3-1bdfd0f47bf9" CreatedByScreenID="SO301000" CreatedDateTime="2019-12-02 21:17:03.793" LastModifiedByID="b5344897-037e-4d58-b5c3-1bdfd0f47bf9" LastModifiedByScreenID="SO301000" LastModifiedDateTime="2019-12-02 21:17:03.793" />
		<row ContactID="2" CustomerID="30" CustomerContactID="30" RevisionID="2" IsDefaultContact="0" FullName="Aleks Jones" Email="aleks@logicautomated.com" Phone1="+15107175555" Phone1Type="B1" Phone2Type="C" Phone3Type="H1" FaxType="BF" PseudonymizationStatus="0" NoteID="ee387e74-8a17-ea11-a6ed-9cb6d0c82c0c" CreatedByID="b5344897-037e-4d58-b5c3-1bdfd0f47bf9" CreatedByScreenID="SO301000" CreatedDateTime="2019-12-05 12:10:12.11" LastModifiedByID="b5344897-037e-4d58-b5c3-1bdfd0f47bf9" LastModifiedByScreenID="SO301000" LastModifiedDateTime="2019-12-05 12:11:35.333" />
		<row ContactID="3" CustomerID="30" CustomerContactID="30" RevisionID="2" IsDefaultContact="0" FullName="Aleks Jones" Email="aleks@logicautomated.com" Phone1="+15107175555" Phone1Type="B1" Phone2Type="C" Phone3Type="H1" FaxType="BF" PseudonymizationStatus="0" NoteID="ef387e74-8a17-ea11-a6ed-9cb6d0c82c0c" CreatedByID="b5344897-037e-4d58-b5c3-1bdfd0f47bf9" CreatedByScreenID="SO301000" CreatedDateTime="2019-12-05 12:10:12.113" LastModifiedByID="b5344897-037e-4d58-b5c3-1bdfd0f47bf9" LastModifiedByScreenID="SO301000" LastModifiedDateTime="2019-12-05 12:11:35.333" />
		<row ContactID="4" CustomerID="30" CustomerContactID="30" RevisionID="2" IsDefaultContact="0" Attention="Aleksandr Jones" FullName="Jones Co" Email="aleks@logicautomated.com" Phone1="847-434-6014" Phone1Type="B1" Phone2Type="C" Phone3Type="H1" FaxType="BF" PseudonymizationStatus="0" NoteID="fc387e74-8a17-ea11-a6ed-9cb6d0c82c0c" CreatedByID="b5344897-037e-4d58-b5c3-1bdfd0f47bf9" CreatedByScreenID="SO301000" CreatedDateTime="2019-12-05 12:10:12.183" LastModifiedByID="b5344897-037e-4d58-b5c3-1bdfd0f47bf9" LastModifiedByScreenID="SO301000" LastModifiedDateTime="2019-12-05 12:10:12.183" />
		<row ContactID="5" CustomerID="30" CustomerContactID="30" RevisionID="2" IsDefaultContact="0" FullName="Aleks Jones" Email="aleks@logicautomated.com" Phone1="+15107175555" Phone1Type="B1" Phone2Type="C" Phone3Type="H1" FaxType="BF" PseudonymizationStatus="0" NoteID="fd387e74-8a17-ea11-a6ed-9cb6d0c82c0c" CreatedByID="b5344897-037e-4d58-b5c3-1bdfd0f47bf9" CreatedByScreenID="SO301000" CreatedDateTime="2019-12-05 12:10:12.183" LastModifiedByID="b5344897-037e-4d58-b5c3-1bdfd0f47bf9" LastModifiedByScreenID="SO301000" LastModifiedDateTime="2019-12-05 12:10:12.183" />
		<row ContactID="6" CustomerID="30" CustomerContactID="30" RevisionID="2" IsDefaultContact="0" Attention="Aleksandr Jones" FullName="Jones Co" Email="aleks@logicautomated.com" Phone1="847-434-6014" Phone1Type="B1" Phone2Type="C" Phone3Type="H1" FaxType="BF" PseudonymizationStatus="0" NoteID="a8550c7b-8a17-ea11-a6ed-9cb6d0c82c0c" CreatedByID="b5344897-037e-4d58-b5c3-1bdfd0f47bf9" CreatedByScreenID="SO301000" CreatedDateTime="2019-12-05 12:10:14.1" LastModifiedByID="b5344897-037e-4d58-b5c3-1bdfd0f47bf9" LastModifiedByScreenID="SO301000" LastModifiedDateTime="2019-12-05 12:10:14.1" />
		<row ContactID="7" CustomerID="30" CustomerContactID="30" RevisionID="2" IsDefaultContact="0" FullName="Aleks Jones" Email="aleks@logicautomated.com" Phone1="+15107175555" Phone1Type="B1" Phone2Type="C" Phone3Type="H1" FaxType="BF" PseudonymizationStatus="0" NoteID="a9550c7b-8a17-ea11-a6ed-9cb6d0c82c0c" CreatedByID="b5344897-037e-4d58-b5c3-1bdfd0f47bf9" CreatedByScreenID="SO301000" CreatedDateTime="2019-12-05 12:10:14.103" LastModifiedByID="b5344897-037e-4d58-b5c3-1bdfd0f47bf9" LastModifiedByScreenID="SO301000" LastModifiedDateTime="2019-12-05 12:10:14.103" />
		<row ContactID="8" CustomerID="30" CustomerContactID="30" RevisionID="2" IsDefaultContact="0" Attention="Aleksandr Jones" FullName="Jones Co" Email="aleks@logicautomated.com" Phone1="847-434-6014" Phone1Type="B1" Phone2Type="C" Phone3Type="H1" FaxType="BF" PseudonymizationStatus="0" NoteID="3a560c7b-8a17-ea11-a6ed-9cb6d0c82c0c" CreatedByID="b5344897-037e-4d58-b5c3-1bdfd0f47bf9" CreatedByScreenID="SO301000" CreatedDateTime="2019-12-05 12:10:19.027" LastModifiedByID="b5344897-037e-4d58-b5c3-1bdfd0f47bf9" LastModifiedByScreenID="SO301000" LastModifiedDateTime="2019-12-05 12:10:19.027" />
		<row ContactID="9" CustomerID="30" CustomerContactID="30" RevisionID="2" IsDefaultContact="0" FullName="Aleks Jones" Email="aleks@logicautomated.com" Phone1="+15107175555" Phone1Type="B1" Phone2Type="C" Phone3Type="H1" FaxType="BF" PseudonymizationStatus="0" NoteID="3b560c7b-8a17-ea11-a6ed-9cb6d0c82c0c" CreatedByID="b5344897-037e-4d58-b5c3-1bdfd0f47bf9" CreatedByScreenID="SO301000" CreatedDateTime="2019-12-05 12:10:19.027" LastModifiedByID="b5344897-037e-4d58-b5c3-1bdfd0f47bf9" LastModifiedByScreenID="SO301000" LastModifiedDateTime="2019-12-05 12:10:19.027" />
		<row ContactID="10" CustomerID="30" CustomerContactID="30" RevisionID="3" IsDefaultContact="0" Attention="Aleksandr Jones" FullName="Jones Co" Email="aleks@logicautomated.com" Phone1="847-434-6014" Phone1Type="B1" Phone2Type="C" Phone3Type="H1" FaxType="BF" PseudonymizationStatus="0" NoteID="5fbf6704-da25-ea11-a6f0-9cb6d0c82c0c" CreatedByID="b5344897-037e-4d58-b5c3-1bdfd0f47bf9" CreatedByScreenID="SO301000" CreatedDateTime="2019-12-23 17:14:53.24" LastModifiedByID="b5344897-037e-4d58-b5c3-1bdfd0f47bf9" LastModifiedByScreenID="SO301000" LastModifiedDateTime="2019-12-23 17:14:53.24" />
		<row ContactID="11" CustomerID="30" CustomerContactID="30" RevisionID="3" IsDefaultContact="0" Attention="Pop-up Test Jones" FullName="Logic Automated LLC" Email="aleks@logicautomated.com" Phone1="847-123-1234" Phone1Type="B1" Phone2Type="C" Phone3Type="H1" FaxType="BF" PseudonymizationStatus="0" NoteID="60bf6704-da25-ea11-a6f0-9cb6d0c82c0c" CreatedByID="b5344897-037e-4d58-b5c3-1bdfd0f47bf9" CreatedByScreenID="SO301000" CreatedDateTime="2019-12-23 17:14:53.24" LastModifiedByID="b5344897-037e-4d58-b5c3-1bdfd0f47bf9" LastModifiedByScreenID="SO301000" LastModifiedDateTime="2019-12-23 17:14:53.24" />
		<row ContactID="12" CustomerID="30" CustomerContactID="30" RevisionID="3" IsDefaultContact="0" Attention="Aleksandr Jones" FullName="Jones Co" Email="aleks@logicautomated.com" Phone1="847-434-6014" Phone1Type="B1" Phone2Type="C" Phone3Type="H1" FaxType="BF" PseudonymizationStatus="0" NoteID="c2f80588-da25-ea11-a6f0-9cb6d0c82c0c" CreatedByID="b5344897-037e-4d58-b5c3-1bdfd0f47bf9" CreatedByScreenID="SO301000" CreatedDateTime="2019-12-23 17:18:32.113" LastModifiedByID="b5344897-037e-4d58-b5c3-1bdfd0f47bf9" LastModifiedByScreenID="SO301000" LastModifiedDateTime="2019-12-23 17:18:32.113" />
		<row ContactID="13" CustomerID="30" CustomerContactID="30" RevisionID="3" IsDefaultContact="0" Attention="Pop-up Test Jones" FullName="Logic Automated LLC" Email="aleks@logicautomated.com" Phone1="847-123-1234" Phone1Type="B1" Phone2Type="C" Phone3Type="H1" FaxType="BF" PseudonymizationStatus="0" NoteID="c3f80588-da25-ea11-a6f0-9cb6d0c82c0c" CreatedByID="b5344897-037e-4d58-b5c3-1bdfd0f47bf9" CreatedByScreenID="SO301000" CreatedDateTime="2019-12-23 17:18:32.113" LastModifiedByID="b5344897-037e-4d58-b5c3-1bdfd0f47bf9" LastModifiedByScreenID="SO301000" LastModifiedDateTime="2019-12-23 17:18:32.113" />
		<row ContactID="14" CustomerID="30" CustomerContactID="30" RevisionID="3" IsDefaultContact="0" Attention="Aleksandr Jones" FullName="Jones Co" Email="aleks@logicautomated.com" Phone1="847-434-6014" Phone1Type="B1" Phone2Type="C" Phone3Type="H1" FaxType="BF" PseudonymizationStatus="0" NoteID="a8ec5143-db25-ea11-a6f0-9cb6d0c82c0c" CreatedByID="b5344897-037e-4d58-b5c3-1bdfd0f47bf9" CreatedByScreenID="SO301000" CreatedDateTime="2019-12-23 17:23:53.27" LastModifiedByID="b5344897-037e-4d58-b5c3-1bdfd0f47bf9" LastModifiedByScreenID="SO301000" LastModifiedDateTime="2019-12-23 17:23:53.27" />
		<row ContactID="15" CustomerID="30" CustomerContactID="30" RevisionID="3" IsDefaultContact="0" Attention="Pop-up Test Jones" FullName="Logic Automated LLC" Email="aleks@logicautomated.com" Phone1="847-123-1234" Phone1Type="B1" Phone2Type="C" Phone3Type="H1" FaxType="BF" PseudonymizationStatus="0" NoteID="a9ec5143-db25-ea11-a6f0-9cb6d0c82c0c" CreatedByID="b5344897-037e-4d58-b5c3-1bdfd0f47bf9" CreatedByScreenID="SO301000" CreatedDateTime="2019-12-23 17:23:53.27" LastModifiedByID="b5344897-037e-4d58-b5c3-1bdfd0f47bf9" LastModifiedByScreenID="SO301000" LastModifiedDateTime="2019-12-23 17:23:53.27" />
		<row ContactID="16" CustomerID="30" CustomerContactID="30" RevisionID="3" IsDefaultContact="0" Attention="Aleksandr Jones" FullName="Jones Co" Email="aleks@logicautomated.com" Phone1="847-434-6014" Phone1Type="B1" Phone2Type="C" Phone3Type="H1" FaxType="BF" PseudonymizationStatus="0" NoteID="83d6d61e-dc25-ea11-a6f0-9cb6d0c82c0c" CreatedByID="b5344897-037e-4d58-b5c3-1bdfd0f47bf9" CreatedByScreenID="SO301000" CreatedDateTime="2019-12-23 17:29:54.48" LastModifiedByID="b5344897-037e-4d58-b5c3-1bdfd0f47bf9" LastModifiedByScreenID="SO301000" LastModifiedDateTime="2019-12-23 17:29:54.48" />
		<row ContactID="17" CustomerID="30" CustomerContactID="30" RevisionID="3" IsDefaultContact="0" Attention="Pop-up Test Jones" FullName="Logic Automated LLC" Email="aleks@logicautomated.com" Phone1="847-123-1234" Phone1Type="B1" Phone2Type="C" Phone3Type="H1" FaxType="BF" PseudonymizationStatus="0" NoteID="84d6d61e-dc25-ea11-a6f0-9cb6d0c82c0c" CreatedByID="b5344897-037e-4d58-b5c3-1bdfd0f47bf9" CreatedByScreenID="SO301000" CreatedDateTime="2019-12-23 17:29:54.48" LastModifiedByID="b5344897-037e-4d58-b5c3-1bdfd0f47bf9" LastModifiedByScreenID="SO301000" LastModifiedDateTime="2019-12-23 17:29:54.48" />
		<row ContactID="18" CustomerID="30" CustomerContactID="30" RevisionID="3" IsDefaultContact="0" Attention="Aleksandr Jones" FullName="Jones Co" Email="aleks@logicautomated.com" Phone1="847-434-6014" Phone1Type="B1" Phone2Type="C" Phone3Type="H1" FaxType="BF" PseudonymizationStatus="0" NoteID="8c170699-dc25-ea11-a6f0-9cb6d0c82c0c" CreatedByID="b5344897-037e-4d58-b5c3-1bdfd0f47bf9" CreatedByScreenID="SO301000" CreatedDateTime="2019-12-23 17:33:22.94" LastModifiedByID="b5344897-037e-4d58-b5c3-1bdfd0f47bf9" LastModifiedByScreenID="SO301000" LastModifiedDateTime="2019-12-23 17:33:22.94" />
		<row ContactID="19" CustomerID="30" CustomerContactID="30" RevisionID="3" IsDefaultContact="0" Attention="Pop-up Test Jones" FullName="Logic Automated LLC" Email="aleks@logicautomated.com" Phone1="847-123-1234" Phone1Type="B1" Phone2Type="C" Phone3Type="H1" FaxType="BF" PseudonymizationStatus="0" NoteID="8d170699-dc25-ea11-a6f0-9cb6d0c82c0c" CreatedByID="b5344897-037e-4d58-b5c3-1bdfd0f47bf9" CreatedByScreenID="SO301000" CreatedDateTime="2019-12-23 17:33:22.943" LastModifiedByID="b5344897-037e-4d58-b5c3-1bdfd0f47bf9" LastModifiedByScreenID="SO301000" LastModifiedDateTime="2019-12-23 17:33:22.943" />
		<row ContactID="20" CustomerID="30" CustomerContactID="30" RevisionID="3" IsDefaultContact="0" Attention="Aleksandr Jones" FullName="Jones Co" Email="aleks@logicautomated.com" Phone1="847-434-6014" Phone1Type="B1" Phone2Type="C" Phone3Type="H1" FaxType="BF" PseudonymizationStatus="0" NoteID="492aac30-dd25-ea11-a6f0-9cb6d0c82c0c" CreatedByID="b5344897-037e-4d58-b5c3-1bdfd0f47bf9" CreatedByScreenID="SO301000" CreatedDateTime="2019-12-23 17:37:33.89" LastModifiedByID="b5344897-037e-4d58-b5c3-1bdfd0f47bf9" LastModifiedByScreenID="SO301000" LastModifiedDateTime="2019-12-23 17:42:38.18" />
		<row ContactID="21" CustomerID="30" CustomerContactID="30" RevisionID="3" IsDefaultContact="0" Attention="Pop-up Test Jones" FullName="Logic Automated LLC" Email="aleks@logicautomated.com" Phone1="847-123-1234" Phone1Type="B1" Phone2Type="C" Phone3Type="H1" FaxType="BF" PseudonymizationStatus="0" NoteID="4a2aac30-dd25-ea11-a6f0-9cb6d0c82c0c" CreatedByID="b5344897-037e-4d58-b5c3-1bdfd0f47bf9" CreatedByScreenID="SO301000" CreatedDateTime="2019-12-23 17:37:33.89" LastModifiedByID="b5344897-037e-4d58-b5c3-1bdfd0f47bf9" LastModifiedByScreenID="SO301000" LastModifiedDateTime="2019-12-23 17:42:38.18" />
		<row ContactID="22" CustomerID="30" CustomerContactID="30" RevisionID="3" IsDefaultContact="0" Attention="Aleksandr Jones" FullName="Jones Co" Email="aleks@logicautomated.com" Phone1="847-434-6014" Phone1Type="B1" Phone2Type="C" Phone3Type="H1" FaxType="BF" PseudonymizationStatus="0" NoteID="dad75468-de25-ea11-a6f0-9cb6d0c82c0c" CreatedByID="b5344897-037e-4d58-b5c3-1bdfd0f47bf9" CreatedByScreenID="SO301000" CreatedDateTime="2019-12-23 17:46:16.84" LastModifiedByID="b5344897-037e-4d58-b5c3-1bdfd0f47bf9" LastModifiedByScreenID="SO301000" LastModifiedDateTime="2019-12-23 17:46:16.84" />
		<row ContactID="23" CustomerID="30" CustomerContactID="30" RevisionID="3" IsDefaultContact="0" Attention="Pop-up Test Jones" FullName="Logic Automated LLC" Email="aleks@logicautomated.com" Phone1="847-123-1234" Phone1Type="B1" Phone2Type="C" Phone3Type="H1" FaxType="BF" PseudonymizationStatus="0" NoteID="dbd75468-de25-ea11-a6f0-9cb6d0c82c0c" CreatedByID="b5344897-037e-4d58-b5c3-1bdfd0f47bf9" CreatedByScreenID="SO301000" CreatedDateTime="2019-12-23 17:46:16.84" LastModifiedByID="b5344897-037e-4d58-b5c3-1bdfd0f47bf9" LastModifiedByScreenID="SO301000" LastModifiedDateTime="2019-12-23 17:46:16.84" />
		<row ContactID="24" CustomerID="30" CustomerContactID="30" RevisionID="3" IsDefaultContact="0" Attention="Aleksandr Jones" FullName="Jones Co" Email="aleks@logicautomated.com" Phone1="847-434-6014" Phone1Type="B1" Phone2Type="C" Phone3Type="H1" FaxType="BF" PseudonymizationStatus="0" NoteID="e2403b49-df25-ea11-a6f0-9cb6d0c82c0c" CreatedByID="b5344897-037e-4d58-b5c3-1bdfd0f47bf9" CreatedByScreenID="SO301000" CreatedDateTime="2019-12-23 17:52:34.22" LastModifiedByID="b5344897-037e-4d58-b5c3-1bdfd0f47bf9" LastModifiedByScreenID="SO301000" LastModifiedDateTime="2019-12-23 17:52:34.22" />
		<row ContactID="25" CustomerID="30" CustomerContactID="30" RevisionID="3" IsDefaultContact="0" Attention="Pop-up Test Jones" FullName="Logic Automated LLC" Email="aleks@logicautomated.com" Phone1="847-123-1234" Phone1Type="B1" Phone2Type="C" Phone3Type="H1" FaxType="BF" PseudonymizationStatus="0" NoteID="e3403b49-df25-ea11-a6f0-9cb6d0c82c0c" CreatedByID="b5344897-037e-4d58-b5c3-1bdfd0f47bf9" CreatedByScreenID="SO301000" CreatedDateTime="2019-12-23 17:52:34.22" LastModifiedByID="b5344897-037e-4d58-b5c3-1bdfd0f47bf9" LastModifiedByScreenID="SO301000" LastModifiedDateTime="2019-12-23 17:52:34.22" />
		<row ContactID="26" CustomerID="30" CustomerContactID="30" RevisionID="3" IsDefaultContact="0" Attention="Aleksandr Jones" FullName="Jones Co" Email="aleks@logicautomated.com" Phone1="847-434-6014" Phone1Type="B1" Phone2Type="C" Phone3Type="H1" FaxType="BF" PseudonymizationStatus="0" NoteID="cc0fec08-0326-ea11-a6f0-9cb6d0c82c0c" CreatedByID="b5344897-037e-4d58-b5c3-1bdfd0f47bf9" CreatedByScreenID="SO301000" CreatedDateTime="2019-12-23 22:08:36.72" LastModifiedByID="b5344897-037e-4d58-b5c3-1bdfd0f47bf9" LastModifiedByScreenID="SO301000" LastModifiedDateTime="2019-12-23 22:08:36.72" />
		<row ContactID="27" CustomerID="30" CustomerContactID="30" RevisionID="3" IsDefaultContact="0" Attention="Pop-up Test Jones" FullName="Logic Automated LLC" Email="aleks@logicautomated.com" Phone1="847-123-1234" Phone1Type="B1" Phone2Type="C" Phone3Type="H1" FaxType="BF" PseudonymizationStatus="0" NoteID="cd0fec08-0326-ea11-a6f0-9cb6d0c82c0c" CreatedByID="b5344897-037e-4d58-b5c3-1bdfd0f47bf9" CreatedByScreenID="SO301000" CreatedDateTime="2019-12-23 22:08:36.72" LastModifiedByID="b5344897-037e-4d58-b5c3-1bdfd0f47bf9" LastModifiedByScreenID="SO301000" LastModifiedDateTime="2019-12-23 22:08:36.72" />
		<row ContactID="28" CustomerID="30" CustomerContactID="30" RevisionID="3" IsDefaultContact="0" Attention="Aleksandr Jones" FullName="Jones Co" Email="aleks@logicautomated.com" Phone1="847-434-6014" Phone1Type="B1" Phone2Type="C" Phone3Type="H1" FaxType="BF" PseudonymizationStatus="0" NoteID="8f72bfc5-0326-ea11-a6f0-9cb6d0c82c0c" CreatedByID="b5344897-037e-4d58-b5c3-1bdfd0f47bf9" CreatedByScreenID="SO301000" CreatedDateTime="2019-12-23 22:13:47.197" LastModifiedByID="b5344897-037e-4d58-b5c3-1bdfd0f47bf9" LastModifiedByScreenID="SO301000" LastModifiedDateTime="2019-12-23 22:13:47.197" />
		<row ContactID="29" CustomerID="30" CustomerContactID="30" RevisionID="3" IsDefaultContact="0" Attention="Pop-up Test Jones" FullName="Logic Automated LLC" Email="aleks@logicautomated.com" Phone1="847-123-1234" Phone1Type="B1" Phone2Type="C" Phone3Type="H1" FaxType="BF" PseudonymizationStatus="0" NoteID="9072bfc5-0326-ea11-a6f0-9cb6d0c82c0c" CreatedByID="b5344897-037e-4d58-b5c3-1bdfd0f47bf9" CreatedByScreenID="SO301000" CreatedDateTime="2019-12-23 22:13:47.2" LastModifiedByID="b5344897-037e-4d58-b5c3-1bdfd0f47bf9" LastModifiedByScreenID="SO301000" LastModifiedDateTime="2019-12-23 22:13:47.2" />
		<row ContactID="30" CustomerID="30" CustomerContactID="30" RevisionID="3" IsDefaultContact="0" Attention="Aleksandr Jones" FullName="Jones Co" Email="aleks@logicautomated.com" Phone1="847-434-6014" Phone1Type="B1" Phone2Type="C" Phone3Type="H1" FaxType="BF" PseudonymizationStatus="0" NoteID="8405ae58-0626-ea11-a6f0-9cb6d0c82c0c" CreatedByID="b5344897-037e-4d58-b5c3-1bdfd0f47bf9" CreatedByScreenID="SO301000" CreatedDateTime="2019-12-23 22:32:12.277" LastModifiedByID="b5344897-037e-4d58-b5c3-1bdfd0f47bf9" LastModifiedByScreenID="SO301000" LastModifiedDateTime="2019-12-23 22:33:44.78" />
		<row ContactID="31" CustomerID="30" CustomerContactID="30" RevisionID="3" IsDefaultContact="0" Attention="Pop-up Test Jones" FullName="Logic Automated LLC" Email="aleks@logicautomated.com" Phone1="847-123-1234" Phone1Type="B1" Phone2Type="C" Phone3Type="H1" FaxType="BF" PseudonymizationStatus="0" NoteID="8505ae58-0626-ea11-a6f0-9cb6d0c82c0c" CreatedByID="b5344897-037e-4d58-b5c3-1bdfd0f47bf9" CreatedByScreenID="SO301000" CreatedDateTime="2019-12-23 22:32:12.277" LastModifiedByID="b5344897-037e-4d58-b5c3-1bdfd0f47bf9" LastModifiedByScreenID="SO301000" LastModifiedDateTime="2019-12-23 22:33:44.78" />
		<row ContactID="32" CustomerID="30" CustomerContactID="30" RevisionID="3" IsDefaultContact="0" Attention="Aleksandr Jones" FullName="Jones Co" Email="aleks@logicautomated.com" Phone1="847-434-6014" Phone1Type="B1" Phone2Type="C" Phone3Type="H1" FaxType="BF" PseudonymizationStatus="0" NoteID="6593cecf-0726-ea11-a6f0-9cb6d0c82c0c" CreatedByID="b5344897-037e-4d58-b5c3-1bdfd0f47bf9" CreatedByScreenID="SO301000" CreatedDateTime="2019-12-23 22:42:41.393" LastModifiedByID="b5344897-037e-4d58-b5c3-1bdfd0f47bf9" LastModifiedByScreenID="SO301000" LastModifiedDateTime="2019-12-23 22:43:35.067" />
		<row ContactID="33" CustomerID="30" CustomerContactID="30" RevisionID="3" IsDefaultContact="0" Attention="Pop-up Test Jones" FullName="Logic Automated LLC" Email="aleks@logicautomated.com" Phone1="847-123-1234" Phone1Type="B1" Phone2Type="C" Phone3Type="H1" FaxType="BF" PseudonymizationStatus="0" NoteID="6693cecf-0726-ea11-a6f0-9cb6d0c82c0c" CreatedByID="b5344897-037e-4d58-b5c3-1bdfd0f47bf9" CreatedByScreenID="SO301000" CreatedDateTime="2019-12-23 22:42:41.393" LastModifiedByID="b5344897-037e-4d58-b5c3-1bdfd0f47bf9" LastModifiedByScreenID="SO301000" LastModifiedDateTime="2019-12-23 22:43:35.07" />
		<row ContactID="34" CustomerID="30" CustomerContactID="30" RevisionID="3" IsDefaultContact="0" Attention="Aleksandr Jones" FullName="Jones Co" Email="aleks@logicautomated.com" Phone1="847-434-6014" Phone1Type="B1" Phone2Type="C" Phone3Type="H1" FaxType="BF" PseudonymizationStatus="0" NoteID="d90594ad-0826-ea11-a6f0-9cb6d0c82c0c" CreatedByID="b5344897-037e-4d58-b5c3-1bdfd0f47bf9" CreatedByScreenID="SO301000" CreatedDateTime="2019-12-23 22:48:53.567" LastModifiedByID="b5344897-037e-4d58-b5c3-1bdfd0f47bf9" LastModifiedByScreenID="SO301000" LastModifiedDateTime="2019-12-23 22:48:53.567" />
		<row ContactID="35" CustomerID="30" CustomerContactID="30" RevisionID="3" IsDefaultContact="0" Attention="Pop-up Test Jones" FullName="Logic Automated LLC" Email="aleks@logicautomated.com" Phone1="847-123-1234" Phone1Type="B1" Phone2Type="C" Phone3Type="H1" FaxType="BF" PseudonymizationStatus="0" NoteID="da0594ad-0826-ea11-a6f0-9cb6d0c82c0c" CreatedByID="b5344897-037e-4d58-b5c3-1bdfd0f47bf9" CreatedByScreenID="SO301000" CreatedDateTime="2019-12-23 22:48:53.567" LastModifiedByID="b5344897-037e-4d58-b5c3-1bdfd0f47bf9" LastModifiedByScreenID="SO301000" LastModifiedDateTime="2019-12-23 22:48:53.567" />
		<row ContactID="36" CustomerID="30" CustomerContactID="30" RevisionID="3" IsDefaultContact="0" Attention="Aleksandr Jones" FullName="Jones Co" Email="aleks@logicautomated.com" Phone1="847-434-6014" Phone1Type="B1" Phone2Type="C" Phone3Type="H1" FaxType="BF" PseudonymizationStatus="0" NoteID="743910b4-0a26-ea11-a6f0-9cb6d0c82c0c" CreatedByID="b5344897-037e-4d58-b5c3-1bdfd0f47bf9" CreatedByScreenID="SO301000" CreatedDateTime="2019-12-23 23:03:24.183" LastModifiedByID="b5344897-037e-4d58-b5c3-1bdfd0f47bf9" LastModifiedByScreenID="SO301000" LastModifiedDateTime="2019-12-23 23:03:24.183" />
		<row ContactID="37" CustomerID="30" CustomerContactID="30" RevisionID="3" IsDefaultContact="0" Attention="Pop-up Test Jones" FullName="Logic Automated LLC" Email="aleks@logicautomated.com" Phone1="847-123-1234" Phone1Type="B1" Phone2Type="C" Phone3Type="H1" FaxType="BF" PseudonymizationStatus="0" NoteID="753910b4-0a26-ea11-a6f0-9cb6d0c82c0c" CreatedByID="b5344897-037e-4d58-b5c3-1bdfd0f47bf9" CreatedByScreenID="SO301000" CreatedDateTime="2019-12-23 23:03:24.187" LastModifiedByID="b5344897-037e-4d58-b5c3-1bdfd0f47bf9" LastModifiedByScreenID="SO301000" LastModifiedDateTime="2019-12-23 23:03:24.187" />
		<row ContactID="38" CustomerID="30" CustomerContactID="30" RevisionID="3" IsDefaultContact="0" Attention="Aleksandr Jones" FullName="Jones Co" Email="aleks@logicautomated.com" Phone1="847-434-6014" Phone1Type="B1" Phone2Type="C" Phone3Type="H1" FaxType="BF" PseudonymizationStatus="0" NoteID="0558f614-0e26-ea11-a6f0-9cb6d0c82c0c" CreatedByID="b5344897-037e-4d58-b5c3-1bdfd0f47bf9" CreatedByScreenID="SO301000" CreatedDateTime="2019-12-23 23:27:34.673" LastModifiedByID="b5344897-037e-4d58-b5c3-1bdfd0f47bf9" LastModifiedByScreenID="SO301000" LastModifiedDateTime="2019-12-23 23:32:57.04" />
		<row ContactID="39" CustomerID="30" CustomerContactID="30" RevisionID="3" IsDefaultContact="0" Attention="Pop-up Test Jones" FullName="Logic Automated LLC" Email="aleks@logicautomated.com" Phone1="847-123-1234" Phone1Type="B1" Phone2Type="C" Phone3Type="H1" FaxType="BF" PseudonymizationStatus="0" NoteID="0658f614-0e26-ea11-a6f0-9cb6d0c82c0c" CreatedByID="b5344897-037e-4d58-b5c3-1bdfd0f47bf9" CreatedByScreenID="SO301000" CreatedDateTime="2019-12-23 23:27:34.677" LastModifiedByID="b5344897-037e-4d58-b5c3-1bdfd0f47bf9" LastModifiedByScreenID="SO301000" LastModifiedDateTime="2019-12-23 23:32:57.043" />
		<row ContactID="40" CustomerID="30" CustomerContactID="30" RevisionID="3" IsDefaultContact="0" Attention="Aleksandr Jones" FullName="Jones Co" Email="aleks@logicautomated.com" Phone1="847-434-6014" Phone1Type="B1" Phone2Type="C" Phone3Type="H1" FaxType="BF" PseudonymizationStatus="0" NoteID="d17df320-1426-ea11-a6f0-9cb6d0c82c0c" CreatedByID="b5344897-037e-4d58-b5c3-1bdfd0f47bf9" CreatedByScreenID="SO301000" CreatedDateTime="2019-12-24 00:10:51.64" LastModifiedByID="b5344897-037e-4d58-b5c3-1bdfd0f47bf9" LastModifiedByScreenID="SO301000" LastModifiedDateTime="2019-12-24 00:13:59.6" />
		<row ContactID="41" CustomerID="30" CustomerContactID="30" RevisionID="3" IsDefaultContact="0" Attention="Pop-up Test Jones" FullName="Logic Automated LLC" Email="aleks@logicautomated.com" Phone1="847-123-1234" Phone1Type="B1" Phone2Type="C" Phone3Type="H1" FaxType="BF" PseudonymizationStatus="0" NoteID="d27df320-1426-ea11-a6f0-9cb6d0c82c0c" CreatedByID="b5344897-037e-4d58-b5c3-1bdfd0f47bf9" CreatedByScreenID="SO301000" CreatedDateTime="2019-12-24 00:10:51.647" LastModifiedByID="b5344897-037e-4d58-b5c3-1bdfd0f47bf9" LastModifiedByScreenID="SO301000" LastModifiedDateTime="2019-12-24 00:13:59.603" />
		<row ContactID="42" CustomerID="30" CustomerContactID="30" RevisionID="3" IsDefaultContact="0" Attention="Aleksandr Jones" FullName="Jones Co" Email="aleks@logicautomated.com" Phone1="847-434-6014" Phone1Type="B1" Phone2Type="C" Phone3Type="H1" FaxType="BF" PseudonymizationStatus="0" NoteID="cd34a793-1426-ea11-a6f0-9cb6d0c82c0c" CreatedByID="b5344897-037e-4d58-b5c3-1bdfd0f47bf9" CreatedByScreenID="SO301000" CreatedDateTime="2019-12-24 00:14:03.73" LastModifiedByID="b5344897-037e-4d58-b5c3-1bdfd0f47bf9" LastModifiedByScreenID="SO301000" LastModifiedDateTime="2019-12-24 00:14:03.73" />
		<row ContactID="43" CustomerID="30" CustomerContactID="30" RevisionID="3" IsDefaultContact="0" Attention="Pop-up Test Jones" FullName="Another Test" Email="aleks@logicautomated.com" Phone1="847-123-1234" Phone1Type="B1" Phone2Type="C" Phone3Type="H1" FaxType="BF" PseudonymizationStatus="0" NoteID="ce34a793-1426-ea11-a6f0-9cb6d0c82c0c" CreatedByID="b5344897-037e-4d58-b5c3-1bdfd0f47bf9" CreatedByScreenID="SO301000" CreatedDateTime="2019-12-24 00:14:03.733" LastModifiedByID="b5344897-037e-4d58-b5c3-1bdfd0f47bf9" LastModifiedByScreenID="SO301000" LastModifiedDateTime="2019-12-31 13:53:14.407" />
		<row ContactID="44" CustomerID="30" CustomerContactID="30" RevisionID="3" IsDefaultContact="1" FullName="Aleks Jones" Email="aleks@logicautomated.com" Phone1Type="B1" Phone2Type="C" Phone3Type="H1" FaxType="BF" PseudonymizationStatus="0" NoteID="371aa8fc-ea2b-ea11-a6f1-9cb6d0c82c0c" CreatedByID="b5344897-037e-4d58-b5c3-1bdfd0f47bf9" CreatedByScreenID="SO301000" CreatedDateTime="2019-12-31 10:32:11.787" LastModifiedByID="b5344897-037e-4d58-b5c3-1bdfd0f47bf9" LastModifiedByScreenID="SO301000" LastModifiedDateTime="2019-12-31 10:32:11.787" />
	</rows>
</data>