﻿<?xml version="1.0" encoding="utf-8"?>
<data>
	<table name="SOFreightDetail">
		<col name="CompanyID" type="Int" default="Zero" />
		<col name="DocType" type="Char(3)" />
		<col name="RefNbr" type="NVarChar(15)" />
		<col name="ShipmentNbr" type="NVarChar(15)" />
		<col name="ShipmentType" type="Char(1)" />
		<col name="OrderType" type="Char(2)" />
		<col name="OrderNbr" type="NVarChar(15)" />
		<col name="ShipTermsID" type="NVarChar(10)" nullable="true" />
		<col name="ShipZoneID" type="NVarChar(15)" nullable="true" />
		<col name="ShipVia" type="NVarChar(15)" nullable="true" />
		<col name="Weight" type="Decimal(19,6)" nullable="true" />
		<col name="Volume" type="Decimal(19,6)" nullable="true" />
		<col name="CuryInfoID" type="BigInt" />
		<col name="CuryLineTotal" type="Decimal(19,6)" nullable="true" />
		<col name="LineTotal" type="Decimal(19,6)" nullable="true" />
		<col name="CuryFreightCost" type="Decimal(19,4)" default="Zero" />
		<col name="FreightCost" type="Decimal(19,4)" default="Zero" />
		<col name="CuryFreightAmt" type="Decimal(19,6)" nullable="true" />
		<col name="FreightAmt" type="Decimal(19,6)" nullable="true" />
		<col name="CuryPremiumFreightAmt" type="Decimal(19,6)" nullable="true" />
		<col name="PremiumFreightAmt" type="Decimal(19,6)" nullable="true" />
		<col name="CuryTotalFreightAmt" type="Decimal(19,6)" nullable="true" />
		<col name="TotalFreightAmt" type="Decimal(19,6)" nullable="true" />
		<col name="TaxCategoryID" type="NVarChar(10)" nullable="true" />
		<col name="AccountID" type="Int" />
		<col name="SubID" type="Int" />
		<col name="ProjectID" type="Int" nullable="true" />
		<col name="TaskID" type="Int" nullable="true" />
		<col name="CreatedByID" type="UniqueIdentifier" />
		<col name="CreatedByScreenID" type="Char(8)" />
		<col name="CreatedDateTime" type="DateTime" />
		<col name="LastModifiedByID" type="UniqueIdentifier" />
		<col name="LastModifiedByScreenID" type="Char(8)" />
		<col name="LastModifiedDateTime" type="DateTime" />
		<col name="tstamp" type="Timestamp" />
		<col name="NoteID" type="UniqueIdentifier" nullable="true" />
	</table>
	<rows>
		<row DocType="INV" RefNbr="000013" ShipmentNbr="000001" ShipmentType="I" OrderType="SO" OrderNbr="000005" Weight="48.000000" Volume="0.000000" CuryInfoID="663985" CuryLineTotal="344.850000" LineTotal="344.850000" CuryFreightCost="0.0000" FreightCost="0.0000" CuryFreightAmt="0.000000" FreightAmt="0.000000" CuryPremiumFreightAmt="0.000000" PremiumFreightAmt="0.000000" CuryTotalFreightAmt="0.000000" TotalFreightAmt="0.000000" TaxCategoryID="EXEMPT" AccountID="2727" SubID="1" ProjectID="0" CreatedByID="b5344897-037e-4d58-b5c3-1bdfd0f47bf9" CreatedByScreenID="SO302000" CreatedDateTime="2019-12-23 17:18:45.69" LastModifiedByID="b5344897-037e-4d58-b5c3-1bdfd0f47bf9" LastModifiedByScreenID="SO302000" LastModifiedDateTime="2019-12-23 17:18:45.69" NoteID="5005fb8f-da25-ea11-a6f0-9cb6d0c82c0c" />
		<row DocType="INV" RefNbr="000014" ShipmentNbr="000002" ShipmentType="I" OrderType="SO" OrderNbr="000007" Weight="48.000000" Volume="0.000000" CuryInfoID="663988" CuryLineTotal="344.850000" LineTotal="344.850000" CuryFreightCost="0.0000" FreightCost="0.0000" CuryFreightAmt="20.000000" FreightAmt="20.000000" CuryPremiumFreightAmt="0.000000" PremiumFreightAmt="0.000000" CuryTotalFreightAmt="20.000000" TotalFreightAmt="20.000000" TaxCategoryID="TAXABLE" AccountID="2727" SubID="1" ProjectID="0" CreatedByID="b5344897-037e-4d58-b5c3-1bdfd0f47bf9" CreatedByScreenID="SO302000" CreatedDateTime="2019-12-23 17:20:22.65" LastModifiedByID="b5344897-037e-4d58-b5c3-1bdfd0f47bf9" LastModifiedByScreenID="SO302000" LastModifiedDateTime="2019-12-23 17:20:22.65" NoteID="19bd2aca-da25-ea11-a6f0-9cb6d0c82c0c" />
		<row DocType="INV" RefNbr="000015" ShipmentNbr="000003" ShipmentType="I" OrderType="SO" OrderNbr="000008" Weight="48.000000" Volume="0.000000" CuryInfoID="663995" CuryLineTotal="254.850000" LineTotal="254.850000" CuryFreightCost="0.0000" FreightCost="0.0000" CuryFreightAmt="30.000000" FreightAmt="30.000000" CuryPremiumFreightAmt="0.000000" PremiumFreightAmt="0.000000" CuryTotalFreightAmt="30.000000" TotalFreightAmt="30.000000" TaxCategoryID="TAXABLE" AccountID="2727" SubID="1" ProjectID="0" CreatedByID="b5344897-037e-4d58-b5c3-1bdfd0f47bf9" CreatedByScreenID="SO302000" CreatedDateTime="2019-12-23 17:26:02.27" LastModifiedByID="b5344897-037e-4d58-b5c3-1bdfd0f47bf9" LastModifiedByScreenID="SO302000" LastModifiedDateTime="2019-12-23 17:26:02.27" NoteID="86356e94-db25-ea11-a6f0-9cb6d0c82c0c" />
		<row DocType="INV" RefNbr="000016" ShipmentNbr="000004" ShipmentType="I" OrderType="SO" OrderNbr="000009" Weight="16.000000" Volume="0.000000" CuryInfoID="664002" CuryLineTotal="114.950000" LineTotal="114.950000" CuryFreightCost="0.0000" FreightCost="0.0000" CuryFreightAmt="10.000000" FreightAmt="10.000000" CuryPremiumFreightAmt="0.000000" PremiumFreightAmt="0.000000" CuryTotalFreightAmt="10.000000" TotalFreightAmt="10.000000" TaxCategoryID="TAXABLE" AccountID="2727" SubID="1" ProjectID="0" CreatedByID="b5344897-037e-4d58-b5c3-1bdfd0f47bf9" CreatedByScreenID="SO302000" CreatedDateTime="2019-12-23 17:31:53.893" LastModifiedByID="b5344897-037e-4d58-b5c3-1bdfd0f47bf9" LastModifiedByScreenID="SO302000" LastModifiedDateTime="2019-12-23 17:31:53.893" NoteID="15ed1c66-dc25-ea11-a6f0-9cb6d0c82c0c" />
		<row DocType="INV" RefNbr="000017" ShipmentNbr="000005" ShipmentType="I" OrderType="SO" OrderNbr="000009" Weight="32.000000" Volume="0.000000" CuryInfoID="664005" CuryLineTotal="229.900000" LineTotal="229.900000" CuryFreightCost="0.0000" FreightCost="0.0000" CuryFreightAmt="0.000000" FreightAmt="0.000000" CuryPremiumFreightAmt="0.000000" PremiumFreightAmt="0.000000" CuryTotalFreightAmt="0.000000" TotalFreightAmt="0.000000" TaxCategoryID="TAXABLE" AccountID="2727" SubID="1" ProjectID="0" CreatedByID="b5344897-037e-4d58-b5c3-1bdfd0f47bf9" CreatedByScreenID="SO302000" CreatedDateTime="2019-12-23 17:32:17.77" LastModifiedByID="b5344897-037e-4d58-b5c3-1bdfd0f47bf9" LastModifiedByScreenID="SO302000" LastModifiedDateTime="2019-12-23 17:32:17.77" NoteID="aa336674-dc25-ea11-a6f0-9cb6d0c82c0c" />
		<row DocType="INV" RefNbr="000018" ShipmentNbr="000006" ShipmentType="I" OrderType="SO" OrderNbr="000010" Weight="32.000000" Volume="0.000000" CuryInfoID="664015" CuryLineTotal="229.900000" LineTotal="229.900000" CuryFreightCost="0.0000" FreightCost="0.0000" CuryFreightAmt="0.000000" FreightAmt="0.000000" CuryPremiumFreightAmt="0.000000" PremiumFreightAmt="0.000000" CuryTotalFreightAmt="0.000000" TotalFreightAmt="0.000000" TaxCategoryID="EXEMPT" AccountID="2727" SubID="1" ProjectID="0" CreatedByID="b5344897-037e-4d58-b5c3-1bdfd0f47bf9" CreatedByScreenID="SO302000" CreatedDateTime="2019-12-23 17:35:56.043" LastModifiedByID="b5344897-037e-4d58-b5c3-1bdfd0f47bf9" LastModifiedByScreenID="SO302000" LastModifiedDateTime="2019-12-23 17:35:56.043" NoteID="ef4e85f6-dc25-ea11-a6f0-9cb6d0c82c0c" />
		<row DocType="INV" RefNbr="000019" ShipmentNbr="000007" ShipmentType="I" OrderType="SO" OrderNbr="000011" Weight="16.000000" Volume="0.000000" CuryInfoID="664026" CuryLineTotal="114.950000" LineTotal="114.950000" CuryFreightCost="0.0000" FreightCost="0.0000" CuryFreightAmt="20.000000" FreightAmt="20.000000" CuryPremiumFreightAmt="0.000000" PremiumFreightAmt="0.000000" CuryTotalFreightAmt="20.000000" TotalFreightAmt="20.000000" TaxCategoryID="TAXABLE" AccountID="2727" SubID="1" ProjectID="0" CreatedByID="b5344897-037e-4d58-b5c3-1bdfd0f47bf9" CreatedByScreenID="SO302000" CreatedDateTime="2019-12-23 17:43:35.51" LastModifiedByID="b5344897-037e-4d58-b5c3-1bdfd0f47bf9" LastModifiedByScreenID="SO302000" LastModifiedDateTime="2019-12-23 17:43:35.51" NoteID="b52a6108-de25-ea11-a6f0-9cb6d0c82c0c" />
		<row DocType="INV" RefNbr="000020" ShipmentNbr="000008" ShipmentType="I" OrderType="SO" OrderNbr="000011" Weight="16.000000" Volume="0.000000" CuryInfoID="664029" CuryLineTotal="114.950000" LineTotal="114.950000" CuryFreightCost="0.0000" FreightCost="0.0000" CuryFreightAmt="0.000000" FreightAmt="0.000000" CuryPremiumFreightAmt="0.000000" PremiumFreightAmt="0.000000" CuryTotalFreightAmt="0.000000" TotalFreightAmt="0.000000" TaxCategoryID="TAXABLE" AccountID="2727" SubID="1" ProjectID="0" CreatedByID="b5344897-037e-4d58-b5c3-1bdfd0f47bf9" CreatedByScreenID="SO302000" CreatedDateTime="2019-12-23 17:44:04.36" LastModifiedByID="b5344897-037e-4d58-b5c3-1bdfd0f47bf9" LastModifiedByScreenID="SO302000" LastModifiedDateTime="2019-12-23 17:44:04.36" NoteID="2b3ef013-de25-ea11-a6f0-9cb6d0c82c0c" />
		<row DocType="INV" RefNbr="000021" ShipmentNbr="000009" ShipmentType="I" OrderType="SO" OrderNbr="000012" Weight="32.000000" Volume="0.000000" CuryInfoID="664039" CuryLineTotal="229.900000" LineTotal="229.900000" CuryFreightCost="0.0000" FreightCost="0.0000" CuryFreightAmt="40.000000" FreightAmt="40.000000" CuryPremiumFreightAmt="0.000000" PremiumFreightAmt="0.000000" CuryTotalFreightAmt="40.000000" TotalFreightAmt="40.000000" TaxCategoryID="TAXABLE" AccountID="2727" SubID="1" ProjectID="0" CreatedByID="b5344897-037e-4d58-b5c3-1bdfd0f47bf9" CreatedByScreenID="SO302000" CreatedDateTime="2019-12-23 17:47:33.65" LastModifiedByID="b5344897-037e-4d58-b5c3-1bdfd0f47bf9" LastModifiedByScreenID="SO302000" LastModifiedDateTime="2019-12-23 17:47:33.65" NoteID="2f163896-de25-ea11-a6f0-9cb6d0c82c0c" />
		<row DocType="INV" RefNbr="000022" ShipmentNbr="000010" ShipmentType="I" OrderType="SO" OrderNbr="000015" Weight="48.000000" Volume="0.000000" CuryInfoID="664064" CuryLineTotal="344.850000" LineTotal="344.850000" CuryFreightCost="0.0000" FreightCost="0.0000" CuryFreightAmt="25.000000" FreightAmt="25.000000" CuryPremiumFreightAmt="0.000000" PremiumFreightAmt="0.000000" CuryTotalFreightAmt="25.000000" TotalFreightAmt="25.000000" TaxCategoryID="TAXABLE" AccountID="2727" SubID="1" ProjectID="0" CreatedByID="b5344897-037e-4d58-b5c3-1bdfd0f47bf9" CreatedByScreenID="SO302000" CreatedDateTime="2019-12-23 22:17:08.107" LastModifiedByID="b5344897-037e-4d58-b5c3-1bdfd0f47bf9" LastModifiedByScreenID="SO302000" LastModifiedDateTime="2019-12-23 22:17:08.107" NoteID="a1cab63d-0426-ea11-a6f0-9cb6d0c82c0c" />
		<row DocType="INV" RefNbr="000023" ShipmentNbr="000011" ShipmentType="I" OrderType="SO" OrderNbr="000013" Weight="32.000000" Volume="0.000000" CuryInfoID="664066" CuryLineTotal="229.900000" LineTotal="229.900000" CuryFreightCost="0.0000" FreightCost="0.0000" CuryFreightAmt="20.000000" FreightAmt="20.000000" CuryPremiumFreightAmt="0.000000" PremiumFreightAmt="0.000000" CuryTotalFreightAmt="20.000000" TotalFreightAmt="20.000000" TaxCategoryID="TAXABLE" AccountID="2727" SubID="1" ProjectID="0" CreatedByID="b5344897-037e-4d58-b5c3-1bdfd0f47bf9" CreatedByScreenID="SO302000" CreatedDateTime="2019-12-23 22:20:24.15" LastModifiedByID="b5344897-037e-4d58-b5c3-1bdfd0f47bf9" LastModifiedByScreenID="SO302000" LastModifiedDateTime="2019-12-23 22:20:24.15" NoteID="3811a0b2-0426-ea11-a6f0-9cb6d0c82c0c" />
		<row DocType="INV" RefNbr="000024" ShipmentNbr="000012" ShipmentType="I" OrderType="SO" OrderNbr="000014" Weight="16.000000" Volume="0.000000" CuryInfoID="664069" CuryLineTotal="114.950000" LineTotal="114.950000" CuryFreightCost="0.0000" FreightCost="0.0000" CuryFreightAmt="0.000000" FreightAmt="0.000000" CuryPremiumFreightAmt="0.000000" PremiumFreightAmt="0.000000" CuryTotalFreightAmt="0.000000" TotalFreightAmt="0.000000" TaxCategoryID="EXEMPT" AccountID="2727" SubID="1" ProjectID="0" CreatedByID="b5344897-037e-4d58-b5c3-1bdfd0f47bf9" CreatedByScreenID="SO302000" CreatedDateTime="2019-12-23 22:25:42.28" LastModifiedByID="b5344897-037e-4d58-b5c3-1bdfd0f47bf9" LastModifiedByScreenID="SO302000" LastModifiedDateTime="2019-12-23 22:25:42.28" NoteID="0b8cf26f-0526-ea11-a6f0-9cb6d0c82c0c" />
		<row DocType="INV" RefNbr="000025" ShipmentNbr="000013" ShipmentType="I" OrderType="SO" OrderNbr="000014" Weight="16.000000" Volume="0.000000" CuryInfoID="664072" CuryLineTotal="114.950000" LineTotal="114.950000" CuryFreightCost="0.0000" FreightCost="0.0000" CuryFreightAmt="0.000000" FreightAmt="0.000000" CuryPremiumFreightAmt="0.000000" PremiumFreightAmt="0.000000" CuryTotalFreightAmt="0.000000" TotalFreightAmt="0.000000" TaxCategoryID="EXEMPT" AccountID="2727" SubID="1" ProjectID="0" CreatedByID="b5344897-037e-4d58-b5c3-1bdfd0f47bf9" CreatedByScreenID="SO302000" CreatedDateTime="2019-12-23 22:26:34.25" LastModifiedByID="b5344897-037e-4d58-b5c3-1bdfd0f47bf9" LastModifiedByScreenID="SO302000" LastModifiedDateTime="2019-12-23 22:26:34.25" NoteID="3d586a8f-0526-ea11-a6f0-9cb6d0c82c0c" />
		<row DocType="INV" RefNbr="000026" ShipmentNbr="000014" ShipmentType="I" OrderType="SO" OrderNbr="000016" Weight="48.000000" Volume="0.000000" CuryInfoID="664083" CuryLineTotal="344.850000" LineTotal="344.850000" CuryFreightCost="0.0000" FreightCost="0.0000" CuryFreightAmt="0.000000" FreightAmt="0.000000" CuryPremiumFreightAmt="0.000000" PremiumFreightAmt="0.000000" CuryTotalFreightAmt="0.000000" TotalFreightAmt="0.000000" TaxCategoryID="TAXABLE" AccountID="2727" SubID="1" ProjectID="0" CreatedByID="b5344897-037e-4d58-b5c3-1bdfd0f47bf9" CreatedByScreenID="SO302000" CreatedDateTime="2019-12-23 22:38:52.98" LastModifiedByID="b5344897-037e-4d58-b5c3-1bdfd0f47bf9" LastModifiedByScreenID="SO302000" LastModifiedDateTime="2019-12-23 22:38:52.98" NoteID="6dfae546-0726-ea11-a6f0-9cb6d0c82c0c" />
		<row DocType="INV" RefNbr="000027" ShipmentNbr="000015" ShipmentType="I" OrderType="SO" OrderNbr="000017" Weight="48.000000" Volume="0.000000" CuryInfoID="664094" CuryLineTotal="344.850000" LineTotal="344.850000" CuryFreightCost="0.0000" FreightCost="0.0000" CuryFreightAmt="0.000000" FreightAmt="0.000000" CuryPremiumFreightAmt="0.000000" PremiumFreightAmt="0.000000" CuryTotalFreightAmt="0.000000" TotalFreightAmt="0.000000" TaxCategoryID="EXEMPT" AccountID="2727" SubID="1" ProjectID="0" CreatedByID="b5344897-037e-4d58-b5c3-1bdfd0f47bf9" CreatedByScreenID="SO302000" CreatedDateTime="2019-12-23 22:44:26.867" LastModifiedByID="b5344897-037e-4d58-b5c3-1bdfd0f47bf9" LastModifiedByScreenID="SO302000" LastModifiedDateTime="2019-12-23 22:44:26.867" NoteID="c556af0e-0826-ea11-a6f0-9cb6d0c82c0c" />
		<row DocType="INV" RefNbr="000028" ShipmentNbr="000016" ShipmentType="I" OrderType="SO" OrderNbr="000018" Weight="32.000000" Volume="0.000000" CuryInfoID="664101" CuryLineTotal="198.570000" LineTotal="198.570000" CuryFreightCost="0.0000" FreightCost="0.0000" CuryFreightAmt="25.000000" FreightAmt="25.000000" CuryPremiumFreightAmt="0.000000" PremiumFreightAmt="0.000000" CuryTotalFreightAmt="25.000000" TotalFreightAmt="25.000000" TaxCategoryID="TAXABLE" AccountID="2727" SubID="1" ProjectID="0" CreatedByID="b5344897-037e-4d58-b5c3-1bdfd0f47bf9" CreatedByScreenID="SO302000" CreatedDateTime="2019-12-23 22:51:52.12" LastModifiedByID="b5344897-037e-4d58-b5c3-1bdfd0f47bf9" LastModifiedByScreenID="SO302000" LastModifiedDateTime="2019-12-23 22:51:52.12" NoteID="9777eb17-0926-ea11-a6f0-9cb6d0c82c0c" />
		<row DocType="INV" RefNbr="000029" ShipmentNbr="000017" ShipmentType="I" OrderType="SO" OrderNbr="000018" Weight="16.000000" Volume="0.000000" CuryInfoID="664104" CuryLineTotal="99.280000" LineTotal="99.280000" CuryFreightCost="0.0000" FreightCost="0.0000" CuryFreightAmt="0.000000" FreightAmt="0.000000" CuryPremiumFreightAmt="0.000000" PremiumFreightAmt="0.000000" CuryTotalFreightAmt="0.000000" TotalFreightAmt="0.000000" TaxCategoryID="TAXABLE" AccountID="2727" SubID="1" ProjectID="0" CreatedByID="b5344897-037e-4d58-b5c3-1bdfd0f47bf9" CreatedByScreenID="SO302000" CreatedDateTime="2019-12-23 22:53:15.61" LastModifiedByID="b5344897-037e-4d58-b5c3-1bdfd0f47bf9" LastModifiedByScreenID="SO302000" LastModifiedDateTime="2019-12-23 22:53:15.61" NoteID="c73b9949-0926-ea11-a6f0-9cb6d0c82c0c" />
		<row DocType="INV" RefNbr="000030" ShipmentNbr="000018" ShipmentType="I" OrderType="SO" OrderNbr="000019" Weight="63.972640" Volume="0.000000" CuryInfoID="664115" CuryLineTotal="164.900000" LineTotal="164.900000" CuryFreightCost="0.0000" FreightCost="0.0000" CuryFreightAmt="20.000000" FreightAmt="20.000000" CuryPremiumFreightAmt="0.000000" PremiumFreightAmt="0.000000" CuryTotalFreightAmt="20.000000" TotalFreightAmt="20.000000" TaxCategoryID="TAXABLE" AccountID="2727" SubID="1" ProjectID="0" CreatedByID="b5344897-037e-4d58-b5c3-1bdfd0f47bf9" CreatedByScreenID="SO302000" CreatedDateTime="2019-12-23 23:04:32.267" LastModifiedByID="b5344897-037e-4d58-b5c3-1bdfd0f47bf9" LastModifiedByScreenID="SO302000" LastModifiedDateTime="2019-12-23 23:04:32.267" NoteID="cfe6ecdc-0a26-ea11-a6f0-9cb6d0c82c0c" />
	</rows>
</data>