﻿<?xml version="1.0" encoding="utf-8"?>
<data>
	<table name="SOInvoice">
		<col name="CompanyID" type="Int" default="Zero" />
		<col name="DocType" type="Char(3)" />
		<col name="RefNbr" type="NVarChar(15)" />
		<col name="CuryInfoID" type="BigInt" />
		<col name="BillAddressID" type="Int" nullable="true" />
		<col name="BillContactID" type="Int" nullable="true" />
		<col name="ShipAddressID" type="Int" nullable="true" />
		<col name="ShipContactID" type="Int" nullable="true" />
		<col name="tstamp" type="Timestamp" />
		<col name="ManDisc" type="Decimal(19,4)" nullable="true" />
		<col name="CuryManDisc" type="Decimal(19,4)" nullable="true" />
		<col name="CustomerID" type="Int" />
		<col name="PMInstanceID" type="Int" nullable="true" />
		<col name="PaymentMethodID" type="NVarChar(10)" nullable="true" />
		<col name="CashAccountID" type="Int" nullable="true" />
		<col name="CashSubID" type="Int" nullable="true" />
		<col name="ExtRefNbr" type="NVarChar(40)" nullable="true" />
		<col name="Cleared" type="Bit" default="Zero" />
		<col name="ClearDate" type="SmallDateTime" nullable="true" />
		<col name="CATranID" type="BigInt" nullable="true" />
		<col name="CuryID" type="NVarChar(5)" nullable="true" />
		<col name="CuryPaymentAmt" type="Decimal(19,4)" default="Zero" />
		<col name="PaymentAmt" type="Decimal(19,4)" default="Zero" />
		<col name="IsCCCaptured" type="Bit" default="Zero" />
		<col name="CuryCCCapturedAmt" type="Decimal(19,4)" default="Zero" />
		<col name="CCCapturedAmt" type="Decimal(19,4)" default="Zero" />
		<col name="IsCCCaptureFailed" type="Bit" default="Zero" />
		<col name="RefTranExtNbr" type="NVarChar(50)" nullable="true" />
		<col name="CreateINDoc" type="Bit" default="Zero" />
	</table>
	<rows>
		<row DocType="INV" RefNbr="000013" CuryInfoID="663985" BillAddressID="8" BillContactID="8" ShipAddressID="9" ShipContactID="9" ManDisc="0.0000" CuryManDisc="0.0000" CustomerID="30" PaymentMethodID="SHOPIFY" CashAccountID="10" Cleared="0" CuryID="USD" CuryPaymentAmt="0.0000" PaymentAmt="0.0000" IsCCCaptured="0" CuryCCCapturedAmt="0.0000" CCCapturedAmt="0.0000" IsCCCaptureFailed="0" CreateINDoc="1" />
		<row DocType="INV" RefNbr="000014" CuryInfoID="663988" BillAddressID="12" BillContactID="12" ShipAddressID="13" ShipContactID="13" ManDisc="0.0000" CuryManDisc="0.0000" CustomerID="30" PaymentMethodID="SHOPIFY" CashAccountID="10" Cleared="0" CuryID="USD" CuryPaymentAmt="0.0000" PaymentAmt="0.0000" IsCCCaptured="0" CuryCCCapturedAmt="0.0000" CCCapturedAmt="0.0000" IsCCCaptureFailed="0" CreateINDoc="1" />
		<row DocType="INV" RefNbr="000015" CuryInfoID="663995" BillAddressID="14" BillContactID="14" ShipAddressID="15" ShipContactID="15" ManDisc="0.0000" CuryManDisc="0.0000" CustomerID="30" PaymentMethodID="SHOPIFY" CashAccountID="10" Cleared="0" CuryID="USD" CuryPaymentAmt="0.0000" PaymentAmt="0.0000" IsCCCaptured="0" CuryCCCapturedAmt="0.0000" CCCapturedAmt="0.0000" IsCCCaptureFailed="0" CreateINDoc="1" />
		<row DocType="INV" RefNbr="000016" CuryInfoID="664002" BillAddressID="16" BillContactID="16" ShipAddressID="17" ShipContactID="17" ManDisc="0.0000" CuryManDisc="0.0000" CustomerID="30" PaymentMethodID="SHOPIFY" CashAccountID="10" Cleared="0" CuryID="USD" CuryPaymentAmt="0.0000" PaymentAmt="0.0000" IsCCCaptured="0" CuryCCCapturedAmt="0.0000" CCCapturedAmt="0.0000" IsCCCaptureFailed="0" CreateINDoc="1" />
		<row DocType="INV" RefNbr="000017" CuryInfoID="664005" BillAddressID="16" BillContactID="16" ShipAddressID="17" ShipContactID="17" ManDisc="0.0000" CuryManDisc="0.0000" CustomerID="30" PaymentMethodID="SHOPIFY" CashAccountID="10" Cleared="0" CuryID="USD" CuryPaymentAmt="0.0000" PaymentAmt="0.0000" IsCCCaptured="0" CuryCCCapturedAmt="0.0000" CCCapturedAmt="0.0000" IsCCCaptureFailed="0" CreateINDoc="1" />
		<row DocType="INV" RefNbr="000018" CuryInfoID="664015" BillAddressID="18" BillContactID="18" ShipAddressID="19" ShipContactID="19" ManDisc="0.0000" CuryManDisc="0.0000" CustomerID="30" PaymentMethodID="SHOPIFY" CashAccountID="10" Cleared="0" CuryID="USD" CuryPaymentAmt="0.0100" PaymentAmt="0.0100" IsCCCaptured="0" CuryCCCapturedAmt="0.0000" CCCapturedAmt="0.0000" IsCCCaptureFailed="0" CreateINDoc="1" />
		<row DocType="INV" RefNbr="000019" CuryInfoID="664026" BillAddressID="20" BillContactID="20" ShipAddressID="21" ShipContactID="21" ManDisc="0.0000" CuryManDisc="0.0000" CustomerID="30" PaymentMethodID="SHOPIFY" CashAccountID="10" Cleared="0" CuryID="USD" CuryPaymentAmt="0.0000" PaymentAmt="0.0000" IsCCCaptured="0" CuryCCCapturedAmt="0.0000" CCCapturedAmt="0.0000" IsCCCaptureFailed="0" CreateINDoc="1" />
		<row DocType="INV" RefNbr="000020" CuryInfoID="664029" BillAddressID="20" BillContactID="20" ShipAddressID="21" ShipContactID="21" ManDisc="0.0000" CuryManDisc="0.0000" CustomerID="30" PaymentMethodID="SHOPIFY" CashAccountID="10" Cleared="0" CuryID="USD" CuryPaymentAmt="0.0100" PaymentAmt="0.0100" IsCCCaptured="0" CuryCCCapturedAmt="0.0000" CCCapturedAmt="0.0000" IsCCCaptureFailed="0" CreateINDoc="1" />
		<row DocType="INV" RefNbr="000021" CuryInfoID="664039" BillAddressID="22" BillContactID="22" ShipAddressID="23" ShipContactID="23" ManDisc="0.0000" CuryManDisc="0.0000" CustomerID="30" PaymentMethodID="SHOPIFY" CashAccountID="10" Cleared="0" CuryID="USD" CuryPaymentAmt="30.0100" PaymentAmt="30.0100" IsCCCaptured="0" CuryCCCapturedAmt="0.0000" CCCapturedAmt="0.0000" IsCCCaptureFailed="0" CreateINDoc="1" />
		<row DocType="INV" RefNbr="000022" CuryInfoID="664064" BillAddressID="28" BillContactID="28" ShipAddressID="29" ShipContactID="29" ManDisc="0.0000" CuryManDisc="0.0000" CustomerID="30" PaymentMethodID="SHOPIFY" CashAccountID="10" Cleared="0" CuryID="USD" CuryPaymentAmt="27.5000" PaymentAmt="27.5000" IsCCCaptured="0" CuryCCCapturedAmt="0.0000" CCCapturedAmt="0.0000" IsCCCaptureFailed="0" CreateINDoc="1" />
		<row DocType="INV" RefNbr="000023" CuryInfoID="664066" BillAddressID="24" BillContactID="24" ShipAddressID="25" ShipContactID="25" ManDisc="0.0000" CuryManDisc="0.0000" CustomerID="30" PaymentMethodID="SHOPIFY" CashAccountID="10" Cleared="0" CuryID="USD" CuryPaymentAmt="0.0100" PaymentAmt="0.0100" IsCCCaptured="0" CuryCCCapturedAmt="0.0000" CCCapturedAmt="0.0000" IsCCCaptureFailed="0" CreateINDoc="1" />
		<row DocType="INV" RefNbr="000024" CuryInfoID="664069" BillAddressID="26" BillContactID="26" ShipAddressID="27" ShipContactID="27" ManDisc="0.0000" CuryManDisc="0.0000" CustomerID="30" PaymentMethodID="SHOPIFY" CashAccountID="10" Cleared="0" CuryID="USD" CuryPaymentAmt="0.0000" PaymentAmt="0.0000" IsCCCaptured="0" CuryCCCapturedAmt="0.0000" CCCapturedAmt="0.0000" IsCCCaptureFailed="0" CreateINDoc="1" />
		<row DocType="INV" RefNbr="000025" CuryInfoID="664072" BillAddressID="26" BillContactID="26" ShipAddressID="27" ShipContactID="27" ManDisc="0.0000" CuryManDisc="0.0000" CustomerID="30" PaymentMethodID="SHOPIFY" CashAccountID="10" Cleared="0" CuryID="USD" CuryPaymentAmt="0.0100" PaymentAmt="0.0100" IsCCCaptured="0" CuryCCCapturedAmt="0.0000" CCCapturedAmt="0.0000" IsCCCaptureFailed="0" CreateINDoc="1" />
		<row DocType="INV" RefNbr="000026" CuryInfoID="664083" BillAddressID="30" BillContactID="30" ShipAddressID="31" ShipContactID="31" ManDisc="0.0000" CuryManDisc="0.0000" CustomerID="30" PaymentMethodID="SHOPIFY" CashAccountID="10" Cleared="0" CuryID="USD" CuryPaymentAmt="0.0000" PaymentAmt="0.0000" IsCCCaptured="0" CuryCCCapturedAmt="0.0000" CCCapturedAmt="0.0000" IsCCCaptureFailed="0" CreateINDoc="1" />
		<row DocType="INV" RefNbr="000027" CuryInfoID="664094" BillAddressID="32" BillContactID="32" ShipAddressID="33" ShipContactID="33" ManDisc="0.0000" CuryManDisc="0.0000" CustomerID="30" PaymentMethodID="SHOPIFY" CashAccountID="10" Cleared="0" CuryID="USD" CuryPaymentAmt="50.0000" PaymentAmt="50.0000" IsCCCaptured="0" CuryCCCapturedAmt="0.0000" CCCapturedAmt="0.0000" IsCCCaptureFailed="0" CreateINDoc="1" />
		<row DocType="INV" RefNbr="000028" CuryInfoID="664101" BillAddressID="34" BillContactID="34" ShipAddressID="35" ShipContactID="35" ManDisc="0.0000" CuryManDisc="0.0000" CustomerID="30" PaymentMethodID="SHOPIFY" CashAccountID="10" Cleared="0" CuryID="USD" CuryPaymentAmt="0.0000" PaymentAmt="0.0000" IsCCCaptured="0" CuryCCCapturedAmt="0.0000" CCCapturedAmt="0.0000" IsCCCaptureFailed="0" CreateINDoc="1" />
		<row DocType="INV" RefNbr="000029" CuryInfoID="664104" BillAddressID="34" BillContactID="34" ShipAddressID="35" ShipContactID="35" ManDisc="0.0000" CuryManDisc="0.0000" CustomerID="30" PaymentMethodID="SHOPIFY" CashAccountID="10" Cleared="0" CuryID="USD" CuryPaymentAmt="0.0000" PaymentAmt="0.0000" IsCCCaptured="0" CuryCCCapturedAmt="0.0000" CCCapturedAmt="0.0000" IsCCCaptureFailed="0" CreateINDoc="1" />
		<row DocType="INV" RefNbr="000030" CuryInfoID="664115" BillAddressID="36" BillContactID="36" ShipAddressID="37" ShipContactID="37" ManDisc="0.0000" CuryManDisc="0.0000" CustomerID="30" PaymentMethodID="SHOPIFY" CashAccountID="10" Cleared="0" CuryID="USD" CuryPaymentAmt="0.0000" PaymentAmt="0.0000" IsCCCaptured="0" CuryCCCapturedAmt="0.0000" CCCapturedAmt="0.0000" IsCCCaptureFailed="0" CreateINDoc="1" />
	</rows>
</data>