﻿<?xml version="1.0" encoding="utf-8"?>
<data>
	<table name="SOLine">
		<col name="CompanyID" type="Int" default="Zero" />
		<col name="OrderType" type="Char(2)" />
		<col name="OrderNbr" type="NVarChar(15)" />
		<col name="LineNbr" type="Int" />
		<col name="SortOrder" type="Int" nullable="true" />
		<col name="BranchID" type="Int" />
		<col name="Behavior" type="Char(2)" />
		<col name="LineType" type="Char(2)" />
		<col name="CustomerID" type="Int" nullable="true" />
		<col name="OrderDate" type="SmallDateTime" nullable="true" />
		<col name="Operation" type="Char(1)" />
		<col name="InventoryID" type="Int" nullable="true" />
		<col name="SubItemID" type="Int" nullable="true" />
		<col name="SiteID" type="Int" nullable="true" />
		<col name="LocationID" type="Int" nullable="true" />
		<col name="LotSerialNbr" type="NVarChar(100)" nullable="true" />
		<col name="ExpireDate" type="SmallDateTime" nullable="true" />
		<col name="OrigOrderType" type="Char(2)" nullable="true" />
		<col name="OrigOrderNbr" type="NVarChar(15)" nullable="true" />
		<col name="OrigLineNbr" type="Int" nullable="true" />
		<col name="UOM" type="NVarChar(6)" nullable="true" />
		<col name="OrderQty" type="Decimal(25,6)" nullable="true" />
		<col name="BaseOrderQty" type="Decimal(25,6)" nullable="true" />
		<col name="UnassignedQty" type="Decimal(25,6)" nullable="true" default="Zero" />
		<col name="ShippedQty" type="Decimal(25,6)" nullable="true" />
		<col name="BaseShippedQty" type="Decimal(25,6)" nullable="true" />
		<col name="CuryInfoID" type="BigInt" />
		<col name="PriceType" type="Char(1)" nullable="true" />
		<col name="IsPromotionalPrice" type="Bit" default="Zero" />
		<col name="CuryUnitPrice" type="Decimal(19,6)" nullable="true" />
		<col name="UnitPrice" type="Decimal(19,6)" nullable="true" />
		<col name="CuryUnitCost" type="Decimal(19,6)" nullable="true" />
		<col name="UnitCost" type="Decimal(19,6)" nullable="true" />
		<col name="CuryExtPrice" type="Decimal(19,6)" nullable="true" />
		<col name="ExtPrice" type="Decimal(19,6)" nullable="true" />
		<col name="CuryExtCost" type="Decimal(19,6)" nullable="true" />
		<col name="ExtCost" type="Decimal(19,6)" nullable="true" />
		<col name="DiscountsAppliedToLine" type="VarBinary(MAX)" nullable="true" />
		<col name="GroupDiscountRate" type="Decimal(21,18)" nullable="true" />
		<col name="DocumentDiscountRate" type="Decimal(21,18)" />
		<col name="TaxCategoryID" type="NVarChar(10)" nullable="true" />
		<col name="SalesAcctID" type="Int" nullable="true" />
		<col name="SalesSubID" type="Int" nullable="true" />
		<col name="AlternateID" type="NVarChar(50)" nullable="true" />
		<col name="CommnPct" type="Decimal(9,6)" nullable="true" />
		<col name="CuryCommnAmt" type="Decimal(19,4)" nullable="true" />
		<col name="CommnAmt" type="Decimal(19,4)" nullable="true" />
		<col name="TranDesc" type="NVarChar(256)" nullable="true" />
		<col name="UnitWeigth" type="Decimal(19,6)" nullable="true" />
		<col name="UnitVolume" type="Decimal(19,6)" nullable="true" />
		<col name="ExtWeight" type="Decimal(25,6)" nullable="true" />
		<col name="ExtVolume" type="Decimal(25,6)" nullable="true" />
		<col name="ManualDisc" type="Bit" nullable="true" />
		<col name="ManualPrice" type="Bit" nullable="true" default="Zero" />
		<col name="PromoDiscID" type="NVarChar(10)" nullable="true" />
		<col name="DiscPct" type="Decimal(9,6)" nullable="true" />
		<col name="CuryDiscAmt" type="Decimal(19,4)" nullable="true" />
		<col name="DiscAmt" type="Decimal(19,4)" nullable="true" />
		<col name="ProjectID" type="Int" nullable="true" />
		<col name="TaskID" type="Int" nullable="true" />
		<col name="CommitmentID" type="UniqueIdentifier" nullable="true" />
		<col name="CostCodeID" type="Int" nullable="true" />
		<col name="ReasonCode" type="NVarChar(20)" nullable="true" />
		<col name="SalesPersonID" type="Int" nullable="true" />
		<col name="Commissionable" type="Bit" />
		<col name="CreatedDateTime" type="DateTime" />
		<col name="CreatedByID" type="UniqueIdentifier" />
		<col name="CreatedByScreenID" type="Char(8)" />
		<col name="LastModifiedDateTime" type="DateTime" />
		<col name="LastModifiedByID" type="UniqueIdentifier" />
		<col name="LastModifiedByScreenID" type="Char(8)" />
		<col name="tstamp" type="Timestamp" />
		<col name="InvtMult" type="SmallInt" nullable="true" />
		<col name="ShipComplete" type="Char(1)" nullable="true" />
		<col name="CompleteQtyMin" type="Decimal(9,6)" />
		<col name="CompleteQtyMax" type="Decimal(9,6)" />
		<col name="OpenQty" type="Decimal(25,6)" nullable="true" />
		<col name="CuryOpenAmt" type="Decimal(19,4)" nullable="true" />
		<col name="OpenAmt" type="Decimal(19,4)" nullable="true" />
		<col name="CuryLineAmt" type="Decimal(19,4)" nullable="true" />
		<col name="LineAmt" type="Decimal(19,4)" nullable="true" />
		<col name="BaseOpenQty" type="Decimal(25,6)" nullable="true" />
		<col name="Completed" type="Bit" nullable="true" />
		<col name="OpenLine" type="Bit" nullable="true" />
		<col name="BilledQty" type="Decimal(25,6)" nullable="true" />
		<col name="BaseBilledQty" type="Decimal(25,6)" nullable="true" />
		<col name="UnbilledQty" type="Decimal(25,6)" nullable="true" />
		<col name="BaseUnbilledQty" type="Decimal(25,6)" nullable="true" />
		<col name="CuryUnbilledAmt" type="Decimal(19,4)" nullable="true" />
		<col name="UnbilledAmt" type="Decimal(19,4)" nullable="true" />
		<col name="ShipDate" type="SmallDateTime" nullable="true" />
		<col name="RequestDate" type="SmallDateTime" nullable="true" />
		<col name="CancelDate" type="SmallDateTime" nullable="true" />
		<col name="CuryBilledAmt" type="Decimal(19,4)" />
		<col name="BilledAmt" type="Decimal(19,4)" />
		<col name="DiscountID" type="NVarChar(10)" nullable="true" />
		<col name="DiscountSequenceID" type="NVarChar(10)" nullable="true" />
		<col name="InvoiceType" type="Char(3)" nullable="true" />
		<col name="InvoiceNbr" type="NVarChar(15)" nullable="true" />
		<col name="InvoiceLineNbr" type="Int" nullable="true" />
		<col name="InvoiceDate" type="SmallDateTime" nullable="true" />
		<col name="IsFree" type="Bit" nullable="true" default="Zero" />
		<col name="AutoCreateIssueLine" type="Bit" default="Zero" />
		<col name="VendorID" type="Int" nullable="true" />
		<col name="POCreate" type="Bit" default="Zero" />
		<col name="POCreated" type="Bit" default="Zero" />
		<col name="POSource" type="Char(1)" nullable="true" />
		<col name="POSiteID" type="Int" nullable="true" />
		<col name="OrigPlanType" type="Char(2)" nullable="true" />
		<col name="DRTermStartDate" type="SmallDateTime" nullable="true" />
		<col name="DRTermEndDate" type="SmallDateTime" nullable="true" />
		<col name="CuryUnitPriceDR" type="Decimal(19,6)" nullable="true" />
		<col name="DiscPctDR" type="Decimal(9,6)" nullable="true" />
		<col name="DefScheduleID" type="Int" nullable="true" />
		<col name="IsRUTROTDeductible" type="Bit" default="Zero" />
		<col name="RUTROTWorkType" type="Char(1)" nullable="true" />
		<col name="RUTROTWorkTypeID" type="Int" nullable="true" />
		<col name="RUTROTItemType" type="Char(1)" nullable="true" />
		<col name="CuryRUTROTAvailableAmt" type="Decimal(19,4)" default="Zero" />
		<col name="CuryRUTROTTaxAmountDeductible" type="Decimal(19,4)" default="Zero" />
		<col name="RUTROTAvailableAmt" type="Decimal(19,4)" default="Zero" />
		<col name="RUTROTTaxAmountDeductible" type="Decimal(19,4)" default="Zero" />
		<col name="NoteID" type="UniqueIdentifier" nullable="true" />
	</table>
	<rows>
		<row OrderType="SO" OrderNbr="000002" LineNbr="1" SortOrder="1" BranchID="1" Behavior="SO" LineType="GI" CustomerID="30" OrderDate="2019-12-05 00:00:00" Operation="I" InventoryID="2608" SubItemID="9" SiteID="17" UOM="PIECE" OrderQty="3.000000" BaseOrderQty="3.000000" UnassignedQty="0.000000" ShippedQty="0.000000" BaseShippedQty="0.000000" CuryInfoID="663960" IsPromotionalPrice="0" CuryUnitPrice="114.950000" UnitPrice="114.950000" CuryUnitCost="80.000000" UnitCost="80.000000" CuryExtPrice="344.850000" ExtPrice="344.850000" CuryExtCost="240.000000" ExtCost="240.000000" DiscountsAppliedToLine="0x00" GroupDiscountRate="1.000000000000000000" DocumentDiscountRate="1.000000000000000000" TaxCategoryID="TAXABLE" SalesAcctID="2724" SalesSubID="1" TranDesc="Tax Rounding Beast from the Depths - ROUNDING-DOOM" UnitWeigth="16.000000" UnitVolume="0.000000" ExtWeight="48.000000" ExtVolume="0.000000" ManualDisc="1" ManualPrice="0" DiscPct="0.000000" CuryDiscAmt="0.0000" DiscAmt="0.0000" ProjectID="0" Commissionable="0" CreatedDateTime="2019-12-05 12:10:12.137" CreatedByID="b5344897-037e-4d58-b5c3-1bdfd0f47bf9" CreatedByScreenID="SO301000" LastModifiedDateTime="2019-12-05 12:11:35.367" LastModifiedByID="b5344897-037e-4d58-b5c3-1bdfd0f47bf9" LastModifiedByScreenID="SO301000" InvtMult="-1" ShipComplete="B" CompleteQtyMin="100.000000" CompleteQtyMax="100.000000" OpenQty="3.000000" CuryOpenAmt="344.8500" OpenAmt="344.8500" CuryLineAmt="344.8500" LineAmt="344.8500" BaseOpenQty="3.000000" Completed="0" OpenLine="1" BilledQty="0.000000" BaseBilledQty="0.000000" UnbilledQty="3.000000" BaseUnbilledQty="3.000000" CuryUnbilledAmt="344.8500" UnbilledAmt="344.8500" ShipDate="2019-12-05 00:00:00" RequestDate="2019-12-05 00:00:00" CancelDate="2019-12-05 00:00:00" CuryBilledAmt="0.0000" BilledAmt="0.0000" IsFree="0" AutoCreateIssueLine="0" POCreate="0" POCreated="0" POSiteID="17" CuryUnitPriceDR="114.950000" IsRUTROTDeductible="0" CuryRUTROTAvailableAmt="0.0000" CuryRUTROTTaxAmountDeductible="0.0000" RUTROTAvailableAmt="0.0000" RUTROTTaxAmountDeductible="0.0000" NoteID="ff387e74-8a17-ea11-a6ed-9cb6d0c82c0c" />
		<row OrderType="SO" OrderNbr="000003" LineNbr="1" SortOrder="1" BranchID="1" Behavior="SO" LineType="GI" CustomerID="30" OrderDate="2019-12-05 00:00:00" Operation="I" InventoryID="2608" SubItemID="9" SiteID="17" UOM="PIECE" OrderQty="3.000000" BaseOrderQty="3.000000" UnassignedQty="0.000000" ShippedQty="0.000000" BaseShippedQty="0.000000" CuryInfoID="663961" IsPromotionalPrice="0" CuryUnitPrice="114.950000" UnitPrice="114.950000" CuryUnitCost="80.000000" UnitCost="80.000000" CuryExtPrice="344.850000" ExtPrice="344.850000" CuryExtCost="240.000000" ExtCost="240.000000" DiscountsAppliedToLine="0x00" GroupDiscountRate="1.000000000000000000" DocumentDiscountRate="1.000000000000000000" TaxCategoryID="TAXABLE" SalesAcctID="2724" SalesSubID="1" TranDesc="Tax Rounding Beast from the Depths - ROUNDING-DOOM" UnitWeigth="16.000000" UnitVolume="0.000000" ExtWeight="48.000000" ExtVolume="0.000000" ManualDisc="1" ManualPrice="0" DiscPct="0.000000" CuryDiscAmt="0.0000" DiscAmt="0.0000" ProjectID="0" Commissionable="0" CreatedDateTime="2019-12-05 12:10:12.197" CreatedByID="b5344897-037e-4d58-b5c3-1bdfd0f47bf9" CreatedByScreenID="SO301000" LastModifiedDateTime="2019-12-05 12:10:12.197" LastModifiedByID="b5344897-037e-4d58-b5c3-1bdfd0f47bf9" LastModifiedByScreenID="SO301000" InvtMult="-1" ShipComplete="B" CompleteQtyMin="100.000000" CompleteQtyMax="100.000000" OpenQty="3.000000" CuryOpenAmt="344.8500" OpenAmt="344.8500" CuryLineAmt="344.8500" LineAmt="344.8500" BaseOpenQty="3.000000" Completed="0" OpenLine="1" BilledQty="0.000000" BaseBilledQty="0.000000" UnbilledQty="3.000000" BaseUnbilledQty="3.000000" CuryUnbilledAmt="344.8500" UnbilledAmt="344.8500" ShipDate="2019-12-05 00:00:00" RequestDate="2019-12-05 00:00:00" CancelDate="2019-12-05 00:00:00" CuryBilledAmt="0.0000" BilledAmt="0.0000" IsFree="0" AutoCreateIssueLine="0" POCreate="0" POCreated="0" POSiteID="17" CuryUnitPriceDR="114.950000" IsRUTROTDeductible="0" CuryRUTROTAvailableAmt="0.0000" CuryRUTROTTaxAmountDeductible="0.0000" RUTROTAvailableAmt="0.0000" RUTROTTaxAmountDeductible="0.0000" NoteID="01397e74-8a17-ea11-a6ed-9cb6d0c82c0c" />
		<row OrderType="SO" OrderNbr="000004" LineNbr="1" SortOrder="1" BranchID="1" Behavior="SO" LineType="GI" CustomerID="30" OrderDate="2019-12-05 00:00:00" Operation="I" InventoryID="2608" SubItemID="9" SiteID="17" UOM="PIECE" OrderQty="3.000000" BaseOrderQty="3.000000" UnassignedQty="0.000000" ShippedQty="0.000000" BaseShippedQty="0.000000" CuryInfoID="663962" IsPromotionalPrice="0" CuryUnitPrice="114.950000" UnitPrice="114.950000" CuryUnitCost="80.000000" UnitCost="80.000000" CuryExtPrice="344.850000" ExtPrice="344.850000" CuryExtCost="240.000000" ExtCost="240.000000" DiscountsAppliedToLine="0x00" GroupDiscountRate="1.000000000000000000" DocumentDiscountRate="1.000000000000000000" TaxCategoryID="TAXABLE" SalesAcctID="2724" SalesSubID="1" TranDesc="Tax Rounding Beast from the Depths - ROUNDING-DOOM" UnitWeigth="16.000000" UnitVolume="0.000000" ExtWeight="48.000000" ExtVolume="0.000000" ManualDisc="1" ManualPrice="0" DiscPct="0.000000" CuryDiscAmt="0.0000" DiscAmt="0.0000" ProjectID="0" Commissionable="0" CreatedDateTime="2019-12-05 12:10:14.11" CreatedByID="b5344897-037e-4d58-b5c3-1bdfd0f47bf9" CreatedByScreenID="SO301000" LastModifiedDateTime="2019-12-05 12:10:14.11" LastModifiedByID="b5344897-037e-4d58-b5c3-1bdfd0f47bf9" LastModifiedByScreenID="SO301000" InvtMult="-1" ShipComplete="B" CompleteQtyMin="100.000000" CompleteQtyMax="100.000000" OpenQty="3.000000" CuryOpenAmt="344.8500" OpenAmt="344.8500" CuryLineAmt="344.8500" LineAmt="344.8500" BaseOpenQty="3.000000" Completed="0" OpenLine="1" BilledQty="0.000000" BaseBilledQty="0.000000" UnbilledQty="3.000000" BaseUnbilledQty="3.000000" CuryUnbilledAmt="344.8500" UnbilledAmt="344.8500" ShipDate="2019-12-05 00:00:00" RequestDate="2019-12-05 00:00:00" CancelDate="2019-12-05 00:00:00" CuryBilledAmt="0.0000" BilledAmt="0.0000" IsFree="0" AutoCreateIssueLine="0" POCreate="0" POCreated="0" POSiteID="17" CuryUnitPriceDR="114.950000" IsRUTROTDeductible="0" CuryRUTROTAvailableAmt="0.0000" CuryRUTROTTaxAmountDeductible="0.0000" RUTROTAvailableAmt="0.0000" RUTROTTaxAmountDeductible="0.0000" NoteID="ac550c7b-8a17-ea11-a6ed-9cb6d0c82c0c" />
		<row OrderType="SO" OrderNbr="000005" LineNbr="1" SortOrder="1" BranchID="1" Behavior="SO" LineType="GI" CustomerID="30" OrderDate="2019-12-05 00:00:00" Operation="I" InventoryID="2608" SubItemID="9" SiteID="17" UOM="PIECE" OrderQty="3.000000" BaseOrderQty="3.000000" UnassignedQty="0.000000" ShippedQty="3.000000" BaseShippedQty="3.000000" CuryInfoID="663969" IsPromotionalPrice="0" CuryUnitPrice="114.950000" UnitPrice="114.950000" CuryUnitCost="80.000000" UnitCost="80.000000" CuryExtPrice="344.850000" ExtPrice="344.850000" CuryExtCost="240.000000" ExtCost="240.000000" DiscountsAppliedToLine="0x00" GroupDiscountRate="1.000000000000000000" DocumentDiscountRate="1.000000000000000000" TaxCategoryID="TAXABLE" SalesAcctID="2724" SalesSubID="1" TranDesc="Tax Rounding Beast from the Depths - ROUNDING-DOOM" UnitWeigth="16.000000" UnitVolume="0.000000" ExtWeight="48.000000" ExtVolume="0.000000" ManualDisc="1" ManualPrice="0" DiscPct="0.000000" CuryDiscAmt="0.0000" DiscAmt="0.0000" ProjectID="0" Commissionable="0" CreatedDateTime="2019-12-05 12:10:19.033" CreatedByID="b5344897-037e-4d58-b5c3-1bdfd0f47bf9" CreatedByScreenID="SO301000" LastModifiedDateTime="2019-12-23 17:18:45.703" LastModifiedByID="b5344897-037e-4d58-b5c3-1bdfd0f47bf9" LastModifiedByScreenID="SO302000" InvtMult="-1" ShipComplete="B" CompleteQtyMin="100.000000" CompleteQtyMax="100.000000" OpenQty="0.000000" CuryOpenAmt="0.0000" OpenAmt="0.0000" CuryLineAmt="344.8500" LineAmt="344.8500" BaseOpenQty="0.000000" Completed="1" OpenLine="0" BilledQty="3.000000" BaseBilledQty="3.000000" UnbilledQty="0.000000" BaseUnbilledQty="0.000000" CuryUnbilledAmt="0.0000" UnbilledAmt="0.0000" ShipDate="2019-12-05 00:00:00" RequestDate="2019-12-05 00:00:00" CancelDate="2019-12-05 00:00:00" CuryBilledAmt="0.0000" BilledAmt="0.0000" IsFree="0" AutoCreateIssueLine="0" POCreate="0" POCreated="0" POSiteID="17" CuryUnitPriceDR="114.950000" IsRUTROTDeductible="0" CuryRUTROTAvailableAmt="0.0000" CuryRUTROTTaxAmountDeductible="0.0000" RUTROTAvailableAmt="0.0000" RUTROTTaxAmountDeductible="0.0000" NoteID="40560c7b-8a17-ea11-a6ed-9cb6d0c82c0c" />
		<row OrderType="SO" OrderNbr="000006" LineNbr="1" SortOrder="1" BranchID="1" Behavior="SO" LineType="GI" CustomerID="30" OrderDate="2019-12-23 00:00:00" Operation="I" InventoryID="2608" SubItemID="9" SiteID="17" UOM="PIECE" OrderQty="3.000000" BaseOrderQty="3.000000" UnassignedQty="0.000000" ShippedQty="0.000000" BaseShippedQty="0.000000" CuryInfoID="663976" IsPromotionalPrice="0" CuryUnitPrice="114.950000" UnitPrice="114.950000" CuryUnitCost="80.000000" UnitCost="80.000000" CuryExtPrice="344.850000" ExtPrice="344.850000" CuryExtCost="240.000000" ExtCost="240.000000" DiscountsAppliedToLine="0x00" GroupDiscountRate="1.000000000000000000" DocumentDiscountRate="1.000000000000000000" TaxCategoryID="TAXABLE" SalesAcctID="2724" SalesSubID="1" TranDesc="Tax Rounding Beast from the Depths - ROUNDING-DOOM" UnitWeigth="16.000000" UnitVolume="0.000000" ExtWeight="48.000000" ExtVolume="0.000000" ManualDisc="1" ManualPrice="0" DiscPct="0.000000" CuryDiscAmt="0.0000" DiscAmt="0.0000" ProjectID="0" Commissionable="0" CreatedDateTime="2019-12-23 17:14:53.263" CreatedByID="b5344897-037e-4d58-b5c3-1bdfd0f47bf9" CreatedByScreenID="SO301000" LastModifiedDateTime="2019-12-23 17:14:53.263" LastModifiedByID="b5344897-037e-4d58-b5c3-1bdfd0f47bf9" LastModifiedByScreenID="SO301000" InvtMult="-1" ShipComplete="B" CompleteQtyMin="100.000000" CompleteQtyMax="100.000000" OpenQty="3.000000" CuryOpenAmt="344.8500" OpenAmt="344.8500" CuryLineAmt="344.8500" LineAmt="344.8500" BaseOpenQty="3.000000" Completed="0" OpenLine="1" BilledQty="0.000000" BaseBilledQty="0.000000" UnbilledQty="3.000000" BaseUnbilledQty="3.000000" CuryUnbilledAmt="344.8500" UnbilledAmt="344.8500" ShipDate="2019-12-23 00:00:00" RequestDate="2019-12-23 00:00:00" CancelDate="2019-12-23 00:00:00" CuryBilledAmt="0.0000" BilledAmt="0.0000" IsFree="0" AutoCreateIssueLine="0" POCreate="0" POCreated="0" POSiteID="17" CuryUnitPriceDR="114.950000" IsRUTROTDeductible="0" CuryRUTROTAvailableAmt="0.0000" CuryRUTROTTaxAmountDeductible="0.0000" RUTROTAvailableAmt="0.0000" RUTROTTaxAmountDeductible="0.0000" NoteID="62bf6704-da25-ea11-a6f0-9cb6d0c82c0c" />
		<row OrderType="SO" OrderNbr="000007" LineNbr="1" SortOrder="1" BranchID="1" Behavior="SO" LineType="GI" CustomerID="30" OrderDate="2019-12-23 00:00:00" Operation="I" InventoryID="2608" SubItemID="9" SiteID="17" UOM="PIECE" OrderQty="3.000000" BaseOrderQty="3.000000" UnassignedQty="0.000000" ShippedQty="3.000000" BaseShippedQty="3.000000" CuryInfoID="663981" IsPromotionalPrice="0" CuryUnitPrice="114.950000" UnitPrice="114.950000" CuryUnitCost="80.000000" UnitCost="80.000000" CuryExtPrice="344.850000" ExtPrice="344.850000" CuryExtCost="240.000000" ExtCost="240.000000" DiscountsAppliedToLine="0x00" GroupDiscountRate="1.000000000000000000" DocumentDiscountRate="1.000000000000000000" TaxCategoryID="TAXABLE" SalesAcctID="2724" SalesSubID="1" TranDesc="Tax Rounding Beast from the Depths - ROUNDING-DOOM" UnitWeigth="16.000000" UnitVolume="0.000000" ExtWeight="48.000000" ExtVolume="0.000000" ManualDisc="1" ManualPrice="0" DiscPct="0.000000" CuryDiscAmt="0.0000" DiscAmt="0.0000" ProjectID="0" Commissionable="0" CreatedDateTime="2019-12-23 17:18:32.127" CreatedByID="b5344897-037e-4d58-b5c3-1bdfd0f47bf9" CreatedByScreenID="SO301000" LastModifiedDateTime="2019-12-23 17:20:22.657" LastModifiedByID="b5344897-037e-4d58-b5c3-1bdfd0f47bf9" LastModifiedByScreenID="SO302000" InvtMult="-1" ShipComplete="B" CompleteQtyMin="100.000000" CompleteQtyMax="100.000000" OpenQty="0.000000" CuryOpenAmt="0.0000" OpenAmt="0.0000" CuryLineAmt="344.8500" LineAmt="344.8500" BaseOpenQty="0.000000" Completed="1" OpenLine="0" BilledQty="3.000000" BaseBilledQty="3.000000" UnbilledQty="0.000000" BaseUnbilledQty="0.000000" CuryUnbilledAmt="0.0000" UnbilledAmt="0.0000" ShipDate="2019-12-23 00:00:00" RequestDate="2019-12-23 00:00:00" CancelDate="2019-12-23 00:00:00" CuryBilledAmt="0.0000" BilledAmt="0.0000" IsFree="0" AutoCreateIssueLine="0" POCreate="0" POCreated="0" POSiteID="17" CuryUnitPriceDR="114.950000" IsRUTROTDeductible="0" CuryRUTROTAvailableAmt="0.0000" CuryRUTROTTaxAmountDeductible="0.0000" RUTROTAvailableAmt="0.0000" RUTROTTaxAmountDeductible="0.0000" NoteID="c6f80588-da25-ea11-a6f0-9cb6d0c82c0c" />
		<row OrderType="SO" OrderNbr="000008" LineNbr="1" SortOrder="1" BranchID="1" Behavior="SO" LineType="GI" CustomerID="30" OrderDate="2019-12-23 00:00:00" Operation="I" InventoryID="2608" SubItemID="9" SiteID="17" UOM="PIECE" OrderQty="3.000000" BaseOrderQty="3.000000" UnassignedQty="0.000000" ShippedQty="3.000000" BaseShippedQty="3.000000" CuryInfoID="663990" IsPromotionalPrice="0" CuryUnitPrice="114.950000" UnitPrice="114.950000" CuryUnitCost="80.000000" UnitCost="80.000000" CuryExtPrice="344.850000" ExtPrice="344.850000" CuryExtCost="240.000000" ExtCost="240.000000" DiscountsAppliedToLine="0x00" GroupDiscountRate="1.000000000000000000" DocumentDiscountRate="1.000000000000000000" TaxCategoryID="TAXABLE" SalesAcctID="2724" SalesSubID="1" TranDesc="Tax Rounding Beast from the Depths - ROUNDING-DOOM" UnitWeigth="16.000000" UnitVolume="0.000000" ExtWeight="48.000000" ExtVolume="0.000000" ManualDisc="1" ManualPrice="0" DiscPct="26.098304" CuryDiscAmt="90.0000" DiscAmt="90.0000" ProjectID="0" Commissionable="0" CreatedDateTime="2019-12-23 17:23:53.29" CreatedByID="b5344897-037e-4d58-b5c3-1bdfd0f47bf9" CreatedByScreenID="SO301000" LastModifiedDateTime="2019-12-23 17:26:02.28" LastModifiedByID="b5344897-037e-4d58-b5c3-1bdfd0f47bf9" LastModifiedByScreenID="SO302000" InvtMult="-1" ShipComplete="B" CompleteQtyMin="100.000000" CompleteQtyMax="100.000000" OpenQty="0.000000" CuryOpenAmt="0.0000" OpenAmt="0.0000" CuryLineAmt="254.8500" LineAmt="254.8500" BaseOpenQty="0.000000" Completed="1" OpenLine="0" BilledQty="3.000000" BaseBilledQty="3.000000" UnbilledQty="0.000000" BaseUnbilledQty="0.000000" CuryUnbilledAmt="0.0000" UnbilledAmt="0.0000" ShipDate="2019-12-23 00:00:00" RequestDate="2019-12-23 00:00:00" CancelDate="2019-12-23 00:00:00" CuryBilledAmt="0.0000" BilledAmt="0.0000" IsFree="0" AutoCreateIssueLine="0" POCreate="0" POCreated="0" POSiteID="17" CuryUnitPriceDR="114.950000" IsRUTROTDeductible="0" CuryRUTROTAvailableAmt="0.0000" CuryRUTROTTaxAmountDeductible="0.0000" RUTROTAvailableAmt="0.0000" RUTROTTaxAmountDeductible="0.0000" NoteID="abec5143-db25-ea11-a6f0-9cb6d0c82c0c" />
		<row OrderType="SO" OrderNbr="000009" LineNbr="1" SortOrder="1" BranchID="1" Behavior="SO" LineType="GI" CustomerID="30" OrderDate="2019-12-23 00:00:00" Operation="I" InventoryID="2608" SubItemID="9" SiteID="17" UOM="PIECE" OrderQty="3.000000" BaseOrderQty="3.000000" UnassignedQty="0.000000" ShippedQty="3.000000" BaseShippedQty="3.000000" CuryInfoID="663997" IsPromotionalPrice="0" CuryUnitPrice="114.950000" UnitPrice="114.950000" CuryUnitCost="80.000000" UnitCost="80.000000" CuryExtPrice="344.850000" ExtPrice="344.850000" CuryExtCost="240.000000" ExtCost="240.000000" DiscountsAppliedToLine="0x00" GroupDiscountRate="1.000000000000000000" DocumentDiscountRate="1.000000000000000000" TaxCategoryID="TAXABLE" SalesAcctID="2724" SalesSubID="1" TranDesc="Tax Rounding Beast from the Depths - ROUNDING-DOOM" UnitWeigth="16.000000" UnitVolume="0.000000" ExtWeight="48.000000" ExtVolume="0.000000" ManualDisc="1" ManualPrice="0" DiscPct="0.000000" CuryDiscAmt="0.0000" DiscAmt="0.0000" ProjectID="0" Commissionable="0" CreatedDateTime="2019-12-23 17:29:54.487" CreatedByID="b5344897-037e-4d58-b5c3-1bdfd0f47bf9" CreatedByScreenID="SO301000" LastModifiedDateTime="2019-12-23 17:32:17.777" LastModifiedByID="b5344897-037e-4d58-b5c3-1bdfd0f47bf9" LastModifiedByScreenID="SO302000" InvtMult="-1" ShipComplete="B" CompleteQtyMin="100.000000" CompleteQtyMax="100.000000" OpenQty="0.000000" CuryOpenAmt="0.0000" OpenAmt="0.0000" CuryLineAmt="344.8500" LineAmt="344.8500" BaseOpenQty="0.000000" Completed="1" OpenLine="0" BilledQty="3.000000" BaseBilledQty="3.000000" UnbilledQty="0.000000" BaseUnbilledQty="0.000000" CuryUnbilledAmt="0.0000" UnbilledAmt="0.0000" ShipDate="2019-12-23 00:00:00" RequestDate="2019-12-23 00:00:00" CancelDate="2019-12-23 00:00:00" CuryBilledAmt="0.0000" BilledAmt="0.0000" IsFree="0" AutoCreateIssueLine="0" POCreate="0" POCreated="0" POSiteID="17" CuryUnitPriceDR="114.950000" IsRUTROTDeductible="0" CuryRUTROTAvailableAmt="0.0000" CuryRUTROTTaxAmountDeductible="0.0000" RUTROTAvailableAmt="0.0000" RUTROTTaxAmountDeductible="0.0000" NoteID="86d6d61e-dc25-ea11-a6f0-9cb6d0c82c0c" />
		<row OrderType="SO" OrderNbr="000010" LineNbr="1" SortOrder="1" BranchID="1" Behavior="SO" LineType="GI" CustomerID="30" OrderDate="2019-12-23 00:00:00" Operation="I" InventoryID="2608" SubItemID="9" SiteID="17" UOM="PIECE" OrderQty="2.000000" BaseOrderQty="2.000000" UnassignedQty="0.000000" ShippedQty="2.000000" BaseShippedQty="2.000000" CuryInfoID="664007" IsPromotionalPrice="0" CuryUnitPrice="114.950000" UnitPrice="114.950000" CuryUnitCost="80.000000" UnitCost="80.000000" CuryExtPrice="229.900000" ExtPrice="229.900000" CuryExtCost="160.000000" ExtCost="160.000000" DiscountsAppliedToLine="0x00" GroupDiscountRate="1.000000000000000000" DocumentDiscountRate="1.000000000000000000" TaxCategoryID="TAXABLE" SalesAcctID="2724" SalesSubID="1" TranDesc="Tax Rounding Beast from the Depths - ROUNDING-DOOM" UnitWeigth="16.000000" UnitVolume="0.000000" ExtWeight="32.000000" ExtVolume="0.000000" ManualDisc="1" ManualPrice="0" DiscPct="0.000000" CuryDiscAmt="0.0000" DiscAmt="0.0000" ProjectID="0" Commissionable="0" CreatedDateTime="2019-12-23 17:33:22.953" CreatedByID="b5344897-037e-4d58-b5c3-1bdfd0f47bf9" CreatedByScreenID="SO301000" LastModifiedDateTime="2019-12-23 17:35:56.05" LastModifiedByID="b5344897-037e-4d58-b5c3-1bdfd0f47bf9" LastModifiedByScreenID="SO302000" InvtMult="-1" ShipComplete="B" CompleteQtyMin="100.000000" CompleteQtyMax="100.000000" OpenQty="0.000000" CuryOpenAmt="0.0000" OpenAmt="0.0000" CuryLineAmt="229.9000" LineAmt="229.9000" BaseOpenQty="0.000000" Completed="1" OpenLine="0" BilledQty="2.000000" BaseBilledQty="2.000000" UnbilledQty="0.000000" BaseUnbilledQty="0.000000" CuryUnbilledAmt="0.0000" UnbilledAmt="0.0000" ShipDate="2019-12-23 00:00:00" RequestDate="2019-12-23 00:00:00" CancelDate="2019-12-23 00:00:00" CuryBilledAmt="0.0000" BilledAmt="0.0000" IsFree="0" AutoCreateIssueLine="0" POCreate="0" POCreated="0" POSiteID="17" CuryUnitPriceDR="114.950000" IsRUTROTDeductible="0" CuryRUTROTAvailableAmt="0.0000" CuryRUTROTTaxAmountDeductible="0.0000" RUTROTAvailableAmt="0.0000" RUTROTTaxAmountDeductible="0.0000" NoteID="8f170699-dc25-ea11-a6f0-9cb6d0c82c0c" />
		<row OrderType="SO" OrderNbr="000011" LineNbr="1" SortOrder="1" BranchID="1" Behavior="SO" LineType="GI" CustomerID="30" OrderDate="2019-12-23 00:00:00" Operation="I" InventoryID="2608" SubItemID="9" SiteID="17" UOM="PIECE" OrderQty="2.000000" BaseOrderQty="2.000000" UnassignedQty="0.000000" ShippedQty="2.000000" BaseShippedQty="2.000000" CuryInfoID="664017" IsPromotionalPrice="0" CuryUnitPrice="114.950000" UnitPrice="114.950000" CuryUnitCost="80.000000" UnitCost="80.000000" CuryExtPrice="229.900000" ExtPrice="229.900000" CuryExtCost="160.000000" ExtCost="160.000000" DiscountsAppliedToLine="0x00" GroupDiscountRate="1.000000000000000000" DocumentDiscountRate="1.000000000000000000" TaxCategoryID="TAXABLE" SalesAcctID="2724" SalesSubID="1" TranDesc="Tax Rounding Beast from the Depths - ROUNDING-DOOM" UnitWeigth="16.000000" UnitVolume="0.000000" ExtWeight="32.000000" ExtVolume="0.000000" ManualDisc="1" ManualPrice="0" DiscPct="0.000000" CuryDiscAmt="0.0000" DiscAmt="0.0000" ProjectID="0" Commissionable="0" CreatedDateTime="2019-12-23 17:37:33.9" CreatedByID="b5344897-037e-4d58-b5c3-1bdfd0f47bf9" CreatedByScreenID="SO301000" LastModifiedDateTime="2019-12-23 17:44:04.37" LastModifiedByID="b5344897-037e-4d58-b5c3-1bdfd0f47bf9" LastModifiedByScreenID="SO302000" InvtMult="-1" ShipComplete="B" CompleteQtyMin="100.000000" CompleteQtyMax="100.000000" OpenQty="0.000000" CuryOpenAmt="0.0000" OpenAmt="0.0000" CuryLineAmt="229.9000" LineAmt="229.9000" BaseOpenQty="0.000000" Completed="1" OpenLine="0" BilledQty="2.000000" BaseBilledQty="2.000000" UnbilledQty="0.000000" BaseUnbilledQty="0.000000" CuryUnbilledAmt="0.0000" UnbilledAmt="0.0000" ShipDate="2019-12-23 00:00:00" RequestDate="2019-12-23 00:00:00" CancelDate="2019-12-23 00:00:00" CuryBilledAmt="0.0000" BilledAmt="0.0000" IsFree="0" AutoCreateIssueLine="0" POCreate="0" POCreated="0" POSiteID="17" CuryUnitPriceDR="114.950000" IsRUTROTDeductible="0" CuryRUTROTAvailableAmt="0.0000" CuryRUTROTTaxAmountDeductible="0.0000" RUTROTAvailableAmt="0.0000" RUTROTTaxAmountDeductible="0.0000" NoteID="4c2aac30-dd25-ea11-a6f0-9cb6d0c82c0c" />
		<row OrderType="SO" OrderNbr="000012" LineNbr="1" SortOrder="1" BranchID="1" Behavior="SO" LineType="GI" CustomerID="30" OrderDate="2019-12-23 00:00:00" Operation="I" InventoryID="2608" SubItemID="9" SiteID="17" UOM="PIECE" OrderQty="2.000000" BaseOrderQty="2.000000" UnassignedQty="0.000000" ShippedQty="2.000000" BaseShippedQty="2.000000" CuryInfoID="664031" IsPromotionalPrice="0" CuryUnitPrice="114.950000" UnitPrice="114.950000" CuryUnitCost="80.000000" UnitCost="80.000000" CuryExtPrice="229.900000" ExtPrice="229.900000" CuryExtCost="160.000000" ExtCost="160.000000" DiscountsAppliedToLine="0x00" GroupDiscountRate="1.000000000000000000" DocumentDiscountRate="1.000000000000000000" TaxCategoryID="TAXABLE" SalesAcctID="2724" SalesSubID="1" TranDesc="Tax Rounding Beast from the Depths - ROUNDING-DOOM" UnitWeigth="16.000000" UnitVolume="0.000000" ExtWeight="32.000000" ExtVolume="0.000000" ManualDisc="1" ManualPrice="0" DiscPct="0.000000" CuryDiscAmt="0.0000" DiscAmt="0.0000" ProjectID="0" Commissionable="0" CreatedDateTime="2019-12-23 17:46:16.85" CreatedByID="b5344897-037e-4d58-b5c3-1bdfd0f47bf9" CreatedByScreenID="SO301000" LastModifiedDateTime="2019-12-23 17:47:33.653" LastModifiedByID="b5344897-037e-4d58-b5c3-1bdfd0f47bf9" LastModifiedByScreenID="SO302000" InvtMult="-1" ShipComplete="B" CompleteQtyMin="100.000000" CompleteQtyMax="100.000000" OpenQty="0.000000" CuryOpenAmt="0.0000" OpenAmt="0.0000" CuryLineAmt="229.9000" LineAmt="229.9000" BaseOpenQty="0.000000" Completed="1" OpenLine="0" BilledQty="2.000000" BaseBilledQty="2.000000" UnbilledQty="0.000000" BaseUnbilledQty="0.000000" CuryUnbilledAmt="0.0000" UnbilledAmt="0.0000" ShipDate="2019-12-23 00:00:00" RequestDate="2019-12-23 00:00:00" CancelDate="2019-12-23 00:00:00" CuryBilledAmt="0.0000" BilledAmt="0.0000" IsFree="0" AutoCreateIssueLine="0" POCreate="0" POCreated="0" POSiteID="17" CuryUnitPriceDR="114.950000" IsRUTROTDeductible="0" CuryRUTROTAvailableAmt="0.0000" CuryRUTROTTaxAmountDeductible="0.0000" RUTROTAvailableAmt="0.0000" RUTROTTaxAmountDeductible="0.0000" NoteID="ddd75468-de25-ea11-a6f0-9cb6d0c82c0c" />
		<row OrderType="SO" OrderNbr="000013" LineNbr="1" SortOrder="1" BranchID="1" Behavior="SO" LineType="GI" CustomerID="30" OrderDate="2019-12-23 00:00:00" Operation="I" InventoryID="2608" SubItemID="9" SiteID="17" UOM="PIECE" OrderQty="2.000000" BaseOrderQty="2.000000" UnassignedQty="0.000000" ShippedQty="2.000000" BaseShippedQty="2.000000" CuryInfoID="664041" IsPromotionalPrice="0" CuryUnitPrice="114.950000" UnitPrice="114.950000" CuryUnitCost="80.000000" UnitCost="80.000000" CuryExtPrice="229.900000" ExtPrice="229.900000" CuryExtCost="160.000000" ExtCost="160.000000" DiscountsAppliedToLine="0x00" GroupDiscountRate="1.000000000000000000" DocumentDiscountRate="1.000000000000000000" TaxCategoryID="TAXABLE" SalesAcctID="2724" SalesSubID="1" TranDesc="Tax Rounding Beast from the Depths - ROUNDING-DOOM" UnitWeigth="16.000000" UnitVolume="0.000000" ExtWeight="32.000000" ExtVolume="0.000000" ManualDisc="1" ManualPrice="0" DiscPct="0.000000" CuryDiscAmt="0.0000" DiscAmt="0.0000" ProjectID="0" Commissionable="0" CreatedDateTime="2019-12-23 17:52:34.223" CreatedByID="b5344897-037e-4d58-b5c3-1bdfd0f47bf9" CreatedByScreenID="SO301000" LastModifiedDateTime="2019-12-23 22:20:24.187" LastModifiedByID="b5344897-037e-4d58-b5c3-1bdfd0f47bf9" LastModifiedByScreenID="SO302000" InvtMult="-1" ShipComplete="B" CompleteQtyMin="100.000000" CompleteQtyMax="100.000000" OpenQty="0.000000" CuryOpenAmt="0.0000" OpenAmt="0.0000" CuryLineAmt="229.9000" LineAmt="229.9000" BaseOpenQty="0.000000" Completed="1" OpenLine="0" BilledQty="2.000000" BaseBilledQty="2.000000" UnbilledQty="0.000000" BaseUnbilledQty="0.000000" CuryUnbilledAmt="0.0000" UnbilledAmt="0.0000" ShipDate="2019-12-23 00:00:00" RequestDate="2019-12-23 00:00:00" CancelDate="2019-12-23 00:00:00" CuryBilledAmt="0.0000" BilledAmt="0.0000" IsFree="0" AutoCreateIssueLine="0" POCreate="0" POCreated="0" POSiteID="17" CuryUnitPriceDR="114.950000" IsRUTROTDeductible="0" CuryRUTROTAvailableAmt="0.0000" CuryRUTROTTaxAmountDeductible="0.0000" RUTROTAvailableAmt="0.0000" RUTROTTaxAmountDeductible="0.0000" NoteID="e5403b49-df25-ea11-a6f0-9cb6d0c82c0c" />
		<row OrderType="SO" OrderNbr="000014" LineNbr="1" SortOrder="1" BranchID="1" Behavior="SO" LineType="GI" CustomerID="30" OrderDate="2019-12-23 00:00:00" Operation="I" InventoryID="2608" SubItemID="9" SiteID="17" UOM="PIECE" OrderQty="2.000000" BaseOrderQty="2.000000" UnassignedQty="0.000000" ShippedQty="2.000000" BaseShippedQty="2.000000" CuryInfoID="664048" IsPromotionalPrice="0" CuryUnitPrice="114.950000" UnitPrice="114.950000" CuryUnitCost="80.000000" UnitCost="80.000000" CuryExtPrice="229.900000" ExtPrice="229.900000" CuryExtCost="160.000000" ExtCost="160.000000" DiscountsAppliedToLine="0x00" GroupDiscountRate="1.000000000000000000" DocumentDiscountRate="1.000000000000000000" TaxCategoryID="TAXABLE" SalesAcctID="2724" SalesSubID="1" TranDesc="Tax Rounding Beast from the Depths - ROUNDING-DOOM" UnitWeigth="16.000000" UnitVolume="0.000000" ExtWeight="32.000000" ExtVolume="0.000000" ManualDisc="1" ManualPrice="0" DiscPct="0.000000" CuryDiscAmt="0.0000" DiscAmt="0.0000" ProjectID="0" Commissionable="0" CreatedDateTime="2019-12-23 22:08:36.78" CreatedByID="b5344897-037e-4d58-b5c3-1bdfd0f47bf9" CreatedByScreenID="SO301000" LastModifiedDateTime="2019-12-23 22:26:34.283" LastModifiedByID="b5344897-037e-4d58-b5c3-1bdfd0f47bf9" LastModifiedByScreenID="SO302000" InvtMult="-1" ShipComplete="B" CompleteQtyMin="100.000000" CompleteQtyMax="100.000000" OpenQty="0.000000" CuryOpenAmt="0.0000" OpenAmt="0.0000" CuryLineAmt="229.9000" LineAmt="229.9000" BaseOpenQty="0.000000" Completed="1" OpenLine="0" BilledQty="2.000000" BaseBilledQty="2.000000" UnbilledQty="0.000000" BaseUnbilledQty="0.000000" CuryUnbilledAmt="0.0000" UnbilledAmt="0.0000" ShipDate="2019-12-24 00:00:00" RequestDate="2019-12-24 00:00:00" CancelDate="2019-12-23 00:00:00" CuryBilledAmt="0.0000" BilledAmt="0.0000" IsFree="0" AutoCreateIssueLine="0" POCreate="0" POCreated="0" POSiteID="17" CuryUnitPriceDR="114.950000" IsRUTROTDeductible="0" CuryRUTROTAvailableAmt="0.0000" CuryRUTROTTaxAmountDeductible="0.0000" RUTROTAvailableAmt="0.0000" RUTROTTaxAmountDeductible="0.0000" NoteID="cf0fec08-0326-ea11-a6f0-9cb6d0c82c0c" />
		<row OrderType="SO" OrderNbr="000015" LineNbr="1" SortOrder="1" BranchID="1" Behavior="SO" LineType="GI" CustomerID="30" OrderDate="2019-12-23 00:00:00" Operation="I" InventoryID="2608" SubItemID="9" SiteID="17" UOM="PIECE" OrderQty="3.000000" BaseOrderQty="3.000000" UnassignedQty="0.000000" ShippedQty="3.000000" BaseShippedQty="3.000000" CuryInfoID="664055" IsPromotionalPrice="0" CuryUnitPrice="114.950000" UnitPrice="114.950000" CuryUnitCost="80.000000" UnitCost="80.000000" CuryExtPrice="344.850000" ExtPrice="344.850000" CuryExtCost="240.000000" ExtCost="240.000000" DiscountsAppliedToLine="0x00" GroupDiscountRate="1.000000000000000000" DocumentDiscountRate="1.000000000000000000" TaxCategoryID="TAXABLE" SalesAcctID="2724" SalesSubID="1" TranDesc="Tax Rounding Beast from the Depths - ROUNDING-DOOM" UnitWeigth="16.000000" UnitVolume="0.000000" ExtWeight="48.000000" ExtVolume="0.000000" ManualDisc="1" ManualPrice="0" DiscPct="0.000000" CuryDiscAmt="0.0000" DiscAmt="0.0000" ProjectID="0" Commissionable="0" CreatedDateTime="2019-12-23 22:13:47.24" CreatedByID="b5344897-037e-4d58-b5c3-1bdfd0f47bf9" CreatedByScreenID="SO301000" LastModifiedDateTime="2019-12-23 22:17:08.17" LastModifiedByID="b5344897-037e-4d58-b5c3-1bdfd0f47bf9" LastModifiedByScreenID="SO302000" InvtMult="-1" ShipComplete="B" CompleteQtyMin="100.000000" CompleteQtyMax="100.000000" OpenQty="0.000000" CuryOpenAmt="0.0000" OpenAmt="0.0000" CuryLineAmt="344.8500" LineAmt="344.8500" BaseOpenQty="0.000000" Completed="1" OpenLine="0" BilledQty="3.000000" BaseBilledQty="3.000000" UnbilledQty="0.000000" BaseUnbilledQty="0.000000" CuryUnbilledAmt="0.0000" UnbilledAmt="0.0000" ShipDate="2019-12-24 00:00:00" RequestDate="2019-12-24 00:00:00" CancelDate="2019-12-23 00:00:00" CuryBilledAmt="0.0000" BilledAmt="0.0000" IsFree="0" AutoCreateIssueLine="0" POCreate="0" POCreated="0" POSiteID="17" CuryUnitPriceDR="114.950000" IsRUTROTDeductible="0" CuryRUTROTAvailableAmt="0.0000" CuryRUTROTTaxAmountDeductible="0.0000" RUTROTAvailableAmt="0.0000" RUTROTTaxAmountDeductible="0.0000" NoteID="9272bfc5-0326-ea11-a6f0-9cb6d0c82c0c" />
		<row OrderType="SO" OrderNbr="000016" LineNbr="1" SortOrder="1" BranchID="1" Behavior="SO" LineType="GI" CustomerID="30" OrderDate="2019-12-23 00:00:00" Operation="I" InventoryID="2608" SubItemID="9" SiteID="17" UOM="PIECE" OrderQty="3.000000" BaseOrderQty="3.000000" UnassignedQty="0.000000" ShippedQty="3.000000" BaseShippedQty="3.000000" CuryInfoID="664074" IsPromotionalPrice="0" CuryUnitPrice="114.950000" UnitPrice="114.950000" CuryUnitCost="80.000000" UnitCost="80.000000" CuryExtPrice="344.850000" ExtPrice="344.850000" CuryExtCost="240.000000" ExtCost="240.000000" DiscountsAppliedToLine="0x00" GroupDiscountRate="1.000000000000000000" DocumentDiscountRate="1.000000000000000000" TaxCategoryID="TAXABLE" SalesAcctID="2724" SalesSubID="1" TranDesc="Tax Rounding Beast from the Depths - ROUNDING-DOOM" UnitWeigth="16.000000" UnitVolume="0.000000" ExtWeight="48.000000" ExtVolume="0.000000" ManualDisc="1" ManualPrice="0" DiscPct="0.000000" CuryDiscAmt="0.0000" DiscAmt="0.0000" ProjectID="0" Commissionable="0" CreatedDateTime="2019-12-23 22:32:12.313" CreatedByID="b5344897-037e-4d58-b5c3-1bdfd0f47bf9" CreatedByScreenID="SO301000" LastModifiedDateTime="2019-12-23 22:38:53.08" LastModifiedByID="b5344897-037e-4d58-b5c3-1bdfd0f47bf9" LastModifiedByScreenID="SO302000" InvtMult="-1" ShipComplete="B" CompleteQtyMin="100.000000" CompleteQtyMax="100.000000" OpenQty="0.000000" CuryOpenAmt="0.0000" OpenAmt="0.0000" CuryLineAmt="344.8500" LineAmt="344.8500" BaseOpenQty="0.000000" Completed="1" OpenLine="0" BilledQty="3.000000" BaseBilledQty="3.000000" UnbilledQty="0.000000" BaseUnbilledQty="0.000000" CuryUnbilledAmt="0.0000" UnbilledAmt="0.0000" ShipDate="2019-12-24 00:00:00" RequestDate="2019-12-24 00:00:00" CancelDate="2019-12-23 00:00:00" CuryBilledAmt="0.0000" BilledAmt="0.0000" IsFree="0" AutoCreateIssueLine="0" POCreate="0" POCreated="0" POSiteID="17" CuryUnitPriceDR="114.950000" IsRUTROTDeductible="0" CuryRUTROTAvailableAmt="0.0000" CuryRUTROTTaxAmountDeductible="0.0000" RUTROTAvailableAmt="0.0000" RUTROTTaxAmountDeductible="0.0000" NoteID="8705ae58-0626-ea11-a6f0-9cb6d0c82c0c" />
		<row OrderType="SO" OrderNbr="000017" LineNbr="1" SortOrder="1" BranchID="1" Behavior="SO" LineType="GI" CustomerID="30" OrderDate="2019-12-23 00:00:00" Operation="I" InventoryID="2608" SubItemID="9" SiteID="17" UOM="PIECE" OrderQty="3.000000" BaseOrderQty="3.000000" UnassignedQty="0.000000" ShippedQty="3.000000" BaseShippedQty="3.000000" CuryInfoID="664085" IsPromotionalPrice="0" CuryUnitPrice="114.950000" UnitPrice="114.950000" CuryUnitCost="80.000000" UnitCost="80.000000" CuryExtPrice="344.850000" ExtPrice="344.850000" CuryExtCost="240.000000" ExtCost="240.000000" DiscountsAppliedToLine="0x00" GroupDiscountRate="1.000000000000000000" DocumentDiscountRate="1.000000000000000000" TaxCategoryID="TAXABLE" SalesAcctID="2724" SalesSubID="1" TranDesc="Tax Rounding Beast from the Depths - ROUNDING-DOOM" UnitWeigth="16.000000" UnitVolume="0.000000" ExtWeight="48.000000" ExtVolume="0.000000" ManualDisc="1" ManualPrice="0" DiscPct="0.000000" CuryDiscAmt="0.0000" DiscAmt="0.0000" ProjectID="0" Commissionable="0" CreatedDateTime="2019-12-23 22:42:41.43" CreatedByID="b5344897-037e-4d58-b5c3-1bdfd0f47bf9" CreatedByScreenID="SO301000" LastModifiedDateTime="2019-12-23 22:44:26.913" LastModifiedByID="b5344897-037e-4d58-b5c3-1bdfd0f47bf9" LastModifiedByScreenID="SO302000" InvtMult="-1" ShipComplete="B" CompleteQtyMin="100.000000" CompleteQtyMax="100.000000" OpenQty="0.000000" CuryOpenAmt="0.0000" OpenAmt="0.0000" CuryLineAmt="344.8500" LineAmt="344.8500" BaseOpenQty="0.000000" Completed="1" OpenLine="0" BilledQty="3.000000" BaseBilledQty="3.000000" UnbilledQty="0.000000" BaseUnbilledQty="0.000000" CuryUnbilledAmt="0.0000" UnbilledAmt="0.0000" ShipDate="2019-12-24 00:00:00" RequestDate="2019-12-24 00:00:00" CancelDate="2019-12-23 00:00:00" CuryBilledAmt="0.0000" BilledAmt="0.0000" IsFree="0" AutoCreateIssueLine="0" POCreate="0" POCreated="0" POSiteID="17" CuryUnitPriceDR="114.950000" IsRUTROTDeductible="0" CuryRUTROTAvailableAmt="0.0000" CuryRUTROTTaxAmountDeductible="0.0000" RUTROTAvailableAmt="0.0000" RUTROTTaxAmountDeductible="0.0000" NoteID="6893cecf-0726-ea11-a6f0-9cb6d0c82c0c" />
		<row OrderType="SO" OrderNbr="000018" LineNbr="1" SortOrder="1" BranchID="1" Behavior="SO" LineType="GI" CustomerID="30" OrderDate="2019-12-23 00:00:00" Operation="I" InventoryID="2608" SubItemID="9" SiteID="17" UOM="PIECE" OrderQty="3.000000" BaseOrderQty="3.000000" UnassignedQty="0.000000" ShippedQty="3.000000" BaseShippedQty="3.000000" CuryInfoID="664096" IsPromotionalPrice="0" CuryUnitPrice="114.950000" UnitPrice="114.950000" CuryUnitCost="80.000000" UnitCost="80.000000" CuryExtPrice="344.850000" ExtPrice="344.850000" CuryExtCost="240.000000" ExtCost="240.000000" DiscountsAppliedToLine="0x00" GroupDiscountRate="1.000000000000000000" DocumentDiscountRate="1.000000000000000000" TaxCategoryID="TAXABLE" SalesAcctID="2724" SalesSubID="1" TranDesc="Tax Rounding Beast from the Depths - ROUNDING-DOOM" UnitWeigth="16.000000" UnitVolume="0.000000" ExtWeight="48.000000" ExtVolume="0.000000" ManualDisc="1" ManualPrice="0" DiscPct="13.629114" CuryDiscAmt="47.0000" DiscAmt="47.0000" ProjectID="0" Commissionable="0" CreatedDateTime="2019-12-23 22:48:53.597" CreatedByID="b5344897-037e-4d58-b5c3-1bdfd0f47bf9" CreatedByScreenID="SO301000" LastModifiedDateTime="2019-12-23 22:53:15.66" LastModifiedByID="b5344897-037e-4d58-b5c3-1bdfd0f47bf9" LastModifiedByScreenID="SO302000" InvtMult="-1" ShipComplete="B" CompleteQtyMin="100.000000" CompleteQtyMax="100.000000" OpenQty="0.000000" CuryOpenAmt="0.0000" OpenAmt="0.0000" CuryLineAmt="297.8500" LineAmt="297.8500" BaseOpenQty="0.000000" Completed="1" OpenLine="0" BilledQty="3.000000" BaseBilledQty="3.000000" UnbilledQty="0.000000" BaseUnbilledQty="0.000000" CuryUnbilledAmt="0.0000" UnbilledAmt="0.0000" ShipDate="2019-12-24 00:00:00" RequestDate="2019-12-24 00:00:00" CancelDate="2019-12-23 00:00:00" CuryBilledAmt="0.0000" BilledAmt="0.0000" IsFree="0" AutoCreateIssueLine="0" POCreate="0" POCreated="0" POSiteID="17" CuryUnitPriceDR="114.950000" IsRUTROTDeductible="0" CuryRUTROTAvailableAmt="0.0000" CuryRUTROTTaxAmountDeductible="0.0000" RUTROTAvailableAmt="0.0000" RUTROTTaxAmountDeductible="0.0000" NoteID="dc0594ad-0826-ea11-a6f0-9cb6d0c82c0c" />
		<row OrderType="SO" OrderNbr="000019" LineNbr="1" SortOrder="1" BranchID="1" Behavior="SO" LineType="GI" CustomerID="30" OrderDate="2019-12-23 00:00:00" Operation="I" InventoryID="2608" SubItemID="9" SiteID="17" UOM="PIECE" OrderQty="2.000000" BaseOrderQty="2.000000" UnassignedQty="0.000000" ShippedQty="2.000000" BaseShippedQty="2.000000" CuryInfoID="664107" IsPromotionalPrice="0" CuryUnitPrice="114.950000" UnitPrice="114.950000" CuryUnitCost="80.000000" UnitCost="80.000000" CuryExtPrice="229.900000" ExtPrice="229.900000" CuryExtCost="160.000000" ExtCost="160.000000" DiscountsAppliedToLine="0x00" GroupDiscountRate="1.000000000000000000" DocumentDiscountRate="1.000000000000000000" TaxCategoryID="TAXABLE" SalesAcctID="2724" SalesSubID="1" TranDesc="Tax Rounding Beast from the Depths - ROUNDING-DOOM" UnitWeigth="16.000000" UnitVolume="0.000000" ExtWeight="32.000000" ExtVolume="0.000000" ManualDisc="1" ManualPrice="0" DiscPct="0.000000" CuryDiscAmt="0.0000" DiscAmt="0.0000" ProjectID="0" Commissionable="0" CreatedDateTime="2019-12-23 23:03:24.227" CreatedByID="b5344897-037e-4d58-b5c3-1bdfd0f47bf9" CreatedByScreenID="SO301000" LastModifiedDateTime="2019-12-23 23:09:40.39" LastModifiedByID="b5344897-037e-4d58-b5c3-1bdfd0f47bf9" LastModifiedByScreenID="SO302000" InvtMult="-1" ShipComplete="B" CompleteQtyMin="100.000000" CompleteQtyMax="100.000000" OpenQty="0.000000" CuryOpenAmt="0.0000" OpenAmt="0.0000" CuryLineAmt="229.9000" LineAmt="229.9000" BaseOpenQty="0.000000" Completed="1" OpenLine="0" BilledQty="1.000000" BaseBilledQty="1.000000" UnbilledQty="1.000000" BaseUnbilledQty="1.000000" CuryUnbilledAmt="114.9500" UnbilledAmt="114.9500" ShipDate="2019-12-24 00:00:00" RequestDate="2019-12-24 00:00:00" CancelDate="2019-12-23 00:00:00" CuryBilledAmt="0.0000" BilledAmt="0.0000" IsFree="0" AutoCreateIssueLine="0" POCreate="0" POCreated="0" POSiteID="17" CuryUnitPriceDR="114.950000" IsRUTROTDeductible="0" CuryRUTROTAvailableAmt="0.0000" CuryRUTROTTaxAmountDeductible="0.0000" RUTROTAvailableAmt="0.0000" RUTROTTaxAmountDeductible="0.0000" NoteID="773910b4-0a26-ea11-a6f0-9cb6d0c82c0c" />
		<row OrderType="SO" OrderNbr="000019" LineNbr="3" SortOrder="2" BranchID="1" Behavior="SO" LineType="GI" CustomerID="30" OrderDate="2019-12-23 00:00:00" Operation="I" InventoryID="2610" SubItemID="9" SiteID="17" UOM="PIECE" OrderQty="1.000000" BaseOrderQty="1.000000" UnassignedQty="0.000000" ShippedQty="1.000000" BaseShippedQty="1.000000" CuryInfoID="664107" IsPromotionalPrice="0" CuryUnitPrice="49.950000" UnitPrice="49.950000" CuryUnitCost="20.000000" UnitCost="20.000000" CuryExtPrice="49.950000" ExtPrice="49.950000" CuryExtCost="20.000000" ExtCost="20.000000" DiscountsAppliedToLine="0x00" GroupDiscountRate="1.000000000000000000" DocumentDiscountRate="1.000000000000000000" TaxCategoryID="EXEMPT" SalesAcctID="2724" SalesSubID="1" TranDesc="Made in Acumatica - MADEINACU2" UnitWeigth="47.972640" UnitVolume="0.000000" ExtWeight="47.972640" ExtVolume="0.000000" ManualDisc="1" ManualPrice="0" DiscPct="0.000000" CuryDiscAmt="0.0000" DiscAmt="0.0000" ProjectID="0" Commissionable="0" CreatedDateTime="2019-12-23 23:03:24.24" CreatedByID="b5344897-037e-4d58-b5c3-1bdfd0f47bf9" CreatedByScreenID="SO301000" LastModifiedDateTime="2019-12-23 23:04:32.317" LastModifiedByID="b5344897-037e-4d58-b5c3-1bdfd0f47bf9" LastModifiedByScreenID="SO302000" InvtMult="-1" ShipComplete="B" CompleteQtyMin="100.000000" CompleteQtyMax="100.000000" OpenQty="0.000000" CuryOpenAmt="0.0000" OpenAmt="0.0000" CuryLineAmt="49.9500" LineAmt="49.9500" BaseOpenQty="0.000000" Completed="1" OpenLine="0" BilledQty="1.000000" BaseBilledQty="1.000000" UnbilledQty="0.000000" BaseUnbilledQty="0.000000" CuryUnbilledAmt="0.0000" UnbilledAmt="0.0000" ShipDate="2019-12-24 00:00:00" RequestDate="2019-12-24 00:00:00" CancelDate="2019-12-23 00:00:00" CuryBilledAmt="0.0000" BilledAmt="0.0000" IsFree="0" AutoCreateIssueLine="0" POCreate="0" POCreated="0" POSiteID="17" CuryUnitPriceDR="49.950000" IsRUTROTDeductible="0" CuryRUTROTAvailableAmt="0.0000" CuryRUTROTTaxAmountDeductible="0.0000" RUTROTAvailableAmt="0.0000" RUTROTTaxAmountDeductible="0.0000" NoteID="793910b4-0a26-ea11-a6f0-9cb6d0c82c0c" />
		<row OrderType="SO" OrderNbr="000020" LineNbr="1" SortOrder="1" BranchID="1" Behavior="SO" LineType="GI" CustomerID="30" OrderDate="2019-12-23 00:00:00" Operation="I" InventoryID="2608" SubItemID="9" SiteID="17" UOM="PIECE" OrderQty="0.000000" BaseOrderQty="0.000000" UnassignedQty="0.000000" ShippedQty="0.000000" BaseShippedQty="0.000000" CuryInfoID="664123" IsPromotionalPrice="0" CuryUnitPrice="114.950000" UnitPrice="114.950000" CuryUnitCost="80.000000" UnitCost="80.000000" CuryExtPrice="0.000000" ExtPrice="0.000000" CuryExtCost="0.000000" ExtCost="0.000000" DiscountsAppliedToLine="0x00" GroupDiscountRate="1.000000000000000000" DocumentDiscountRate="1.000000000000000000" TaxCategoryID="TAXABLE" SalesAcctID="2724" SalesSubID="1" TranDesc="Tax Rounding Beast from the Depths - ROUNDING-DOOM" UnitWeigth="16.000000" UnitVolume="0.000000" ExtWeight="0.000000" ExtVolume="0.000000" ManualDisc="1" ManualPrice="0" DiscPct="0.000000" CuryDiscAmt="0.0000" DiscAmt="0.0000" ProjectID="0" Commissionable="0" CreatedDateTime="2019-12-23 23:27:34.72" CreatedByID="b5344897-037e-4d58-b5c3-1bdfd0f47bf9" CreatedByScreenID="SO301000" LastModifiedDateTime="2019-12-23 23:32:57.21" LastModifiedByID="b5344897-037e-4d58-b5c3-1bdfd0f47bf9" LastModifiedByScreenID="SO301000" InvtMult="-1" ShipComplete="B" CompleteQtyMin="100.000000" CompleteQtyMax="100.000000" OpenQty="0.000000" CuryOpenAmt="0.0000" OpenAmt="0.0000" CuryLineAmt="0.0000" LineAmt="0.0000" BaseOpenQty="0.000000" Completed="0" OpenLine="0" BilledQty="0.000000" BaseBilledQty="0.000000" UnbilledQty="0.000000" BaseUnbilledQty="0.000000" CuryUnbilledAmt="0.0000" UnbilledAmt="0.0000" ShipDate="2019-12-24 00:00:00" RequestDate="2019-12-24 00:00:00" CancelDate="2019-12-23 00:00:00" CuryBilledAmt="0.0000" BilledAmt="0.0000" IsFree="0" AutoCreateIssueLine="0" POCreate="0" POCreated="0" POSiteID="17" CuryUnitPriceDR="114.950000" IsRUTROTDeductible="0" CuryRUTROTAvailableAmt="0.0000" CuryRUTROTTaxAmountDeductible="0.0000" RUTROTAvailableAmt="0.0000" RUTROTTaxAmountDeductible="0.0000" NoteID="0858f614-0e26-ea11-a6f0-9cb6d0c82c0c" />
		<row OrderType="SO" OrderNbr="000021" LineNbr="1" SortOrder="1" BranchID="1" Behavior="SO" LineType="GI" CustomerID="30" OrderDate="2019-12-23 00:00:00" Operation="I" InventoryID="2608" SubItemID="9" SiteID="17" UOM="PIECE" OrderQty="3.000000" BaseOrderQty="3.000000" UnassignedQty="0.000000" ShippedQty="1.000000" BaseShippedQty="1.000000" CuryInfoID="664136" IsPromotionalPrice="0" CuryUnitPrice="114.950000" UnitPrice="114.950000" CuryUnitCost="80.000000" UnitCost="80.000000" CuryExtPrice="344.850000" ExtPrice="344.850000" CuryExtCost="240.000000" ExtCost="240.000000" DiscountsAppliedToLine="0x00" GroupDiscountRate="1.000000000000000000" DocumentDiscountRate="1.000000000000000000" TaxCategoryID="TAXABLE" SalesAcctID="2724" SalesSubID="1" TranDesc="Tax Rounding Beast from the Depths - ROUNDING-DOOM" UnitWeigth="16.000000" UnitVolume="0.000000" ExtWeight="48.000000" ExtVolume="0.000000" ManualDisc="1" ManualPrice="0" DiscPct="0.000000" CuryDiscAmt="0.0000" DiscAmt="0.0000" ProjectID="0" Commissionable="0" CreatedDateTime="2019-12-24 00:10:51.683" CreatedByID="b5344897-037e-4d58-b5c3-1bdfd0f47bf9" CreatedByScreenID="SO301000" LastModifiedDateTime="2020-01-06 17:52:22.35" LastModifiedByID="b5344897-037e-4d58-b5c3-1bdfd0f47bf9" LastModifiedByScreenID="SO302000" InvtMult="-1" ShipComplete="B" CompleteQtyMin="100.000000" CompleteQtyMax="100.000000" OpenQty="2.000000" CuryOpenAmt="229.9000" OpenAmt="229.9000" CuryLineAmt="344.8500" LineAmt="344.8500" BaseOpenQty="2.000000" Completed="0" OpenLine="1" BilledQty="0.000000" BaseBilledQty="0.000000" UnbilledQty="3.000000" BaseUnbilledQty="3.000000" CuryUnbilledAmt="344.8500" UnbilledAmt="344.8500" ShipDate="2019-12-24 00:00:00" RequestDate="2019-12-24 00:00:00" CancelDate="2019-12-23 00:00:00" CuryBilledAmt="0.0000" BilledAmt="0.0000" IsFree="0" AutoCreateIssueLine="0" POCreate="0" POCreated="0" POSiteID="17" CuryUnitPriceDR="114.950000" IsRUTROTDeductible="0" CuryRUTROTAvailableAmt="0.0000" CuryRUTROTTaxAmountDeductible="0.0000" RUTROTAvailableAmt="0.0000" RUTROTTaxAmountDeductible="0.0000" NoteID="d47df320-1426-ea11-a6f0-9cb6d0c82c0c" />
		<row OrderType="SO" OrderNbr="000022" LineNbr="1" SortOrder="1" BranchID="1" Behavior="SO" LineType="GI" CustomerID="30" OrderDate="2019-12-23 00:00:00" Operation="I" InventoryID="2608" SubItemID="9" SiteID="17" UOM="PIECE" OrderQty="3.000000" BaseOrderQty="3.000000" UnassignedQty="0.000000" ShippedQty="0.000000" BaseShippedQty="0.000000" CuryInfoID="664144" IsPromotionalPrice="0" CuryUnitPrice="114.950000" UnitPrice="114.950000" CuryUnitCost="80.000000" UnitCost="80.000000" CuryExtPrice="344.850000" ExtPrice="344.850000" CuryExtCost="240.000000" ExtCost="240.000000" DiscountsAppliedToLine="0x00" GroupDiscountRate="1.000000000000000000" DocumentDiscountRate="1.000000000000000000" TaxCategoryID="TAXABLE" SalesAcctID="2724" SalesSubID="1" TranDesc="Tax Rounding Beast from the Depths - ROUNDING-DOOM" UnitWeigth="16.000000" UnitVolume="0.000000" ExtWeight="48.000000" ExtVolume="0.000000" ManualDisc="1" ManualPrice="0" DiscPct="0.000000" CuryDiscAmt="0.0000" DiscAmt="0.0000" ProjectID="0" Commissionable="0" CreatedDateTime="2019-12-24 00:14:03.803" CreatedByID="b5344897-037e-4d58-b5c3-1bdfd0f47bf9" CreatedByScreenID="SO301000" LastModifiedDateTime="2019-12-24 00:14:03.803" LastModifiedByID="b5344897-037e-4d58-b5c3-1bdfd0f47bf9" LastModifiedByScreenID="SO301000" InvtMult="-1" ShipComplete="B" CompleteQtyMin="100.000000" CompleteQtyMax="100.000000" OpenQty="3.000000" CuryOpenAmt="344.8500" OpenAmt="344.8500" CuryLineAmt="344.8500" LineAmt="344.8500" BaseOpenQty="3.000000" Completed="0" OpenLine="1" BilledQty="0.000000" BaseBilledQty="0.000000" UnbilledQty="3.000000" BaseUnbilledQty="3.000000" CuryUnbilledAmt="344.8500" UnbilledAmt="344.8500" ShipDate="2019-12-24 00:00:00" RequestDate="2019-12-24 00:00:00" CancelDate="2019-12-23 00:00:00" CuryBilledAmt="0.0000" BilledAmt="0.0000" IsFree="0" AutoCreateIssueLine="0" POCreate="0" POCreated="0" POSiteID="17" CuryUnitPriceDR="114.950000" IsRUTROTDeductible="0" CuryRUTROTAvailableAmt="0.0000" CuryRUTROTTaxAmountDeductible="0.0000" RUTROTAvailableAmt="0.0000" RUTROTTaxAmountDeductible="0.0000" NoteID="d034a793-1426-ea11-a6f0-9cb6d0c82c0c" />
		<row OrderType="SO" OrderNbr="000023" LineNbr="1" SortOrder="1" BranchID="1" Behavior="SO" LineType="GI" CustomerID="30" OrderDate="2019-12-31 00:00:00" Operation="I" InventoryID="2608" SubItemID="9" SiteID="17" UOM="PIECE" OrderQty="3.000000" BaseOrderQty="3.000000" UnassignedQty="0.000000" ShippedQty="1.000000" BaseShippedQty="1.000000" CuryInfoID="664148" IsPromotionalPrice="0" CuryUnitPrice="114.950000" UnitPrice="114.950000" CuryUnitCost="80.000000" UnitCost="80.000000" CuryExtPrice="344.850000" ExtPrice="344.850000" CuryExtCost="240.000000" ExtCost="240.000000" DiscountsAppliedToLine="0x00" GroupDiscountRate="1.000000000000000000" DocumentDiscountRate="1.000000000000000000" TaxCategoryID="TAXABLE" SalesAcctID="2724" SalesSubID="1" TranDesc="Tax Rounding Beast from the Depths - ROUNDING-DOOM" UnitWeigth="16.000000" UnitVolume="0.000000" ExtWeight="48.000000" ExtVolume="0.000000" ManualDisc="1" ManualPrice="0" DiscPct="0.000000" CuryDiscAmt="0.0000" DiscAmt="0.0000" ProjectID="0" Commissionable="0" CreatedDateTime="2019-12-31 10:32:11.88" CreatedByID="b5344897-037e-4d58-b5c3-1bdfd0f47bf9" CreatedByScreenID="SO301000" LastModifiedDateTime="2019-12-31 10:32:52.477" LastModifiedByID="b5344897-037e-4d58-b5c3-1bdfd0f47bf9" LastModifiedByScreenID="SO302000" InvtMult="-1" ShipComplete="L" CompleteQtyMin="100.000000" CompleteQtyMax="100.000000" OpenQty="0.000000" CuryOpenAmt="0.0000" OpenAmt="0.0000" CuryLineAmt="344.8500" LineAmt="344.8500" BaseOpenQty="0.000000" Completed="1" OpenLine="0" BilledQty="0.000000" BaseBilledQty="0.000000" UnbilledQty="1.000000" BaseUnbilledQty="1.000000" CuryUnbilledAmt="114.9500" UnbilledAmt="114.9500" ShipDate="2019-12-31 00:00:00" RequestDate="2019-12-31 00:00:00" CancelDate="2019-12-31 00:00:00" CuryBilledAmt="0.0000" BilledAmt="0.0000" IsFree="0" AutoCreateIssueLine="0" POCreate="0" POCreated="0" POSiteID="17" CuryUnitPriceDR="114.950000" IsRUTROTDeductible="0" CuryRUTROTAvailableAmt="0.0000" CuryRUTROTTaxAmountDeductible="0.0000" RUTROTAvailableAmt="0.0000" RUTROTTaxAmountDeductible="0.0000" NoteID="77042007-eb2b-ea11-a6f1-9cb6d0c82c0c" />
		<row OrderType="SO" OrderNbr="000023" LineNbr="2" SortOrder="2" BranchID="1" Behavior="SO" LineType="GI" CustomerID="30" OrderDate="2019-12-31 00:00:00" Operation="I" InventoryID="2610" SubItemID="9" SiteID="17" UOM="PIECE" OrderQty="3.000000" BaseOrderQty="3.000000" UnassignedQty="0.000000" ShippedQty="1.000000" BaseShippedQty="1.000000" CuryInfoID="664148" IsPromotionalPrice="0" CuryUnitPrice="49.950000" UnitPrice="49.950000" CuryUnitCost="20.000000" UnitCost="20.000000" CuryExtPrice="149.850000" ExtPrice="149.850000" CuryExtCost="60.000000" ExtCost="60.000000" DiscountsAppliedToLine="0x00" GroupDiscountRate="1.000000000000000000" DocumentDiscountRate="1.000000000000000000" TaxCategoryID="EXEMPT" SalesAcctID="2724" SalesSubID="1" TranDesc="Made in Acumatica - MADEINACU2" UnitWeigth="47.972640" UnitVolume="0.000000" ExtWeight="143.917920" ExtVolume="0.000000" ManualDisc="1" ManualPrice="0" DiscPct="0.000000" CuryDiscAmt="0.0000" DiscAmt="0.0000" ProjectID="0" Commissionable="0" CreatedDateTime="2019-12-31 10:32:11.897" CreatedByID="b5344897-037e-4d58-b5c3-1bdfd0f47bf9" CreatedByScreenID="SO301000" LastModifiedDateTime="2019-12-31 10:32:52.513" LastModifiedByID="b5344897-037e-4d58-b5c3-1bdfd0f47bf9" LastModifiedByScreenID="SO302000" InvtMult="-1" ShipComplete="L" CompleteQtyMin="100.000000" CompleteQtyMax="100.000000" OpenQty="0.000000" CuryOpenAmt="0.0000" OpenAmt="0.0000" CuryLineAmt="149.8500" LineAmt="149.8500" BaseOpenQty="0.000000" Completed="1" OpenLine="0" BilledQty="0.000000" BaseBilledQty="0.000000" UnbilledQty="1.000000" BaseUnbilledQty="1.000000" CuryUnbilledAmt="49.9500" UnbilledAmt="49.9500" ShipDate="2019-12-31 00:00:00" RequestDate="2019-12-31 00:00:00" CancelDate="2019-12-31 00:00:00" CuryBilledAmt="0.0000" BilledAmt="0.0000" IsFree="0" AutoCreateIssueLine="0" POCreate="0" POCreated="0" POSiteID="17" CuryUnitPriceDR="49.950000" IsRUTROTDeductible="0" CuryRUTROTAvailableAmt="0.0000" CuryRUTROTTaxAmountDeductible="0.0000" RUTROTAvailableAmt="0.0000" RUTROTTaxAmountDeductible="0.0000" NoteID="79042007-eb2b-ea11-a6f1-9cb6d0c82c0c" />
	</rows>
</data>