﻿<?xml version="1.0" encoding="utf-8"?>
<data>
	<table name="SOLineSplit">
		<col name="CompanyID" type="Int" default="Zero" />
		<col name="OrderType" type="Char(2)" />
		<col name="OrderNbr" type="NVarChar(15)" />
		<col name="LineNbr" type="Int" />
		<col name="SplitLineNbr" type="Int" />
		<col name="ParentSplitLineNbr" type="Int" nullable="true" />
		<col name="Operation" type="Char(1)" />
		<col name="InventoryID" type="Int" />
		<col name="IsStockItem" type="Bit" />
		<col name="SiteID" type="Int" />
		<col name="LocationID" type="Int" nullable="true" />
		<col name="SubItemID" type="Int" nullable="true" />
		<col name="ShipDate" type="SmallDateTime" nullable="true" />
		<col name="ShipComplete" type="Char(1)" nullable="true" />
		<col name="Completed" type="Bit" nullable="true" />
		<col name="IsAllocated" type="Bit" default="Zero" />
		<col name="ShipmentNbr" type="NVarChar(15)" nullable="true" />
		<col name="LotSerialNbr" type="NVarChar(100)" nullable="true" />
		<col name="ExpireDate" type="SmallDateTime" nullable="true" />
		<col name="UOM" type="NVarChar(6)" nullable="true" />
		<col name="Qty" type="Decimal(25,6)" />
		<col name="BaseQty" type="Decimal(25,6)" />
		<col name="ShippedQty" type="Decimal(25,6)" default="Zero" />
		<col name="BaseShippedQty" type="Decimal(25,6)" default="Zero" />
		<col name="PlanID" type="BigInt" nullable="true" />
		<col name="CreatedDateTime" type="DateTime" />
		<col name="CreatedByID" type="UniqueIdentifier" />
		<col name="CreatedByScreenID" type="Char(8)" />
		<col name="LastModifiedDateTime" type="DateTime" />
		<col name="LastModifiedByID" type="UniqueIdentifier" />
		<col name="LastModifiedByScreenID" type="Char(8)" />
		<col name="tstamp" type="Timestamp" />
		<col name="InvtMult" type="SmallInt" nullable="true" />
		<col name="POType" type="Char(2)" nullable="true" />
		<col name="PONbr" type="NVarChar(15)" nullable="true" />
		<col name="POLineNbr" type="Int" nullable="true" />
		<col name="POCreate" type="Bit" nullable="true" />
		<col name="POSource" type="Char(1)" nullable="true" />
		<col name="POSiteID" type="Int" nullable="true" />
		<col name="VendorID" type="Int" nullable="true" />
		<col name="ReceivedQty" type="Decimal(25,6)" nullable="true" />
		<col name="BaseReceivedQty" type="Decimal(25,6)" nullable="true" />
		<col name="POReceiptType" type="Char(2)" nullable="true" />
		<col name="POReceiptNbr" type="NVarChar(15)" nullable="true" />
		<col name="POCompleted" type="Bit" nullable="true" />
		<col name="POCancelled" type="Bit" nullable="true" />
		<col name="LineType" type="Char(2)" nullable="true" />
		<col name="ToSiteID" type="Int" nullable="true" />
		<col name="OrigPlanType" type="Char(2)" nullable="true" />
		<col name="RefNoteID" type="UniqueIdentifier" nullable="true" />
		<col name="SOOrderType" type="Char(2)" nullable="true" />
		<col name="SOOrderNbr" type="NVarChar(15)" nullable="true" />
		<col name="SOLineNbr" type="Int" nullable="true" />
		<col name="SOSplitLineNbr" type="Int" nullable="true" />
		<col name="OrderDate" type="SmallDateTime" nullable="true" />
	</table>
	<rows>
		<row OrderType="SO" OrderNbr="000002" LineNbr="1" SplitLineNbr="2" Operation="I" InventoryID="2608" IsStockItem="1" SiteID="17" SubItemID="9" ShipDate="2019-12-05 00:00:00" ShipComplete="B" Completed="0" IsAllocated="0" UOM="PIECE" Qty="3.000000" BaseQty="3.000000" ShippedQty="0.000000" BaseShippedQty="0.000000" PlanID="2" CreatedDateTime="2019-12-05 12:10:12.167" CreatedByID="b5344897-037e-4d58-b5c3-1bdfd0f47bf9" CreatedByScreenID="SO301000" LastModifiedDateTime="2019-12-05 12:10:12.167" LastModifiedByID="b5344897-037e-4d58-b5c3-1bdfd0f47bf9" LastModifiedByScreenID="SO301000" InvtMult="-1" POCreate="0" POSource="O" POSiteID="17" ReceivedQty="0.000000" BaseReceivedQty="0.000000" POCompleted="0" POCancelled="0" LineType="GI" ToSiteID="17" OrderDate="2019-12-05 00:00:00" />
		<row OrderType="SO" OrderNbr="000003" LineNbr="1" SplitLineNbr="2" Operation="I" InventoryID="2608" IsStockItem="1" SiteID="17" SubItemID="9" ShipDate="2019-12-05 00:00:00" ShipComplete="B" Completed="0" IsAllocated="0" UOM="PIECE" Qty="3.000000" BaseQty="3.000000" ShippedQty="0.000000" BaseShippedQty="0.000000" PlanID="3" CreatedDateTime="2019-12-05 12:10:12.2" CreatedByID="b5344897-037e-4d58-b5c3-1bdfd0f47bf9" CreatedByScreenID="SO301000" LastModifiedDateTime="2019-12-05 12:10:12.2" LastModifiedByID="b5344897-037e-4d58-b5c3-1bdfd0f47bf9" LastModifiedByScreenID="SO301000" InvtMult="-1" POCreate="0" POSource="O" POSiteID="17" ReceivedQty="0.000000" BaseReceivedQty="0.000000" POCompleted="0" POCancelled="0" LineType="GI" ToSiteID="17" OrderDate="2019-12-05 00:00:00" />
		<row OrderType="SO" OrderNbr="000004" LineNbr="1" SplitLineNbr="2" Operation="I" InventoryID="2608" IsStockItem="1" SiteID="17" SubItemID="9" ShipDate="2019-12-05 00:00:00" ShipComplete="B" Completed="0" IsAllocated="0" UOM="PIECE" Qty="3.000000" BaseQty="3.000000" ShippedQty="0.000000" BaseShippedQty="0.000000" PlanID="4" CreatedDateTime="2019-12-05 12:10:14.113" CreatedByID="b5344897-037e-4d58-b5c3-1bdfd0f47bf9" CreatedByScreenID="SO301000" LastModifiedDateTime="2019-12-05 12:10:14.113" LastModifiedByID="b5344897-037e-4d58-b5c3-1bdfd0f47bf9" LastModifiedByScreenID="SO301000" InvtMult="-1" POCreate="0" POSource="O" POSiteID="17" ReceivedQty="0.000000" BaseReceivedQty="0.000000" POCompleted="0" POCancelled="0" LineType="GI" ToSiteID="17" OrderDate="2019-12-05 00:00:00" />
		<row OrderType="SO" OrderNbr="000005" LineNbr="1" SplitLineNbr="2" Operation="I" InventoryID="2608" IsStockItem="1" SiteID="17" SubItemID="9" ShipDate="2019-12-05 00:00:00" ShipComplete="B" Completed="1" IsAllocated="0" ShipmentNbr="000001" UOM="PIECE" Qty="3.000000" BaseQty="3.000000" ShippedQty="3.000000" BaseShippedQty="3.000000" CreatedDateTime="2019-12-05 12:10:19.037" CreatedByID="b5344897-037e-4d58-b5c3-1bdfd0f47bf9" CreatedByScreenID="SO301000" LastModifiedDateTime="2019-12-23 17:18:41.417" LastModifiedByID="b5344897-037e-4d58-b5c3-1bdfd0f47bf9" LastModifiedByScreenID="SO302000" InvtMult="-1" POCreate="0" POSource="O" POSiteID="17" ReceivedQty="0.000000" BaseReceivedQty="0.000000" POCompleted="0" POCancelled="0" LineType="GI" ToSiteID="17" OrderDate="2019-12-05 00:00:00" />
		<row OrderType="SO" OrderNbr="000006" LineNbr="1" SplitLineNbr="2" Operation="I" InventoryID="2608" IsStockItem="1" SiteID="17" SubItemID="9" ShipDate="2019-12-23 00:00:00" ShipComplete="B" Completed="0" IsAllocated="0" UOM="PIECE" Qty="3.000000" BaseQty="3.000000" ShippedQty="0.000000" BaseShippedQty="0.000000" PlanID="6" CreatedDateTime="2019-12-23 17:14:53.293" CreatedByID="b5344897-037e-4d58-b5c3-1bdfd0f47bf9" CreatedByScreenID="SO301000" LastModifiedDateTime="2019-12-23 17:14:53.293" LastModifiedByID="b5344897-037e-4d58-b5c3-1bdfd0f47bf9" LastModifiedByScreenID="SO301000" InvtMult="-1" POCreate="0" POSource="O" POSiteID="17" ReceivedQty="0.000000" BaseReceivedQty="0.000000" POCompleted="0" POCancelled="0" LineType="GI" ToSiteID="17" OrderDate="2019-12-23 00:00:00" />
		<row OrderType="SO" OrderNbr="000007" LineNbr="1" SplitLineNbr="2" Operation="I" InventoryID="2608" IsStockItem="1" SiteID="17" SubItemID="9" ShipDate="2019-12-23 00:00:00" ShipComplete="B" Completed="1" IsAllocated="0" ShipmentNbr="000002" UOM="PIECE" Qty="3.000000" BaseQty="3.000000" ShippedQty="3.000000" BaseShippedQty="3.000000" CreatedDateTime="2019-12-23 17:18:32.13" CreatedByID="b5344897-037e-4d58-b5c3-1bdfd0f47bf9" CreatedByScreenID="SO301000" LastModifiedDateTime="2019-12-23 17:20:19.893" LastModifiedByID="b5344897-037e-4d58-b5c3-1bdfd0f47bf9" LastModifiedByScreenID="SO302000" InvtMult="-1" POCreate="0" POSource="O" POSiteID="17" ReceivedQty="0.000000" BaseReceivedQty="0.000000" POCompleted="0" POCancelled="0" LineType="GI" ToSiteID="17" OrderDate="2019-12-23 00:00:00" />
		<row OrderType="SO" OrderNbr="000008" LineNbr="1" SplitLineNbr="2" Operation="I" InventoryID="2608" IsStockItem="1" SiteID="17" SubItemID="9" ShipDate="2019-12-23 00:00:00" ShipComplete="B" Completed="1" IsAllocated="0" ShipmentNbr="000003" UOM="PIECE" Qty="3.000000" BaseQty="3.000000" ShippedQty="3.000000" BaseShippedQty="3.000000" CreatedDateTime="2019-12-23 17:23:53.293" CreatedByID="b5344897-037e-4d58-b5c3-1bdfd0f47bf9" CreatedByScreenID="SO301000" LastModifiedDateTime="2019-12-23 17:25:58.673" LastModifiedByID="b5344897-037e-4d58-b5c3-1bdfd0f47bf9" LastModifiedByScreenID="SO302000" InvtMult="-1" POCreate="0" POSource="O" POSiteID="17" ReceivedQty="0.000000" BaseReceivedQty="0.000000" POCompleted="0" POCancelled="0" LineType="GI" ToSiteID="17" OrderDate="2019-12-23 00:00:00" />
		<row OrderType="SO" OrderNbr="000009" LineNbr="1" SplitLineNbr="2" Operation="I" InventoryID="2608" IsStockItem="1" SiteID="17" SubItemID="9" ShipDate="2019-12-23 00:00:00" ShipComplete="B" Completed="1" IsAllocated="0" ShipmentNbr="000004" UOM="PIECE" Qty="3.000000" BaseQty="3.000000" ShippedQty="1.000000" BaseShippedQty="1.000000" CreatedDateTime="2019-12-23 17:29:54.49" CreatedByID="b5344897-037e-4d58-b5c3-1bdfd0f47bf9" CreatedByScreenID="SO301000" LastModifiedDateTime="2019-12-23 17:31:51.49" LastModifiedByID="b5344897-037e-4d58-b5c3-1bdfd0f47bf9" LastModifiedByScreenID="SO302000" InvtMult="-1" POCreate="0" POSource="O" POSiteID="17" ReceivedQty="0.000000" BaseReceivedQty="0.000000" POCompleted="0" POCancelled="0" LineType="GI" ToSiteID="17" OrderDate="2019-12-23 00:00:00" />
		<row OrderType="SO" OrderNbr="000009" LineNbr="1" SplitLineNbr="3" ParentSplitLineNbr="2" Operation="I" InventoryID="2608" IsStockItem="1" SiteID="17" SubItemID="9" ShipDate="2019-12-23 00:00:00" ShipComplete="B" Completed="1" IsAllocated="0" ShipmentNbr="000005" LotSerialNbr="" UOM="PIECE" Qty="2.000000" BaseQty="2.000000" ShippedQty="2.000000" BaseShippedQty="2.000000" CreatedDateTime="2019-12-23 17:31:51.453" CreatedByID="b5344897-037e-4d58-b5c3-1bdfd0f47bf9" CreatedByScreenID="SO302000" LastModifiedDateTime="2019-12-23 17:32:14.63" LastModifiedByID="b5344897-037e-4d58-b5c3-1bdfd0f47bf9" LastModifiedByScreenID="SO302000" InvtMult="-1" POCreate="0" POSource="O" POSiteID="17" ReceivedQty="0.000000" BaseReceivedQty="0.000000" POCompleted="0" POCancelled="0" LineType="GI" ToSiteID="17" OrderDate="2019-12-23 00:00:00" />
		<row OrderType="SO" OrderNbr="000010" LineNbr="1" SplitLineNbr="2" Operation="I" InventoryID="2608" IsStockItem="1" SiteID="17" SubItemID="9" ShipDate="2019-12-23 00:00:00" ShipComplete="B" Completed="1" IsAllocated="0" ShipmentNbr="000006" UOM="PIECE" Qty="2.000000" BaseQty="2.000000" ShippedQty="2.000000" BaseShippedQty="2.000000" CreatedDateTime="2019-12-23 17:33:22.96" CreatedByID="b5344897-037e-4d58-b5c3-1bdfd0f47bf9" CreatedByScreenID="SO301000" LastModifiedDateTime="2019-12-23 17:35:18.067" LastModifiedByID="b5344897-037e-4d58-b5c3-1bdfd0f47bf9" LastModifiedByScreenID="SO302000" InvtMult="-1" POCreate="0" POSource="O" POSiteID="17" ReceivedQty="0.000000" BaseReceivedQty="0.000000" POCompleted="0" POCancelled="0" LineType="GI" ToSiteID="17" OrderDate="2019-12-23 00:00:00" />
		<row OrderType="SO" OrderNbr="000011" LineNbr="1" SplitLineNbr="2" Operation="I" InventoryID="2608" IsStockItem="1" SiteID="17" SubItemID="9" ShipDate="2019-12-23 00:00:00" ShipComplete="B" Completed="1" IsAllocated="0" ShipmentNbr="000007" UOM="PIECE" Qty="2.000000" BaseQty="2.000000" ShippedQty="1.000000" BaseShippedQty="1.000000" CreatedDateTime="2019-12-23 17:37:33.903" CreatedByID="b5344897-037e-4d58-b5c3-1bdfd0f47bf9" CreatedByScreenID="SO301000" LastModifiedDateTime="2019-12-23 17:43:12.57" LastModifiedByID="b5344897-037e-4d58-b5c3-1bdfd0f47bf9" LastModifiedByScreenID="SO302000" InvtMult="-1" POCreate="0" POSource="O" POSiteID="17" ReceivedQty="0.000000" BaseReceivedQty="0.000000" POCompleted="0" POCancelled="0" LineType="GI" ToSiteID="17" OrderDate="2019-12-23 00:00:00" />
		<row OrderType="SO" OrderNbr="000011" LineNbr="1" SplitLineNbr="3" ParentSplitLineNbr="2" Operation="I" InventoryID="2608" IsStockItem="1" SiteID="17" SubItemID="9" ShipDate="2019-12-23 00:00:00" ShipComplete="B" Completed="1" IsAllocated="0" ShipmentNbr="000008" LotSerialNbr="" UOM="PIECE" Qty="1.000000" BaseQty="1.000000" ShippedQty="1.000000" BaseShippedQty="1.000000" CreatedDateTime="2019-12-23 17:43:12.547" CreatedByID="b5344897-037e-4d58-b5c3-1bdfd0f47bf9" CreatedByScreenID="SO302000" LastModifiedDateTime="2019-12-23 17:44:01.957" LastModifiedByID="b5344897-037e-4d58-b5c3-1bdfd0f47bf9" LastModifiedByScreenID="SO302000" InvtMult="-1" POCreate="0" POSource="O" POSiteID="17" ReceivedQty="0.000000" BaseReceivedQty="0.000000" POCompleted="0" POCancelled="0" LineType="GI" ToSiteID="17" OrderDate="2019-12-23 00:00:00" />
		<row OrderType="SO" OrderNbr="000012" LineNbr="1" SplitLineNbr="2" Operation="I" InventoryID="2608" IsStockItem="1" SiteID="17" SubItemID="9" ShipDate="2019-12-23 00:00:00" ShipComplete="B" Completed="1" IsAllocated="0" ShipmentNbr="000009" UOM="PIECE" Qty="2.000000" BaseQty="2.000000" ShippedQty="2.000000" BaseShippedQty="2.000000" CreatedDateTime="2019-12-23 17:46:16.853" CreatedByID="b5344897-037e-4d58-b5c3-1bdfd0f47bf9" CreatedByScreenID="SO301000" LastModifiedDateTime="2019-12-23 17:47:29.58" LastModifiedByID="b5344897-037e-4d58-b5c3-1bdfd0f47bf9" LastModifiedByScreenID="SO302000" InvtMult="-1" POCreate="0" POSource="O" POSiteID="17" ReceivedQty="0.000000" BaseReceivedQty="0.000000" POCompleted="0" POCancelled="0" LineType="GI" ToSiteID="17" OrderDate="2019-12-23 00:00:00" />
		<row OrderType="SO" OrderNbr="000013" LineNbr="1" SplitLineNbr="2" Operation="I" InventoryID="2608" IsStockItem="1" SiteID="17" SubItemID="9" ShipDate="2019-12-23 00:00:00" ShipComplete="B" Completed="1" IsAllocated="0" ShipmentNbr="000011" UOM="PIECE" Qty="2.000000" BaseQty="2.000000" ShippedQty="2.000000" BaseShippedQty="2.000000" CreatedDateTime="2019-12-23 17:52:34.227" CreatedByID="b5344897-037e-4d58-b5c3-1bdfd0f47bf9" CreatedByScreenID="SO301000" LastModifiedDateTime="2019-12-23 22:20:17.257" LastModifiedByID="b5344897-037e-4d58-b5c3-1bdfd0f47bf9" LastModifiedByScreenID="SO302000" InvtMult="-1" POCreate="0" POSource="O" POSiteID="17" ReceivedQty="0.000000" BaseReceivedQty="0.000000" POCompleted="0" POCancelled="0" LineType="GI" ToSiteID="17" OrderDate="2019-12-23 00:00:00" />
		<row OrderType="SO" OrderNbr="000014" LineNbr="1" SplitLineNbr="2" Operation="I" InventoryID="2608" IsStockItem="1" SiteID="17" SubItemID="9" ShipDate="2019-12-24 00:00:00" ShipComplete="B" Completed="1" IsAllocated="0" ShipmentNbr="000012" UOM="PIECE" Qty="2.000000" BaseQty="2.000000" ShippedQty="1.000000" BaseShippedQty="1.000000" CreatedDateTime="2019-12-23 22:08:36.847" CreatedByID="b5344897-037e-4d58-b5c3-1bdfd0f47bf9" CreatedByScreenID="SO301000" LastModifiedDateTime="2019-12-23 22:25:19.73" LastModifiedByID="b5344897-037e-4d58-b5c3-1bdfd0f47bf9" LastModifiedByScreenID="SO302000" InvtMult="-1" POCreate="0" POSource="O" POSiteID="17" ReceivedQty="0.000000" BaseReceivedQty="0.000000" POCompleted="0" POCancelled="0" LineType="GI" ToSiteID="17" OrderDate="2019-12-23 00:00:00" />
		<row OrderType="SO" OrderNbr="000014" LineNbr="1" SplitLineNbr="3" ParentSplitLineNbr="2" Operation="I" InventoryID="2608" IsStockItem="1" SiteID="17" SubItemID="9" ShipDate="2019-12-24 00:00:00" ShipComplete="B" Completed="1" IsAllocated="0" ShipmentNbr="000013" LotSerialNbr="" UOM="PIECE" Qty="1.000000" BaseQty="1.000000" ShippedQty="1.000000" BaseShippedQty="1.000000" CreatedDateTime="2019-12-23 22:25:19.313" CreatedByID="b5344897-037e-4d58-b5c3-1bdfd0f47bf9" CreatedByScreenID="SO302000" LastModifiedDateTime="2019-12-23 22:26:27.48" LastModifiedByID="b5344897-037e-4d58-b5c3-1bdfd0f47bf9" LastModifiedByScreenID="SO302000" InvtMult="-1" POCreate="0" POSource="O" POSiteID="17" ReceivedQty="0.000000" BaseReceivedQty="0.000000" POCompleted="0" POCancelled="0" LineType="GI" ToSiteID="17" OrderDate="2019-12-23 00:00:00" />
		<row OrderType="SO" OrderNbr="000015" LineNbr="1" SplitLineNbr="2" Operation="I" InventoryID="2608" IsStockItem="1" SiteID="17" SubItemID="9" ShipDate="2019-12-24 00:00:00" ShipComplete="B" Completed="1" IsAllocated="0" ShipmentNbr="000010" UOM="PIECE" Qty="3.000000" BaseQty="3.000000" ShippedQty="3.000000" BaseShippedQty="3.000000" CreatedDateTime="2019-12-23 22:13:47.317" CreatedByID="b5344897-037e-4d58-b5c3-1bdfd0f47bf9" CreatedByScreenID="SO301000" LastModifiedDateTime="2019-12-23 22:17:01.37" LastModifiedByID="b5344897-037e-4d58-b5c3-1bdfd0f47bf9" LastModifiedByScreenID="SO302000" InvtMult="-1" POCreate="0" POSource="O" POSiteID="17" ReceivedQty="0.000000" BaseReceivedQty="0.000000" POCompleted="0" POCancelled="0" LineType="GI" ToSiteID="17" OrderDate="2019-12-23 00:00:00" />
		<row OrderType="SO" OrderNbr="000016" LineNbr="1" SplitLineNbr="2" Operation="I" InventoryID="2608" IsStockItem="1" SiteID="17" SubItemID="9" ShipDate="2019-12-24 00:00:00" ShipComplete="B" Completed="1" IsAllocated="0" ShipmentNbr="000014" UOM="PIECE" Qty="3.000000" BaseQty="3.000000" ShippedQty="3.000000" BaseShippedQty="3.000000" CreatedDateTime="2019-12-23 22:32:12.383" CreatedByID="b5344897-037e-4d58-b5c3-1bdfd0f47bf9" CreatedByScreenID="SO301000" LastModifiedDateTime="2019-12-23 22:38:44.257" LastModifiedByID="b5344897-037e-4d58-b5c3-1bdfd0f47bf9" LastModifiedByScreenID="SO302000" InvtMult="-1" POCreate="0" POSource="O" POSiteID="17" ReceivedQty="0.000000" BaseReceivedQty="0.000000" POCompleted="0" POCancelled="0" LineType="GI" ToSiteID="17" OrderDate="2019-12-23 00:00:00" />
		<row OrderType="SO" OrderNbr="000017" LineNbr="1" SplitLineNbr="2" Operation="I" InventoryID="2608" IsStockItem="1" SiteID="17" SubItemID="9" ShipDate="2019-12-24 00:00:00" ShipComplete="B" Completed="1" IsAllocated="0" ShipmentNbr="000015" UOM="PIECE" Qty="3.000000" BaseQty="3.000000" ShippedQty="3.000000" BaseShippedQty="3.000000" CreatedDateTime="2019-12-23 22:42:41.463" CreatedByID="b5344897-037e-4d58-b5c3-1bdfd0f47bf9" CreatedByScreenID="SO301000" LastModifiedDateTime="2019-12-23 22:44:20.593" LastModifiedByID="b5344897-037e-4d58-b5c3-1bdfd0f47bf9" LastModifiedByScreenID="SO302000" InvtMult="-1" POCreate="0" POSource="O" POSiteID="17" ReceivedQty="0.000000" BaseReceivedQty="0.000000" POCompleted="0" POCancelled="0" LineType="GI" ToSiteID="17" OrderDate="2019-12-23 00:00:00" />
		<row OrderType="SO" OrderNbr="000018" LineNbr="1" SplitLineNbr="2" Operation="I" InventoryID="2608" IsStockItem="1" SiteID="17" SubItemID="9" ShipDate="2019-12-24 00:00:00" ShipComplete="B" Completed="1" IsAllocated="0" ShipmentNbr="000016" UOM="PIECE" Qty="3.000000" BaseQty="3.000000" ShippedQty="2.000000" BaseShippedQty="2.000000" CreatedDateTime="2019-12-23 22:48:53.63" CreatedByID="b5344897-037e-4d58-b5c3-1bdfd0f47bf9" CreatedByScreenID="SO301000" LastModifiedDateTime="2019-12-23 22:51:45.74" LastModifiedByID="b5344897-037e-4d58-b5c3-1bdfd0f47bf9" LastModifiedByScreenID="SO302000" InvtMult="-1" POCreate="0" POSource="O" POSiteID="17" ReceivedQty="0.000000" BaseReceivedQty="0.000000" POCompleted="0" POCancelled="0" LineType="GI" ToSiteID="17" OrderDate="2019-12-23 00:00:00" />
		<row OrderType="SO" OrderNbr="000018" LineNbr="1" SplitLineNbr="3" ParentSplitLineNbr="2" Operation="I" InventoryID="2608" IsStockItem="1" SiteID="17" SubItemID="9" ShipDate="2019-12-24 00:00:00" ShipComplete="B" Completed="1" IsAllocated="0" ShipmentNbr="000017" LotSerialNbr="" UOM="PIECE" Qty="1.000000" BaseQty="1.000000" ShippedQty="1.000000" BaseShippedQty="1.000000" CreatedDateTime="2019-12-23 22:51:45.597" CreatedByID="b5344897-037e-4d58-b5c3-1bdfd0f47bf9" CreatedByScreenID="SO302000" LastModifiedDateTime="2019-12-23 22:53:08.767" LastModifiedByID="b5344897-037e-4d58-b5c3-1bdfd0f47bf9" LastModifiedByScreenID="SO302000" InvtMult="-1" POCreate="0" POSource="O" POSiteID="17" ReceivedQty="0.000000" BaseReceivedQty="0.000000" POCompleted="0" POCancelled="0" LineType="GI" ToSiteID="17" OrderDate="2019-12-23 00:00:00" />
		<row OrderType="SO" OrderNbr="000019" LineNbr="1" SplitLineNbr="2" Operation="I" InventoryID="2608" IsStockItem="1" SiteID="17" SubItemID="9" ShipDate="2019-12-24 00:00:00" ShipComplete="B" Completed="1" IsAllocated="0" ShipmentNbr="000018" UOM="PIECE" Qty="2.000000" BaseQty="2.000000" ShippedQty="1.000000" BaseShippedQty="1.000000" CreatedDateTime="2019-12-23 23:03:24.337" CreatedByID="b5344897-037e-4d58-b5c3-1bdfd0f47bf9" CreatedByScreenID="SO301000" LastModifiedDateTime="2019-12-23 23:04:24.61" LastModifiedByID="b5344897-037e-4d58-b5c3-1bdfd0f47bf9" LastModifiedByScreenID="SO302000" InvtMult="-1" POCreate="0" POSource="O" POSiteID="17" ReceivedQty="0.000000" BaseReceivedQty="0.000000" POCompleted="0" POCancelled="0" LineType="GI" ToSiteID="17" OrderDate="2019-12-23 00:00:00" />
		<row OrderType="SO" OrderNbr="000019" LineNbr="1" SplitLineNbr="5" ParentSplitLineNbr="2" Operation="I" InventoryID="2608" IsStockItem="1" SiteID="17" SubItemID="9" ShipDate="2019-12-24 00:00:00" ShipComplete="B" Completed="1" IsAllocated="0" ShipmentNbr="000019" LotSerialNbr="" UOM="PIECE" Qty="1.000000" BaseQty="1.000000" ShippedQty="1.000000" BaseShippedQty="1.000000" CreatedDateTime="2019-12-23 23:04:24.44" CreatedByID="b5344897-037e-4d58-b5c3-1bdfd0f47bf9" CreatedByScreenID="SO302000" LastModifiedDateTime="2019-12-23 23:09:40.4" LastModifiedByID="b5344897-037e-4d58-b5c3-1bdfd0f47bf9" LastModifiedByScreenID="SO302000" InvtMult="-1" POCreate="0" POSource="O" POSiteID="17" ReceivedQty="0.000000" BaseReceivedQty="0.000000" POCompleted="0" POCancelled="0" LineType="GI" ToSiteID="17" OrderDate="2019-12-23 00:00:00" />
		<row OrderType="SO" OrderNbr="000019" LineNbr="3" SplitLineNbr="4" Operation="I" InventoryID="2610" IsStockItem="1" SiteID="17" SubItemID="9" ShipDate="2019-12-24 00:00:00" ShipComplete="B" Completed="1" IsAllocated="0" ShipmentNbr="000018" UOM="PIECE" Qty="1.000000" BaseQty="1.000000" ShippedQty="1.000000" BaseShippedQty="1.000000" CreatedDateTime="2019-12-23 23:03:24.34" CreatedByID="b5344897-037e-4d58-b5c3-1bdfd0f47bf9" CreatedByScreenID="SO301000" LastModifiedDateTime="2019-12-23 23:04:24.613" LastModifiedByID="b5344897-037e-4d58-b5c3-1bdfd0f47bf9" LastModifiedByScreenID="SO302000" InvtMult="-1" POCreate="0" POSource="O" POSiteID="17" ReceivedQty="0.000000" BaseReceivedQty="0.000000" POCompleted="0" POCancelled="0" LineType="GI" ToSiteID="17" OrderDate="2019-12-23 00:00:00" />
		<row OrderType="SO" OrderNbr="000021" LineNbr="1" SplitLineNbr="2" Operation="I" InventoryID="2608" IsStockItem="1" SiteID="17" SubItemID="9" ShipDate="2019-12-24 00:00:00" ShipComplete="B" Completed="1" IsAllocated="0" ShipmentNbr="000021" UOM="PIECE" Qty="3.000000" BaseQty="3.000000" ShippedQty="1.000000" BaseShippedQty="1.000000" CreatedDateTime="2020-01-06 17:51:53.32" CreatedByID="b5344897-037e-4d58-b5c3-1bdfd0f47bf9" CreatedByScreenID="SO301000" LastModifiedDateTime="2020-01-06 17:52:22.37" LastModifiedByID="b5344897-037e-4d58-b5c3-1bdfd0f47bf9" LastModifiedByScreenID="SO302000" InvtMult="-1" POCreate="0" POSource="O" POSiteID="17" ReceivedQty="0.000000" BaseReceivedQty="0.000000" POCompleted="0" POCancelled="0" LineType="GI" ToSiteID="17" OrderDate="2019-12-23 00:00:00" />
		<row OrderType="SO" OrderNbr="000021" LineNbr="1" SplitLineNbr="3" ParentSplitLineNbr="2" Operation="I" InventoryID="2608" IsStockItem="1" SiteID="17" SubItemID="9" ShipDate="2019-12-24 00:00:00" ShipComplete="B" Completed="0" IsAllocated="0" LotSerialNbr="" UOM="PIECE" Qty="2.000000" BaseQty="2.000000" ShippedQty="0.000000" BaseShippedQty="0.000000" PlanID="56" CreatedDateTime="2020-01-06 17:52:22.24" CreatedByID="b5344897-037e-4d58-b5c3-1bdfd0f47bf9" CreatedByScreenID="SO302000" LastModifiedDateTime="2020-01-06 17:52:22.24" LastModifiedByID="b5344897-037e-4d58-b5c3-1bdfd0f47bf9" LastModifiedByScreenID="SO302000" InvtMult="-1" POCreate="0" POSource="O" POSiteID="17" ReceivedQty="0.000000" BaseReceivedQty="0.000000" POCompleted="0" POCancelled="0" LineType="GI" ToSiteID="17" OrderDate="2019-12-23 00:00:00" />
		<row OrderType="SO" OrderNbr="000022" LineNbr="1" SplitLineNbr="2" Operation="I" InventoryID="2608" IsStockItem="1" SiteID="17" SubItemID="9" ShipDate="2019-12-24 00:00:00" ShipComplete="B" Completed="0" IsAllocated="0" UOM="PIECE" Qty="3.000000" BaseQty="3.000000" ShippedQty="0.000000" BaseShippedQty="0.000000" PlanID="49" CreatedDateTime="2019-12-24 00:14:03.9" CreatedByID="b5344897-037e-4d58-b5c3-1bdfd0f47bf9" CreatedByScreenID="SO301000" LastModifiedDateTime="2019-12-24 00:14:03.9" LastModifiedByID="b5344897-037e-4d58-b5c3-1bdfd0f47bf9" LastModifiedByScreenID="SO301000" InvtMult="-1" POCreate="0" POSource="O" POSiteID="17" ReceivedQty="0.000000" BaseReceivedQty="0.000000" POCompleted="0" POCancelled="0" LineType="GI" ToSiteID="17" OrderDate="2019-12-23 00:00:00" />
		<row OrderType="SO" OrderNbr="000023" LineNbr="1" SplitLineNbr="4" Operation="I" InventoryID="2608" IsStockItem="1" SiteID="17" SubItemID="9" ShipDate="2019-12-31 00:00:00" ShipComplete="L" Completed="1" IsAllocated="0" ShipmentNbr="000020" UOM="PIECE" Qty="3.000000" BaseQty="3.000000" ShippedQty="1.000000" BaseShippedQty="1.000000" CreatedDateTime="2019-12-31 10:32:11.98" CreatedByID="b5344897-037e-4d58-b5c3-1bdfd0f47bf9" CreatedByScreenID="SO301000" LastModifiedDateTime="2019-12-31 10:32:52.527" LastModifiedByID="b5344897-037e-4d58-b5c3-1bdfd0f47bf9" LastModifiedByScreenID="SO302000" InvtMult="-1" POCreate="0" POSource="O" POSiteID="17" ReceivedQty="0.000000" BaseReceivedQty="0.000000" POCompleted="0" POCancelled="0" LineType="GI" ToSiteID="17" OrderDate="2019-12-31 00:00:00" />
		<row OrderType="SO" OrderNbr="000023" LineNbr="2" SplitLineNbr="3" Operation="I" InventoryID="2610" IsStockItem="1" SiteID="17" SubItemID="9" ShipDate="2019-12-31 00:00:00" ShipComplete="L" Completed="1" IsAllocated="0" ShipmentNbr="000020" UOM="PIECE" Qty="3.000000" BaseQty="3.000000" ShippedQty="1.000000" BaseShippedQty="1.000000" CreatedDateTime="2019-12-31 10:32:11.967" CreatedByID="b5344897-037e-4d58-b5c3-1bdfd0f47bf9" CreatedByScreenID="SO301000" LastModifiedDateTime="2019-12-31 10:32:52.53" LastModifiedByID="b5344897-037e-4d58-b5c3-1bdfd0f47bf9" LastModifiedByScreenID="SO302000" InvtMult="-1" POCreate="0" POSource="O" POSiteID="17" ReceivedQty="0.000000" BaseReceivedQty="0.000000" POCompleted="0" POCancelled="0" LineType="GI" ToSiteID="17" OrderDate="2019-12-31 00:00:00" />
	</rows>
</data>