﻿<?xml version="1.0" encoding="utf-8"?>
<data>
	<table name="SOOrderShipment">
		<col name="CompanyID" type="Int" default="Zero" />
		<col name="OrderType" type="Char(2)" />
		<col name="OrderNbr" type="NVarChar(15)" />
		<col name="ShippingRefNoteID" type="UniqueIdentifier" />
		<col name="ShipmentType" type="Char(1)" />
		<col name="ShipmentNbr" type="NVarChar(15)" nullable="true" />
		<col name="CustomerID" type="Int" />
		<col name="CustomerLocationID" type="Int" />
		<col name="ShipAddressID" type="Int" nullable="true" />
		<col name="LineCntr" type="Int" />
		<col name="ShipDate" type="SmallDateTime" />
		<col name="ProjectID" type="Int" nullable="true" />
		<col name="Hold" type="Bit" />
		<col name="ShipComplete" type="Char(1)" />
		<col name="ShipmentQty" type="Decimal(25,6)" />
		<col name="CreatedByID" type="UniqueIdentifier" />
		<col name="CreatedByScreenID" type="Char(8)" />
		<col name="CreatedDateTime" type="DateTime" />
		<col name="LastModifiedByID" type="UniqueIdentifier" />
		<col name="LastModifiedByScreenID" type="Char(8)" />
		<col name="LastModifiedDateTime" type="DateTime" />
		<col name="tstamp" type="Timestamp" />
		<col name="SiteID" type="Int" nullable="true" />
		<col name="Confirmed" type="Bit" nullable="true" />
		<col name="Operation" type="Char(1)" />
		<col name="ShipContactID" type="Int" nullable="true" />
		<col name="ShipmentWeight" type="Decimal(25,6)" />
		<col name="ShipmentVolume" type="Decimal(25,6)" />
		<col name="LineTotal" type="Decimal(19,4)" default="Zero" />
		<col name="InvoiceType" type="Char(3)" nullable="true" />
		<col name="InvoiceNbr" type="NVarChar(15)" nullable="true" />
		<col name="InvoiceReleased" type="Bit" default="Zero" />
		<col name="InvtDocType" type="Char(1)" nullable="true" />
		<col name="CreateINDoc" type="Bit" default="Zero" />
		<col name="InvtRefNbr" type="NVarChar(15)" nullable="true" />
		<col name="OrderFreightAllocated" type="Bit" default="Zero" />
		<col name="NoteID" type="UniqueIdentifier" nullable="true" />
		<col name="ShipmentNoteID" type="UniqueIdentifier" nullable="true" />
		<col name="InvtNoteID" type="UniqueIdentifier" nullable="true" />
	</table>
	<rows>
		<row OrderType="SO" OrderNbr="000005" ShippingRefNoteID="b2f80588-da25-ea11-a6f0-9cb6d0c82c0c" ShipmentType="I" ShipmentNbr="000001" CustomerID="30" CustomerLocationID="29" ShipAddressID="9" LineCntr="1" ShipDate="2019-12-23 00:00:00" Hold="0" ShipComplete="B" ShipmentQty="3.000000" CreatedByID="b5344897-037e-4d58-b5c3-1bdfd0f47bf9" CreatedByScreenID="SO301000" CreatedDateTime="2019-12-23 17:18:31.83" LastModifiedByID="b5344897-037e-4d58-b5c3-1bdfd0f47bf9" LastModifiedByScreenID="SO303000" LastModifiedDateTime="2019-12-23 17:18:51.127" SiteID="17" Confirmed="1" Operation="I" ShipContactID="9" ShipmentWeight="48.000000" ShipmentVolume="0.000000" LineTotal="344.8500" InvoiceType="INV" InvoiceNbr="000013" InvoiceReleased="1" InvtDocType="I" CreateINDoc="1" InvtRefNbr="000001" OrderFreightAllocated="1" NoteID="33560c7b-8a17-ea11-a6ed-9cb6d0c82c0c" ShipmentNoteID="b2f80588-da25-ea11-a6f0-9cb6d0c82c0c" InvtNoteID="6305fb8f-da25-ea11-a6f0-9cb6d0c82c0c" />
		<row OrderType="SO" OrderNbr="000007" ShippingRefNoteID="17ac8ec3-da25-ea11-a6f0-9cb6d0c82c0c" ShipmentType="I" ShipmentNbr="000002" CustomerID="30" CustomerLocationID="29" ShipAddressID="13" LineCntr="1" ShipDate="2019-12-23 00:00:00" Hold="0" ShipComplete="B" ShipmentQty="3.000000" CreatedByID="b5344897-037e-4d58-b5c3-1bdfd0f47bf9" CreatedByScreenID="SO301000" CreatedDateTime="2019-12-23 17:20:11.49" LastModifiedByID="b5344897-037e-4d58-b5c3-1bdfd0f47bf9" LastModifiedByScreenID="SO303000" LastModifiedDateTime="2019-12-23 17:20:28.103" SiteID="17" Confirmed="1" Operation="I" ShipContactID="13" ShipmentWeight="48.000000" ShipmentVolume="0.000000" LineTotal="344.8500" InvoiceType="INV" InvoiceNbr="000014" InvoiceReleased="1" InvtDocType="I" CreateINDoc="1" InvtRefNbr="000002" OrderFreightAllocated="1" NoteID="bef80588-da25-ea11-a6f0-9cb6d0c82c0c" ShipmentNoteID="17ac8ec3-da25-ea11-a6f0-9cb6d0c82c0c" InvtNoteID="24bd2aca-da25-ea11-a6f0-9cb6d0c82c0c" />
		<row OrderType="SO" OrderNbr="000008" ShippingRefNoteID="4122a08a-db25-ea11-a6f0-9cb6d0c82c0c" ShipmentType="I" ShipmentNbr="000003" CustomerID="30" CustomerLocationID="29" ShipAddressID="15" LineCntr="1" ShipDate="2019-12-23 00:00:00" Hold="0" ShipComplete="B" ShipmentQty="3.000000" CreatedByID="b5344897-037e-4d58-b5c3-1bdfd0f47bf9" CreatedByScreenID="SO301000" CreatedDateTime="2019-12-23 17:25:45.43" LastModifiedByID="b5344897-037e-4d58-b5c3-1bdfd0f47bf9" LastModifiedByScreenID="SO303000" LastModifiedDateTime="2019-12-23 17:26:07.22" SiteID="17" Confirmed="1" Operation="I" ShipContactID="15" ShipmentWeight="48.000000" ShipmentVolume="0.000000" LineTotal="254.8500" InvoiceType="INV" InvoiceNbr="000015" InvoiceReleased="1" InvtDocType="I" CreateINDoc="1" InvtRefNbr="000003" OrderFreightAllocated="1" NoteID="a4ec5143-db25-ea11-a6f0-9cb6d0c82c0c" ShipmentNoteID="4122a08a-db25-ea11-a6f0-9cb6d0c82c0c" InvtNoteID="91356e94-db25-ea11-a6f0-9cb6d0c82c0c" />
		<row OrderType="SO" OrderNbr="000009" ShippingRefNoteID="1f4c8e5f-dc25-ea11-a6f0-9cb6d0c82c0c" ShipmentType="I" ShipmentNbr="000004" CustomerID="30" CustomerLocationID="29" ShipAddressID="17" LineCntr="1" ShipDate="2019-12-23 00:00:00" Hold="0" ShipComplete="B" ShipmentQty="1.000000" CreatedByID="b5344897-037e-4d58-b5c3-1bdfd0f47bf9" CreatedByScreenID="SO301000" CreatedDateTime="2019-12-23 17:31:42.67" LastModifiedByID="b5344897-037e-4d58-b5c3-1bdfd0f47bf9" LastModifiedByScreenID="SO303000" LastModifiedDateTime="2019-12-23 17:31:58.117" SiteID="17" Confirmed="1" Operation="I" ShipContactID="17" ShipmentWeight="16.000000" ShipmentVolume="0.000000" LineTotal="114.9500" InvoiceType="INV" InvoiceNbr="000016" InvoiceReleased="1" InvtDocType="I" CreateINDoc="1" InvtRefNbr="000004" OrderFreightAllocated="1" NoteID="7fd6d61e-dc25-ea11-a6f0-9cb6d0c82c0c" ShipmentNoteID="1f4c8e5f-dc25-ea11-a6f0-9cb6d0c82c0c" InvtNoteID="20ed1c66-dc25-ea11-a6f0-9cb6d0c82c0c" />
		<row OrderType="SO" OrderNbr="000009" ShippingRefNoteID="606e856c-dc25-ea11-a6f0-9cb6d0c82c0c" ShipmentType="I" ShipmentNbr="000005" CustomerID="30" CustomerLocationID="29" ShipAddressID="17" LineCntr="1" ShipDate="2019-12-23 00:00:00" Hold="0" ShipComplete="B" ShipmentQty="2.000000" CreatedByID="b5344897-037e-4d58-b5c3-1bdfd0f47bf9" CreatedByScreenID="SO301000" CreatedDateTime="2019-12-23 17:32:04.423" LastModifiedByID="b5344897-037e-4d58-b5c3-1bdfd0f47bf9" LastModifiedByScreenID="SO303000" LastModifiedDateTime="2019-12-23 17:32:22.69" SiteID="17" Confirmed="1" Operation="I" ShipContactID="17" ShipmentWeight="32.000000" ShipmentVolume="0.000000" LineTotal="229.9000" InvoiceType="INV" InvoiceNbr="000017" InvoiceReleased="1" InvtDocType="I" CreateINDoc="1" InvtRefNbr="000005" OrderFreightAllocated="0" NoteID="7fd6d61e-dc25-ea11-a6f0-9cb6d0c82c0c" ShipmentNoteID="606e856c-dc25-ea11-a6f0-9cb6d0c82c0c" InvtNoteID="b5336674-dc25-ea11-a6f0-9cb6d0c82c0c" />
		<row OrderType="SO" OrderNbr="000010" ShippingRefNoteID="d0ebd0d9-dc25-ea11-a6f0-9cb6d0c82c0c" ShipmentType="I" ShipmentNbr="000006" CustomerID="30" CustomerLocationID="29" ShipAddressID="19" LineCntr="1" ShipDate="2019-12-23 00:00:00" Hold="0" ShipComplete="B" ShipmentQty="2.000000" CreatedByID="b5344897-037e-4d58-b5c3-1bdfd0f47bf9" CreatedByScreenID="SO301000" CreatedDateTime="2019-12-23 17:35:07.787" LastModifiedByID="b5344897-037e-4d58-b5c3-1bdfd0f47bf9" LastModifiedByScreenID="SO303000" LastModifiedDateTime="2019-12-23 17:35:59.43" SiteID="17" Confirmed="1" Operation="I" ShipContactID="19" ShipmentWeight="32.000000" ShipmentVolume="0.000000" LineTotal="229.9000" InvoiceType="INV" InvoiceNbr="000018" InvoiceReleased="1" InvtDocType="I" CreateINDoc="1" InvtRefNbr="000006" OrderFreightAllocated="1" NoteID="88170699-dc25-ea11-a6f0-9cb6d0c82c0c" ShipmentNoteID="d0ebd0d9-dc25-ea11-a6f0-9cb6d0c82c0c" InvtNoteID="fa4e85f6-dc25-ea11-a6f0-9cb6d0c82c0c" />
		<row OrderType="SO" OrderNbr="000011" ShippingRefNoteID="0d8e56f3-dd25-ea11-a6f0-9cb6d0c82c0c" ShipmentType="I" ShipmentNbr="000007" CustomerID="30" CustomerLocationID="29" ShipAddressID="21" LineCntr="1" ShipDate="2019-12-23 00:00:00" Hold="0" ShipComplete="B" ShipmentQty="1.000000" CreatedByID="b5344897-037e-4d58-b5c3-1bdfd0f47bf9" CreatedByScreenID="SO301000" CreatedDateTime="2019-12-23 17:43:00.09" LastModifiedByID="b5344897-037e-4d58-b5c3-1bdfd0f47bf9" LastModifiedByScreenID="SO303000" LastModifiedDateTime="2019-12-23 17:43:39.2" SiteID="17" Confirmed="1" Operation="I" ShipContactID="21" ShipmentWeight="16.000000" ShipmentVolume="0.000000" LineTotal="114.9500" InvoiceType="INV" InvoiceNbr="000019" InvoiceReleased="1" InvtDocType="I" CreateINDoc="1" InvtRefNbr="000007" OrderFreightAllocated="1" NoteID="452aac30-dd25-ea11-a6f0-9cb6d0c82c0c" ShipmentNoteID="0d8e56f3-dd25-ea11-a6f0-9cb6d0c82c0c" InvtNoteID="c02a6108-de25-ea11-a6f0-9cb6d0c82c0c" />
		<row OrderType="SO" OrderNbr="000011" ShippingRefNoteID="1d3ef013-de25-ea11-a6f0-9cb6d0c82c0c" ShipmentType="I" ShipmentNbr="000008" CustomerID="30" CustomerLocationID="29" ShipAddressID="21" LineCntr="1" ShipDate="2019-12-23 00:00:00" Hold="0" ShipComplete="B" ShipmentQty="1.000000" CreatedByID="b5344897-037e-4d58-b5c3-1bdfd0f47bf9" CreatedByScreenID="SO301000" CreatedDateTime="2019-12-23 17:43:54.787" LastModifiedByID="b5344897-037e-4d58-b5c3-1bdfd0f47bf9" LastModifiedByScreenID="SO303000" LastModifiedDateTime="2019-12-23 17:44:08.05" SiteID="17" Confirmed="1" Operation="I" ShipContactID="21" ShipmentWeight="16.000000" ShipmentVolume="0.000000" LineTotal="114.9500" InvoiceType="INV" InvoiceNbr="000020" InvoiceReleased="1" InvtDocType="I" CreateINDoc="1" InvtRefNbr="000008" OrderFreightAllocated="0" NoteID="452aac30-dd25-ea11-a6f0-9cb6d0c82c0c" ShipmentNoteID="1d3ef013-de25-ea11-a6f0-9cb6d0c82c0c" InvtNoteID="58949f1b-de25-ea11-a6f0-9cb6d0c82c0c" />
		<row OrderType="SO" OrderNbr="000012" ShippingRefNoteID="4990868e-de25-ea11-a6f0-9cb6d0c82c0c" ShipmentType="I" ShipmentNbr="000009" CustomerID="30" CustomerLocationID="29" ShipAddressID="23" LineCntr="1" ShipDate="2019-12-23 00:00:00" Hold="0" ShipComplete="B" ShipmentQty="2.000000" CreatedByID="b5344897-037e-4d58-b5c3-1bdfd0f47bf9" CreatedByScreenID="SO301000" CreatedDateTime="2019-12-23 17:47:20.45" LastModifiedByID="b5344897-037e-4d58-b5c3-1bdfd0f47bf9" LastModifiedByScreenID="SO303000" LastModifiedDateTime="2019-12-23 17:47:37.193" SiteID="17" Confirmed="1" Operation="I" ShipContactID="23" ShipmentWeight="32.000000" ShipmentVolume="0.000000" LineTotal="229.9000" InvoiceType="INV" InvoiceNbr="000021" InvoiceReleased="1" InvtDocType="I" CreateINDoc="1" InvtRefNbr="000009" OrderFreightAllocated="1" NoteID="d6d75468-de25-ea11-a6f0-9cb6d0c82c0c" ShipmentNoteID="4990868e-de25-ea11-a6f0-9cb6d0c82c0c" InvtNoteID="3a163896-de25-ea11-a6f0-9cb6d0c82c0c" />
		<row OrderType="SO" OrderNbr="000013" ShippingRefNoteID="6b867ea8-0426-ea11-a6f0-9cb6d0c82c0c" ShipmentType="I" ShipmentNbr="000011" CustomerID="30" CustomerLocationID="29" ShipAddressID="25" LineCntr="1" ShipDate="2019-12-24 00:00:00" Hold="0" ShipComplete="B" ShipmentQty="2.000000" CreatedByID="b5344897-037e-4d58-b5c3-1bdfd0f47bf9" CreatedByScreenID="SO301000" CreatedDateTime="2019-12-23 22:20:06.29" LastModifiedByID="b5344897-037e-4d58-b5c3-1bdfd0f47bf9" LastModifiedByScreenID="SO303000" LastModifiedDateTime="2019-12-23 22:20:35.643" SiteID="17" Confirmed="1" Operation="I" ShipContactID="25" ShipmentWeight="32.000000" ShipmentVolume="0.000000" LineTotal="229.9000" InvoiceType="INV" InvoiceNbr="000023" InvoiceReleased="1" InvtDocType="I" CreateINDoc="1" InvtRefNbr="000010" OrderFreightAllocated="1" NoteID="de403b49-df25-ea11-a6f0-9cb6d0c82c0c" ShipmentNoteID="6b867ea8-0426-ea11-a6f0-9cb6d0c82c0c" InvtNoteID="90d6c8b8-0426-ea11-a6f0-9cb6d0c82c0c" />
		<row OrderType="SO" OrderNbr="000014" ShippingRefNoteID="29fa2158-0526-ea11-a6f0-9cb6d0c82c0c" ShipmentType="I" ShipmentNbr="000012" CustomerID="30" CustomerLocationID="29" ShipAddressID="27" LineCntr="1" ShipDate="2019-12-24 00:00:00" Hold="0" ShipComplete="B" ShipmentQty="1.000000" CreatedByID="b5344897-037e-4d58-b5c3-1bdfd0f47bf9" CreatedByScreenID="SO301000" CreatedDateTime="2019-12-23 22:25:00.907" LastModifiedByID="b5344897-037e-4d58-b5c3-1bdfd0f47bf9" LastModifiedByScreenID="SO303000" LastModifiedDateTime="2019-12-23 22:25:54.713" SiteID="17" Confirmed="1" Operation="I" ShipContactID="27" ShipmentWeight="16.000000" ShipmentVolume="0.000000" LineTotal="114.9500" InvoiceType="INV" InvoiceNbr="000024" InvoiceReleased="1" InvtDocType="I" CreateINDoc="1" InvtRefNbr="000011" OrderFreightAllocated="1" NoteID="c80fec08-0326-ea11-a6f0-9cb6d0c82c0c" ShipmentNoteID="29fa2158-0526-ea11-a6f0-9cb6d0c82c0c" InvtNoteID="901d3277-0526-ea11-a6f0-9cb6d0c82c0c" />
		<row OrderType="SO" OrderNbr="000014" ShippingRefNoteID="cfdf9482-0526-ea11-a6f0-9cb6d0c82c0c" ShipmentType="I" ShipmentNbr="000013" CustomerID="30" CustomerLocationID="29" ShipAddressID="27" LineCntr="1" ShipDate="2019-12-24 00:00:00" Hold="0" ShipComplete="B" ShipmentQty="1.000000" CreatedByID="b5344897-037e-4d58-b5c3-1bdfd0f47bf9" CreatedByScreenID="SO301000" CreatedDateTime="2019-12-23 22:26:12" LastModifiedByID="b5344897-037e-4d58-b5c3-1bdfd0f47bf9" LastModifiedByScreenID="SO303000" LastModifiedDateTime="2019-12-23 22:26:50.79" SiteID="17" Confirmed="1" Operation="I" ShipContactID="27" ShipmentWeight="16.000000" ShipmentVolume="0.000000" LineTotal="114.9500" InvoiceType="INV" InvoiceNbr="000025" InvoiceReleased="1" InvtDocType="I" CreateINDoc="1" InvtRefNbr="000012" OrderFreightAllocated="0" NoteID="c80fec08-0326-ea11-a6f0-9cb6d0c82c0c" ShipmentNoteID="cfdf9482-0526-ea11-a6f0-9cb6d0c82c0c" InvtNoteID="dadbe697-0526-ea11-a6f0-9cb6d0c82c0c" />
		<row OrderType="SO" OrderNbr="000015" ShippingRefNoteID="5839ef2e-0426-ea11-a6f0-9cb6d0c82c0c" ShipmentType="I" ShipmentNbr="000010" CustomerID="30" CustomerLocationID="29" ShipAddressID="29" LineCntr="1" ShipDate="2019-12-24 00:00:00" Hold="0" ShipComplete="B" ShipmentQty="3.000000" CreatedByID="b5344897-037e-4d58-b5c3-1bdfd0f47bf9" CreatedByScreenID="SO301000" CreatedDateTime="2019-12-23 22:16:42.627" LastModifiedByID="b5344897-037e-4d58-b5c3-1bdfd0f47bf9" LastModifiedByScreenID="SO302000" LastModifiedDateTime="2019-12-23 22:17:08.113" SiteID="17" Confirmed="1" Operation="I" ShipContactID="29" ShipmentWeight="48.000000" ShipmentVolume="0.000000" LineTotal="344.8500" InvoiceType="INV" InvoiceNbr="000022" InvoiceReleased="0" CreateINDoc="1" OrderFreightAllocated="1" NoteID="8b72bfc5-0326-ea11-a6f0-9cb6d0c82c0c" ShipmentNoteID="5839ef2e-0426-ea11-a6f0-9cb6d0c82c0c" />
		<row OrderType="SO" OrderNbr="000016" ShippingRefNoteID="7ec69b36-0726-ea11-a6f0-9cb6d0c82c0c" ShipmentType="I" ShipmentNbr="000014" CustomerID="30" CustomerLocationID="29" ShipAddressID="31" LineCntr="1" ShipDate="2019-12-24 00:00:00" Hold="0" ShipComplete="B" ShipmentQty="3.000000" CreatedByID="b5344897-037e-4d58-b5c3-1bdfd0f47bf9" CreatedByScreenID="SO301000" CreatedDateTime="2019-12-23 22:38:23.867" LastModifiedByID="b5344897-037e-4d58-b5c3-1bdfd0f47bf9" LastModifiedByScreenID="SO303000" LastModifiedDateTime="2019-12-23 22:39:05.05" SiteID="17" Confirmed="1" Operation="I" ShipContactID="31" ShipmentWeight="48.000000" ShipmentVolume="0.000000" LineTotal="344.8500" InvoiceType="INV" InvoiceNbr="000026" InvoiceReleased="1" InvtDocType="I" CreateINDoc="1" InvtRefNbr="000013" OrderFreightAllocated="1" NoteID="8005ae58-0626-ea11-a6f0-9cb6d0c82c0c" ShipmentNoteID="7ec69b36-0726-ea11-a6f0-9cb6d0c82c0c" InvtNoteID="388a174e-0726-ea11-a6f0-9cb6d0c82c0c" />
		<row OrderType="SO" OrderNbr="000017" ShippingRefNoteID="a1ee1f05-0826-ea11-a6f0-9cb6d0c82c0c" ShipmentType="I" ShipmentNbr="000015" CustomerID="30" CustomerLocationID="29" ShipAddressID="33" LineCntr="1" ShipDate="2019-12-24 00:00:00" Hold="0" ShipComplete="B" ShipmentQty="3.000000" CreatedByID="b5344897-037e-4d58-b5c3-1bdfd0f47bf9" CreatedByScreenID="SO301000" CreatedDateTime="2019-12-23 22:44:10.183" LastModifiedByID="b5344897-037e-4d58-b5c3-1bdfd0f47bf9" LastModifiedByScreenID="SO303000" LastModifiedDateTime="2019-12-23 22:44:38.657" SiteID="17" Confirmed="1" Operation="I" ShipContactID="33" ShipmentWeight="48.000000" ShipmentVolume="0.000000" LineTotal="344.8500" InvoiceType="INV" InvoiceNbr="000027" InvoiceReleased="1" InvtDocType="I" CreateINDoc="1" InvtRefNbr="000014" OrderFreightAllocated="1" NoteID="6193cecf-0726-ea11-a6f0-9cb6d0c82c0c" ShipmentNoteID="a1ee1f05-0826-ea11-a6f0-9cb6d0c82c0c" InvtNoteID="f0863415-0826-ea11-a6f0-9cb6d0c82c0c" />
		<row OrderType="SO" OrderNbr="000018" ShippingRefNoteID="19da810a-0926-ea11-a6f0-9cb6d0c82c0c" ShipmentType="I" ShipmentNbr="000016" CustomerID="30" CustomerLocationID="29" ShipAddressID="35" LineCntr="1" ShipDate="2019-12-24 00:00:00" Hold="0" ShipComplete="B" ShipmentQty="2.000000" CreatedByID="b5344897-037e-4d58-b5c3-1bdfd0f47bf9" CreatedByScreenID="SO301000" CreatedDateTime="2019-12-23 22:51:28.687" LastModifiedByID="b5344897-037e-4d58-b5c3-1bdfd0f47bf9" LastModifiedByScreenID="SO303000" LastModifiedDateTime="2019-12-23 22:52:07.34" SiteID="17" Confirmed="1" Operation="I" ShipContactID="35" ShipmentWeight="32.000000" ShipmentVolume="0.000000" LineTotal="198.5700" InvoiceType="INV" InvoiceNbr="000028" InvoiceReleased="1" InvtDocType="I" CreateINDoc="1" InvtRefNbr="000015" OrderFreightAllocated="1" NoteID="d50594ad-0826-ea11-a6f0-9cb6d0c82c0c" ShipmentNoteID="19da810a-0926-ea11-a6f0-9cb6d0c82c0c" InvtNoteID="d1a23120-0926-ea11-a6f0-9cb6d0c82c0c" />
		<row OrderType="SO" OrderNbr="000018" ShippingRefNoteID="ad672a40-0926-ea11-a6f0-9cb6d0c82c0c" ShipmentType="I" ShipmentNbr="000017" CustomerID="30" CustomerLocationID="29" ShipAddressID="35" LineCntr="1" ShipDate="2019-12-24 00:00:00" Hold="0" ShipComplete="B" ShipmentQty="1.000000" CreatedByID="b5344897-037e-4d58-b5c3-1bdfd0f47bf9" CreatedByScreenID="SO301000" CreatedDateTime="2019-12-23 22:52:58.573" LastModifiedByID="b5344897-037e-4d58-b5c3-1bdfd0f47bf9" LastModifiedByScreenID="SO303000" LastModifiedDateTime="2019-12-23 22:53:28.38" SiteID="17" Confirmed="1" Operation="I" ShipContactID="35" ShipmentWeight="16.000000" ShipmentVolume="0.000000" LineTotal="99.2800" InvoiceType="INV" InvoiceNbr="000029" InvoiceReleased="1" InvtDocType="I" CreateINDoc="1" InvtRefNbr="000016" OrderFreightAllocated="0" NoteID="d50594ad-0826-ea11-a6f0-9cb6d0c82c0c" ShipmentNoteID="ad672a40-0926-ea11-a6f0-9cb6d0c82c0c" InvtNoteID="315ea550-0926-ea11-a6f0-9cb6d0c82c0c" />
		<row OrderType="SO" OrderNbr="000019" ShippingRefNoteID="83a0b0ce-0a26-ea11-a6f0-9cb6d0c82c0c" ShipmentType="I" ShipmentNbr="000018" CustomerID="30" CustomerLocationID="29" ShipAddressID="37" LineCntr="2" ShipDate="2019-12-24 00:00:00" Hold="0" ShipComplete="B" ShipmentQty="2.000000" CreatedByID="b5344897-037e-4d58-b5c3-1bdfd0f47bf9" CreatedByScreenID="SO301000" CreatedDateTime="2019-12-23 23:04:07.443" LastModifiedByID="b5344897-037e-4d58-b5c3-1bdfd0f47bf9" LastModifiedByScreenID="SO303000" LastModifiedDateTime="2019-12-23 23:04:59.497" SiteID="17" Confirmed="1" Operation="I" ShipContactID="37" ShipmentWeight="63.972640" ShipmentVolume="0.000000" LineTotal="164.9000" InvoiceType="INV" InvoiceNbr="000030" InvoiceReleased="1" InvtDocType="I" CreateINDoc="1" InvtRefNbr="000017" OrderFreightAllocated="1" NoteID="703910b4-0a26-ea11-a6f0-9cb6d0c82c0c" ShipmentNoteID="83a0b0ce-0a26-ea11-a6f0-9cb6d0c82c0c" InvtNoteID="171e02ed-0a26-ea11-a6f0-9cb6d0c82c0c" />
		<row OrderType="SO" OrderNbr="000019" ShippingRefNoteID="f3b34b89-0b26-ea11-a6f0-9cb6d0c82c0c" ShipmentType="I" ShipmentNbr="000019" CustomerID="30" CustomerLocationID="29" ShipAddressID="37" LineCntr="1" ShipDate="2019-12-24 00:00:00" Hold="0" ShipComplete="B" ShipmentQty="1.000000" CreatedByID="b5344897-037e-4d58-b5c3-1bdfd0f47bf9" CreatedByScreenID="SO301000" CreatedDateTime="2019-12-23 23:09:20.233" LastModifiedByID="b5344897-037e-4d58-b5c3-1bdfd0f47bf9" LastModifiedByScreenID="SO302000" LastModifiedDateTime="2019-12-23 23:09:40.937" SiteID="17" Confirmed="1" Operation="I" ShipContactID="37" ShipmentWeight="16.000000" ShipmentVolume="0.000000" LineTotal="114.9500" InvoiceReleased="0" CreateINDoc="1" OrderFreightAllocated="0" NoteID="703910b4-0a26-ea11-a6f0-9cb6d0c82c0c" ShipmentNoteID="f3b34b89-0b26-ea11-a6f0-9cb6d0c82c0c" />
		<row OrderType="SO" OrderNbr="000021" ShippingRefNoteID="eab2f187-df30-ea11-a6f1-9cb6d0c82c0c" ShipmentType="I" ShipmentNbr="000021" CustomerID="30" CustomerLocationID="29" ShipAddressID="41" LineCntr="1" ShipDate="2020-01-06 00:00:00" Hold="0" ShipComplete="B" ShipmentQty="1.000000" CreatedByID="b5344897-037e-4d58-b5c3-1bdfd0f47bf9" CreatedByScreenID="SO301000" CreatedDateTime="2020-01-06 17:52:04.147" LastModifiedByID="b5344897-037e-4d58-b5c3-1bdfd0f47bf9" LastModifiedByScreenID="SO302000" LastModifiedDateTime="2020-01-06 17:52:22.743" SiteID="17" Confirmed="1" Operation="I" ShipContactID="41" ShipmentWeight="16.000000" ShipmentVolume="0.000000" LineTotal="114.9500" InvoiceReleased="0" CreateINDoc="1" OrderFreightAllocated="0" NoteID="cd7df320-1426-ea11-a6f0-9cb6d0c82c0c" ShipmentNoteID="eab2f187-df30-ea11-a6f1-9cb6d0c82c0c" />
		<row OrderType="SO" OrderNbr="000023" ShippingRefNoteID="77440221-eb2b-ea11-a6f1-9cb6d0c82c0c" ShipmentType="I" ShipmentNbr="000020" CustomerID="30" CustomerLocationID="29" ShipAddressID="44" LineCntr="2" ShipDate="2019-12-31 00:00:00" Hold="0" ShipComplete="L" ShipmentQty="2.000000" CreatedByID="b5344897-037e-4d58-b5c3-1bdfd0f47bf9" CreatedByScreenID="SO301000" CreatedDateTime="2019-12-31 10:32:30.13" LastModifiedByID="b5344897-037e-4d58-b5c3-1bdfd0f47bf9" LastModifiedByScreenID="SO302000" LastModifiedDateTime="2019-12-31 10:32:52.887" SiteID="17" Confirmed="1" Operation="I" ShipContactID="44" ShipmentWeight="63.972640" ShipmentVolume="0.000000" LineTotal="164.9000" InvoiceReleased="0" CreateINDoc="1" OrderFreightAllocated="0" NoteID="341aa8fc-ea2b-ea11-a6f1-9cb6d0c82c0c" ShipmentNoteID="77440221-eb2b-ea11-a6f1-9cb6d0c82c0c" />
	</rows>
</data>