﻿<?xml version="1.0" encoding="utf-8"?>
<data>
	<table name="SOOrder">
		<col name="CompanyID" type="Int" default="Zero" />
		<col name="OrderType" type="Char(2)" />
		<col name="OrderNbr" type="NVarChar(15)" />
		<col name="BranchID" type="Int" />
		<col name="Behavior" type="Char(2)" />
		<col name="CustomerID" type="Int" />
		<col name="CustomerLocationID" type="Int" />
		<col name="OrderDate" type="SmallDateTime" />
		<col name="Hold" type="Bit" />
		<col name="OpenDoc" type="Bit" default="Zero" />
		<col name="LineCntr" type="Int" />
		<col name="BilledCntr" type="Int" nullable="true" />
		<col name="ReleasedCntr" type="Int" nullable="true" />
		<col name="PaymentCntr" type="Int" default="Zero" />
		<col name="BillAddressID" type="Int" nullable="true" />
		<col name="ShipAddressID" type="Int" nullable="true" />
		<col name="CuryID" type="NVarChar(5)" />
		<col name="CuryInfoID" type="BigInt" />
		<col name="CuryOrderTotal" type="Decimal(19,4)" />
		<col name="OrderTotal" type="Decimal(19,4)" />
		<col name="OrderQty" type="Decimal(25,6)" />
		<col name="CuryLineTotal" type="Decimal(19,4)" />
		<col name="LineTotal" type="Decimal(19,4)" />
		<col name="CuryTaxTotal" type="Decimal(19,4)" />
		<col name="TaxTotal" type="Decimal(19,4)" />
		<col name="OwnerID" type="UniqueIdentifier" nullable="true" />
		<col name="WorkGroupID" type="Int" nullable="true" />
		<col name="CuryControlTotal" type="Decimal(19,4)" />
		<col name="ControlTotal" type="Decimal(19,4)" />
		<col name="TaxZoneID" type="NVarChar(10)" nullable="true" />
		<col name="OverrideTaxZone" type="Bit" default="Zero" />
		<col name="AvalaraCustomerUsageType" type="Char(1)" nullable="true" />
		<col name="ProjectID" type="Int" nullable="true" />
		<col name="ShipComplete" type="Char(1)" />
		<col name="SalesPersonID" type="Int" nullable="true" />
		<col name="CommnPct" type="Decimal(9,6)" />
		<col name="TermsID" type="NVarChar(10)" nullable="true" />
		<col name="DueDate" type="SmallDateTime" nullable="true" />
		<col name="DiscDate" type="SmallDateTime" nullable="true" />
		<col name="CreatedByID" type="UniqueIdentifier" />
		<col name="CreatedByScreenID" type="Char(8)" />
		<col name="CreatedDateTime" type="DateTime" />
		<col name="LastModifiedByID" type="UniqueIdentifier" />
		<col name="LastModifiedByScreenID" type="Char(8)" />
		<col name="LastModifiedDateTime" type="DateTime" />
		<col name="tstamp" type="Timestamp" />
		<col name="OrigOrderType" type="Char(2)" nullable="true" />
		<col name="OrigOrderNbr" type="NVarChar(15)" nullable="true" />
		<col name="InvoiceNbr" type="NVarChar(15)" nullable="true" />
		<col name="InvoiceDate" type="SmallDateTime" nullable="true" />
		<col name="CuryOpenOrderTotal" type="Decimal(19,4)" nullable="true" />
		<col name="OpenOrderTotal" type="Decimal(19,4)" nullable="true" />
		<col name="CuryOpenLineTotal" type="Decimal(19,4)" nullable="true" />
		<col name="OpenLineTotal" type="Decimal(19,4)" nullable="true" />
		<col name="CuryOpenTaxTotal" type="Decimal(19,4)" nullable="true" />
		<col name="OpenTaxTotal" type="Decimal(19,4)" nullable="true" />
		<col name="OpenOrderQty" type="Decimal(25,6)" nullable="true" />
		<col name="CuryUnbilledOrderTotal" type="Decimal(19,4)" nullable="true" />
		<col name="UnbilledOrderTotal" type="Decimal(19,4)" nullable="true" />
		<col name="CuryUnbilledLineTotal" type="Decimal(19,4)" nullable="true" />
		<col name="UnbilledLineTotal" type="Decimal(19,4)" nullable="true" />
		<col name="CuryUnbilledTaxTotal" type="Decimal(19,4)" nullable="true" />
		<col name="UnbilledTaxTotal" type="Decimal(19,4)" nullable="true" />
		<col name="UnbilledOrderQty" type="Decimal(25,6)" nullable="true" />
		<col name="CancelDate" type="SmallDateTime" nullable="true" />
		<col name="RequestDate" type="SmallDateTime" nullable="true" />
		<col name="ShipDate" type="SmallDateTime" nullable="true" />
		<col name="Cancelled" type="Bit" nullable="true" />
		<col name="BillContactID" type="Int" nullable="true" />
		<col name="ShipContactID" type="Int" nullable="true" />
		<col name="BillSeparately" type="Bit" />
		<col name="ShipSeparately" type="Bit" />
		<col name="CustomerOrderNbr" type="NVarChar(40)" nullable="true" />
		<col name="CustomerRefNbr" type="NVarChar(40)" nullable="true" />
		<col name="ShipVia" type="NVarChar(15)" nullable="true" />
		<col name="PackageLineCntr" type="Int" default="Zero" />
		<col name="UseCustomerAccount" type="Bit" default="Zero" />
		<col name="Resedential" type="Bit" default="Zero" />
		<col name="SaturdayDelivery" type="Bit" default="Zero" />
		<col name="Insurance" type="Bit" default="Zero" />
		<col name="GroundCollect" type="Bit" />
		<col name="FOBPoint" type="NVarChar(15)" nullable="true" />
		<col name="Priority" type="SmallInt" />
		<col name="FinPeriodID" type="Char(6)" nullable="true" />
		<col name="Status" type="Char(1)" nullable="true" />
		<col name="CuryFreightCost" type="Decimal(19,4)" default="Zero" />
		<col name="FreightCost" type="Decimal(19,4)" default="Zero" />
		<col name="FreightCostIsValid" type="Bit" default="Zero" />
		<col name="IsPackageValid" type="Bit" default="Zero" />
		<col name="OverrideFreightAmount" type="Bit" default="Zero" />
		<col name="FreightAmountSource" type="Char(1)" nullable="true" />
		<col name="CuryFreightAmt" type="Decimal(19,4)" />
		<col name="FreightAmt" type="Decimal(19,4)" />
		<col name="OrderWeight" type="Decimal(25,6)" />
		<col name="OrderVolume" type="Decimal(25,6)" />
		<col name="PackageWeight" type="Decimal(25,6)" />
		<col name="CuryPremiumFreightAmt" type="Decimal(19,4)" />
		<col name="PremiumFreightAmt" type="Decimal(19,4)" />
		<col name="FreightTaxCategoryID" type="NVarChar(10)" nullable="true" />
		<col name="ShipTermsID" type="NVarChar(10)" nullable="true" />
		<col name="ShipZoneID" type="NVarChar(15)" nullable="true" />
		<col name="CuryFreightTot" type="Decimal(19,4)" />
		<col name="FreightTot" type="Decimal(19,4)" />
		<col name="CuryMiscTot" type="Decimal(19,4)" />
		<col name="MiscTot" type="Decimal(19,4)" />
		<col name="CuryUnbilledMiscTot" type="Decimal(19,4)" />
		<col name="UnbilledMiscTot" type="Decimal(19,4)" />
		<col name="DiscTot" type="Decimal(19,4)" nullable="true" />
		<col name="CuryDiscTot" type="Decimal(19,4)" nullable="true" />
		<col name="ManDisc" type="Decimal(19,4)" nullable="true" />
		<col name="CuryManDisc" type="Decimal(19,4)" nullable="true" />
		<col name="OpenShipmentCntr" type="Int" />
		<col name="DefaultSiteID" type="Int" nullable="true" />
		<col name="DestinationSiteID" type="Int" nullable="true" />
		<col name="InclCustOpenOrders" type="Bit" />
		<col name="OpenLineCntr" type="Int" />
		<col name="ShipmentCntr" type="Int" />
		<col name="LastSiteID" type="Int" nullable="true" />
		<col name="LastShipDate" type="SmallDateTime" nullable="true" />
		<col name="CreditHold" type="Bit" />
		<col name="OrderDesc" type="NVarChar(256)" nullable="true" />
		<col name="Completed" type="Bit" />
		<col name="ApprovedCredit" type="Bit" />
		<col name="ApprovedCreditAmt" type="Decimal(19,4)" />
		<col name="PMInstanceID" type="Int" nullable="true" />
		<col name="PaymentMethodID" type="NVarChar(10)" nullable="true" />
		<col name="CashAccountID" type="Int" nullable="true" />
		<col name="ExtRefNbr" type="NVarChar(40)" nullable="true" />
		<col name="IsCCAuthorized" type="Bit" />
		<col name="IsCCCaptured" type="Bit" />
		<col name="IsManualPackage" type="Bit" />
		<col name="IsTaxValid" type="Bit" default="Zero" />
		<col name="IsOpenTaxValid" type="Bit" default="Zero" />
		<col name="IsUnbilledTaxValid" type="Bit" default="Zero" />
		<col name="IsFreightTaxValid" type="Bit" default="Zero" />
		<col name="CCAuthExpirationDate" type="SmallDateTime" nullable="true" />
		<col name="CuryCCPreAuthAmount" type="Decimal(19,4)" />
		<col name="CuryCCCapturedAmt" type="Decimal(19,4)" default="Zero" />
		<col name="CCCapturedAmt" type="Decimal(19,4)" default="Zero" />
		<col name="IsCCCaptureFailed" type="Bit" default="Zero" />
		<col name="VatTaxableTotal" type="Decimal(19,4)" default="Zero" />
		<col name="CuryVatTaxableTotal" type="Decimal(19,4)" default="Zero" />
		<col name="VatExemptTotal" type="Decimal(19,4)" default="Zero" />
		<col name="CuryVatExemptTotal" type="Decimal(19,4)" default="Zero" />
		<col name="RefTranExtNbr" type="NVarChar(50)" nullable="true" />
		<col name="Approved" type="Bit" />
		<col name="IsRUTROTDeductible" type="Bit" default="Zero" />
		<col name="DisableAutomaticDiscountCalculation" type="Bit" default="Zero" />
		<col name="NoteID" type="UniqueIdentifier" nullable="true" />
		<col name="Emailed" type="Bit" default="Zero" />
		<col name="FreightClass" type="NVarChar(15)" nullable="true" />
		<col name="CampaignID" type="NVarChar(10)" nullable="true" />
		<col name="UsrTaxSnapshot" type="VarChar(1000)" nullable="true" />
	</table>
	<rows>
		<row OrderType="SO" OrderNbr="000002" BranchID="1" Behavior="SO" CustomerID="30" CustomerLocationID="29" OrderDate="2019-12-05 00:00:00" Hold="0" OpenDoc="1" LineCntr="2" BilledCntr="0" ReleasedCntr="0" PaymentCntr="1" BillAddressID="2" ShipAddressID="3" CuryID="USD" CuryInfoID="663960" CuryOrderTotal="371.5800" OrderTotal="371.5800" OrderQty="3.000000" CuryLineTotal="344.8500" LineTotal="344.8500" CuryTaxTotal="26.7300" TaxTotal="26.7300" OwnerID="b5344897-037e-4d58-b5c3-1bdfd0f47bf9" CuryControlTotal="371.5800" ControlTotal="371.5800" TaxZoneID="EXTERNAL" OverrideTaxZone="1" ProjectID="0" ShipComplete="B" CommnPct="0.000000" TermsID="30D" CreatedByID="b5344897-037e-4d58-b5c3-1bdfd0f47bf9" CreatedByScreenID="SO301000" CreatedDateTime="2019-12-05 12:10:12.123" LastModifiedByID="b5344897-037e-4d58-b5c3-1bdfd0f47bf9" LastModifiedByScreenID="AR302000" LastModifiedDateTime="2019-12-05 12:11:37" CuryOpenOrderTotal="371.5800" OpenOrderTotal="371.5800" CuryOpenLineTotal="344.8500" OpenLineTotal="344.8500" CuryOpenTaxTotal="26.7300" OpenTaxTotal="26.7300" OpenOrderQty="3.000000" CuryUnbilledOrderTotal="371.5800" UnbilledOrderTotal="371.5800" CuryUnbilledLineTotal="344.8500" UnbilledLineTotal="344.8500" CuryUnbilledTaxTotal="26.7300" UnbilledTaxTotal="26.7300" UnbilledOrderQty="3.000000" CancelDate="2019-12-05 00:00:00" RequestDate="2019-12-05 00:00:00" ShipDate="2019-12-05 00:00:00" Cancelled="0" BillContactID="2" ShipContactID="3" BillSeparately="1" ShipSeparately="1" CustomerOrderNbr="LOGIC-1088" CustomerRefNbr="1871253471276" PackageLineCntr="0" UseCustomerAccount="0" Resedential="0" SaturdayDelivery="0" Insurance="0" GroundCollect="0" Priority="0" Status="N" CuryFreightCost="0.0000" FreightCost="0.0000" FreightCostIsValid="1" IsPackageValid="0" OverrideFreightAmount="1" FreightAmountSource="O" CuryFreightAmt="0.0000" FreightAmt="0.0000" OrderWeight="48.000000" OrderVolume="0.000000" PackageWeight="0.000000" CuryPremiumFreightAmt="0.0000" PremiumFreightAmt="0.0000" FreightTaxCategoryID="EXEMPT" CuryFreightTot="0.0000" FreightTot="0.0000" CuryMiscTot="0.0000" MiscTot="0.0000" CuryUnbilledMiscTot="0.0000" UnbilledMiscTot="0.0000" DiscTot="0.0000" CuryDiscTot="0.0000" ManDisc="0.0000" CuryManDisc="0.0000" OpenShipmentCntr="0" InclCustOpenOrders="1" OpenLineCntr="1" ShipmentCntr="0" CreditHold="0" OrderDesc="Shopify Order #1088" Completed="0" ApprovedCredit="0" ApprovedCreditAmt="0.0000" PaymentMethodID="SHOPIFY" CashAccountID="10" IsCCAuthorized="0" IsCCCaptured="0" IsManualPackage="1" IsTaxValid="1" IsOpenTaxValid="1" IsUnbilledTaxValid="1" IsFreightTaxValid="1" CuryCCPreAuthAmount="0.0000" CuryCCCapturedAmt="0.0000" CCCapturedAmt="0.0000" IsCCCaptureFailed="0" VatTaxableTotal="0.0000" CuryVatTaxableTotal="0.0000" VatExemptTotal="0.0000" CuryVatExemptTotal="0.0000" Approved="1" IsRUTROTDeductible="0" DisableAutomaticDiscountCalculation="0" NoteID="ea387e74-8a17-ea11-a6ed-9cb6d0c82c0c" Emailed="0" />
		<row OrderType="SO" OrderNbr="000003" BranchID="1" Behavior="SO" CustomerID="30" CustomerLocationID="29" OrderDate="2019-12-05 00:00:00" Hold="0" OpenDoc="1" LineCntr="2" BilledCntr="0" ReleasedCntr="0" PaymentCntr="1" BillAddressID="4" ShipAddressID="5" CuryID="USD" CuryInfoID="663961" CuryOrderTotal="379.3300" OrderTotal="379.3300" OrderQty="3.000000" CuryLineTotal="344.8500" LineTotal="344.8500" CuryTaxTotal="34.4800" TaxTotal="34.4800" OwnerID="b5344897-037e-4d58-b5c3-1bdfd0f47bf9" CuryControlTotal="379.3300" ControlTotal="379.3300" TaxZoneID="EXTERNAL" OverrideTaxZone="1" ProjectID="0" ShipComplete="B" CommnPct="0.000000" TermsID="30D" CreatedByID="b5344897-037e-4d58-b5c3-1bdfd0f47bf9" CreatedByScreenID="SO301000" CreatedDateTime="2019-12-05 12:10:12.193" LastModifiedByID="b5344897-037e-4d58-b5c3-1bdfd0f47bf9" LastModifiedByScreenID="AR302000" LastModifiedDateTime="2019-12-05 12:10:16.267" CuryOpenOrderTotal="379.3300" OpenOrderTotal="379.3300" CuryOpenLineTotal="344.8500" OpenLineTotal="344.8500" CuryOpenTaxTotal="34.4800" OpenTaxTotal="34.4800" OpenOrderQty="3.000000" CuryUnbilledOrderTotal="379.3300" UnbilledOrderTotal="379.3300" CuryUnbilledLineTotal="344.8500" UnbilledLineTotal="344.8500" CuryUnbilledTaxTotal="34.4800" UnbilledTaxTotal="34.4800" UnbilledOrderQty="3.000000" CancelDate="2019-12-05 00:00:00" RequestDate="2019-12-05 00:00:00" ShipDate="2019-12-05 00:00:00" Cancelled="0" BillContactID="4" ShipContactID="5" BillSeparately="1" ShipSeparately="1" CustomerOrderNbr="LOGIC-1089" CustomerRefNbr="1871349776428" PackageLineCntr="0" UseCustomerAccount="0" Resedential="0" SaturdayDelivery="0" Insurance="0" GroundCollect="0" Priority="0" Status="N" CuryFreightCost="0.0000" FreightCost="0.0000" FreightCostIsValid="1" IsPackageValid="0" OverrideFreightAmount="1" FreightAmountSource="O" CuryFreightAmt="0.0000" FreightAmt="0.0000" OrderWeight="48.000000" OrderVolume="0.000000" PackageWeight="0.000000" CuryPremiumFreightAmt="0.0000" PremiumFreightAmt="0.0000" FreightTaxCategoryID="EXEMPT" CuryFreightTot="0.0000" FreightTot="0.0000" CuryMiscTot="0.0000" MiscTot="0.0000" CuryUnbilledMiscTot="0.0000" UnbilledMiscTot="0.0000" DiscTot="0.0000" CuryDiscTot="0.0000" ManDisc="0.0000" CuryManDisc="0.0000" OpenShipmentCntr="0" InclCustOpenOrders="1" OpenLineCntr="1" ShipmentCntr="0" CreditHold="0" OrderDesc="Shopify Order #1089" Completed="0" ApprovedCredit="0" ApprovedCreditAmt="0.0000" PaymentMethodID="SHOPIFY" CashAccountID="10" IsCCAuthorized="0" IsCCCaptured="0" IsManualPackage="1" IsTaxValid="1" IsOpenTaxValid="1" IsUnbilledTaxValid="1" IsFreightTaxValid="1" CuryCCPreAuthAmount="0.0000" CuryCCCapturedAmt="0.0000" CCCapturedAmt="0.0000" IsCCCaptureFailed="0" VatTaxableTotal="0.0000" CuryVatTaxableTotal="0.0000" VatExemptTotal="0.0000" CuryVatExemptTotal="0.0000" Approved="1" IsRUTROTDeductible="0" DisableAutomaticDiscountCalculation="0" NoteID="f8387e74-8a17-ea11-a6ed-9cb6d0c82c0c" Emailed="0" />
		<row OrderType="SO" OrderNbr="000004" BranchID="1" Behavior="SO" CustomerID="30" CustomerLocationID="29" OrderDate="2019-12-05 00:00:00" Hold="0" OpenDoc="1" LineCntr="2" BilledCntr="0" ReleasedCntr="0" PaymentCntr="1" BillAddressID="6" ShipAddressID="7" CuryID="USD" CuryInfoID="663962" CuryOrderTotal="379.3300" OrderTotal="379.3300" OrderQty="3.000000" CuryLineTotal="344.8500" LineTotal="344.8500" CuryTaxTotal="34.4800" TaxTotal="34.4800" OwnerID="b5344897-037e-4d58-b5c3-1bdfd0f47bf9" CuryControlTotal="379.3300" ControlTotal="379.3300" TaxZoneID="EXTERNAL" OverrideTaxZone="1" ProjectID="0" ShipComplete="B" CommnPct="0.000000" TermsID="30D" CreatedByID="b5344897-037e-4d58-b5c3-1bdfd0f47bf9" CreatedByScreenID="SO301000" CreatedDateTime="2019-12-05 12:10:14.107" LastModifiedByID="b5344897-037e-4d58-b5c3-1bdfd0f47bf9" LastModifiedByScreenID="AR302000" LastModifiedDateTime="2019-12-05 12:10:17.197" CuryOpenOrderTotal="379.3300" OpenOrderTotal="379.3300" CuryOpenLineTotal="344.8500" OpenLineTotal="344.8500" CuryOpenTaxTotal="34.4800" OpenTaxTotal="34.4800" OpenOrderQty="3.000000" CuryUnbilledOrderTotal="379.3300" UnbilledOrderTotal="379.3300" CuryUnbilledLineTotal="344.8500" UnbilledLineTotal="344.8500" CuryUnbilledTaxTotal="34.4800" UnbilledTaxTotal="34.4800" UnbilledOrderQty="3.000000" CancelDate="2019-12-05 00:00:00" RequestDate="2019-12-05 00:00:00" ShipDate="2019-12-05 00:00:00" Cancelled="0" BillContactID="6" ShipContactID="7" BillSeparately="1" ShipSeparately="1" CustomerOrderNbr="LOGIC-1090" CustomerRefNbr="1871350104108" PackageLineCntr="0" UseCustomerAccount="0" Resedential="0" SaturdayDelivery="0" Insurance="0" GroundCollect="0" Priority="0" Status="N" CuryFreightCost="0.0000" FreightCost="0.0000" FreightCostIsValid="1" IsPackageValid="0" OverrideFreightAmount="1" FreightAmountSource="O" CuryFreightAmt="0.0000" FreightAmt="0.0000" OrderWeight="48.000000" OrderVolume="0.000000" PackageWeight="0.000000" CuryPremiumFreightAmt="0.0000" PremiumFreightAmt="0.0000" FreightTaxCategoryID="EXEMPT" CuryFreightTot="0.0000" FreightTot="0.0000" CuryMiscTot="0.0000" MiscTot="0.0000" CuryUnbilledMiscTot="0.0000" UnbilledMiscTot="0.0000" DiscTot="0.0000" CuryDiscTot="0.0000" ManDisc="0.0000" CuryManDisc="0.0000" OpenShipmentCntr="0" InclCustOpenOrders="1" OpenLineCntr="1" ShipmentCntr="0" CreditHold="0" OrderDesc="Shopify Order #1090" Completed="0" ApprovedCredit="0" ApprovedCreditAmt="0.0000" PaymentMethodID="SHOPIFY" CashAccountID="10" IsCCAuthorized="0" IsCCCaptured="0" IsManualPackage="1" IsTaxValid="1" IsOpenTaxValid="1" IsUnbilledTaxValid="1" IsFreightTaxValid="1" CuryCCPreAuthAmount="0.0000" CuryCCCapturedAmt="0.0000" CCCapturedAmt="0.0000" IsCCCaptureFailed="0" VatTaxableTotal="0.0000" CuryVatTaxableTotal="0.0000" VatExemptTotal="0.0000" CuryVatExemptTotal="0.0000" Approved="1" IsRUTROTDeductible="0" DisableAutomaticDiscountCalculation="0" NoteID="a2550c7b-8a17-ea11-a6ed-9cb6d0c82c0c" Emailed="0" />
		<row OrderType="SO" OrderNbr="000005" BranchID="1" Behavior="SO" CustomerID="30" CustomerLocationID="29" OrderDate="2019-12-05 00:00:00" Hold="0" OpenDoc="1" LineCntr="2" BilledCntr="0" ReleasedCntr="1" PaymentCntr="1" BillAddressID="8" ShipAddressID="9" CuryID="USD" CuryInfoID="663969" CuryOrderTotal="379.3300" OrderTotal="379.3300" OrderQty="3.000000" CuryLineTotal="344.8500" LineTotal="344.8500" CuryTaxTotal="34.4800" TaxTotal="34.4800" OwnerID="b5344897-037e-4d58-b5c3-1bdfd0f47bf9" CuryControlTotal="379.3300" ControlTotal="379.3300" TaxZoneID="EXTERNAL" OverrideTaxZone="1" ProjectID="0" ShipComplete="B" CommnPct="0.000000" TermsID="30D" CreatedByID="b5344897-037e-4d58-b5c3-1bdfd0f47bf9" CreatedByScreenID="SO301000" CreatedDateTime="2019-12-05 12:10:19.03" LastModifiedByID="b5344897-037e-4d58-b5c3-1bdfd0f47bf9" LastModifiedByScreenID="SO303000" LastModifiedDateTime="2019-12-23 17:18:51.13" CuryOpenOrderTotal="34.4800" OpenOrderTotal="34.4800" CuryOpenLineTotal="0.0000" OpenLineTotal="0.0000" CuryOpenTaxTotal="34.4800" OpenTaxTotal="34.4800" OpenOrderQty="0.000000" CuryUnbilledOrderTotal="34.4800" UnbilledOrderTotal="34.4800" CuryUnbilledLineTotal="0.0000" UnbilledLineTotal="0.0000" CuryUnbilledTaxTotal="34.4800" UnbilledTaxTotal="34.4800" UnbilledOrderQty="0.000000" CancelDate="2019-12-05 00:00:00" RequestDate="2019-12-05 00:00:00" ShipDate="2019-12-05 00:00:00" Cancelled="0" BillContactID="8" ShipContactID="9" BillSeparately="1" ShipSeparately="1" CustomerOrderNbr="LOGIC-1091" CustomerRefNbr="1871350431788" PackageLineCntr="0" UseCustomerAccount="0" Resedential="0" SaturdayDelivery="0" Insurance="0" GroundCollect="0" Priority="0" Status="C" CuryFreightCost="0.0000" FreightCost="0.0000" FreightCostIsValid="1" IsPackageValid="0" OverrideFreightAmount="1" FreightAmountSource="O" CuryFreightAmt="0.0000" FreightAmt="0.0000" OrderWeight="48.000000" OrderVolume="0.000000" PackageWeight="0.000000" CuryPremiumFreightAmt="0.0000" PremiumFreightAmt="0.0000" FreightTaxCategoryID="EXEMPT" CuryFreightTot="0.0000" FreightTot="0.0000" CuryMiscTot="0.0000" MiscTot="0.0000" CuryUnbilledMiscTot="0.0000" UnbilledMiscTot="0.0000" DiscTot="0.0000" CuryDiscTot="0.0000" ManDisc="0.0000" CuryManDisc="0.0000" OpenShipmentCntr="0" InclCustOpenOrders="1" OpenLineCntr="0" ShipmentCntr="1" LastSiteID="17" LastShipDate="2019-12-23 00:00:00" CreditHold="0" OrderDesc="Shopify Order #1091" Completed="1" ApprovedCredit="0" ApprovedCreditAmt="0.0000" PaymentMethodID="SHOPIFY" CashAccountID="10" IsCCAuthorized="0" IsCCCaptured="0" IsManualPackage="1" IsTaxValid="1" IsOpenTaxValid="1" IsUnbilledTaxValid="1" IsFreightTaxValid="1" CuryCCPreAuthAmount="0.0000" CuryCCCapturedAmt="0.0000" CCCapturedAmt="0.0000" IsCCCaptureFailed="0" VatTaxableTotal="0.0000" CuryVatTaxableTotal="0.0000" VatExemptTotal="0.0000" CuryVatExemptTotal="0.0000" Approved="1" IsRUTROTDeductible="0" DisableAutomaticDiscountCalculation="0" NoteID="33560c7b-8a17-ea11-a6ed-9cb6d0c82c0c" Emailed="0" />
		<row OrderType="SO" OrderNbr="000006" BranchID="1" Behavior="SO" CustomerID="30" CustomerLocationID="29" OrderDate="2019-12-23 00:00:00" Hold="0" OpenDoc="1" LineCntr="2" BilledCntr="0" ReleasedCntr="0" PaymentCntr="1" BillAddressID="10" ShipAddressID="11" CuryID="USD" CuryInfoID="663976" CuryOrderTotal="379.3300" OrderTotal="379.3300" OrderQty="3.000000" CuryLineTotal="344.8500" LineTotal="344.8500" CuryTaxTotal="34.4800" TaxTotal="34.4800" OwnerID="b5344897-037e-4d58-b5c3-1bdfd0f47bf9" CuryControlTotal="379.3300" ControlTotal="379.3300" TaxZoneID="EXTERNAL" OverrideTaxZone="1" ProjectID="0" ShipComplete="B" CommnPct="0.000000" TermsID="30D" CreatedByID="b5344897-037e-4d58-b5c3-1bdfd0f47bf9" CreatedByScreenID="SO301000" CreatedDateTime="2019-12-23 17:14:53.25" LastModifiedByID="b5344897-037e-4d58-b5c3-1bdfd0f47bf9" LastModifiedByScreenID="AR302000" LastModifiedDateTime="2019-12-23 17:14:58.287" CuryOpenOrderTotal="379.3300" OpenOrderTotal="379.3300" CuryOpenLineTotal="344.8500" OpenLineTotal="344.8500" CuryOpenTaxTotal="34.4800" OpenTaxTotal="34.4800" OpenOrderQty="3.000000" CuryUnbilledOrderTotal="379.3300" UnbilledOrderTotal="379.3300" CuryUnbilledLineTotal="344.8500" UnbilledLineTotal="344.8500" CuryUnbilledTaxTotal="34.4800" UnbilledTaxTotal="34.4800" UnbilledOrderQty="3.000000" CancelDate="2019-12-23 00:00:00" RequestDate="2019-12-23 00:00:00" ShipDate="2019-12-23 00:00:00" Cancelled="0" BillContactID="10" ShipContactID="11" BillSeparately="1" ShipSeparately="1" CustomerOrderNbr="LOGIC-1161" CustomerRefNbr="1888378224684" PackageLineCntr="0" UseCustomerAccount="0" Resedential="0" SaturdayDelivery="0" Insurance="0" GroundCollect="0" Priority="0" Status="N" CuryFreightCost="0.0000" FreightCost="0.0000" FreightCostIsValid="1" IsPackageValid="0" OverrideFreightAmount="1" FreightAmountSource="O" CuryFreightAmt="0.0000" FreightAmt="0.0000" OrderWeight="48.000000" OrderVolume="0.000000" PackageWeight="0.000000" CuryPremiumFreightAmt="0.0000" PremiumFreightAmt="0.0000" FreightTaxCategoryID="EXEMPT" CuryFreightTot="0.0000" FreightTot="0.0000" CuryMiscTot="0.0000" MiscTot="0.0000" CuryUnbilledMiscTot="0.0000" UnbilledMiscTot="0.0000" DiscTot="0.0000" CuryDiscTot="0.0000" ManDisc="0.0000" CuryManDisc="0.0000" OpenShipmentCntr="0" InclCustOpenOrders="1" OpenLineCntr="1" ShipmentCntr="0" CreditHold="0" OrderDesc="Shopify Order #1161" Completed="0" ApprovedCredit="0" ApprovedCreditAmt="0.0000" PaymentMethodID="SHOPIFY" CashAccountID="10" IsCCAuthorized="0" IsCCCaptured="0" IsManualPackage="1" IsTaxValid="1" IsOpenTaxValid="1" IsUnbilledTaxValid="1" IsFreightTaxValid="1" CuryCCPreAuthAmount="0.0000" CuryCCCapturedAmt="0.0000" CCCapturedAmt="0.0000" IsCCCaptureFailed="0" VatTaxableTotal="0.0000" CuryVatTaxableTotal="0.0000" VatExemptTotal="0.0000" CuryVatExemptTotal="0.0000" Approved="1" IsRUTROTDeductible="0" DisableAutomaticDiscountCalculation="0" NoteID="5bbf6704-da25-ea11-a6f0-9cb6d0c82c0c" Emailed="0" />
		<row OrderType="SO" OrderNbr="000007" BranchID="1" Behavior="SO" CustomerID="30" CustomerLocationID="29" OrderDate="2019-12-23 00:00:00" Hold="0" OpenDoc="1" LineCntr="2" BilledCntr="0" ReleasedCntr="1" PaymentCntr="1" BillAddressID="12" ShipAddressID="13" CuryID="USD" CuryInfoID="663981" CuryOrderTotal="401.3300" OrderTotal="401.3300" OrderQty="3.000000" CuryLineTotal="344.8500" LineTotal="344.8500" CuryTaxTotal="36.4800" TaxTotal="36.4800" OwnerID="b5344897-037e-4d58-b5c3-1bdfd0f47bf9" CuryControlTotal="401.3300" ControlTotal="401.3300" TaxZoneID="EXTERNAL" OverrideTaxZone="1" ProjectID="0" ShipComplete="B" CommnPct="0.000000" TermsID="30D" CreatedByID="b5344897-037e-4d58-b5c3-1bdfd0f47bf9" CreatedByScreenID="SO301000" CreatedDateTime="2019-12-23 17:18:32.123" LastModifiedByID="b5344897-037e-4d58-b5c3-1bdfd0f47bf9" LastModifiedByScreenID="SO303000" LastModifiedDateTime="2019-12-23 17:20:28.11" CuryOpenOrderTotal="36.4800" OpenOrderTotal="36.4800" CuryOpenLineTotal="0.0000" OpenLineTotal="0.0000" CuryOpenTaxTotal="36.4800" OpenTaxTotal="36.4800" OpenOrderQty="0.000000" CuryUnbilledOrderTotal="36.4800" UnbilledOrderTotal="36.4800" CuryUnbilledLineTotal="0.0000" UnbilledLineTotal="0.0000" CuryUnbilledTaxTotal="36.4800" UnbilledTaxTotal="36.4800" UnbilledOrderQty="0.000000" CancelDate="2019-12-23 00:00:00" RequestDate="2019-12-23 00:00:00" ShipDate="2019-12-23 00:00:00" Cancelled="0" BillContactID="12" ShipContactID="13" BillSeparately="1" ShipSeparately="1" CustomerOrderNbr="LOGIC-1162" CustomerRefNbr="1888381370412" PackageLineCntr="0" UseCustomerAccount="0" Resedential="0" SaturdayDelivery="0" Insurance="0" GroundCollect="0" Priority="0" Status="C" CuryFreightCost="0.0000" FreightCost="0.0000" FreightCostIsValid="1" IsPackageValid="0" OverrideFreightAmount="1" FreightAmountSource="O" CuryFreightAmt="20.0000" FreightAmt="20.0000" OrderWeight="48.000000" OrderVolume="0.000000" PackageWeight="0.000000" CuryPremiumFreightAmt="0.0000" PremiumFreightAmt="0.0000" FreightTaxCategoryID="TAXABLE" CuryFreightTot="20.0000" FreightTot="20.0000" CuryMiscTot="0.0000" MiscTot="0.0000" CuryUnbilledMiscTot="0.0000" UnbilledMiscTot="0.0000" DiscTot="0.0000" CuryDiscTot="0.0000" ManDisc="0.0000" CuryManDisc="0.0000" OpenShipmentCntr="0" InclCustOpenOrders="1" OpenLineCntr="0" ShipmentCntr="1" LastSiteID="17" LastShipDate="2019-12-23 00:00:00" CreditHold="0" OrderDesc="Shopify Order #1162" Completed="1" ApprovedCredit="0" ApprovedCreditAmt="0.0000" PaymentMethodID="SHOPIFY" CashAccountID="10" IsCCAuthorized="0" IsCCCaptured="0" IsManualPackage="1" IsTaxValid="1" IsOpenTaxValid="1" IsUnbilledTaxValid="1" IsFreightTaxValid="1" CuryCCPreAuthAmount="0.0000" CuryCCCapturedAmt="0.0000" CCCapturedAmt="0.0000" IsCCCaptureFailed="0" VatTaxableTotal="0.0000" CuryVatTaxableTotal="0.0000" VatExemptTotal="0.0000" CuryVatExemptTotal="0.0000" Approved="1" IsRUTROTDeductible="0" DisableAutomaticDiscountCalculation="0" NoteID="bef80588-da25-ea11-a6f0-9cb6d0c82c0c" Emailed="0" />
		<row OrderType="SO" OrderNbr="000008" BranchID="1" Behavior="SO" CustomerID="30" CustomerLocationID="29" OrderDate="2019-12-23 00:00:00" Hold="0" OpenDoc="1" LineCntr="2" BilledCntr="0" ReleasedCntr="1" PaymentCntr="1" BillAddressID="14" ShipAddressID="15" CuryID="USD" CuryInfoID="663990" CuryOrderTotal="313.3300" OrderTotal="313.3300" OrderQty="3.000000" CuryLineTotal="254.8500" LineTotal="254.8500" CuryTaxTotal="28.4800" TaxTotal="28.4800" OwnerID="b5344897-037e-4d58-b5c3-1bdfd0f47bf9" CuryControlTotal="313.3300" ControlTotal="313.3300" TaxZoneID="EXTERNAL" OverrideTaxZone="1" ProjectID="0" ShipComplete="B" CommnPct="0.000000" TermsID="30D" CreatedByID="b5344897-037e-4d58-b5c3-1bdfd0f47bf9" CreatedByScreenID="SO301000" CreatedDateTime="2019-12-23 17:23:53.28" LastModifiedByID="b5344897-037e-4d58-b5c3-1bdfd0f47bf9" LastModifiedByScreenID="SO303000" LastModifiedDateTime="2019-12-23 17:26:07.223" CuryOpenOrderTotal="28.4800" OpenOrderTotal="28.4800" CuryOpenLineTotal="0.0000" OpenLineTotal="0.0000" CuryOpenTaxTotal="28.4800" OpenTaxTotal="28.4800" OpenOrderQty="0.000000" CuryUnbilledOrderTotal="28.4800" UnbilledOrderTotal="28.4800" CuryUnbilledLineTotal="0.0000" UnbilledLineTotal="0.0000" CuryUnbilledTaxTotal="28.4800" UnbilledTaxTotal="28.4800" UnbilledOrderQty="0.000000" CancelDate="2019-12-23 00:00:00" RequestDate="2019-12-23 00:00:00" ShipDate="2019-12-23 00:00:00" Cancelled="0" BillContactID="14" ShipContactID="15" BillSeparately="1" ShipSeparately="1" CustomerOrderNbr="LOGIC-1163" CustomerRefNbr="1888383762476" PackageLineCntr="0" UseCustomerAccount="0" Resedential="0" SaturdayDelivery="0" Insurance="0" GroundCollect="0" Priority="0" Status="C" CuryFreightCost="0.0000" FreightCost="0.0000" FreightCostIsValid="1" IsPackageValid="0" OverrideFreightAmount="1" FreightAmountSource="O" CuryFreightAmt="30.0000" FreightAmt="30.0000" OrderWeight="48.000000" OrderVolume="0.000000" PackageWeight="0.000000" CuryPremiumFreightAmt="0.0000" PremiumFreightAmt="0.0000" FreightTaxCategoryID="TAXABLE" CuryFreightTot="30.0000" FreightTot="30.0000" CuryMiscTot="0.0000" MiscTot="0.0000" CuryUnbilledMiscTot="0.0000" UnbilledMiscTot="0.0000" DiscTot="0.0000" CuryDiscTot="0.0000" ManDisc="0.0000" CuryManDisc="0.0000" OpenShipmentCntr="0" InclCustOpenOrders="1" OpenLineCntr="0" ShipmentCntr="1" LastSiteID="17" LastShipDate="2019-12-23 00:00:00" CreditHold="0" OrderDesc="Shopify Order #1163" Completed="1" ApprovedCredit="0" ApprovedCreditAmt="0.0000" PaymentMethodID="SHOPIFY" CashAccountID="10" IsCCAuthorized="0" IsCCCaptured="0" IsManualPackage="1" IsTaxValid="1" IsOpenTaxValid="1" IsUnbilledTaxValid="1" IsFreightTaxValid="1" CuryCCPreAuthAmount="0.0000" CuryCCCapturedAmt="0.0000" CCCapturedAmt="0.0000" IsCCCaptureFailed="0" VatTaxableTotal="0.0000" CuryVatTaxableTotal="0.0000" VatExemptTotal="0.0000" CuryVatExemptTotal="0.0000" Approved="1" IsRUTROTDeductible="0" DisableAutomaticDiscountCalculation="0" NoteID="a4ec5143-db25-ea11-a6f0-9cb6d0c82c0c" Emailed="0" />
		<row OrderType="SO" OrderNbr="000009" BranchID="1" Behavior="SO" CustomerID="30" CustomerLocationID="29" OrderDate="2019-12-23 00:00:00" Hold="0" OpenDoc="1" LineCntr="3" BilledCntr="0" ReleasedCntr="2" PaymentCntr="1" BillAddressID="16" ShipAddressID="17" CuryID="USD" CuryInfoID="663997" CuryOrderTotal="390.3400" OrderTotal="390.3400" OrderQty="3.000000" CuryLineTotal="344.8500" LineTotal="344.8500" CuryTaxTotal="35.4900" TaxTotal="35.4900" OwnerID="b5344897-037e-4d58-b5c3-1bdfd0f47bf9" CuryControlTotal="390.3400" ControlTotal="390.3400" TaxZoneID="EXTERNAL" OverrideTaxZone="1" ProjectID="0" ShipComplete="B" CommnPct="0.000000" TermsID="30D" CreatedByID="b5344897-037e-4d58-b5c3-1bdfd0f47bf9" CreatedByScreenID="SO301000" CreatedDateTime="2019-12-23 17:29:54.483" LastModifiedByID="b5344897-037e-4d58-b5c3-1bdfd0f47bf9" LastModifiedByScreenID="SO303000" LastModifiedDateTime="2019-12-23 17:32:22.693" CuryOpenOrderTotal="35.4900" OpenOrderTotal="35.4900" CuryOpenLineTotal="0.0000" OpenLineTotal="0.0000" CuryOpenTaxTotal="35.4900" OpenTaxTotal="35.4900" OpenOrderQty="0.000000" CuryUnbilledOrderTotal="35.4900" UnbilledOrderTotal="35.4900" CuryUnbilledLineTotal="0.0000" UnbilledLineTotal="0.0000" CuryUnbilledTaxTotal="35.4900" UnbilledTaxTotal="35.4900" UnbilledOrderQty="0.000000" CancelDate="2019-12-23 00:00:00" RequestDate="2019-12-23 00:00:00" ShipDate="2019-12-23 00:00:00" Cancelled="0" BillContactID="16" ShipContactID="17" BillSeparately="1" ShipSeparately="1" CustomerOrderNbr="LOGIC-1164" CustomerRefNbr="1888388677676" PackageLineCntr="0" UseCustomerAccount="0" Resedential="0" SaturdayDelivery="0" Insurance="0" GroundCollect="0" Priority="0" Status="C" CuryFreightCost="0.0000" FreightCost="0.0000" FreightCostIsValid="1" IsPackageValid="0" OverrideFreightAmount="1" FreightAmountSource="O" CuryFreightAmt="10.0000" FreightAmt="10.0000" OrderWeight="48.000000" OrderVolume="0.000000" PackageWeight="0.000000" CuryPremiumFreightAmt="0.0000" PremiumFreightAmt="0.0000" FreightTaxCategoryID="TAXABLE" CuryFreightTot="10.0000" FreightTot="10.0000" CuryMiscTot="0.0000" MiscTot="0.0000" CuryUnbilledMiscTot="0.0000" UnbilledMiscTot="0.0000" DiscTot="0.0000" CuryDiscTot="0.0000" ManDisc="0.0000" CuryManDisc="0.0000" OpenShipmentCntr="0" InclCustOpenOrders="1" OpenLineCntr="0" ShipmentCntr="2" LastSiteID="17" LastShipDate="2019-12-23 00:00:00" CreditHold="0" OrderDesc="Shopify Order #1164" Completed="1" ApprovedCredit="0" ApprovedCreditAmt="0.0000" PaymentMethodID="SHOPIFY" CashAccountID="10" IsCCAuthorized="0" IsCCCaptured="0" IsManualPackage="1" IsTaxValid="1" IsOpenTaxValid="1" IsUnbilledTaxValid="1" IsFreightTaxValid="1" CuryCCPreAuthAmount="0.0000" CuryCCCapturedAmt="0.0000" CCCapturedAmt="0.0000" IsCCCaptureFailed="0" VatTaxableTotal="0.0000" CuryVatTaxableTotal="0.0000" VatExemptTotal="0.0000" CuryVatExemptTotal="0.0000" Approved="1" IsRUTROTDeductible="0" DisableAutomaticDiscountCalculation="0" NoteID="7fd6d61e-dc25-ea11-a6f0-9cb6d0c82c0c" Emailed="0" />
		<row OrderType="SO" OrderNbr="000010" BranchID="1" Behavior="SO" CustomerID="30" CustomerLocationID="29" OrderDate="2019-12-23 00:00:00" Hold="0" OpenDoc="1" LineCntr="2" BilledCntr="0" ReleasedCntr="1" PaymentCntr="1" BillAddressID="18" ShipAddressID="19" CuryID="USD" CuryInfoID="664007" CuryOrderTotal="252.8900" OrderTotal="252.8900" OrderQty="2.000000" CuryLineTotal="229.9000" LineTotal="229.9000" CuryTaxTotal="22.9900" TaxTotal="22.9900" OwnerID="b5344897-037e-4d58-b5c3-1bdfd0f47bf9" CuryControlTotal="252.8900" ControlTotal="252.8900" TaxZoneID="EXTERNAL" OverrideTaxZone="1" ProjectID="0" ShipComplete="B" CommnPct="0.000000" TermsID="30D" CreatedByID="b5344897-037e-4d58-b5c3-1bdfd0f47bf9" CreatedByScreenID="SO301000" CreatedDateTime="2019-12-23 17:33:22.95" LastModifiedByID="b5344897-037e-4d58-b5c3-1bdfd0f47bf9" LastModifiedByScreenID="SO303000" LastModifiedDateTime="2019-12-23 17:35:59.433" CuryOpenOrderTotal="22.9900" OpenOrderTotal="22.9900" CuryOpenLineTotal="0.0000" OpenLineTotal="0.0000" CuryOpenTaxTotal="22.9900" OpenTaxTotal="22.9900" OpenOrderQty="0.000000" CuryUnbilledOrderTotal="22.9900" UnbilledOrderTotal="22.9900" CuryUnbilledLineTotal="0.0000" UnbilledLineTotal="0.0000" CuryUnbilledTaxTotal="22.9900" UnbilledTaxTotal="22.9900" UnbilledOrderQty="0.000000" CancelDate="2019-12-23 00:00:00" RequestDate="2019-12-23 00:00:00" ShipDate="2019-12-23 00:00:00" Cancelled="0" BillContactID="18" ShipContactID="19" BillSeparately="1" ShipSeparately="1" CustomerOrderNbr="LOGIC-1165" CustomerRefNbr="1888390086700" PackageLineCntr="0" UseCustomerAccount="0" Resedential="0" SaturdayDelivery="0" Insurance="0" GroundCollect="0" Priority="0" Status="C" CuryFreightCost="0.0000" FreightCost="0.0000" FreightCostIsValid="1" IsPackageValid="0" OverrideFreightAmount="1" FreightAmountSource="O" CuryFreightAmt="0.0000" FreightAmt="0.0000" OrderWeight="32.000000" OrderVolume="0.000000" PackageWeight="0.000000" CuryPremiumFreightAmt="0.0000" PremiumFreightAmt="0.0000" FreightTaxCategoryID="EXEMPT" CuryFreightTot="0.0000" FreightTot="0.0000" CuryMiscTot="0.0000" MiscTot="0.0000" CuryUnbilledMiscTot="0.0000" UnbilledMiscTot="0.0000" DiscTot="0.0000" CuryDiscTot="0.0000" ManDisc="0.0000" CuryManDisc="0.0000" OpenShipmentCntr="0" InclCustOpenOrders="1" OpenLineCntr="0" ShipmentCntr="1" LastSiteID="17" LastShipDate="2019-12-23 00:00:00" CreditHold="0" OrderDesc="Shopify Order #1165" Completed="1" ApprovedCredit="0" ApprovedCreditAmt="0.0000" PaymentMethodID="SHOPIFY" CashAccountID="10" IsCCAuthorized="0" IsCCCaptured="0" IsManualPackage="1" IsTaxValid="1" IsOpenTaxValid="1" IsUnbilledTaxValid="1" IsFreightTaxValid="1" CuryCCPreAuthAmount="0.0000" CuryCCCapturedAmt="0.0000" CCCapturedAmt="0.0000" IsCCCaptureFailed="0" VatTaxableTotal="0.0000" CuryVatTaxableTotal="0.0000" VatExemptTotal="0.0000" CuryVatExemptTotal="0.0000" Approved="1" IsRUTROTDeductible="0" DisableAutomaticDiscountCalculation="0" NoteID="88170699-dc25-ea11-a6f0-9cb6d0c82c0c" Emailed="0" />
		<row OrderType="SO" OrderNbr="000011" BranchID="1" Behavior="SO" CustomerID="30" CustomerLocationID="29" OrderDate="2019-12-23 00:00:00" Hold="0" OpenDoc="1" LineCntr="3" BilledCntr="0" ReleasedCntr="2" PaymentCntr="1" BillAddressID="20" ShipAddressID="21" CuryID="USD" CuryInfoID="664017" CuryOrderTotal="274.8900" OrderTotal="274.8900" OrderQty="2.000000" CuryLineTotal="229.9000" LineTotal="229.9000" CuryTaxTotal="24.9900" TaxTotal="24.9900" OwnerID="b5344897-037e-4d58-b5c3-1bdfd0f47bf9" CuryControlTotal="274.8900" ControlTotal="274.8900" TaxZoneID="EXTERNAL" OverrideTaxZone="1" ProjectID="0" ShipComplete="B" CommnPct="0.000000" TermsID="30D" CreatedByID="b5344897-037e-4d58-b5c3-1bdfd0f47bf9" CreatedByScreenID="SO301000" CreatedDateTime="2019-12-23 17:37:33.897" LastModifiedByID="b5344897-037e-4d58-b5c3-1bdfd0f47bf9" LastModifiedByScreenID="SO303000" LastModifiedDateTime="2019-12-23 17:44:08.053" CuryOpenOrderTotal="24.9900" OpenOrderTotal="24.9900" CuryOpenLineTotal="0.0000" OpenLineTotal="0.0000" CuryOpenTaxTotal="24.9900" OpenTaxTotal="24.9900" OpenOrderQty="0.000000" CuryUnbilledOrderTotal="24.9900" UnbilledOrderTotal="24.9900" CuryUnbilledLineTotal="0.0000" UnbilledLineTotal="0.0000" CuryUnbilledTaxTotal="24.9900" UnbilledTaxTotal="24.9900" UnbilledOrderQty="0.000000" CancelDate="2019-12-23 00:00:00" RequestDate="2019-12-23 00:00:00" ShipDate="2019-12-23 00:00:00" Cancelled="0" BillContactID="20" ShipContactID="21" BillSeparately="1" ShipSeparately="1" CustomerOrderNbr="LOGIC-1166" CustomerRefNbr="1888393494572" PackageLineCntr="0" UseCustomerAccount="0" Resedential="0" SaturdayDelivery="0" Insurance="0" GroundCollect="0" Priority="0" Status="C" CuryFreightCost="0.0000" FreightCost="0.0000" FreightCostIsValid="1" IsPackageValid="0" OverrideFreightAmount="1" FreightAmountSource="O" CuryFreightAmt="20.0000" FreightAmt="20.0000" OrderWeight="32.000000" OrderVolume="0.000000" PackageWeight="0.000000" CuryPremiumFreightAmt="0.0000" PremiumFreightAmt="0.0000" FreightTaxCategoryID="TAXABLE" CuryFreightTot="20.0000" FreightTot="20.0000" CuryMiscTot="0.0000" MiscTot="0.0000" CuryUnbilledMiscTot="0.0000" UnbilledMiscTot="0.0000" DiscTot="0.0000" CuryDiscTot="0.0000" ManDisc="0.0000" CuryManDisc="0.0000" OpenShipmentCntr="0" InclCustOpenOrders="1" OpenLineCntr="0" ShipmentCntr="2" LastSiteID="17" LastShipDate="2019-12-23 00:00:00" CreditHold="0" OrderDesc="Shopify Order #1166" Completed="1" ApprovedCredit="0" ApprovedCreditAmt="0.0000" PaymentMethodID="SHOPIFY" CashAccountID="10" IsCCAuthorized="0" IsCCCaptured="0" IsManualPackage="1" IsTaxValid="1" IsOpenTaxValid="1" IsUnbilledTaxValid="1" IsFreightTaxValid="1" CuryCCPreAuthAmount="0.0000" CuryCCCapturedAmt="0.0000" CCCapturedAmt="0.0000" IsCCCaptureFailed="0" VatTaxableTotal="0.0000" CuryVatTaxableTotal="0.0000" VatExemptTotal="0.0000" CuryVatExemptTotal="0.0000" Approved="1" IsRUTROTDeductible="0" DisableAutomaticDiscountCalculation="0" NoteID="452aac30-dd25-ea11-a6f0-9cb6d0c82c0c" Emailed="0" />
		<row OrderType="SO" OrderNbr="000012" BranchID="1" Behavior="SO" CustomerID="30" CustomerLocationID="29" OrderDate="2019-12-23 00:00:00" Hold="0" OpenDoc="1" LineCntr="2" BilledCntr="0" ReleasedCntr="1" PaymentCntr="1" BillAddressID="22" ShipAddressID="23" CuryID="USD" CuryInfoID="664031" CuryOrderTotal="296.8900" OrderTotal="296.8900" OrderQty="2.000000" CuryLineTotal="229.9000" LineTotal="229.9000" CuryTaxTotal="26.9900" TaxTotal="26.9900" OwnerID="b5344897-037e-4d58-b5c3-1bdfd0f47bf9" CuryControlTotal="296.8900" ControlTotal="296.8900" TaxZoneID="EXTERNAL" OverrideTaxZone="1" ProjectID="0" ShipComplete="B" CommnPct="0.000000" TermsID="30D" CreatedByID="b5344897-037e-4d58-b5c3-1bdfd0f47bf9" CreatedByScreenID="SO301000" CreatedDateTime="2019-12-23 17:46:16.847" LastModifiedByID="b5344897-037e-4d58-b5c3-1bdfd0f47bf9" LastModifiedByScreenID="SO303000" LastModifiedDateTime="2019-12-23 17:47:37.2" CuryOpenOrderTotal="26.9900" OpenOrderTotal="26.9900" CuryOpenLineTotal="0.0000" OpenLineTotal="0.0000" CuryOpenTaxTotal="26.9900" OpenTaxTotal="26.9900" OpenOrderQty="0.000000" CuryUnbilledOrderTotal="26.9900" UnbilledOrderTotal="26.9900" CuryUnbilledLineTotal="0.0000" UnbilledLineTotal="0.0000" CuryUnbilledTaxTotal="26.9900" UnbilledTaxTotal="26.9900" UnbilledOrderQty="0.000000" CancelDate="2019-12-23 00:00:00" RequestDate="2019-12-23 00:00:00" ShipDate="2019-12-23 00:00:00" Cancelled="0" BillContactID="22" ShipContactID="23" BillSeparately="1" ShipSeparately="1" CustomerOrderNbr="LOGIC-1167" CustomerRefNbr="1888399097900" PackageLineCntr="0" UseCustomerAccount="0" Resedential="0" SaturdayDelivery="0" Insurance="0" GroundCollect="0" Priority="0" Status="C" CuryFreightCost="0.0000" FreightCost="0.0000" FreightCostIsValid="1" IsPackageValid="0" OverrideFreightAmount="1" FreightAmountSource="O" CuryFreightAmt="40.0000" FreightAmt="40.0000" OrderWeight="32.000000" OrderVolume="0.000000" PackageWeight="0.000000" CuryPremiumFreightAmt="0.0000" PremiumFreightAmt="0.0000" FreightTaxCategoryID="TAXABLE" CuryFreightTot="40.0000" FreightTot="40.0000" CuryMiscTot="0.0000" MiscTot="0.0000" CuryUnbilledMiscTot="0.0000" UnbilledMiscTot="0.0000" DiscTot="0.0000" CuryDiscTot="0.0000" ManDisc="0.0000" CuryManDisc="0.0000" OpenShipmentCntr="0" InclCustOpenOrders="1" OpenLineCntr="0" ShipmentCntr="1" LastSiteID="17" LastShipDate="2019-12-23 00:00:00" CreditHold="0" OrderDesc="Shopify Order #1167" Completed="1" ApprovedCredit="0" ApprovedCreditAmt="0.0000" PaymentMethodID="SHOPIFY" CashAccountID="10" IsCCAuthorized="0" IsCCCaptured="0" IsManualPackage="1" IsTaxValid="1" IsOpenTaxValid="1" IsUnbilledTaxValid="1" IsFreightTaxValid="1" CuryCCPreAuthAmount="0.0000" CuryCCCapturedAmt="0.0000" CCCapturedAmt="0.0000" IsCCCaptureFailed="0" VatTaxableTotal="0.0000" CuryVatTaxableTotal="0.0000" VatExemptTotal="0.0000" CuryVatExemptTotal="0.0000" Approved="1" IsRUTROTDeductible="0" DisableAutomaticDiscountCalculation="0" NoteID="d6d75468-de25-ea11-a6f0-9cb6d0c82c0c" Emailed="0" />
		<row OrderType="SO" OrderNbr="000013" BranchID="1" Behavior="SO" CustomerID="30" CustomerLocationID="29" OrderDate="2019-12-23 00:00:00" Hold="0" OpenDoc="1" LineCntr="2" BilledCntr="0" ReleasedCntr="1" PaymentCntr="1" BillAddressID="24" ShipAddressID="25" CuryID="USD" CuryInfoID="664041" CuryOrderTotal="274.8900" OrderTotal="274.8900" OrderQty="2.000000" CuryLineTotal="229.9000" LineTotal="229.9000" CuryTaxTotal="24.9900" TaxTotal="24.9900" OwnerID="b5344897-037e-4d58-b5c3-1bdfd0f47bf9" CuryControlTotal="274.8900" ControlTotal="274.8900" TaxZoneID="EXTERNAL" OverrideTaxZone="1" ProjectID="0" ShipComplete="B" CommnPct="0.000000" TermsID="30D" CreatedByID="b5344897-037e-4d58-b5c3-1bdfd0f47bf9" CreatedByScreenID="SO301000" CreatedDateTime="2019-12-23 17:52:34.22" LastModifiedByID="b5344897-037e-4d58-b5c3-1bdfd0f47bf9" LastModifiedByScreenID="SO303000" LastModifiedDateTime="2019-12-23 22:20:35.66" CuryOpenOrderTotal="24.9900" OpenOrderTotal="24.9900" CuryOpenLineTotal="0.0000" OpenLineTotal="0.0000" CuryOpenTaxTotal="24.9900" OpenTaxTotal="24.9900" OpenOrderQty="0.000000" CuryUnbilledOrderTotal="24.9900" UnbilledOrderTotal="24.9900" CuryUnbilledLineTotal="0.0000" UnbilledLineTotal="0.0000" CuryUnbilledTaxTotal="24.9900" UnbilledTaxTotal="24.9900" UnbilledOrderQty="0.000000" CancelDate="2019-12-23 00:00:00" RequestDate="2019-12-23 00:00:00" ShipDate="2019-12-23 00:00:00" Cancelled="0" BillContactID="24" ShipContactID="25" BillSeparately="1" ShipSeparately="1" CustomerOrderNbr="LOGIC-1168" CustomerRefNbr="1888401293356" PackageLineCntr="0" UseCustomerAccount="0" Resedential="0" SaturdayDelivery="0" Insurance="0" GroundCollect="0" Priority="0" Status="C" CuryFreightCost="0.0000" FreightCost="0.0000" FreightCostIsValid="1" IsPackageValid="0" OverrideFreightAmount="1" FreightAmountSource="O" CuryFreightAmt="20.0000" FreightAmt="20.0000" OrderWeight="32.000000" OrderVolume="0.000000" PackageWeight="0.000000" CuryPremiumFreightAmt="0.0000" PremiumFreightAmt="0.0000" FreightTaxCategoryID="TAXABLE" CuryFreightTot="20.0000" FreightTot="20.0000" CuryMiscTot="0.0000" MiscTot="0.0000" CuryUnbilledMiscTot="0.0000" UnbilledMiscTot="0.0000" DiscTot="0.0000" CuryDiscTot="0.0000" ManDisc="0.0000" CuryManDisc="0.0000" OpenShipmentCntr="0" InclCustOpenOrders="1" OpenLineCntr="0" ShipmentCntr="1" LastSiteID="17" LastShipDate="2019-12-24 00:00:00" CreditHold="0" OrderDesc="Shopify Order #1168" Completed="1" ApprovedCredit="0" ApprovedCreditAmt="0.0000" PaymentMethodID="SHOPIFY" CashAccountID="10" IsCCAuthorized="0" IsCCCaptured="0" IsManualPackage="1" IsTaxValid="1" IsOpenTaxValid="1" IsUnbilledTaxValid="1" IsFreightTaxValid="1" CuryCCPreAuthAmount="0.0000" CuryCCCapturedAmt="0.0000" CCCapturedAmt="0.0000" IsCCCaptureFailed="0" VatTaxableTotal="0.0000" CuryVatTaxableTotal="0.0000" VatExemptTotal="0.0000" CuryVatExemptTotal="0.0000" Approved="1" IsRUTROTDeductible="0" DisableAutomaticDiscountCalculation="0" NoteID="de403b49-df25-ea11-a6f0-9cb6d0c82c0c" Emailed="0" />
		<row OrderType="SO" OrderNbr="000014" BranchID="1" Behavior="SO" CustomerID="30" CustomerLocationID="29" OrderDate="2019-12-23 00:00:00" Hold="0" OpenDoc="1" LineCntr="3" BilledCntr="0" ReleasedCntr="2" PaymentCntr="1" BillAddressID="26" ShipAddressID="27" CuryID="USD" CuryInfoID="664048" CuryOrderTotal="252.8900" OrderTotal="252.8900" OrderQty="2.000000" CuryLineTotal="229.9000" LineTotal="229.9000" CuryTaxTotal="22.9900" TaxTotal="22.9900" OwnerID="b5344897-037e-4d58-b5c3-1bdfd0f47bf9" CuryControlTotal="252.8900" ControlTotal="252.8900" TaxZoneID="EXTERNAL" OverrideTaxZone="1" ProjectID="0" ShipComplete="B" CommnPct="0.000000" TermsID="30D" CreatedByID="b5344897-037e-4d58-b5c3-1bdfd0f47bf9" CreatedByScreenID="SO301000" CreatedDateTime="2019-12-23 22:08:36.75" LastModifiedByID="b5344897-037e-4d58-b5c3-1bdfd0f47bf9" LastModifiedByScreenID="SO303000" LastModifiedDateTime="2019-12-23 22:26:50.87" CuryOpenOrderTotal="22.9900" OpenOrderTotal="22.9900" CuryOpenLineTotal="0.0000" OpenLineTotal="0.0000" CuryOpenTaxTotal="22.9900" OpenTaxTotal="22.9900" OpenOrderQty="0.000000" CuryUnbilledOrderTotal="22.9900" UnbilledOrderTotal="22.9900" CuryUnbilledLineTotal="0.0000" UnbilledLineTotal="0.0000" CuryUnbilledTaxTotal="22.9900" UnbilledTaxTotal="22.9900" UnbilledOrderQty="0.000000" CancelDate="2019-12-23 00:00:00" RequestDate="2019-12-24 00:00:00" ShipDate="2019-12-24 00:00:00" Cancelled="0" BillContactID="26" ShipContactID="27" BillSeparately="1" ShipSeparately="1" CustomerOrderNbr="LOGIC-1169" CustomerRefNbr="1888411680812" PackageLineCntr="0" UseCustomerAccount="0" Resedential="0" SaturdayDelivery="0" Insurance="0" GroundCollect="0" Priority="0" Status="C" CuryFreightCost="0.0000" FreightCost="0.0000" FreightCostIsValid="1" IsPackageValid="0" OverrideFreightAmount="1" FreightAmountSource="O" CuryFreightAmt="0.0000" FreightAmt="0.0000" OrderWeight="32.000000" OrderVolume="0.000000" PackageWeight="0.000000" CuryPremiumFreightAmt="0.0000" PremiumFreightAmt="0.0000" FreightTaxCategoryID="EXEMPT" CuryFreightTot="0.0000" FreightTot="0.0000" CuryMiscTot="0.0000" MiscTot="0.0000" CuryUnbilledMiscTot="0.0000" UnbilledMiscTot="0.0000" DiscTot="0.0000" CuryDiscTot="0.0000" ManDisc="0.0000" CuryManDisc="0.0000" OpenShipmentCntr="0" InclCustOpenOrders="1" OpenLineCntr="0" ShipmentCntr="2" LastSiteID="17" LastShipDate="2019-12-24 00:00:00" CreditHold="0" OrderDesc="Shopify Order #1169" Completed="1" ApprovedCredit="0" ApprovedCreditAmt="0.0000" PaymentMethodID="SHOPIFY" CashAccountID="10" IsCCAuthorized="0" IsCCCaptured="0" IsManualPackage="1" IsTaxValid="1" IsOpenTaxValid="1" IsUnbilledTaxValid="1" IsFreightTaxValid="1" CuryCCPreAuthAmount="0.0000" CuryCCCapturedAmt="0.0000" CCCapturedAmt="0.0000" IsCCCaptureFailed="0" VatTaxableTotal="0.0000" CuryVatTaxableTotal="0.0000" VatExemptTotal="0.0000" CuryVatExemptTotal="0.0000" Approved="1" IsRUTROTDeductible="0" DisableAutomaticDiscountCalculation="0" NoteID="c80fec08-0326-ea11-a6f0-9cb6d0c82c0c" Emailed="0" />
		<row OrderType="SO" OrderNbr="000015" BranchID="1" Behavior="SO" CustomerID="30" CustomerLocationID="29" OrderDate="2019-12-23 00:00:00" Hold="0" OpenDoc="1" LineCntr="2" BilledCntr="1" ReleasedCntr="0" PaymentCntr="1" BillAddressID="28" ShipAddressID="29" CuryID="USD" CuryInfoID="664055" CuryOrderTotal="406.8400" OrderTotal="406.8400" OrderQty="3.000000" CuryLineTotal="344.8500" LineTotal="344.8500" CuryTaxTotal="36.9900" TaxTotal="36.9900" OwnerID="b5344897-037e-4d58-b5c3-1bdfd0f47bf9" CuryControlTotal="406.8400" ControlTotal="406.8400" TaxZoneID="EXTERNAL" OverrideTaxZone="1" ProjectID="0" ShipComplete="B" CommnPct="0.000000" TermsID="30D" CreatedByID="b5344897-037e-4d58-b5c3-1bdfd0f47bf9" CreatedByScreenID="SO301000" CreatedDateTime="2019-12-23 22:13:47.22" LastModifiedByID="b5344897-037e-4d58-b5c3-1bdfd0f47bf9" LastModifiedByScreenID="SO302000" LastModifiedDateTime="2019-12-23 22:17:09.783" CuryOpenOrderTotal="36.9900" OpenOrderTotal="36.9900" CuryOpenLineTotal="0.0000" OpenLineTotal="0.0000" CuryOpenTaxTotal="36.9900" OpenTaxTotal="36.9900" OpenOrderQty="0.000000" CuryUnbilledOrderTotal="36.9900" UnbilledOrderTotal="36.9900" CuryUnbilledLineTotal="0.0000" UnbilledLineTotal="0.0000" CuryUnbilledTaxTotal="36.9900" UnbilledTaxTotal="36.9900" UnbilledOrderQty="0.000000" CancelDate="2019-12-23 00:00:00" RequestDate="2019-12-24 00:00:00" ShipDate="2019-12-24 00:00:00" Cancelled="0" BillContactID="28" ShipContactID="29" BillSeparately="1" ShipSeparately="1" CustomerOrderNbr="LOGIC-1170" CustomerRefNbr="1888512081964" PackageLineCntr="0" UseCustomerAccount="0" Resedential="0" SaturdayDelivery="0" Insurance="0" GroundCollect="0" Priority="0" Status="C" CuryFreightCost="0.0000" FreightCost="0.0000" FreightCostIsValid="1" IsPackageValid="0" OverrideFreightAmount="1" FreightAmountSource="O" CuryFreightAmt="25.0000" FreightAmt="25.0000" OrderWeight="48.000000" OrderVolume="0.000000" PackageWeight="0.000000" CuryPremiumFreightAmt="0.0000" PremiumFreightAmt="0.0000" FreightTaxCategoryID="TAXABLE" CuryFreightTot="25.0000" FreightTot="25.0000" CuryMiscTot="0.0000" MiscTot="0.0000" CuryUnbilledMiscTot="0.0000" UnbilledMiscTot="0.0000" DiscTot="0.0000" CuryDiscTot="0.0000" ManDisc="0.0000" CuryManDisc="0.0000" OpenShipmentCntr="0" InclCustOpenOrders="1" OpenLineCntr="0" ShipmentCntr="1" LastSiteID="17" LastShipDate="2019-12-24 00:00:00" CreditHold="0" OrderDesc="Shopify Order #1170" Completed="1" ApprovedCredit="0" ApprovedCreditAmt="0.0000" PaymentMethodID="SHOPIFY" CashAccountID="10" IsCCAuthorized="0" IsCCCaptured="0" IsManualPackage="1" IsTaxValid="1" IsOpenTaxValid="1" IsUnbilledTaxValid="1" IsFreightTaxValid="1" CuryCCPreAuthAmount="0.0000" CuryCCCapturedAmt="0.0000" CCCapturedAmt="0.0000" IsCCCaptureFailed="0" VatTaxableTotal="0.0000" CuryVatTaxableTotal="0.0000" VatExemptTotal="0.0000" CuryVatExemptTotal="0.0000" Approved="1" IsRUTROTDeductible="0" DisableAutomaticDiscountCalculation="0" NoteID="8b72bfc5-0326-ea11-a6f0-9cb6d0c82c0c" Emailed="0" />
		<row OrderType="SO" OrderNbr="000016" BranchID="1" Behavior="SO" CustomerID="30" CustomerLocationID="29" OrderDate="2019-12-23 00:00:00" Hold="0" OpenDoc="1" LineCntr="2" BilledCntr="0" ReleasedCntr="1" PaymentCntr="1" BillAddressID="30" ShipAddressID="31" CuryID="USD" CuryInfoID="664074" CuryOrderTotal="379.3300" OrderTotal="379.3300" OrderQty="3.000000" CuryLineTotal="344.8500" LineTotal="344.8500" CuryTaxTotal="34.4800" TaxTotal="34.4800" OwnerID="b5344897-037e-4d58-b5c3-1bdfd0f47bf9" CuryControlTotal="379.3300" ControlTotal="379.3300" TaxZoneID="EXTERNAL" OverrideTaxZone="1" ProjectID="0" ShipComplete="B" CommnPct="0.000000" TermsID="30D" CreatedByID="b5344897-037e-4d58-b5c3-1bdfd0f47bf9" CreatedByScreenID="SO301000" CreatedDateTime="2019-12-23 22:32:12.297" LastModifiedByID="b5344897-037e-4d58-b5c3-1bdfd0f47bf9" LastModifiedByScreenID="SO303000" LastModifiedDateTime="2019-12-23 22:39:05.067" CuryOpenOrderTotal="34.4800" OpenOrderTotal="34.4800" CuryOpenLineTotal="0.0000" OpenLineTotal="0.0000" CuryOpenTaxTotal="34.4800" OpenTaxTotal="34.4800" OpenOrderQty="0.000000" CuryUnbilledOrderTotal="34.4800" UnbilledOrderTotal="34.4800" CuryUnbilledLineTotal="0.0000" UnbilledLineTotal="0.0000" CuryUnbilledTaxTotal="34.4800" UnbilledTaxTotal="34.4800" UnbilledOrderQty="0.000000" CancelDate="2019-12-23 00:00:00" RequestDate="2019-12-24 00:00:00" ShipDate="2019-12-24 00:00:00" Cancelled="0" BillContactID="30" ShipContactID="31" BillSeparately="1" ShipSeparately="1" CustomerOrderNbr="LOGIC-1171" CustomerRefNbr="1888518832172" PackageLineCntr="0" UseCustomerAccount="0" Resedential="0" SaturdayDelivery="0" Insurance="0" GroundCollect="0" Priority="0" Status="C" CuryFreightCost="0.0000" FreightCost="0.0000" FreightCostIsValid="1" IsPackageValid="0" OverrideFreightAmount="1" FreightAmountSource="O" CuryFreightAmt="0.0000" FreightAmt="0.0000" OrderWeight="48.000000" OrderVolume="0.000000" PackageWeight="0.000000" CuryPremiumFreightAmt="0.0000" PremiumFreightAmt="0.0000" FreightTaxCategoryID="TAXABLE" CuryFreightTot="0.0000" FreightTot="0.0000" CuryMiscTot="0.0000" MiscTot="0.0000" CuryUnbilledMiscTot="0.0000" UnbilledMiscTot="0.0000" DiscTot="0.0000" CuryDiscTot="0.0000" ManDisc="0.0000" CuryManDisc="0.0000" OpenShipmentCntr="0" InclCustOpenOrders="1" OpenLineCntr="0" ShipmentCntr="1" LastSiteID="17" LastShipDate="2019-12-24 00:00:00" CreditHold="0" OrderDesc="Shopify Order #1171" Completed="1" ApprovedCredit="0" ApprovedCreditAmt="0.0000" PaymentMethodID="SHOPIFY" CashAccountID="10" IsCCAuthorized="0" IsCCCaptured="0" IsManualPackage="1" IsTaxValid="1" IsOpenTaxValid="1" IsUnbilledTaxValid="1" IsFreightTaxValid="1" CuryCCPreAuthAmount="0.0000" CuryCCCapturedAmt="0.0000" CCCapturedAmt="0.0000" IsCCCaptureFailed="0" VatTaxableTotal="0.0000" CuryVatTaxableTotal="0.0000" VatExemptTotal="0.0000" CuryVatExemptTotal="0.0000" Approved="1" IsRUTROTDeductible="0" DisableAutomaticDiscountCalculation="0" NoteID="8005ae58-0626-ea11-a6f0-9cb6d0c82c0c" Emailed="0" />
		<row OrderType="SO" OrderNbr="000017" BranchID="1" Behavior="SO" CustomerID="30" CustomerLocationID="29" OrderDate="2019-12-23 00:00:00" Hold="0" OpenDoc="1" LineCntr="2" BilledCntr="0" ReleasedCntr="1" PaymentCntr="1" BillAddressID="32" ShipAddressID="33" CuryID="USD" CuryInfoID="664085" CuryOrderTotal="379.3300" OrderTotal="379.3300" OrderQty="3.000000" CuryLineTotal="344.8500" LineTotal="344.8500" CuryTaxTotal="34.4800" TaxTotal="34.4800" OwnerID="b5344897-037e-4d58-b5c3-1bdfd0f47bf9" CuryControlTotal="379.3300" ControlTotal="379.3300" TaxZoneID="EXTERNAL" OverrideTaxZone="1" ProjectID="0" ShipComplete="B" CommnPct="0.000000" TermsID="30D" CreatedByID="b5344897-037e-4d58-b5c3-1bdfd0f47bf9" CreatedByScreenID="SO301000" CreatedDateTime="2019-12-23 22:42:41.417" LastModifiedByID="b5344897-037e-4d58-b5c3-1bdfd0f47bf9" LastModifiedByScreenID="SO303000" LastModifiedDateTime="2019-12-23 22:44:38.663" CuryOpenOrderTotal="34.4800" OpenOrderTotal="34.4800" CuryOpenLineTotal="0.0000" OpenLineTotal="0.0000" CuryOpenTaxTotal="34.4800" OpenTaxTotal="34.4800" OpenOrderQty="0.000000" CuryUnbilledOrderTotal="34.4800" UnbilledOrderTotal="34.4800" CuryUnbilledLineTotal="0.0000" UnbilledLineTotal="0.0000" CuryUnbilledTaxTotal="34.4800" UnbilledTaxTotal="34.4800" UnbilledOrderQty="0.000000" CancelDate="2019-12-23 00:00:00" RequestDate="2019-12-24 00:00:00" ShipDate="2019-12-24 00:00:00" Cancelled="0" BillContactID="32" ShipContactID="33" BillSeparately="1" ShipSeparately="1" CustomerOrderNbr="LOGIC-1172" CustomerRefNbr="1888521551916" PackageLineCntr="0" UseCustomerAccount="0" Resedential="0" SaturdayDelivery="0" Insurance="0" GroundCollect="0" Priority="0" Status="C" CuryFreightCost="0.0000" FreightCost="0.0000" FreightCostIsValid="1" IsPackageValid="0" OverrideFreightAmount="1" FreightAmountSource="O" CuryFreightAmt="0.0000" FreightAmt="0.0000" OrderWeight="48.000000" OrderVolume="0.000000" PackageWeight="0.000000" CuryPremiumFreightAmt="0.0000" PremiumFreightAmt="0.0000" FreightTaxCategoryID="EXEMPT" CuryFreightTot="0.0000" FreightTot="0.0000" CuryMiscTot="0.0000" MiscTot="0.0000" CuryUnbilledMiscTot="0.0000" UnbilledMiscTot="0.0000" DiscTot="0.0000" CuryDiscTot="0.0000" ManDisc="0.0000" CuryManDisc="0.0000" OpenShipmentCntr="0" InclCustOpenOrders="1" OpenLineCntr="0" ShipmentCntr="1" LastSiteID="17" LastShipDate="2019-12-24 00:00:00" CreditHold="0" OrderDesc="Shopify Order #1172" Completed="1" ApprovedCredit="0" ApprovedCreditAmt="0.0000" PaymentMethodID="SHOPIFY" CashAccountID="10" IsCCAuthorized="0" IsCCCaptured="0" IsManualPackage="1" IsTaxValid="1" IsOpenTaxValid="1" IsUnbilledTaxValid="1" IsFreightTaxValid="1" CuryCCPreAuthAmount="0.0000" CuryCCCapturedAmt="0.0000" CCCapturedAmt="0.0000" IsCCCaptureFailed="0" VatTaxableTotal="0.0000" CuryVatTaxableTotal="0.0000" VatExemptTotal="0.0000" CuryVatExemptTotal="0.0000" Approved="1" IsRUTROTDeductible="0" DisableAutomaticDiscountCalculation="0" NoteID="6193cecf-0726-ea11-a6f0-9cb6d0c82c0c" Emailed="0" />
		<row OrderType="SO" OrderNbr="000018" BranchID="1" Behavior="SO" CustomerID="30" CustomerLocationID="29" OrderDate="2019-12-23 00:00:00" Hold="0" OpenDoc="1" LineCntr="3" BilledCntr="0" ReleasedCntr="2" PaymentCntr="1" BillAddressID="34" ShipAddressID="35" CuryID="USD" CuryInfoID="664096" CuryOrderTotal="355.1400" OrderTotal="355.1400" OrderQty="3.000000" CuryLineTotal="297.8500" LineTotal="297.8500" CuryTaxTotal="32.2900" TaxTotal="32.2900" OwnerID="b5344897-037e-4d58-b5c3-1bdfd0f47bf9" CuryControlTotal="355.1400" ControlTotal="355.1400" TaxZoneID="EXTERNAL" OverrideTaxZone="1" ProjectID="0" ShipComplete="B" CommnPct="0.000000" TermsID="30D" CreatedByID="b5344897-037e-4d58-b5c3-1bdfd0f47bf9" CreatedByScreenID="SO301000" CreatedDateTime="2019-12-23 22:48:53.583" LastModifiedByID="b5344897-037e-4d58-b5c3-1bdfd0f47bf9" LastModifiedByScreenID="SO303000" LastModifiedDateTime="2019-12-23 22:53:28.393" CuryOpenOrderTotal="32.2900" OpenOrderTotal="32.2900" CuryOpenLineTotal="0.0000" OpenLineTotal="0.0000" CuryOpenTaxTotal="32.2900" OpenTaxTotal="32.2900" OpenOrderQty="0.000000" CuryUnbilledOrderTotal="32.2900" UnbilledOrderTotal="32.2900" CuryUnbilledLineTotal="0.0000" UnbilledLineTotal="0.0000" CuryUnbilledTaxTotal="32.2900" UnbilledTaxTotal="32.2900" UnbilledOrderQty="0.000000" CancelDate="2019-12-23 00:00:00" RequestDate="2019-12-24 00:00:00" ShipDate="2019-12-24 00:00:00" Cancelled="0" BillContactID="34" ShipContactID="35" BillSeparately="1" ShipSeparately="1" CustomerOrderNbr="LOGIC-1173" CustomerRefNbr="1888522895404" PackageLineCntr="0" UseCustomerAccount="0" Resedential="0" SaturdayDelivery="0" Insurance="0" GroundCollect="0" Priority="0" Status="C" CuryFreightCost="0.0000" FreightCost="0.0000" FreightCostIsValid="1" IsPackageValid="0" OverrideFreightAmount="1" FreightAmountSource="O" CuryFreightAmt="25.0000" FreightAmt="25.0000" OrderWeight="48.000000" OrderVolume="0.000000" PackageWeight="0.000000" CuryPremiumFreightAmt="0.0000" PremiumFreightAmt="0.0000" FreightTaxCategoryID="TAXABLE" CuryFreightTot="25.0000" FreightTot="25.0000" CuryMiscTot="0.0000" MiscTot="0.0000" CuryUnbilledMiscTot="0.0000" UnbilledMiscTot="0.0000" DiscTot="0.0000" CuryDiscTot="0.0000" ManDisc="0.0000" CuryManDisc="0.0000" OpenShipmentCntr="0" InclCustOpenOrders="1" OpenLineCntr="0" ShipmentCntr="2" LastSiteID="17" LastShipDate="2019-12-24 00:00:00" CreditHold="0" OrderDesc="Shopify Order #1173" Completed="1" ApprovedCredit="0" ApprovedCreditAmt="0.0000" PaymentMethodID="SHOPIFY" CashAccountID="10" IsCCAuthorized="0" IsCCCaptured="0" IsManualPackage="1" IsTaxValid="1" IsOpenTaxValid="1" IsUnbilledTaxValid="1" IsFreightTaxValid="1" CuryCCPreAuthAmount="0.0000" CuryCCCapturedAmt="0.0000" CCCapturedAmt="0.0000" IsCCCaptureFailed="0" VatTaxableTotal="0.0000" CuryVatTaxableTotal="0.0000" VatExemptTotal="0.0000" CuryVatExemptTotal="0.0000" Approved="1" IsRUTROTDeductible="0" DisableAutomaticDiscountCalculation="0" NoteID="d50594ad-0826-ea11-a6f0-9cb6d0c82c0c" Emailed="0" />
		<row OrderType="SO" OrderNbr="000019" BranchID="1" Behavior="SO" CustomerID="30" CustomerLocationID="29" OrderDate="2019-12-23 00:00:00" Hold="0" OpenDoc="1" LineCntr="5" BilledCntr="0" ReleasedCntr="1" PaymentCntr="1" BillAddressID="36" ShipAddressID="37" CuryID="USD" CuryInfoID="664107" CuryOrderTotal="324.8400" OrderTotal="324.8400" OrderQty="3.000000" CuryLineTotal="279.8500" LineTotal="279.8500" CuryTaxTotal="24.9900" TaxTotal="24.9900" OwnerID="b5344897-037e-4d58-b5c3-1bdfd0f47bf9" CuryControlTotal="324.8400" ControlTotal="324.8400" TaxZoneID="EXTERNAL" OverrideTaxZone="1" ProjectID="0" ShipComplete="B" CommnPct="0.000000" TermsID="30D" CreatedByID="b5344897-037e-4d58-b5c3-1bdfd0f47bf9" CreatedByScreenID="SO301000" CreatedDateTime="2019-12-23 23:03:24.21" LastModifiedByID="b5344897-037e-4d58-b5c3-1bdfd0f47bf9" LastModifiedByScreenID="SO302000" LastModifiedDateTime="2019-12-23 23:09:40.833" CuryOpenOrderTotal="24.9900" OpenOrderTotal="24.9900" CuryOpenLineTotal="0.0000" OpenLineTotal="0.0000" CuryOpenTaxTotal="24.9900" OpenTaxTotal="24.9900" OpenOrderQty="0.000000" CuryUnbilledOrderTotal="139.9400" UnbilledOrderTotal="139.9400" CuryUnbilledLineTotal="114.9500" UnbilledLineTotal="114.9500" CuryUnbilledTaxTotal="24.9900" UnbilledTaxTotal="24.9900" UnbilledOrderQty="1.000000" CancelDate="2019-12-23 00:00:00" RequestDate="2019-12-24 00:00:00" ShipDate="2019-12-24 00:00:00" Cancelled="0" BillContactID="36" ShipContactID="37" BillSeparately="1" ShipSeparately="1" CustomerOrderNbr="LOGIC-1174" CustomerRefNbr="1888527286316" PackageLineCntr="0" UseCustomerAccount="0" Resedential="0" SaturdayDelivery="0" Insurance="0" GroundCollect="0" Priority="0" Status="C" CuryFreightCost="0.0000" FreightCost="0.0000" FreightCostIsValid="1" IsPackageValid="0" OverrideFreightAmount="1" FreightAmountSource="O" CuryFreightAmt="20.0000" FreightAmt="20.0000" OrderWeight="79.972640" OrderVolume="0.000000" PackageWeight="0.000000" CuryPremiumFreightAmt="0.0000" PremiumFreightAmt="0.0000" FreightTaxCategoryID="TAXABLE" CuryFreightTot="20.0000" FreightTot="20.0000" CuryMiscTot="0.0000" MiscTot="0.0000" CuryUnbilledMiscTot="0.0000" UnbilledMiscTot="0.0000" DiscTot="0.0000" CuryDiscTot="0.0000" ManDisc="0.0000" CuryManDisc="0.0000" OpenShipmentCntr="0" InclCustOpenOrders="1" OpenLineCntr="0" ShipmentCntr="2" LastSiteID="17" LastShipDate="2019-12-24 00:00:00" CreditHold="0" OrderDesc="Shopify Order #1174" Completed="1" ApprovedCredit="0" ApprovedCreditAmt="0.0000" PaymentMethodID="SHOPIFY" CashAccountID="10" IsCCAuthorized="0" IsCCCaptured="0" IsManualPackage="1" IsTaxValid="1" IsOpenTaxValid="1" IsUnbilledTaxValid="1" IsFreightTaxValid="1" CuryCCPreAuthAmount="0.0000" CuryCCCapturedAmt="0.0000" CCCapturedAmt="0.0000" IsCCCaptureFailed="0" VatTaxableTotal="0.0000" CuryVatTaxableTotal="0.0000" VatExemptTotal="0.0000" CuryVatExemptTotal="0.0000" Approved="1" IsRUTROTDeductible="0" DisableAutomaticDiscountCalculation="0" NoteID="703910b4-0a26-ea11-a6f0-9cb6d0c82c0c" Emailed="0" />
		<row OrderType="SO" OrderNbr="000020" BranchID="1" Behavior="SO" CustomerID="30" CustomerLocationID="29" OrderDate="2019-12-23 00:00:00" Hold="0" OpenDoc="0" LineCntr="1" BilledCntr="0" ReleasedCntr="0" PaymentCntr="0" BillAddressID="38" ShipAddressID="39" CuryID="USD" CuryInfoID="664123" CuryOrderTotal="0.0000" OrderTotal="0.0000" OrderQty="0.000000" CuryLineTotal="0.0000" LineTotal="0.0000" CuryTaxTotal="0.0000" TaxTotal="0.0000" OwnerID="b5344897-037e-4d58-b5c3-1bdfd0f47bf9" CuryControlTotal="0.0000" ControlTotal="0.0000" TaxZoneID="EXTERNAL" OverrideTaxZone="1" ProjectID="0" ShipComplete="B" CommnPct="0.000000" TermsID="30D" CreatedByID="b5344897-037e-4d58-b5c3-1bdfd0f47bf9" CreatedByScreenID="SO301000" CreatedDateTime="2019-12-23 23:27:34.697" LastModifiedByID="b5344897-037e-4d58-b5c3-1bdfd0f47bf9" LastModifiedByScreenID="SO301000" LastModifiedDateTime="2019-12-23 23:32:58.43" CuryOpenOrderTotal="0.0000" OpenOrderTotal="0.0000" CuryOpenLineTotal="0.0000" OpenLineTotal="0.0000" CuryOpenTaxTotal="0.0000" OpenTaxTotal="0.0000" OpenOrderQty="0.000000" CuryUnbilledOrderTotal="0.0000" UnbilledOrderTotal="0.0000" CuryUnbilledLineTotal="0.0000" UnbilledLineTotal="0.0000" CuryUnbilledTaxTotal="0.0000" UnbilledTaxTotal="0.0000" UnbilledOrderQty="0.000000" CancelDate="2019-12-23 00:00:00" RequestDate="2019-12-24 00:00:00" ShipDate="2019-12-24 00:00:00" Cancelled="0" BillContactID="38" ShipContactID="39" BillSeparately="1" ShipSeparately="1" CustomerOrderNbr="LOGIC-1176" CustomerRefNbr="1888534593580" PackageLineCntr="0" UseCustomerAccount="0" Resedential="0" SaturdayDelivery="0" Insurance="0" GroundCollect="0" Priority="0" Status="N" CuryFreightCost="0.0000" FreightCost="0.0000" FreightCostIsValid="1" IsPackageValid="0" OverrideFreightAmount="1" FreightAmountSource="O" CuryFreightAmt="0.0000" FreightAmt="0.0000" OrderWeight="0.000000" OrderVolume="0.000000" PackageWeight="0.000000" CuryPremiumFreightAmt="0.0000" PremiumFreightAmt="0.0000" FreightTaxCategoryID="EXEMPT" CuryFreightTot="0.0000" FreightTot="0.0000" CuryMiscTot="0.0000" MiscTot="0.0000" CuryUnbilledMiscTot="0.0000" UnbilledMiscTot="0.0000" DiscTot="0.0000" CuryDiscTot="0.0000" ManDisc="0.0000" CuryManDisc="0.0000" OpenShipmentCntr="0" InclCustOpenOrders="1" OpenLineCntr="0" ShipmentCntr="0" CreditHold="0" OrderDesc="Shopify Order #1176" Completed="0" ApprovedCredit="0" ApprovedCreditAmt="0.0000" PaymentMethodID="SHOPIFY" CashAccountID="10" IsCCAuthorized="0" IsCCCaptured="0" IsManualPackage="1" IsTaxValid="1" IsOpenTaxValid="1" IsUnbilledTaxValid="1" IsFreightTaxValid="1" CuryCCPreAuthAmount="0.0000" CuryCCCapturedAmt="0.0000" CCCapturedAmt="0.0000" IsCCCaptureFailed="0" VatTaxableTotal="0.0000" CuryVatTaxableTotal="0.0000" VatExemptTotal="0.0000" CuryVatExemptTotal="0.0000" Approved="1" IsRUTROTDeductible="0" DisableAutomaticDiscountCalculation="0" NoteID="0158f614-0e26-ea11-a6f0-9cb6d0c82c0c" Emailed="0" />
		<row OrderType="SO" OrderNbr="000021" BranchID="1" Behavior="SO" CustomerID="30" CustomerLocationID="29" OrderDate="2019-12-23 00:00:00" Hold="0" OpenDoc="1" LineCntr="3" BilledCntr="0" ReleasedCntr="0" PaymentCntr="0" BillAddressID="40" ShipAddressID="41" CuryID="USD" CuryInfoID="664136" CuryOrderTotal="344.8500" OrderTotal="344.8500" OrderQty="3.000000" CuryLineTotal="344.8500" LineTotal="344.8500" CuryTaxTotal="0.0000" TaxTotal="0.0000" OwnerID="b5344897-037e-4d58-b5c3-1bdfd0f47bf9" CuryControlTotal="344.8500" ControlTotal="344.8500" OverrideTaxZone="1" ProjectID="0" ShipComplete="B" CommnPct="0.000000" TermsID="30D" CreatedByID="b5344897-037e-4d58-b5c3-1bdfd0f47bf9" CreatedByScreenID="SO301000" CreatedDateTime="2019-12-24 00:10:51.67" LastModifiedByID="b5344897-037e-4d58-b5c3-1bdfd0f47bf9" LastModifiedByScreenID="SO301000" LastModifiedDateTime="2020-01-07 10:09:20.993" CuryOpenOrderTotal="229.9000" OpenOrderTotal="229.9000" CuryOpenLineTotal="229.9000" OpenLineTotal="229.9000" CuryOpenTaxTotal="0.0000" OpenTaxTotal="0.0000" OpenOrderQty="2.000000" CuryUnbilledOrderTotal="344.8500" UnbilledOrderTotal="344.8500" CuryUnbilledLineTotal="344.8500" UnbilledLineTotal="344.8500" CuryUnbilledTaxTotal="0.0000" UnbilledTaxTotal="0.0000" UnbilledOrderQty="3.000000" CancelDate="2019-12-23 00:00:00" RequestDate="2019-12-24 00:00:00" ShipDate="2019-12-24 00:00:00" Cancelled="0" BillContactID="40" ShipContactID="41" BillSeparately="1" ShipSeparately="1" CustomerOrderNbr="LOGIC-1186" CustomerRefNbr="1888542851116" PackageLineCntr="0" UseCustomerAccount="0" Resedential="0" SaturdayDelivery="0" Insurance="0" GroundCollect="0" Priority="0" Status="B" CuryFreightCost="0.0000" FreightCost="0.0000" FreightCostIsValid="1" IsPackageValid="0" OverrideFreightAmount="1" FreightAmountSource="O" CuryFreightAmt="0.0000" FreightAmt="0.0000" OrderWeight="48.000000" OrderVolume="0.000000" PackageWeight="0.000000" CuryPremiumFreightAmt="0.0000" PremiumFreightAmt="0.0000" FreightTaxCategoryID="EXEMPT" CuryFreightTot="0.0000" FreightTot="0.0000" CuryMiscTot="0.0000" MiscTot="0.0000" CuryUnbilledMiscTot="0.0000" UnbilledMiscTot="0.0000" DiscTot="0.0000" CuryDiscTot="0.0000" ManDisc="0.0000" CuryManDisc="0.0000" OpenShipmentCntr="0" InclCustOpenOrders="1" OpenLineCntr="1" ShipmentCntr="1" LastSiteID="17" LastShipDate="2020-01-06 00:00:00" CreditHold="0" OrderDesc="Shopify Order #1178" Completed="0" ApprovedCredit="0" ApprovedCreditAmt="0.0000" PaymentMethodID="SHOPIFY" CashAccountID="10" IsCCAuthorized="0" IsCCCaptured="0" IsManualPackage="1" IsTaxValid="0" IsOpenTaxValid="0" IsUnbilledTaxValid="0" IsFreightTaxValid="0" CuryCCPreAuthAmount="0.0000" CuryCCCapturedAmt="0.0000" CCCapturedAmt="0.0000" IsCCCaptureFailed="0" VatTaxableTotal="0.0000" CuryVatTaxableTotal="0.0000" VatExemptTotal="0.0000" CuryVatExemptTotal="0.0000" Approved="1" IsRUTROTDeductible="0" DisableAutomaticDiscountCalculation="0" NoteID="cd7df320-1426-ea11-a6f0-9cb6d0c82c0c" Emailed="0" />
		<row OrderType="SO" OrderNbr="000022" BranchID="1" Behavior="SO" CustomerID="30" CustomerLocationID="29" OrderDate="2019-12-23 00:00:00" Hold="1" OpenDoc="1" LineCntr="2" BilledCntr="0" ReleasedCntr="0" PaymentCntr="1" BillAddressID="42" ShipAddressID="43" CuryID="USD" CuryInfoID="664144" CuryOrderTotal="379.3300" OrderTotal="379.3300" OrderQty="3.000000" CuryLineTotal="344.8500" LineTotal="344.8500" CuryTaxTotal="34.4800" TaxTotal="34.4800" OwnerID="b5344897-037e-4d58-b5c3-1bdfd0f47bf9" CuryControlTotal="379.3300" ControlTotal="379.3300" TaxZoneID="EXTERNAL" OverrideTaxZone="1" ProjectID="0" ShipComplete="B" CommnPct="0.000000" TermsID="30D" CreatedByID="b5344897-037e-4d58-b5c3-1bdfd0f47bf9" CreatedByScreenID="SO301000" CreatedDateTime="2019-12-24 00:14:03.77" LastModifiedByID="b5344897-037e-4d58-b5c3-1bdfd0f47bf9" LastModifiedByScreenID="SO301000" LastModifiedDateTime="2019-12-31 13:56:20.177" CuryOpenOrderTotal="379.3300" OpenOrderTotal="379.3300" CuryOpenLineTotal="344.8500" OpenLineTotal="344.8500" CuryOpenTaxTotal="34.4800" OpenTaxTotal="34.4800" OpenOrderQty="3.000000" CuryUnbilledOrderTotal="379.3300" UnbilledOrderTotal="379.3300" CuryUnbilledLineTotal="344.8500" UnbilledLineTotal="344.8500" CuryUnbilledTaxTotal="34.4800" UnbilledTaxTotal="34.4800" UnbilledOrderQty="3.000000" CancelDate="2019-12-23 00:00:00" RequestDate="2019-12-24 00:00:00" ShipDate="2019-12-24 00:00:00" Cancelled="0" BillContactID="42" ShipContactID="43" BillSeparately="1" ShipSeparately="1" CustomerOrderNbr="LOGIC-1183" CustomerRefNbr="1888544292908" PackageLineCntr="0" UseCustomerAccount="0" Resedential="0" SaturdayDelivery="0" Insurance="0" GroundCollect="0" Priority="0" Status="H" CuryFreightCost="0.0000" FreightCost="0.0000" FreightCostIsValid="1" IsPackageValid="0" OverrideFreightAmount="1" FreightAmountSource="O" CuryFreightAmt="0.0000" FreightAmt="0.0000" OrderWeight="48.000000" OrderVolume="0.000000" PackageWeight="0.000000" CuryPremiumFreightAmt="0.0000" PremiumFreightAmt="0.0000" FreightTaxCategoryID="EXEMPT" CuryFreightTot="0.0000" FreightTot="0.0000" CuryMiscTot="0.0000" MiscTot="0.0000" CuryUnbilledMiscTot="0.0000" UnbilledMiscTot="0.0000" DiscTot="0.0000" CuryDiscTot="0.0000" ManDisc="0.0000" CuryManDisc="0.0000" OpenShipmentCntr="0" InclCustOpenOrders="0" OpenLineCntr="1" ShipmentCntr="0" CreditHold="0" OrderDesc="Shopify Order #1179" Completed="0" ApprovedCredit="0" ApprovedCreditAmt="0.0000" PaymentMethodID="SHOPIFY" CashAccountID="10" IsCCAuthorized="0" IsCCCaptured="0" IsManualPackage="1" IsTaxValid="1" IsOpenTaxValid="1" IsUnbilledTaxValid="1" IsFreightTaxValid="1" CuryCCPreAuthAmount="0.0000" CuryCCCapturedAmt="0.0000" CCCapturedAmt="0.0000" IsCCCaptureFailed="0" VatTaxableTotal="0.0000" CuryVatTaxableTotal="0.0000" VatExemptTotal="0.0000" CuryVatExemptTotal="0.0000" Approved="0" IsRUTROTDeductible="0" DisableAutomaticDiscountCalculation="0" NoteID="c934a793-1426-ea11-a6f0-9cb6d0c82c0c" Emailed="0" />
		<row OrderType="SO" OrderNbr="000023" BranchID="1" Behavior="SO" CustomerID="30" CustomerLocationID="29" OrderDate="2019-12-31 00:00:00" Hold="0" OpenDoc="1" LineCntr="4" BilledCntr="0" ReleasedCntr="0" PaymentCntr="0" BillAddressID="44" ShipAddressID="44" CuryID="USD" CuryInfoID="664148" CuryOrderTotal="494.7000" OrderTotal="494.7000" OrderQty="6.000000" CuryLineTotal="494.7000" LineTotal="494.7000" CuryTaxTotal="0.0000" TaxTotal="0.0000" OwnerID="b5344897-037e-4d58-b5c3-1bdfd0f47bf9" CuryControlTotal="494.7000" ControlTotal="494.7000" OverrideTaxZone="1" ProjectID="0" ShipComplete="L" CommnPct="0.000000" TermsID="30D" CreatedByID="b5344897-037e-4d58-b5c3-1bdfd0f47bf9" CreatedByScreenID="SO301000" CreatedDateTime="2019-12-31 10:32:11.62" LastModifiedByID="b5344897-037e-4d58-b5c3-1bdfd0f47bf9" LastModifiedByScreenID="SO302000" LastModifiedDateTime="2019-12-31 10:32:52.413" CuryOpenOrderTotal="0.0000" OpenOrderTotal="0.0000" CuryOpenLineTotal="0.0000" OpenLineTotal="0.0000" CuryOpenTaxTotal="0.0000" OpenTaxTotal="0.0000" OpenOrderQty="0.000000" CuryUnbilledOrderTotal="164.9000" UnbilledOrderTotal="164.9000" CuryUnbilledLineTotal="164.9000" UnbilledLineTotal="164.9000" CuryUnbilledTaxTotal="0.0000" UnbilledTaxTotal="0.0000" UnbilledOrderQty="2.000000" CancelDate="2019-12-31 00:00:00" RequestDate="2019-12-31 00:00:00" ShipDate="2019-12-31 00:00:00" Cancelled="0" BillContactID="44" ShipContactID="44" BillSeparately="0" ShipSeparately="1" PackageLineCntr="0" UseCustomerAccount="0" Resedential="0" SaturdayDelivery="0" Insurance="0" GroundCollect="0" Priority="0" Status="C" CuryFreightCost="0.0000" FreightCost="0.0000" FreightCostIsValid="1" IsPackageValid="0" OverrideFreightAmount="0" FreightAmountSource="S" CuryFreightAmt="0.0000" FreightAmt="0.0000" OrderWeight="191.917920" OrderVolume="0.000000" PackageWeight="0.000000" CuryPremiumFreightAmt="0.0000" PremiumFreightAmt="0.0000" CuryFreightTot="0.0000" FreightTot="0.0000" CuryMiscTot="0.0000" MiscTot="0.0000" CuryUnbilledMiscTot="0.0000" UnbilledMiscTot="0.0000" DiscTot="0.0000" CuryDiscTot="0.0000" ManDisc="0.0000" CuryManDisc="0.0000" OpenShipmentCntr="0" InclCustOpenOrders="1" OpenLineCntr="0" ShipmentCntr="1" LastSiteID="17" LastShipDate="2019-12-31 00:00:00" CreditHold="0" Completed="1" ApprovedCredit="0" ApprovedCreditAmt="0.0000" PaymentMethodID="CHECK" CashAccountID="9" IsCCAuthorized="0" IsCCCaptured="0" IsManualPackage="1" IsTaxValid="0" IsOpenTaxValid="0" IsUnbilledTaxValid="0" IsFreightTaxValid="0" CuryCCPreAuthAmount="0.0000" CuryCCCapturedAmt="0.0000" CCCapturedAmt="0.0000" IsCCCaptureFailed="0" VatTaxableTotal="0.0000" CuryVatTaxableTotal="0.0000" VatExemptTotal="0.0000" CuryVatExemptTotal="0.0000" Approved="1" IsRUTROTDeductible="0" DisableAutomaticDiscountCalculation="0" NoteID="341aa8fc-ea2b-ea11-a6f1-9cb6d0c82c0c" Emailed="0" />
	</rows>
</data>