﻿<?xml version="1.0" encoding="utf-8"?>
<data>
	<table name="SOOrderTypeOperation">
		<col name="CompanyID" type="Int" default="Zero" />
		<col name="OrderType" type="Char(2)" />
		<col name="Operation" type="Char(1)" />
		<col name="INDocType" type="Char(3)" />
		<col name="OrderPlanType" type="Char(2)" nullable="true" />
		<col name="ShipmentPlanType" type="Char(2)" nullable="true" />
		<col name="AutoCreateIssueLine" type="Bit" default="Zero" />
		<col name="Active" type="Bit" />
		<col name="RequireReasonCode" type="Bit" nullable="true" />
		<col name="InvtMult" type="SmallInt" nullable="true" />
		<col name="CreatedByID" type="UniqueIdentifier" />
		<col name="CreatedByScreenID" type="Char(8)" />
		<col name="CreatedDateTime" type="DateTime" />
		<col name="LastModifiedByID" type="UniqueIdentifier" />
		<col name="LastModifiedByScreenID" type="Char(8)" />
		<col name="LastModifiedDateTime" type="DateTime" />
		<col name="tstamp" type="Timestamp" />
		<col name="CompanyMask" type="VarBinary(32)" default="CompanyMaskReadOnly" />
	</table>
	<rows>
		<row OrderType="CM" Operation="R" INDocType="CRM" OrderPlanType="62" AutoCreateIssueLine="0" Active="1" RequireReasonCode="0" InvtMult="1" CreatedByID="b5344897-037e-4d58-b5c3-1bdfd0f47bf9" CreatedByScreenID="SO201000" CreatedDateTime="2019-12-02 19:47:02.077" LastModifiedByID="b5344897-037e-4d58-b5c3-1bdfd0f47bf9" LastModifiedByScreenID="SO201000" LastModifiedDateTime="2019-12-02 19:47:02.077" />
	</rows>
</data>