﻿<?xml version="1.0" encoding="utf-8"?>
<data>
	<table name="SOOrderSite">
		<col name="CompanyID" type="Int" default="Zero" />
		<col name="OrderType" type="Char(2)" />
		<col name="OrderNbr" type="NVarChar(15)" />
		<col name="SiteID" type="Int" />
		<col name="LineCntr" type="Int" />
		<col name="OpenLineCntr" type="Int" />
		<col name="OpenShipmentCntr" type="Int" />
		<col name="ShipmentCntr" type="Int" />
		<col name="CreatedByID" type="UniqueIdentifier" />
		<col name="CreatedByScreenID" type="VarChar(10)" />
		<col name="CreatedDateTime" type="DateTime" />
		<col name="LastModifiedByID" type="UniqueIdentifier" />
		<col name="LastModifiedByScreenID" type="VarChar(10)" />
		<col name="LastModifiedDateTime" type="DateTime" />
		<col name="tstamp" type="Timestamp" />
	</table>
	<rows>
		<row OrderType="SO" OrderNbr="000002" SiteID="17" LineCntr="1" OpenLineCntr="0" OpenShipmentCntr="0" ShipmentCntr="0" CreatedByID="b5344897-037e-4d58-b5c3-1bdfd0f47bf9" CreatedByScreenID="SO301000" CreatedDateTime="2019-12-05 12:10:12.167" LastModifiedByID="b5344897-037e-4d58-b5c3-1bdfd0f47bf9" LastModifiedByScreenID="SO301000" LastModifiedDateTime="2019-12-05 12:11:35.37" />
		<row OrderType="SO" OrderNbr="000003" SiteID="17" LineCntr="1" OpenLineCntr="0" OpenShipmentCntr="0" ShipmentCntr="0" CreatedByID="b5344897-037e-4d58-b5c3-1bdfd0f47bf9" CreatedByScreenID="SO301000" CreatedDateTime="2019-12-05 12:10:12.2" LastModifiedByID="b5344897-037e-4d58-b5c3-1bdfd0f47bf9" LastModifiedByScreenID="SO301000" LastModifiedDateTime="2019-12-05 12:10:12.2" />
		<row OrderType="SO" OrderNbr="000004" SiteID="17" LineCntr="1" OpenLineCntr="0" OpenShipmentCntr="0" ShipmentCntr="0" CreatedByID="b5344897-037e-4d58-b5c3-1bdfd0f47bf9" CreatedByScreenID="SO301000" CreatedDateTime="2019-12-05 12:10:14.113" LastModifiedByID="b5344897-037e-4d58-b5c3-1bdfd0f47bf9" LastModifiedByScreenID="SO301000" LastModifiedDateTime="2019-12-05 12:10:14.113" />
		<row OrderType="SO" OrderNbr="000005" SiteID="17" LineCntr="1" OpenLineCntr="0" OpenShipmentCntr="0" ShipmentCntr="0" CreatedByID="b5344897-037e-4d58-b5c3-1bdfd0f47bf9" CreatedByScreenID="SO301000" CreatedDateTime="2019-12-05 12:10:19.037" LastModifiedByID="b5344897-037e-4d58-b5c3-1bdfd0f47bf9" LastModifiedByScreenID="SO302000" LastModifiedDateTime="2019-12-23 17:18:41.42" />
		<row OrderType="SO" OrderNbr="000006" SiteID="17" LineCntr="1" OpenLineCntr="0" OpenShipmentCntr="0" ShipmentCntr="0" CreatedByID="b5344897-037e-4d58-b5c3-1bdfd0f47bf9" CreatedByScreenID="SO301000" CreatedDateTime="2019-12-23 17:14:53.297" LastModifiedByID="b5344897-037e-4d58-b5c3-1bdfd0f47bf9" LastModifiedByScreenID="SO301000" LastModifiedDateTime="2019-12-23 17:14:53.297" />
		<row OrderType="SO" OrderNbr="000007" SiteID="17" LineCntr="1" OpenLineCntr="0" OpenShipmentCntr="0" ShipmentCntr="0" CreatedByID="b5344897-037e-4d58-b5c3-1bdfd0f47bf9" CreatedByScreenID="SO301000" CreatedDateTime="2019-12-23 17:18:32.13" LastModifiedByID="b5344897-037e-4d58-b5c3-1bdfd0f47bf9" LastModifiedByScreenID="SO302000" LastModifiedDateTime="2019-12-23 17:20:19.893" />
		<row OrderType="SO" OrderNbr="000008" SiteID="17" LineCntr="1" OpenLineCntr="0" OpenShipmentCntr="0" ShipmentCntr="0" CreatedByID="b5344897-037e-4d58-b5c3-1bdfd0f47bf9" CreatedByScreenID="SO301000" CreatedDateTime="2019-12-23 17:23:53.293" LastModifiedByID="b5344897-037e-4d58-b5c3-1bdfd0f47bf9" LastModifiedByScreenID="SO302000" LastModifiedDateTime="2019-12-23 17:25:58.673" />
		<row OrderType="SO" OrderNbr="000009" SiteID="17" LineCntr="1" OpenLineCntr="0" OpenShipmentCntr="0" ShipmentCntr="0" CreatedByID="b5344897-037e-4d58-b5c3-1bdfd0f47bf9" CreatedByScreenID="SO301000" CreatedDateTime="2019-12-23 17:29:54.49" LastModifiedByID="b5344897-037e-4d58-b5c3-1bdfd0f47bf9" LastModifiedByScreenID="SO302000" LastModifiedDateTime="2019-12-23 17:32:14.633" />
		<row OrderType="SO" OrderNbr="000010" SiteID="17" LineCntr="1" OpenLineCntr="0" OpenShipmentCntr="0" ShipmentCntr="0" CreatedByID="b5344897-037e-4d58-b5c3-1bdfd0f47bf9" CreatedByScreenID="SO301000" CreatedDateTime="2019-12-23 17:33:22.96" LastModifiedByID="b5344897-037e-4d58-b5c3-1bdfd0f47bf9" LastModifiedByScreenID="SO302000" LastModifiedDateTime="2019-12-23 17:35:18.067" />
		<row OrderType="SO" OrderNbr="000011" SiteID="17" LineCntr="1" OpenLineCntr="0" OpenShipmentCntr="0" ShipmentCntr="0" CreatedByID="b5344897-037e-4d58-b5c3-1bdfd0f47bf9" CreatedByScreenID="SO301000" CreatedDateTime="2019-12-23 17:37:33.903" LastModifiedByID="b5344897-037e-4d58-b5c3-1bdfd0f47bf9" LastModifiedByScreenID="SO302000" LastModifiedDateTime="2019-12-23 17:44:01.957" />
		<row OrderType="SO" OrderNbr="000012" SiteID="17" LineCntr="1" OpenLineCntr="0" OpenShipmentCntr="0" ShipmentCntr="0" CreatedByID="b5344897-037e-4d58-b5c3-1bdfd0f47bf9" CreatedByScreenID="SO301000" CreatedDateTime="2019-12-23 17:46:16.853" LastModifiedByID="b5344897-037e-4d58-b5c3-1bdfd0f47bf9" LastModifiedByScreenID="SO302000" LastModifiedDateTime="2019-12-23 17:47:29.58" />
		<row OrderType="SO" OrderNbr="000013" SiteID="17" LineCntr="1" OpenLineCntr="0" OpenShipmentCntr="0" ShipmentCntr="0" CreatedByID="b5344897-037e-4d58-b5c3-1bdfd0f47bf9" CreatedByScreenID="SO301000" CreatedDateTime="2019-12-23 17:52:34.23" LastModifiedByID="b5344897-037e-4d58-b5c3-1bdfd0f47bf9" LastModifiedByScreenID="SO302000" LastModifiedDateTime="2019-12-23 22:20:17.263" />
		<row OrderType="SO" OrderNbr="000014" SiteID="17" LineCntr="1" OpenLineCntr="0" OpenShipmentCntr="0" ShipmentCntr="0" CreatedByID="b5344897-037e-4d58-b5c3-1bdfd0f47bf9" CreatedByScreenID="SO301000" CreatedDateTime="2019-12-23 22:08:36.85" LastModifiedByID="b5344897-037e-4d58-b5c3-1bdfd0f47bf9" LastModifiedByScreenID="SO302000" LastModifiedDateTime="2019-12-23 22:26:27.487" />
		<row OrderType="SO" OrderNbr="000015" SiteID="17" LineCntr="1" OpenLineCntr="0" OpenShipmentCntr="0" ShipmentCntr="0" CreatedByID="b5344897-037e-4d58-b5c3-1bdfd0f47bf9" CreatedByScreenID="SO301000" CreatedDateTime="2019-12-23 22:13:47.32" LastModifiedByID="b5344897-037e-4d58-b5c3-1bdfd0f47bf9" LastModifiedByScreenID="SO302000" LastModifiedDateTime="2019-12-23 22:17:01.377" />
		<row OrderType="SO" OrderNbr="000016" SiteID="17" LineCntr="1" OpenLineCntr="0" OpenShipmentCntr="0" ShipmentCntr="0" CreatedByID="b5344897-037e-4d58-b5c3-1bdfd0f47bf9" CreatedByScreenID="SO301000" CreatedDateTime="2019-12-23 22:32:12.387" LastModifiedByID="b5344897-037e-4d58-b5c3-1bdfd0f47bf9" LastModifiedByScreenID="SO302000" LastModifiedDateTime="2019-12-23 22:38:44.26" />
		<row OrderType="SO" OrderNbr="000017" SiteID="17" LineCntr="1" OpenLineCntr="0" OpenShipmentCntr="0" ShipmentCntr="0" CreatedByID="b5344897-037e-4d58-b5c3-1bdfd0f47bf9" CreatedByScreenID="SO301000" CreatedDateTime="2019-12-23 22:42:41.467" LastModifiedByID="b5344897-037e-4d58-b5c3-1bdfd0f47bf9" LastModifiedByScreenID="SO302000" LastModifiedDateTime="2019-12-23 22:44:20.6" />
		<row OrderType="SO" OrderNbr="000018" SiteID="17" LineCntr="1" OpenLineCntr="0" OpenShipmentCntr="0" ShipmentCntr="0" CreatedByID="b5344897-037e-4d58-b5c3-1bdfd0f47bf9" CreatedByScreenID="SO301000" CreatedDateTime="2019-12-23 22:48:53.633" LastModifiedByID="b5344897-037e-4d58-b5c3-1bdfd0f47bf9" LastModifiedByScreenID="SO302000" LastModifiedDateTime="2019-12-23 22:53:08.773" />
		<row OrderType="SO" OrderNbr="000019" SiteID="17" LineCntr="2" OpenLineCntr="0" OpenShipmentCntr="0" ShipmentCntr="0" CreatedByID="b5344897-037e-4d58-b5c3-1bdfd0f47bf9" CreatedByScreenID="SO301000" CreatedDateTime="2019-12-23 23:03:24.343" LastModifiedByID="b5344897-037e-4d58-b5c3-1bdfd0f47bf9" LastModifiedByScreenID="SO302000" LastModifiedDateTime="2019-12-23 23:09:40.403" />
		<row OrderType="SO" OrderNbr="000020" SiteID="17" LineCntr="1" OpenLineCntr="0" OpenShipmentCntr="0" ShipmentCntr="0" CreatedByID="b5344897-037e-4d58-b5c3-1bdfd0f47bf9" CreatedByScreenID="SO301000" CreatedDateTime="2019-12-23 23:27:34.8" LastModifiedByID="b5344897-037e-4d58-b5c3-1bdfd0f47bf9" LastModifiedByScreenID="SO301000" LastModifiedDateTime="2019-12-23 23:32:57.217" />
		<row OrderType="SO" OrderNbr="000021" SiteID="17" LineCntr="1" OpenLineCntr="0" OpenShipmentCntr="0" ShipmentCntr="0" CreatedByID="b5344897-037e-4d58-b5c3-1bdfd0f47bf9" CreatedByScreenID="SO301000" CreatedDateTime="2019-12-24 00:10:51.733" LastModifiedByID="b5344897-037e-4d58-b5c3-1bdfd0f47bf9" LastModifiedByScreenID="SO302000" LastModifiedDateTime="2020-01-06 17:52:22.377" />
		<row OrderType="SO" OrderNbr="000022" SiteID="17" LineCntr="1" OpenLineCntr="0" OpenShipmentCntr="0" ShipmentCntr="0" CreatedByID="b5344897-037e-4d58-b5c3-1bdfd0f47bf9" CreatedByScreenID="SO301000" CreatedDateTime="2019-12-24 00:14:03.903" LastModifiedByID="b5344897-037e-4d58-b5c3-1bdfd0f47bf9" LastModifiedByScreenID="SO301000" LastModifiedDateTime="2019-12-24 00:14:03.903" />
		<row OrderType="SO" OrderNbr="000023" SiteID="17" LineCntr="2" OpenLineCntr="0" OpenShipmentCntr="0" ShipmentCntr="0" CreatedByID="b5344897-037e-4d58-b5c3-1bdfd0f47bf9" CreatedByScreenID="SO301000" CreatedDateTime="2019-12-31 10:32:11.987" LastModifiedByID="b5344897-037e-4d58-b5c3-1bdfd0f47bf9" LastModifiedByScreenID="SO302000" LastModifiedDateTime="2019-12-31 10:32:52.537" />
	</rows>
</data>