﻿<?xml version="1.0" encoding="utf-8"?>
<data>
	<table name="SOSetup">
		<col name="CompanyID" type="Int" default="Zero" />
		<col name="AutoReleaseIN" type="Bit" />
		<col name="CreatedByID" type="UniqueIdentifier" />
		<col name="CreatedByScreenID" type="Char(8)" />
		<col name="CreatedDateTime" type="DateTime" />
		<col name="LastModifiedByID" type="UniqueIdentifier" />
		<col name="LastModifiedByScreenID" type="Char(8)" />
		<col name="LastModifiedDateTime" type="DateTime" />
		<col name="tstamp" type="Timestamp" />
		<col name="ShipmentNumberingID" type="NVarChar(10)" nullable="true" />
		<col name="HoldShipments" type="Bit" nullable="true" />
		<col name="AddAllToShipment" type="Bit" default="Zero" />
		<col name="CreateZeroShipments" type="Bit" default="Zero" />
		<col name="RequireShipmentTotal" type="Bit" nullable="true" />
		<col name="DefaultOrderAssignmentMapID" type="Int" nullable="true" />
		<col name="DefaultShipmentAssignmentMapID" type="Int" nullable="true" />
		<col name="SalesPriceUpdateUnit" type="Char(1)" nullable="true" />
		<col name="ProrateDiscounts" type="Bit" />
		<col name="FreeItemShipping" type="Char(1)" nullable="true" />
		<col name="FreightAllocation" type="Char(1)" nullable="true" />
		<col name="DefaultOrderType" type="Char(2)" nullable="true" />
		<col name="TransferOrderType" type="Char(2)" nullable="true" />
		<col name="CreditCheckError" type="Bit" />
		<col name="UseShipDateForInvoiceDate" type="Bit" default="Zero" />
		<col name="MinGrossProfitValidation" type="Char(1)" nullable="true" />
		<col name="UsePriceAdjustmentMultiplier" type="Bit" default="Zero" />
		<col name="IgnoreMinGrossProfitCustomerPrice" type="Bit" default="Zero" />
		<col name="IgnoreMinGrossProfitCustomerPriceClass" type="Bit" default="Zero" />
		<col name="IgnoreMinGrossProfitPromotionalPrice" type="Bit" default="Zero" />
		<col name="AdvancedAvailCheck" type="Bit" />
		<col name="OrderRequestApproval" type="Bit" nullable="true" />
		<col name="UseShippedNotInvoiced" type="Bit" nullable="true" />
		<col name="ShippedNotInvoicedAcctID" type="Int" nullable="true" />
		<col name="ShippedNotInvoicedSubID" type="Int" nullable="true" />
		<col name="SalesProfitabilityForNSKits" type="Char(1)" nullable="true" />
		<col name="ConsolidateIN" type="Bit" default="Zero" />
	</table>
	<rows>
		<row AutoReleaseIN="0" CreatedByID="b5344897-037e-4d58-b5c3-1bdfd0f47bf9" CreatedByScreenID="SO101000" CreatedDateTime="2019-12-02 19:50:42.82" LastModifiedByID="b5344897-037e-4d58-b5c3-1bdfd0f47bf9" LastModifiedByScreenID="SO101000" LastModifiedDateTime="2019-12-02 19:50:42.82" ShipmentNumberingID="SOSHIPMENT" HoldShipments="1" AddAllToShipment="0" CreateZeroShipments="0" RequireShipmentTotal="1" ProrateDiscounts="1" FreeItemShipping="P" FreightAllocation="A" DefaultOrderType="SO" TransferOrderType="TR" CreditCheckError="1" UseShipDateForInvoiceDate="1" MinGrossProfitValidation="W" UsePriceAdjustmentMultiplier="0" IgnoreMinGrossProfitCustomerPrice="0" IgnoreMinGrossProfitCustomerPriceClass="0" IgnoreMinGrossProfitPromotionalPrice="0" AdvancedAvailCheck="0" OrderRequestApproval="0" UseShippedNotInvoiced="0" ShippedNotInvoicedSubID="1" SalesProfitabilityForNSKits="C" ConsolidateIN="0" />
	</rows>
</data>