﻿<?xml version="1.0" encoding="utf-8"?>
<data>
	<table name="SOShipLineSplit">
		<col name="CompanyID" type="Int" default="Zero" />
		<col name="ShipmentNbr" type="NVarChar(15)" />
		<col name="LineNbr" type="Int" />
		<col name="SortOrder" type="Int" nullable="true" />
		<col name="SplitLineNbr" type="Int" />
		<col name="InventoryID" type="Int" />
		<col name="IsStockItem" type="Bit" />
		<col name="IsComponentItem" type="Bit" default="Zero" />
		<col name="SiteID" type="Int" />
		<col name="LocationID" type="Int" nullable="true" />
		<col name="SubItemID" type="Int" nullable="true" />
		<col name="LotSerialNbr" type="NVarChar(100)" nullable="true" />
		<col name="ExpireDate" type="SmallDateTime" nullable="true" />
		<col name="UOM" type="NVarChar(6)" nullable="true" />
		<col name="Qty" type="Decimal(25,6)" />
		<col name="BaseQty" type="Decimal(25,6)" />
		<col name="PickedQty" type="Decimal(25,6)" />
		<col name="BasePickedQty" type="Decimal(25,6)" />
		<col name="PackedQty" type="Decimal(25,6)" />
		<col name="BasePackedQty" type="Decimal(25,6)" />
		<col name="InvtMult" type="SmallInt" nullable="true" />
		<col name="Operation" type="Char(1)" />
		<col name="ShipDate" type="SmallDateTime" nullable="true" />
		<col name="PlanID" type="BigInt" nullable="true" />
		<col name="CreatedDateTime" type="DateTime" />
		<col name="CreatedByID" type="UniqueIdentifier" />
		<col name="CreatedByScreenID" type="Char(8)" />
		<col name="LastModifiedDateTime" type="DateTime" />
		<col name="LastModifiedByID" type="UniqueIdentifier" />
		<col name="LastModifiedByScreenID" type="Char(8)" />
		<col name="tstamp" type="Timestamp" />
		<col name="Released" type="Bit" nullable="true" />
		<col name="IsUnassigned" type="Bit" />
		<col name="Confirmed" type="Bit" nullable="true" />
		<col name="LineType" type="Char(2)" nullable="true" />
		<col name="PlanType" type="Char(2)" nullable="true" />
		<col name="OrigPlanType" type="Char(2)" nullable="true" />
		<col name="OrigOrderNbr" type="NVarChar(15)" nullable="true" />
		<col name="OrigLineNbr" type="Int" nullable="true" />
		<col name="OrigSplitLineNbr" type="Int" nullable="true" />
		<col name="OrigOrderType" type="Char(2)" />
	</table>
	<rows>
		<row ShipmentNbr="000001" LineNbr="1" SplitLineNbr="2" InventoryID="2608" IsStockItem="1" IsComponentItem="0" SiteID="17" LocationID="18" SubItemID="9" LotSerialNbr="" UOM="PIECE" Qty="3.000000" BaseQty="3.000000" PickedQty="0.000000" BasePickedQty="0.000000" PackedQty="0.000000" BasePackedQty="0.000000" InvtMult="-1" Operation="I" ShipDate="2019-12-23 00:00:00" CreatedDateTime="2019-12-23 17:18:31.803" CreatedByID="b5344897-037e-4d58-b5c3-1bdfd0f47bf9" CreatedByScreenID="SO301000" LastModifiedDateTime="2019-12-23 17:18:51.123" LastModifiedByID="b5344897-037e-4d58-b5c3-1bdfd0f47bf9" LastModifiedByScreenID="SO303000" Released="1" IsUnassigned="0" Confirmed="1" LineType="GI" PlanType="61" OrigPlanType="60" OrigOrderNbr="000005" OrigLineNbr="1" OrigSplitLineNbr="2" OrigOrderType="SO" />
		<row ShipmentNbr="000002" LineNbr="1" SplitLineNbr="2" InventoryID="2608" IsStockItem="1" IsComponentItem="0" SiteID="17" LocationID="18" SubItemID="9" LotSerialNbr="" UOM="PIECE" Qty="3.000000" BaseQty="3.000000" PickedQty="0.000000" BasePickedQty="0.000000" PackedQty="0.000000" BasePackedQty="0.000000" InvtMult="-1" Operation="I" ShipDate="2019-12-23 00:00:00" CreatedDateTime="2019-12-23 17:20:11.487" CreatedByID="b5344897-037e-4d58-b5c3-1bdfd0f47bf9" CreatedByScreenID="SO301000" LastModifiedDateTime="2019-12-23 17:20:28.103" LastModifiedByID="b5344897-037e-4d58-b5c3-1bdfd0f47bf9" LastModifiedByScreenID="SO303000" Released="1" IsUnassigned="0" Confirmed="1" LineType="GI" PlanType="61" OrigPlanType="60" OrigOrderNbr="000007" OrigLineNbr="1" OrigSplitLineNbr="2" OrigOrderType="SO" />
		<row ShipmentNbr="000003" LineNbr="1" SplitLineNbr="2" InventoryID="2608" IsStockItem="1" IsComponentItem="0" SiteID="17" LocationID="18" SubItemID="9" LotSerialNbr="" UOM="PIECE" Qty="3.000000" BaseQty="3.000000" PickedQty="0.000000" BasePickedQty="0.000000" PackedQty="0.000000" BasePackedQty="0.000000" InvtMult="-1" Operation="I" ShipDate="2019-12-23 00:00:00" CreatedDateTime="2019-12-23 17:25:45.427" CreatedByID="b5344897-037e-4d58-b5c3-1bdfd0f47bf9" CreatedByScreenID="SO301000" LastModifiedDateTime="2019-12-23 17:26:07.217" LastModifiedByID="b5344897-037e-4d58-b5c3-1bdfd0f47bf9" LastModifiedByScreenID="SO303000" Released="1" IsUnassigned="0" Confirmed="1" LineType="GI" PlanType="61" OrigPlanType="60" OrigOrderNbr="000008" OrigLineNbr="1" OrigSplitLineNbr="2" OrigOrderType="SO" />
		<row ShipmentNbr="000004" LineNbr="1" SplitLineNbr="2" InventoryID="2608" IsStockItem="1" IsComponentItem="0" SiteID="17" LocationID="18" SubItemID="9" LotSerialNbr="" UOM="PIECE" Qty="1.000000" BaseQty="1.000000" PickedQty="0.000000" BasePickedQty="0.000000" PackedQty="0.000000" BasePackedQty="0.000000" InvtMult="-1" Operation="I" ShipDate="2019-12-23 00:00:00" CreatedDateTime="2019-12-23 17:31:42.667" CreatedByID="b5344897-037e-4d58-b5c3-1bdfd0f47bf9" CreatedByScreenID="SO301000" LastModifiedDateTime="2019-12-23 17:31:58.113" LastModifiedByID="b5344897-037e-4d58-b5c3-1bdfd0f47bf9" LastModifiedByScreenID="SO303000" Released="1" IsUnassigned="0" Confirmed="1" LineType="GI" PlanType="61" OrigPlanType="60" OrigOrderNbr="000009" OrigLineNbr="1" OrigSplitLineNbr="2" OrigOrderType="SO" />
		<row ShipmentNbr="000005" LineNbr="1" SplitLineNbr="2" InventoryID="2608" IsStockItem="1" IsComponentItem="0" SiteID="17" LocationID="18" SubItemID="9" LotSerialNbr="" UOM="PIECE" Qty="2.000000" BaseQty="2.000000" PickedQty="0.000000" BasePickedQty="0.000000" PackedQty="0.000000" BasePackedQty="0.000000" InvtMult="-1" Operation="I" ShipDate="2019-12-23 00:00:00" CreatedDateTime="2019-12-23 17:32:04.407" CreatedByID="b5344897-037e-4d58-b5c3-1bdfd0f47bf9" CreatedByScreenID="SO301000" LastModifiedDateTime="2019-12-23 17:32:22.69" LastModifiedByID="b5344897-037e-4d58-b5c3-1bdfd0f47bf9" LastModifiedByScreenID="SO303000" Released="1" IsUnassigned="0" Confirmed="1" LineType="GI" PlanType="61" OrigPlanType="60" OrigOrderNbr="000009" OrigLineNbr="1" OrigSplitLineNbr="3" OrigOrderType="SO" />
		<row ShipmentNbr="000006" LineNbr="1" SplitLineNbr="2" InventoryID="2608" IsStockItem="1" IsComponentItem="0" SiteID="17" LocationID="18" SubItemID="9" LotSerialNbr="" UOM="PIECE" Qty="2.000000" BaseQty="2.000000" PickedQty="0.000000" BasePickedQty="0.000000" PackedQty="0.000000" BasePackedQty="0.000000" InvtMult="-1" Operation="I" ShipDate="2019-12-23 00:00:00" CreatedDateTime="2019-12-23 17:35:07.783" CreatedByID="b5344897-037e-4d58-b5c3-1bdfd0f47bf9" CreatedByScreenID="SO301000" LastModifiedDateTime="2019-12-23 17:35:59.43" LastModifiedByID="b5344897-037e-4d58-b5c3-1bdfd0f47bf9" LastModifiedByScreenID="SO303000" Released="1" IsUnassigned="0" Confirmed="1" LineType="GI" PlanType="61" OrigPlanType="60" OrigOrderNbr="000010" OrigLineNbr="1" OrigSplitLineNbr="2" OrigOrderType="SO" />
		<row ShipmentNbr="000007" LineNbr="1" SplitLineNbr="2" InventoryID="2608" IsStockItem="1" IsComponentItem="0" SiteID="17" LocationID="18" SubItemID="9" LotSerialNbr="" UOM="PIECE" Qty="1.000000" BaseQty="1.000000" PickedQty="0.000000" BasePickedQty="0.000000" PackedQty="0.000000" BasePackedQty="0.000000" InvtMult="-1" Operation="I" ShipDate="2019-12-23 00:00:00" CreatedDateTime="2019-12-23 17:43:00.09" CreatedByID="b5344897-037e-4d58-b5c3-1bdfd0f47bf9" CreatedByScreenID="SO301000" LastModifiedDateTime="2019-12-23 17:43:39.2" LastModifiedByID="b5344897-037e-4d58-b5c3-1bdfd0f47bf9" LastModifiedByScreenID="SO303000" Released="1" IsUnassigned="0" Confirmed="1" LineType="GI" PlanType="61" OrigPlanType="60" OrigOrderNbr="000011" OrigLineNbr="1" OrigSplitLineNbr="2" OrigOrderType="SO" />
		<row ShipmentNbr="000008" LineNbr="1" SplitLineNbr="2" InventoryID="2608" IsStockItem="1" IsComponentItem="0" SiteID="17" LocationID="18" SubItemID="9" LotSerialNbr="" UOM="PIECE" Qty="1.000000" BaseQty="1.000000" PickedQty="0.000000" BasePickedQty="0.000000" PackedQty="0.000000" BasePackedQty="0.000000" InvtMult="-1" Operation="I" ShipDate="2019-12-23 00:00:00" CreatedDateTime="2019-12-23 17:43:54.783" CreatedByID="b5344897-037e-4d58-b5c3-1bdfd0f47bf9" CreatedByScreenID="SO301000" LastModifiedDateTime="2019-12-23 17:44:08.047" LastModifiedByID="b5344897-037e-4d58-b5c3-1bdfd0f47bf9" LastModifiedByScreenID="SO303000" Released="1" IsUnassigned="0" Confirmed="1" LineType="GI" PlanType="61" OrigPlanType="60" OrigOrderNbr="000011" OrigLineNbr="1" OrigSplitLineNbr="3" OrigOrderType="SO" />
		<row ShipmentNbr="000009" LineNbr="1" SplitLineNbr="2" InventoryID="2608" IsStockItem="1" IsComponentItem="0" SiteID="17" LocationID="18" SubItemID="9" LotSerialNbr="" UOM="PIECE" Qty="2.000000" BaseQty="2.000000" PickedQty="0.000000" BasePickedQty="0.000000" PackedQty="0.000000" BasePackedQty="0.000000" InvtMult="-1" Operation="I" ShipDate="2019-12-23 00:00:00" CreatedDateTime="2019-12-23 17:47:20.45" CreatedByID="b5344897-037e-4d58-b5c3-1bdfd0f47bf9" CreatedByScreenID="SO301000" LastModifiedDateTime="2019-12-23 17:47:37.193" LastModifiedByID="b5344897-037e-4d58-b5c3-1bdfd0f47bf9" LastModifiedByScreenID="SO303000" Released="1" IsUnassigned="0" Confirmed="1" LineType="GI" PlanType="61" OrigPlanType="60" OrigOrderNbr="000012" OrigLineNbr="1" OrigSplitLineNbr="2" OrigOrderType="SO" />
		<row ShipmentNbr="000010" LineNbr="1" SplitLineNbr="2" InventoryID="2608" IsStockItem="1" IsComponentItem="0" SiteID="17" LocationID="18" SubItemID="9" LotSerialNbr="" UOM="PIECE" Qty="3.000000" BaseQty="3.000000" PickedQty="0.000000" BasePickedQty="0.000000" PackedQty="0.000000" BasePackedQty="0.000000" InvtMult="-1" Operation="I" ShipDate="2019-12-24 00:00:00" PlanID="27" CreatedDateTime="2019-12-23 22:16:42.517" CreatedByID="b5344897-037e-4d58-b5c3-1bdfd0f47bf9" CreatedByScreenID="SO301000" LastModifiedDateTime="2019-12-23 22:17:02.557" LastModifiedByID="b5344897-037e-4d58-b5c3-1bdfd0f47bf9" LastModifiedByScreenID="SO302000" Released="0" IsUnassigned="0" Confirmed="1" LineType="GI" PlanType="61" OrigPlanType="60" OrigOrderNbr="000015" OrigLineNbr="1" OrigSplitLineNbr="2" OrigOrderType="SO" />
		<row ShipmentNbr="000011" LineNbr="1" SplitLineNbr="2" InventoryID="2608" IsStockItem="1" IsComponentItem="0" SiteID="17" LocationID="18" SubItemID="9" LotSerialNbr="" UOM="PIECE" Qty="2.000000" BaseQty="2.000000" PickedQty="0.000000" BasePickedQty="0.000000" PackedQty="0.000000" BasePackedQty="0.000000" InvtMult="-1" Operation="I" ShipDate="2019-12-24 00:00:00" CreatedDateTime="2019-12-23 22:20:06.19" CreatedByID="b5344897-037e-4d58-b5c3-1bdfd0f47bf9" CreatedByScreenID="SO301000" LastModifiedDateTime="2019-12-23 22:20:35.64" LastModifiedByID="b5344897-037e-4d58-b5c3-1bdfd0f47bf9" LastModifiedByScreenID="SO303000" Released="1" IsUnassigned="0" Confirmed="1" LineType="GI" PlanType="61" OrigPlanType="60" OrigOrderNbr="000013" OrigLineNbr="1" OrigSplitLineNbr="2" OrigOrderType="SO" />
		<row ShipmentNbr="000012" LineNbr="1" SplitLineNbr="2" InventoryID="2608" IsStockItem="1" IsComponentItem="0" SiteID="17" LocationID="18" SubItemID="9" LotSerialNbr="" UOM="PIECE" Qty="1.000000" BaseQty="1.000000" PickedQty="0.000000" BasePickedQty="0.000000" PackedQty="0.000000" BasePackedQty="0.000000" InvtMult="-1" Operation="I" ShipDate="2019-12-24 00:00:00" CreatedDateTime="2019-12-23 22:25:00.837" CreatedByID="b5344897-037e-4d58-b5c3-1bdfd0f47bf9" CreatedByScreenID="SO301000" LastModifiedDateTime="2019-12-23 22:25:54.71" LastModifiedByID="b5344897-037e-4d58-b5c3-1bdfd0f47bf9" LastModifiedByScreenID="SO303000" Released="1" IsUnassigned="0" Confirmed="1" LineType="GI" PlanType="61" OrigPlanType="60" OrigOrderNbr="000014" OrigLineNbr="1" OrigSplitLineNbr="2" OrigOrderType="SO" />
		<row ShipmentNbr="000013" LineNbr="1" SplitLineNbr="2" InventoryID="2608" IsStockItem="1" IsComponentItem="0" SiteID="17" LocationID="18" SubItemID="9" LotSerialNbr="" UOM="PIECE" Qty="1.000000" BaseQty="1.000000" PickedQty="0.000000" BasePickedQty="0.000000" PackedQty="0.000000" BasePackedQty="0.000000" InvtMult="-1" Operation="I" ShipDate="2019-12-24 00:00:00" CreatedDateTime="2019-12-23 22:26:11.933" CreatedByID="b5344897-037e-4d58-b5c3-1bdfd0f47bf9" CreatedByScreenID="SO301000" LastModifiedDateTime="2019-12-23 22:26:50.763" LastModifiedByID="b5344897-037e-4d58-b5c3-1bdfd0f47bf9" LastModifiedByScreenID="SO303000" Released="1" IsUnassigned="0" Confirmed="1" LineType="GI" PlanType="61" OrigPlanType="60" OrigOrderNbr="000014" OrigLineNbr="1" OrigSplitLineNbr="3" OrigOrderType="SO" />
		<row ShipmentNbr="000014" LineNbr="1" SplitLineNbr="2" InventoryID="2608" IsStockItem="1" IsComponentItem="0" SiteID="17" LocationID="18" SubItemID="9" LotSerialNbr="" UOM="PIECE" Qty="3.000000" BaseQty="3.000000" PickedQty="0.000000" BasePickedQty="0.000000" PackedQty="0.000000" BasePackedQty="0.000000" InvtMult="-1" Operation="I" ShipDate="2019-12-24 00:00:00" CreatedDateTime="2019-12-23 22:38:23.763" CreatedByID="b5344897-037e-4d58-b5c3-1bdfd0f47bf9" CreatedByScreenID="SO301000" LastModifiedDateTime="2019-12-23 22:39:05.043" LastModifiedByID="b5344897-037e-4d58-b5c3-1bdfd0f47bf9" LastModifiedByScreenID="SO303000" Released="1" IsUnassigned="0" Confirmed="1" LineType="GI" PlanType="61" OrigPlanType="60" OrigOrderNbr="000016" OrigLineNbr="1" OrigSplitLineNbr="2" OrigOrderType="SO" />
		<row ShipmentNbr="000015" LineNbr="1" SplitLineNbr="2" InventoryID="2608" IsStockItem="1" IsComponentItem="0" SiteID="17" LocationID="18" SubItemID="9" LotSerialNbr="" UOM="PIECE" Qty="3.000000" BaseQty="3.000000" PickedQty="0.000000" BasePickedQty="0.000000" PackedQty="0.000000" BasePackedQty="0.000000" InvtMult="-1" Operation="I" ShipDate="2019-12-24 00:00:00" CreatedDateTime="2019-12-23 22:44:10.113" CreatedByID="b5344897-037e-4d58-b5c3-1bdfd0f47bf9" CreatedByScreenID="SO301000" LastModifiedDateTime="2019-12-23 22:44:38.653" LastModifiedByID="b5344897-037e-4d58-b5c3-1bdfd0f47bf9" LastModifiedByScreenID="SO303000" Released="1" IsUnassigned="0" Confirmed="1" LineType="GI" PlanType="61" OrigPlanType="60" OrigOrderNbr="000017" OrigLineNbr="1" OrigSplitLineNbr="2" OrigOrderType="SO" />
		<row ShipmentNbr="000016" LineNbr="1" SplitLineNbr="2" InventoryID="2608" IsStockItem="1" IsComponentItem="0" SiteID="17" LocationID="18" SubItemID="9" LotSerialNbr="" UOM="PIECE" Qty="2.000000" BaseQty="2.000000" PickedQty="0.000000" BasePickedQty="0.000000" PackedQty="0.000000" BasePackedQty="0.000000" InvtMult="-1" Operation="I" ShipDate="2019-12-24 00:00:00" CreatedDateTime="2019-12-23 22:51:28.617" CreatedByID="b5344897-037e-4d58-b5c3-1bdfd0f47bf9" CreatedByScreenID="SO301000" LastModifiedDateTime="2019-12-23 22:52:07.333" LastModifiedByID="b5344897-037e-4d58-b5c3-1bdfd0f47bf9" LastModifiedByScreenID="SO303000" Released="1" IsUnassigned="0" Confirmed="1" LineType="GI" PlanType="61" OrigPlanType="60" OrigOrderNbr="000018" OrigLineNbr="1" OrigSplitLineNbr="2" OrigOrderType="SO" />
		<row ShipmentNbr="000017" LineNbr="1" SplitLineNbr="2" InventoryID="2608" IsStockItem="1" IsComponentItem="0" SiteID="17" LocationID="18" SubItemID="9" LotSerialNbr="" UOM="PIECE" Qty="1.000000" BaseQty="1.000000" PickedQty="0.000000" BasePickedQty="0.000000" PackedQty="0.000000" BasePackedQty="0.000000" InvtMult="-1" Operation="I" ShipDate="2019-12-24 00:00:00" CreatedDateTime="2019-12-23 22:52:58.5" CreatedByID="b5344897-037e-4d58-b5c3-1bdfd0f47bf9" CreatedByScreenID="SO301000" LastModifiedDateTime="2019-12-23 22:53:28.377" LastModifiedByID="b5344897-037e-4d58-b5c3-1bdfd0f47bf9" LastModifiedByScreenID="SO303000" Released="1" IsUnassigned="0" Confirmed="1" LineType="GI" PlanType="61" OrigPlanType="60" OrigOrderNbr="000018" OrigLineNbr="1" OrigSplitLineNbr="3" OrigOrderType="SO" />
		<row ShipmentNbr="000018" LineNbr="1" SplitLineNbr="2" InventoryID="2608" IsStockItem="1" IsComponentItem="0" SiteID="17" LocationID="18" SubItemID="9" LotSerialNbr="" UOM="PIECE" Qty="1.000000" BaseQty="1.000000" PickedQty="0.000000" BasePickedQty="0.000000" PackedQty="0.000000" BasePackedQty="0.000000" InvtMult="-1" Operation="I" ShipDate="2019-12-24 00:00:00" CreatedDateTime="2019-12-23 23:04:07.37" CreatedByID="b5344897-037e-4d58-b5c3-1bdfd0f47bf9" CreatedByScreenID="SO301000" LastModifiedDateTime="2019-12-23 23:04:59.487" LastModifiedByID="b5344897-037e-4d58-b5c3-1bdfd0f47bf9" LastModifiedByScreenID="SO303000" Released="1" IsUnassigned="0" Confirmed="1" LineType="GI" PlanType="61" OrigPlanType="60" OrigOrderNbr="000019" OrigLineNbr="1" OrigSplitLineNbr="2" OrigOrderType="SO" />
		<row ShipmentNbr="000018" LineNbr="3" SplitLineNbr="4" InventoryID="2610" IsStockItem="1" IsComponentItem="0" SiteID="17" LocationID="18" SubItemID="9" LotSerialNbr="" UOM="PIECE" Qty="1.000000" BaseQty="1.000000" PickedQty="0.000000" BasePickedQty="0.000000" PackedQty="0.000000" BasePackedQty="0.000000" InvtMult="-1" Operation="I" ShipDate="2019-12-24 00:00:00" CreatedDateTime="2019-12-23 23:04:07.37" CreatedByID="b5344897-037e-4d58-b5c3-1bdfd0f47bf9" CreatedByScreenID="SO301000" LastModifiedDateTime="2019-12-23 23:04:59.49" LastModifiedByID="b5344897-037e-4d58-b5c3-1bdfd0f47bf9" LastModifiedByScreenID="SO303000" Released="1" IsUnassigned="0" Confirmed="1" LineType="GI" PlanType="61" OrigPlanType="60" OrigOrderNbr="000019" OrigLineNbr="3" OrigSplitLineNbr="4" OrigOrderType="SO" />
		<row ShipmentNbr="000019" LineNbr="1" SplitLineNbr="2" InventoryID="2608" IsStockItem="1" IsComponentItem="0" SiteID="17" LocationID="18" SubItemID="9" LotSerialNbr="" UOM="PIECE" Qty="1.000000" BaseQty="1.000000" PickedQty="0.000000" BasePickedQty="0.000000" PackedQty="0.000000" BasePackedQty="0.000000" InvtMult="-1" Operation="I" ShipDate="2019-12-24 00:00:00" PlanID="46" CreatedDateTime="2019-12-23 23:09:20.163" CreatedByID="b5344897-037e-4d58-b5c3-1bdfd0f47bf9" CreatedByScreenID="SO301000" LastModifiedDateTime="2019-12-23 23:09:40.927" LastModifiedByID="b5344897-037e-4d58-b5c3-1bdfd0f47bf9" LastModifiedByScreenID="SO302000" Released="0" IsUnassigned="0" Confirmed="1" LineType="GI" PlanType="61" OrigPlanType="60" OrigOrderNbr="000019" OrigLineNbr="1" OrigSplitLineNbr="5" OrigOrderType="SO" />
		<row ShipmentNbr="000020" LineNbr="1" SplitLineNbr="2" InventoryID="2608" IsStockItem="1" IsComponentItem="0" SiteID="17" LocationID="18" SubItemID="9" LotSerialNbr="" UOM="PIECE" Qty="1.000000" BaseQty="1.000000" PickedQty="0.000000" BasePickedQty="0.000000" PackedQty="0.000000" BasePackedQty="0.000000" InvtMult="-1" Operation="I" ShipDate="2019-12-31 00:00:00" PlanID="52" CreatedDateTime="2019-12-31 10:32:30.03" CreatedByID="b5344897-037e-4d58-b5c3-1bdfd0f47bf9" CreatedByScreenID="SO301000" LastModifiedDateTime="2019-12-31 10:32:52.88" LastModifiedByID="b5344897-037e-4d58-b5c3-1bdfd0f47bf9" LastModifiedByScreenID="SO302000" Released="0" IsUnassigned="0" Confirmed="1" LineType="GI" PlanType="61" OrigPlanType="60" OrigOrderNbr="000023" OrigLineNbr="1" OrigSplitLineNbr="4" OrigOrderType="SO" />
		<row ShipmentNbr="000020" LineNbr="3" SplitLineNbr="4" InventoryID="2610" IsStockItem="1" IsComponentItem="0" SiteID="17" LocationID="18" SubItemID="9" LotSerialNbr="" UOM="PIECE" Qty="1.000000" BaseQty="1.000000" PickedQty="0.000000" BasePickedQty="0.000000" PackedQty="0.000000" BasePackedQty="0.000000" InvtMult="-1" Operation="I" ShipDate="2019-12-31 00:00:00" PlanID="53" CreatedDateTime="2019-12-31 10:32:30.033" CreatedByID="b5344897-037e-4d58-b5c3-1bdfd0f47bf9" CreatedByScreenID="SO301000" LastModifiedDateTime="2019-12-31 10:32:52.88" LastModifiedByID="b5344897-037e-4d58-b5c3-1bdfd0f47bf9" LastModifiedByScreenID="SO302000" Released="0" IsUnassigned="0" Confirmed="1" LineType="GI" PlanType="61" OrigPlanType="60" OrigOrderNbr="000023" OrigLineNbr="2" OrigSplitLineNbr="3" OrigOrderType="SO" />
		<row ShipmentNbr="000021" LineNbr="1" SplitLineNbr="2" InventoryID="2608" IsStockItem="1" IsComponentItem="0" SiteID="17" LocationID="18" SubItemID="9" LotSerialNbr="" UOM="PIECE" Qty="1.000000" BaseQty="1.000000" PickedQty="0.000000" BasePickedQty="0.000000" PackedQty="0.000000" BasePackedQty="0.000000" InvtMult="-1" Operation="I" ShipDate="2020-01-06 00:00:00" PlanID="55" CreatedDateTime="2020-01-06 17:52:04.06" CreatedByID="b5344897-037e-4d58-b5c3-1bdfd0f47bf9" CreatedByScreenID="SO301000" LastModifiedDateTime="2020-01-06 17:52:22.727" LastModifiedByID="b5344897-037e-4d58-b5c3-1bdfd0f47bf9" LastModifiedByScreenID="SO302000" Released="0" IsUnassigned="0" Confirmed="1" LineType="GI" PlanType="61" OrigPlanType="60" OrigOrderNbr="000021" OrigLineNbr="1" OrigSplitLineNbr="2" OrigOrderType="SO" />
	</rows>
</data>