﻿<?xml version="1.0" encoding="utf-8"?>
<data>
	<table name="SOShipLine">
		<col name="CompanyID" type="Int" default="Zero" />
		<col name="ShipmentNbr" type="NVarChar(15)" />
		<col name="ShipmentType" type="Char(1)" />
		<col name="LineNbr" type="Int" />
		<col name="SortOrder" type="Int" nullable="true" />
		<col name="CustomerID" type="Int" nullable="true" />
		<col name="ShipDate" type="SmallDateTime" nullable="true" />
		<col name="LineType" type="Char(2)" />
		<col name="InventoryID" type="Int" nullable="true" />
		<col name="SubItemID" type="Int" nullable="true" />
		<col name="SiteID" type="Int" />
		<col name="LocationID" type="Int" nullable="true" />
		<col name="LotSerialNbr" type="NVarChar(100)" nullable="true" />
		<col name="InvtMult" type="SmallInt" nullable="true" />
		<col name="Operation" type="Char(1)" />
		<col name="ExpireDate" type="SmallDateTime" nullable="true" />
		<col name="OrigOrderType" type="Char(2)" nullable="true" />
		<col name="OrigOrderNbr" type="NVarChar(15)" nullable="true" />
		<col name="OrigLineNbr" type="Int" nullable="true" />
		<col name="OrigSplitLineNbr" type="Int" nullable="true" />
		<col name="OrderUOM" type="NVarChar(6)" nullable="true" />
		<col name="UOM" type="NVarChar(6)" nullable="true" />
		<col name="CompleteQtyMin" type="Decimal(9,6)" nullable="true" />
		<col name="ShippedQty" type="Decimal(25,6)" />
		<col name="BaseShippedQty" type="Decimal(25,6)" />
		<col name="BaseOriginalShippedQty" type="Decimal(25,6)" />
		<col name="UnassignedQty" type="Decimal(25,6)" default="Zero" />
		<col name="OrigOrderQty" type="Decimal(25,6)" />
		<col name="BaseOrigOrderQty" type="Decimal(25,6)" />
		<col name="UnitCost" type="Decimal(19,6)" />
		<col name="ExtCost" type="Decimal(19,4)" />
		<col name="UnitPrice" type="Decimal(19,6)" />
		<col name="DiscPct" type="Decimal(19,6)" />
		<col name="AlternateID" type="NVarChar(50)" nullable="true" />
		<col name="TranDesc" type="NVarChar(256)" nullable="true" />
		<col name="UnitWeigth" type="Decimal(19,6)" />
		<col name="UnitVolume" type="Decimal(19,6)" />
		<col name="ExtWeight" type="Decimal(25,6)" />
		<col name="ExtVolume" type="Decimal(25,6)" />
		<col name="ProjectID" type="Int" nullable="true" />
		<col name="TaskID" type="Int" nullable="true" />
		<col name="CostCodeID" type="Int" nullable="true" />
		<col name="ReasonCode" type="NVarChar(20)" nullable="true" />
		<col name="IsFree" type="Bit" nullable="true" default="Zero" />
		<col name="ManualPrice" type="Bit" nullable="true" default="Zero" />
		<col name="ManualDisc" type="Bit" nullable="true" default="Zero" />
		<col name="DiscountsAppliedToLine" type="VarBinary(MAX)" nullable="true" />
		<col name="DiscountID" type="NVarChar(10)" nullable="true" />
		<col name="DiscountSequenceID" type="NVarChar(10)" nullable="true" />
		<col name="PackedQty" type="Decimal(25,6)" default="Zero" />
		<col name="BasePackedQty" type="Decimal(25,6)" default="Zero" />
		<col name="CreatedDateTime" type="DateTime" />
		<col name="CreatedByID" type="UniqueIdentifier" />
		<col name="CreatedByScreenID" type="Char(8)" />
		<col name="LastModifiedDateTime" type="DateTime" />
		<col name="LastModifiedByID" type="UniqueIdentifier" />
		<col name="LastModifiedByScreenID" type="Char(8)" />
		<col name="tstamp" type="Timestamp" />
		<col name="Confirmed" type="Bit" nullable="true" />
		<col name="Released" type="Bit" />
		<col name="IsUnassigned" type="Bit" />
		<col name="PlanType" type="Char(2)" nullable="true" />
		<col name="OrigPlanType" type="Char(2)" nullable="true" />
		<col name="ShipComplete" type="Char(1)" nullable="true" />
		<col name="RequireINUpdate" type="Bit" nullable="true" />
		<col name="NoteID" type="UniqueIdentifier" nullable="true" />
	</table>
	<rows>
		<row ShipmentNbr="000001" ShipmentType="I" LineNbr="1" SortOrder="1" CustomerID="30" ShipDate="2019-12-23 00:00:00" LineType="GI" InventoryID="2608" SubItemID="9" SiteID="17" LocationID="18" LotSerialNbr="" InvtMult="-1" Operation="I" OrigOrderType="SO" OrigOrderNbr="000005" OrigLineNbr="1" OrigSplitLineNbr="2" OrderUOM="PIECE" UOM="PIECE" CompleteQtyMin="100.000000" ShippedQty="3.000000" BaseShippedQty="3.000000" BaseOriginalShippedQty="3.000000" UnassignedQty="0.000000" OrigOrderQty="3.000000" BaseOrigOrderQty="3.000000" UnitCost="80.000000" ExtCost="240.0000" UnitPrice="114.950000" DiscPct="0.000000" TranDesc="Tax Rounding Beast from the Depths - ROUNDING-DOOM" UnitWeigth="16.000000" UnitVolume="0.000000" ExtWeight="48.000000" ExtVolume="0.000000" ProjectID="0" IsFree="0" ManualPrice="0" ManualDisc="1" DiscountsAppliedToLine="0x00" PackedQty="0.000000" BasePackedQty="0.000000" CreatedDateTime="2019-12-23 17:18:31.8" CreatedByID="b5344897-037e-4d58-b5c3-1bdfd0f47bf9" CreatedByScreenID="SO301000" LastModifiedDateTime="2019-12-23 17:18:51.12" LastModifiedByID="b5344897-037e-4d58-b5c3-1bdfd0f47bf9" LastModifiedByScreenID="SO303000" Confirmed="1" Released="1" IsUnassigned="0" PlanType="61" OrigPlanType="60" ShipComplete="B" RequireINUpdate="1" NoteID="c5f80588-da25-ea11-a6f0-9cb6d0c82c0c" />
		<row ShipmentNbr="000002" ShipmentType="I" LineNbr="1" SortOrder="1" CustomerID="30" ShipDate="2019-12-23 00:00:00" LineType="GI" InventoryID="2608" SubItemID="9" SiteID="17" LocationID="18" LotSerialNbr="" InvtMult="-1" Operation="I" OrigOrderType="SO" OrigOrderNbr="000007" OrigLineNbr="1" OrigSplitLineNbr="2" OrderUOM="PIECE" UOM="PIECE" CompleteQtyMin="100.000000" ShippedQty="3.000000" BaseShippedQty="3.000000" BaseOriginalShippedQty="3.000000" UnassignedQty="0.000000" OrigOrderQty="3.000000" BaseOrigOrderQty="3.000000" UnitCost="80.000000" ExtCost="240.0000" UnitPrice="114.950000" DiscPct="0.000000" TranDesc="Tax Rounding Beast from the Depths - ROUNDING-DOOM" UnitWeigth="16.000000" UnitVolume="0.000000" ExtWeight="48.000000" ExtVolume="0.000000" ProjectID="0" IsFree="0" ManualPrice="0" ManualDisc="1" DiscountsAppliedToLine="0x00" PackedQty="0.000000" BasePackedQty="0.000000" CreatedDateTime="2019-12-23 17:20:11.483" CreatedByID="b5344897-037e-4d58-b5c3-1bdfd0f47bf9" CreatedByScreenID="SO301000" LastModifiedDateTime="2019-12-23 17:20:28.1" LastModifiedByID="b5344897-037e-4d58-b5c3-1bdfd0f47bf9" LastModifiedByScreenID="SO303000" Confirmed="1" Released="1" IsUnassigned="0" PlanType="61" OrigPlanType="60" ShipComplete="B" RequireINUpdate="1" NoteID="1cac8ec3-da25-ea11-a6f0-9cb6d0c82c0c" />
		<row ShipmentNbr="000003" ShipmentType="I" LineNbr="1" SortOrder="1" CustomerID="30" ShipDate="2019-12-23 00:00:00" LineType="GI" InventoryID="2608" SubItemID="9" SiteID="17" LocationID="18" LotSerialNbr="" InvtMult="-1" Operation="I" OrigOrderType="SO" OrigOrderNbr="000008" OrigLineNbr="1" OrigSplitLineNbr="2" OrderUOM="PIECE" UOM="PIECE" CompleteQtyMin="100.000000" ShippedQty="3.000000" BaseShippedQty="3.000000" BaseOriginalShippedQty="3.000000" UnassignedQty="0.000000" OrigOrderQty="3.000000" BaseOrigOrderQty="3.000000" UnitCost="80.000000" ExtCost="240.0000" UnitPrice="114.950000" DiscPct="26.098304" TranDesc="Tax Rounding Beast from the Depths - ROUNDING-DOOM" UnitWeigth="16.000000" UnitVolume="0.000000" ExtWeight="48.000000" ExtVolume="0.000000" ProjectID="0" IsFree="0" ManualPrice="0" ManualDisc="1" DiscountsAppliedToLine="0x00" PackedQty="0.000000" BasePackedQty="0.000000" CreatedDateTime="2019-12-23 17:25:45.423" CreatedByID="b5344897-037e-4d58-b5c3-1bdfd0f47bf9" CreatedByScreenID="SO301000" LastModifiedDateTime="2019-12-23 17:26:07.217" LastModifiedByID="b5344897-037e-4d58-b5c3-1bdfd0f47bf9" LastModifiedByScreenID="SO303000" Confirmed="1" Released="1" IsUnassigned="0" PlanType="61" OrigPlanType="60" ShipComplete="B" RequireINUpdate="1" NoteID="4622a08a-db25-ea11-a6f0-9cb6d0c82c0c" />
		<row ShipmentNbr="000004" ShipmentType="I" LineNbr="1" SortOrder="1" CustomerID="30" ShipDate="2019-12-23 00:00:00" LineType="GI" InventoryID="2608" SubItemID="9" SiteID="17" LocationID="18" LotSerialNbr="" InvtMult="-1" Operation="I" OrigOrderType="SO" OrigOrderNbr="000009" OrigLineNbr="1" OrigSplitLineNbr="2" OrderUOM="PIECE" UOM="PIECE" CompleteQtyMin="100.000000" ShippedQty="1.000000" BaseShippedQty="1.000000" BaseOriginalShippedQty="3.000000" UnassignedQty="0.000000" OrigOrderQty="3.000000" BaseOrigOrderQty="3.000000" UnitCost="80.000000" ExtCost="80.0000" UnitPrice="114.950000" DiscPct="0.000000" TranDesc="Tax Rounding Beast from the Depths - ROUNDING-DOOM" UnitWeigth="16.000000" UnitVolume="0.000000" ExtWeight="16.000000" ExtVolume="0.000000" ProjectID="0" IsFree="0" ManualPrice="0" ManualDisc="1" DiscountsAppliedToLine="0x00" PackedQty="0.000000" BasePackedQty="0.000000" CreatedDateTime="2019-12-23 17:31:42.667" CreatedByID="b5344897-037e-4d58-b5c3-1bdfd0f47bf9" CreatedByScreenID="SO301000" LastModifiedDateTime="2019-12-23 17:31:58.113" LastModifiedByID="b5344897-037e-4d58-b5c3-1bdfd0f47bf9" LastModifiedByScreenID="SO303000" Confirmed="1" Released="1" IsUnassigned="0" PlanType="61" OrigPlanType="60" ShipComplete="B" RequireINUpdate="1" NoteID="244c8e5f-dc25-ea11-a6f0-9cb6d0c82c0c" />
		<row ShipmentNbr="000005" ShipmentType="I" LineNbr="1" SortOrder="1" CustomerID="30" ShipDate="2019-12-23 00:00:00" LineType="GI" InventoryID="2608" SubItemID="9" SiteID="17" LocationID="18" LotSerialNbr="" InvtMult="-1" Operation="I" OrigOrderType="SO" OrigOrderNbr="000009" OrigLineNbr="1" OrigSplitLineNbr="3" OrderUOM="PIECE" UOM="PIECE" CompleteQtyMin="100.000000" ShippedQty="2.000000" BaseShippedQty="2.000000" BaseOriginalShippedQty="2.000000" UnassignedQty="0.000000" OrigOrderQty="2.000000" BaseOrigOrderQty="2.000000" UnitCost="80.000000" ExtCost="160.0000" UnitPrice="114.950000" DiscPct="0.000000" TranDesc="Tax Rounding Beast from the Depths - ROUNDING-DOOM" UnitWeigth="16.000000" UnitVolume="0.000000" ExtWeight="32.000000" ExtVolume="0.000000" ProjectID="0" IsFree="0" ManualPrice="0" ManualDisc="1" DiscountsAppliedToLine="0x00" PackedQty="0.000000" BasePackedQty="0.000000" CreatedDateTime="2019-12-23 17:32:04.407" CreatedByID="b5344897-037e-4d58-b5c3-1bdfd0f47bf9" CreatedByScreenID="SO301000" LastModifiedDateTime="2019-12-23 17:32:22.687" LastModifiedByID="b5344897-037e-4d58-b5c3-1bdfd0f47bf9" LastModifiedByScreenID="SO303000" Confirmed="1" Released="1" IsUnassigned="0" PlanType="61" OrigPlanType="60" ShipComplete="B" RequireINUpdate="1" NoteID="656e856c-dc25-ea11-a6f0-9cb6d0c82c0c" />
		<row ShipmentNbr="000006" ShipmentType="I" LineNbr="1" SortOrder="1" CustomerID="30" ShipDate="2019-12-23 00:00:00" LineType="GI" InventoryID="2608" SubItemID="9" SiteID="17" LocationID="18" LotSerialNbr="" InvtMult="-1" Operation="I" OrigOrderType="SO" OrigOrderNbr="000010" OrigLineNbr="1" OrigSplitLineNbr="2" OrderUOM="PIECE" UOM="PIECE" CompleteQtyMin="100.000000" ShippedQty="2.000000" BaseShippedQty="2.000000" BaseOriginalShippedQty="2.000000" UnassignedQty="0.000000" OrigOrderQty="2.000000" BaseOrigOrderQty="2.000000" UnitCost="80.000000" ExtCost="160.0000" UnitPrice="114.950000" DiscPct="0.000000" TranDesc="Tax Rounding Beast from the Depths - ROUNDING-DOOM" UnitWeigth="16.000000" UnitVolume="0.000000" ExtWeight="32.000000" ExtVolume="0.000000" ProjectID="0" IsFree="0" ManualPrice="0" ManualDisc="1" DiscountsAppliedToLine="0x00" PackedQty="0.000000" BasePackedQty="0.000000" CreatedDateTime="2019-12-23 17:35:07.78" CreatedByID="b5344897-037e-4d58-b5c3-1bdfd0f47bf9" CreatedByScreenID="SO301000" LastModifiedDateTime="2019-12-23 17:35:59.427" LastModifiedByID="b5344897-037e-4d58-b5c3-1bdfd0f47bf9" LastModifiedByScreenID="SO303000" Confirmed="1" Released="1" IsUnassigned="0" PlanType="61" OrigPlanType="60" ShipComplete="B" RequireINUpdate="1" NoteID="d5ebd0d9-dc25-ea11-a6f0-9cb6d0c82c0c" />
		<row ShipmentNbr="000007" ShipmentType="I" LineNbr="1" SortOrder="1" CustomerID="30" ShipDate="2019-12-23 00:00:00" LineType="GI" InventoryID="2608" SubItemID="9" SiteID="17" LocationID="18" LotSerialNbr="" InvtMult="-1" Operation="I" OrigOrderType="SO" OrigOrderNbr="000011" OrigLineNbr="1" OrigSplitLineNbr="2" OrderUOM="PIECE" UOM="PIECE" CompleteQtyMin="100.000000" ShippedQty="1.000000" BaseShippedQty="1.000000" BaseOriginalShippedQty="2.000000" UnassignedQty="0.000000" OrigOrderQty="2.000000" BaseOrigOrderQty="2.000000" UnitCost="80.000000" ExtCost="80.0000" UnitPrice="114.950000" DiscPct="0.000000" TranDesc="Tax Rounding Beast from the Depths - ROUNDING-DOOM" UnitWeigth="16.000000" UnitVolume="0.000000" ExtWeight="16.000000" ExtVolume="0.000000" ProjectID="0" IsFree="0" ManualPrice="0" ManualDisc="1" DiscountsAppliedToLine="0x00" PackedQty="0.000000" BasePackedQty="0.000000" CreatedDateTime="2019-12-23 17:43:00.087" CreatedByID="b5344897-037e-4d58-b5c3-1bdfd0f47bf9" CreatedByScreenID="SO301000" LastModifiedDateTime="2019-12-23 17:43:39.197" LastModifiedByID="b5344897-037e-4d58-b5c3-1bdfd0f47bf9" LastModifiedByScreenID="SO303000" Confirmed="1" Released="1" IsUnassigned="0" PlanType="61" OrigPlanType="60" ShipComplete="B" RequireINUpdate="1" NoteID="128e56f3-dd25-ea11-a6f0-9cb6d0c82c0c" />
		<row ShipmentNbr="000008" ShipmentType="I" LineNbr="1" SortOrder="1" CustomerID="30" ShipDate="2019-12-23 00:00:00" LineType="GI" InventoryID="2608" SubItemID="9" SiteID="17" LocationID="18" LotSerialNbr="" InvtMult="-1" Operation="I" OrigOrderType="SO" OrigOrderNbr="000011" OrigLineNbr="1" OrigSplitLineNbr="3" OrderUOM="PIECE" UOM="PIECE" CompleteQtyMin="100.000000" ShippedQty="1.000000" BaseShippedQty="1.000000" BaseOriginalShippedQty="1.000000" UnassignedQty="0.000000" OrigOrderQty="1.000000" BaseOrigOrderQty="1.000000" UnitCost="80.000000" ExtCost="80.0000" UnitPrice="114.950000" DiscPct="0.000000" TranDesc="Tax Rounding Beast from the Depths - ROUNDING-DOOM" UnitWeigth="16.000000" UnitVolume="0.000000" ExtWeight="16.000000" ExtVolume="0.000000" ProjectID="0" IsFree="0" ManualPrice="0" ManualDisc="1" DiscountsAppliedToLine="0x00" PackedQty="0.000000" BasePackedQty="0.000000" CreatedDateTime="2019-12-23 17:43:54.783" CreatedByID="b5344897-037e-4d58-b5c3-1bdfd0f47bf9" CreatedByScreenID="SO301000" LastModifiedDateTime="2019-12-23 17:44:08.047" LastModifiedByID="b5344897-037e-4d58-b5c3-1bdfd0f47bf9" LastModifiedByScreenID="SO303000" Confirmed="1" Released="1" IsUnassigned="0" PlanType="61" OrigPlanType="60" ShipComplete="B" RequireINUpdate="1" NoteID="223ef013-de25-ea11-a6f0-9cb6d0c82c0c" />
		<row ShipmentNbr="000009" ShipmentType="I" LineNbr="1" SortOrder="1" CustomerID="30" ShipDate="2019-12-23 00:00:00" LineType="GI" InventoryID="2608" SubItemID="9" SiteID="17" LocationID="18" LotSerialNbr="" InvtMult="-1" Operation="I" OrigOrderType="SO" OrigOrderNbr="000012" OrigLineNbr="1" OrigSplitLineNbr="2" OrderUOM="PIECE" UOM="PIECE" CompleteQtyMin="100.000000" ShippedQty="2.000000" BaseShippedQty="2.000000" BaseOriginalShippedQty="2.000000" UnassignedQty="0.000000" OrigOrderQty="2.000000" BaseOrigOrderQty="2.000000" UnitCost="80.000000" ExtCost="160.0000" UnitPrice="114.950000" DiscPct="0.000000" TranDesc="Tax Rounding Beast from the Depths - ROUNDING-DOOM" UnitWeigth="16.000000" UnitVolume="0.000000" ExtWeight="32.000000" ExtVolume="0.000000" ProjectID="0" IsFree="0" ManualPrice="0" ManualDisc="1" DiscountsAppliedToLine="0x00" PackedQty="0.000000" BasePackedQty="0.000000" CreatedDateTime="2019-12-23 17:47:20.447" CreatedByID="b5344897-037e-4d58-b5c3-1bdfd0f47bf9" CreatedByScreenID="SO301000" LastModifiedDateTime="2019-12-23 17:47:37.19" LastModifiedByID="b5344897-037e-4d58-b5c3-1bdfd0f47bf9" LastModifiedByScreenID="SO303000" Confirmed="1" Released="1" IsUnassigned="0" PlanType="61" OrigPlanType="60" ShipComplete="B" RequireINUpdate="1" NoteID="4e90868e-de25-ea11-a6f0-9cb6d0c82c0c" />
		<row ShipmentNbr="000010" ShipmentType="I" LineNbr="1" SortOrder="1" CustomerID="30" ShipDate="2019-12-24 00:00:00" LineType="GI" InventoryID="2608" SubItemID="9" SiteID="17" LocationID="18" LotSerialNbr="" InvtMult="-1" Operation="I" OrigOrderType="SO" OrigOrderNbr="000015" OrigLineNbr="1" OrigSplitLineNbr="2" OrderUOM="PIECE" UOM="PIECE" CompleteQtyMin="100.000000" ShippedQty="3.000000" BaseShippedQty="3.000000" BaseOriginalShippedQty="3.000000" UnassignedQty="0.000000" OrigOrderQty="3.000000" BaseOrigOrderQty="3.000000" UnitCost="80.000000" ExtCost="240.0000" UnitPrice="114.950000" DiscPct="0.000000" TranDesc="Tax Rounding Beast from the Depths - ROUNDING-DOOM" UnitWeigth="16.000000" UnitVolume="0.000000" ExtWeight="48.000000" ExtVolume="0.000000" ProjectID="0" IsFree="0" ManualPrice="0" ManualDisc="1" DiscountsAppliedToLine="0x00" PackedQty="0.000000" BasePackedQty="0.000000" CreatedDateTime="2019-12-23 22:16:42.503" CreatedByID="b5344897-037e-4d58-b5c3-1bdfd0f47bf9" CreatedByScreenID="SO301000" LastModifiedDateTime="2019-12-23 22:17:02.527" LastModifiedByID="b5344897-037e-4d58-b5c3-1bdfd0f47bf9" LastModifiedByScreenID="SO302000" Confirmed="1" Released="0" IsUnassigned="0" PlanType="61" OrigPlanType="60" ShipComplete="B" RequireINUpdate="1" NoteID="5d39ef2e-0426-ea11-a6f0-9cb6d0c82c0c" />
		<row ShipmentNbr="000011" ShipmentType="I" LineNbr="1" SortOrder="1" CustomerID="30" ShipDate="2019-12-24 00:00:00" LineType="GI" InventoryID="2608" SubItemID="9" SiteID="17" LocationID="18" LotSerialNbr="" InvtMult="-1" Operation="I" OrigOrderType="SO" OrigOrderNbr="000013" OrigLineNbr="1" OrigSplitLineNbr="2" OrderUOM="PIECE" UOM="PIECE" CompleteQtyMin="100.000000" ShippedQty="2.000000" BaseShippedQty="2.000000" BaseOriginalShippedQty="2.000000" UnassignedQty="0.000000" OrigOrderQty="2.000000" BaseOrigOrderQty="2.000000" UnitCost="80.000000" ExtCost="160.0000" UnitPrice="114.950000" DiscPct="0.000000" TranDesc="Tax Rounding Beast from the Depths - ROUNDING-DOOM" UnitWeigth="16.000000" UnitVolume="0.000000" ExtWeight="32.000000" ExtVolume="0.000000" ProjectID="0" IsFree="0" ManualPrice="0" ManualDisc="1" DiscountsAppliedToLine="0x00" PackedQty="0.000000" BasePackedQty="0.000000" CreatedDateTime="2019-12-23 22:20:06.18" CreatedByID="b5344897-037e-4d58-b5c3-1bdfd0f47bf9" CreatedByScreenID="SO301000" LastModifiedDateTime="2019-12-23 22:20:35.62" LastModifiedByID="b5344897-037e-4d58-b5c3-1bdfd0f47bf9" LastModifiedByScreenID="SO303000" Confirmed="1" Released="1" IsUnassigned="0" PlanType="61" OrigPlanType="60" ShipComplete="B" RequireINUpdate="1" NoteID="70867ea8-0426-ea11-a6f0-9cb6d0c82c0c" />
		<row ShipmentNbr="000012" ShipmentType="I" LineNbr="1" SortOrder="1" CustomerID="30" ShipDate="2019-12-24 00:00:00" LineType="GI" InventoryID="2608" SubItemID="9" SiteID="17" LocationID="18" LotSerialNbr="" InvtMult="-1" Operation="I" OrigOrderType="SO" OrigOrderNbr="000014" OrigLineNbr="1" OrigSplitLineNbr="2" OrderUOM="PIECE" UOM="PIECE" CompleteQtyMin="100.000000" ShippedQty="1.000000" BaseShippedQty="1.000000" BaseOriginalShippedQty="2.000000" UnassignedQty="0.000000" OrigOrderQty="2.000000" BaseOrigOrderQty="2.000000" UnitCost="80.000000" ExtCost="80.0000" UnitPrice="114.950000" DiscPct="0.000000" TranDesc="Tax Rounding Beast from the Depths - ROUNDING-DOOM" UnitWeigth="16.000000" UnitVolume="0.000000" ExtWeight="16.000000" ExtVolume="0.000000" ProjectID="0" IsFree="0" ManualPrice="0" ManualDisc="1" DiscountsAppliedToLine="0x00" PackedQty="0.000000" BasePackedQty="0.000000" CreatedDateTime="2019-12-23 22:25:00.827" CreatedByID="b5344897-037e-4d58-b5c3-1bdfd0f47bf9" CreatedByScreenID="SO301000" LastModifiedDateTime="2019-12-23 22:25:54.697" LastModifiedByID="b5344897-037e-4d58-b5c3-1bdfd0f47bf9" LastModifiedByScreenID="SO303000" Confirmed="1" Released="1" IsUnassigned="0" PlanType="61" OrigPlanType="60" ShipComplete="B" RequireINUpdate="1" NoteID="2efa2158-0526-ea11-a6f0-9cb6d0c82c0c" />
		<row ShipmentNbr="000013" ShipmentType="I" LineNbr="1" SortOrder="1" CustomerID="30" ShipDate="2019-12-24 00:00:00" LineType="GI" InventoryID="2608" SubItemID="9" SiteID="17" LocationID="18" LotSerialNbr="" InvtMult="-1" Operation="I" OrigOrderType="SO" OrigOrderNbr="000014" OrigLineNbr="1" OrigSplitLineNbr="3" OrderUOM="PIECE" UOM="PIECE" CompleteQtyMin="100.000000" ShippedQty="1.000000" BaseShippedQty="1.000000" BaseOriginalShippedQty="1.000000" UnassignedQty="0.000000" OrigOrderQty="1.000000" BaseOrigOrderQty="1.000000" UnitCost="80.000000" ExtCost="80.0000" UnitPrice="114.950000" DiscPct="0.000000" TranDesc="Tax Rounding Beast from the Depths - ROUNDING-DOOM" UnitWeigth="16.000000" UnitVolume="0.000000" ExtWeight="16.000000" ExtVolume="0.000000" ProjectID="0" IsFree="0" ManualPrice="0" ManualDisc="1" DiscountsAppliedToLine="0x00" PackedQty="0.000000" BasePackedQty="0.000000" CreatedDateTime="2019-12-23 22:26:11.927" CreatedByID="b5344897-037e-4d58-b5c3-1bdfd0f47bf9" CreatedByScreenID="SO301000" LastModifiedDateTime="2019-12-23 22:26:50.75" LastModifiedByID="b5344897-037e-4d58-b5c3-1bdfd0f47bf9" LastModifiedByScreenID="SO303000" Confirmed="1" Released="1" IsUnassigned="0" PlanType="61" OrigPlanType="60" ShipComplete="B" RequireINUpdate="1" NoteID="d4df9482-0526-ea11-a6f0-9cb6d0c82c0c" />
		<row ShipmentNbr="000014" ShipmentType="I" LineNbr="1" SortOrder="1" CustomerID="30" ShipDate="2019-12-24 00:00:00" LineType="GI" InventoryID="2608" SubItemID="9" SiteID="17" LocationID="18" LotSerialNbr="" InvtMult="-1" Operation="I" OrigOrderType="SO" OrigOrderNbr="000016" OrigLineNbr="1" OrigSplitLineNbr="2" OrderUOM="PIECE" UOM="PIECE" CompleteQtyMin="100.000000" ShippedQty="3.000000" BaseShippedQty="3.000000" BaseOriginalShippedQty="3.000000" UnassignedQty="0.000000" OrigOrderQty="3.000000" BaseOrigOrderQty="3.000000" UnitCost="80.000000" ExtCost="240.0000" UnitPrice="114.950000" DiscPct="0.000000" TranDesc="Tax Rounding Beast from the Depths - ROUNDING-DOOM" UnitWeigth="16.000000" UnitVolume="0.000000" ExtWeight="48.000000" ExtVolume="0.000000" ProjectID="0" IsFree="0" ManualPrice="0" ManualDisc="1" DiscountsAppliedToLine="0x00" PackedQty="0.000000" BasePackedQty="0.000000" CreatedDateTime="2019-12-23 22:38:23.757" CreatedByID="b5344897-037e-4d58-b5c3-1bdfd0f47bf9" CreatedByScreenID="SO301000" LastModifiedDateTime="2019-12-23 22:39:05.023" LastModifiedByID="b5344897-037e-4d58-b5c3-1bdfd0f47bf9" LastModifiedByScreenID="SO303000" Confirmed="1" Released="1" IsUnassigned="0" PlanType="61" OrigPlanType="60" ShipComplete="B" RequireINUpdate="1" NoteID="83c69b36-0726-ea11-a6f0-9cb6d0c82c0c" />
		<row ShipmentNbr="000015" ShipmentType="I" LineNbr="1" SortOrder="1" CustomerID="30" ShipDate="2019-12-24 00:00:00" LineType="GI" InventoryID="2608" SubItemID="9" SiteID="17" LocationID="18" LotSerialNbr="" InvtMult="-1" Operation="I" OrigOrderType="SO" OrigOrderNbr="000017" OrigLineNbr="1" OrigSplitLineNbr="2" OrderUOM="PIECE" UOM="PIECE" CompleteQtyMin="100.000000" ShippedQty="3.000000" BaseShippedQty="3.000000" BaseOriginalShippedQty="3.000000" UnassignedQty="0.000000" OrigOrderQty="3.000000" BaseOrigOrderQty="3.000000" UnitCost="80.000000" ExtCost="240.0000" UnitPrice="114.950000" DiscPct="0.000000" TranDesc="Tax Rounding Beast from the Depths - ROUNDING-DOOM" UnitWeigth="16.000000" UnitVolume="0.000000" ExtWeight="48.000000" ExtVolume="0.000000" ProjectID="0" IsFree="0" ManualPrice="0" ManualDisc="1" DiscountsAppliedToLine="0x00" PackedQty="0.000000" BasePackedQty="0.000000" CreatedDateTime="2019-12-23 22:44:10.103" CreatedByID="b5344897-037e-4d58-b5c3-1bdfd0f47bf9" CreatedByScreenID="SO301000" LastModifiedDateTime="2019-12-23 22:44:38.647" LastModifiedByID="b5344897-037e-4d58-b5c3-1bdfd0f47bf9" LastModifiedByScreenID="SO303000" Confirmed="1" Released="1" IsUnassigned="0" PlanType="61" OrigPlanType="60" ShipComplete="B" RequireINUpdate="1" NoteID="a6ee1f05-0826-ea11-a6f0-9cb6d0c82c0c" />
		<row ShipmentNbr="000016" ShipmentType="I" LineNbr="1" SortOrder="1" CustomerID="30" ShipDate="2019-12-24 00:00:00" LineType="GI" InventoryID="2608" SubItemID="9" SiteID="17" LocationID="18" LotSerialNbr="" InvtMult="-1" Operation="I" OrigOrderType="SO" OrigOrderNbr="000018" OrigLineNbr="1" OrigSplitLineNbr="2" OrderUOM="PIECE" UOM="PIECE" CompleteQtyMin="100.000000" ShippedQty="2.000000" BaseShippedQty="2.000000" BaseOriginalShippedQty="3.000000" UnassignedQty="0.000000" OrigOrderQty="3.000000" BaseOrigOrderQty="3.000000" UnitCost="80.000000" ExtCost="160.0000" UnitPrice="114.950000" DiscPct="13.629114" TranDesc="Tax Rounding Beast from the Depths - ROUNDING-DOOM" UnitWeigth="16.000000" UnitVolume="0.000000" ExtWeight="32.000000" ExtVolume="0.000000" ProjectID="0" IsFree="0" ManualPrice="0" ManualDisc="1" DiscountsAppliedToLine="0x00" PackedQty="0.000000" BasePackedQty="0.000000" CreatedDateTime="2019-12-23 22:51:28.607" CreatedByID="b5344897-037e-4d58-b5c3-1bdfd0f47bf9" CreatedByScreenID="SO301000" LastModifiedDateTime="2019-12-23 22:52:07.31" LastModifiedByID="b5344897-037e-4d58-b5c3-1bdfd0f47bf9" LastModifiedByScreenID="SO303000" Confirmed="1" Released="1" IsUnassigned="0" PlanType="61" OrigPlanType="60" ShipComplete="B" RequireINUpdate="1" NoteID="1eda810a-0926-ea11-a6f0-9cb6d0c82c0c" />
		<row ShipmentNbr="000017" ShipmentType="I" LineNbr="1" SortOrder="1" CustomerID="30" ShipDate="2019-12-24 00:00:00" LineType="GI" InventoryID="2608" SubItemID="9" SiteID="17" LocationID="18" LotSerialNbr="" InvtMult="-1" Operation="I" OrigOrderType="SO" OrigOrderNbr="000018" OrigLineNbr="1" OrigSplitLineNbr="3" OrderUOM="PIECE" UOM="PIECE" CompleteQtyMin="100.000000" ShippedQty="1.000000" BaseShippedQty="1.000000" BaseOriginalShippedQty="1.000000" UnassignedQty="0.000000" OrigOrderQty="1.000000" BaseOrigOrderQty="1.000000" UnitCost="80.000000" ExtCost="80.0000" UnitPrice="114.950000" DiscPct="13.629114" TranDesc="Tax Rounding Beast from the Depths - ROUNDING-DOOM" UnitWeigth="16.000000" UnitVolume="0.000000" ExtWeight="16.000000" ExtVolume="0.000000" ProjectID="0" IsFree="0" ManualPrice="0" ManualDisc="1" DiscountsAppliedToLine="0x00" PackedQty="0.000000" BasePackedQty="0.000000" CreatedDateTime="2019-12-23 22:52:58.49" CreatedByID="b5344897-037e-4d58-b5c3-1bdfd0f47bf9" CreatedByScreenID="SO301000" LastModifiedDateTime="2019-12-23 22:53:28.367" LastModifiedByID="b5344897-037e-4d58-b5c3-1bdfd0f47bf9" LastModifiedByScreenID="SO303000" Confirmed="1" Released="1" IsUnassigned="0" PlanType="61" OrigPlanType="60" ShipComplete="B" RequireINUpdate="1" NoteID="b2672a40-0926-ea11-a6f0-9cb6d0c82c0c" />
		<row ShipmentNbr="000018" ShipmentType="I" LineNbr="1" SortOrder="1" CustomerID="30" ShipDate="2019-12-24 00:00:00" LineType="GI" InventoryID="2608" SubItemID="9" SiteID="17" LocationID="18" LotSerialNbr="" InvtMult="-1" Operation="I" OrigOrderType="SO" OrigOrderNbr="000019" OrigLineNbr="1" OrigSplitLineNbr="2" OrderUOM="PIECE" UOM="PIECE" CompleteQtyMin="100.000000" ShippedQty="1.000000" BaseShippedQty="1.000000" BaseOriginalShippedQty="2.000000" UnassignedQty="0.000000" OrigOrderQty="2.000000" BaseOrigOrderQty="2.000000" UnitCost="80.000000" ExtCost="80.0000" UnitPrice="114.950000" DiscPct="0.000000" TranDesc="Tax Rounding Beast from the Depths - ROUNDING-DOOM" UnitWeigth="16.000000" UnitVolume="0.000000" ExtWeight="16.000000" ExtVolume="0.000000" ProjectID="0" IsFree="0" ManualPrice="0" ManualDisc="1" DiscountsAppliedToLine="0x00" PackedQty="0.000000" BasePackedQty="0.000000" CreatedDateTime="2019-12-23 23:04:07.35" CreatedByID="b5344897-037e-4d58-b5c3-1bdfd0f47bf9" CreatedByScreenID="SO301000" LastModifiedDateTime="2019-12-23 23:04:59.45" LastModifiedByID="b5344897-037e-4d58-b5c3-1bdfd0f47bf9" LastModifiedByScreenID="SO303000" Confirmed="1" Released="1" IsUnassigned="0" PlanType="61" OrigPlanType="60" ShipComplete="B" RequireINUpdate="1" NoteID="88a0b0ce-0a26-ea11-a6f0-9cb6d0c82c0c" />
		<row ShipmentNbr="000018" ShipmentType="I" LineNbr="3" SortOrder="3" CustomerID="30" ShipDate="2019-12-24 00:00:00" LineType="GI" InventoryID="2610" SubItemID="9" SiteID="17" LocationID="18" LotSerialNbr="" InvtMult="-1" Operation="I" OrigOrderType="SO" OrigOrderNbr="000019" OrigLineNbr="3" OrigSplitLineNbr="4" OrderUOM="PIECE" UOM="PIECE" CompleteQtyMin="100.000000" ShippedQty="1.000000" BaseShippedQty="1.000000" BaseOriginalShippedQty="1.000000" UnassignedQty="0.000000" OrigOrderQty="1.000000" BaseOrigOrderQty="1.000000" UnitCost="20.000000" ExtCost="20.0000" UnitPrice="49.950000" DiscPct="0.000000" TranDesc="Made in Acumatica - MADEINACU2" UnitWeigth="47.972640" UnitVolume="0.000000" ExtWeight="47.972640" ExtVolume="0.000000" ProjectID="0" IsFree="0" ManualPrice="0" ManualDisc="1" DiscountsAppliedToLine="0x00" PackedQty="0.000000" BasePackedQty="0.000000" CreatedDateTime="2019-12-23 23:04:07.36" CreatedByID="b5344897-037e-4d58-b5c3-1bdfd0f47bf9" CreatedByScreenID="SO301000" LastModifiedDateTime="2019-12-23 23:04:59.47" LastModifiedByID="b5344897-037e-4d58-b5c3-1bdfd0f47bf9" LastModifiedByScreenID="SO303000" Confirmed="1" Released="1" IsUnassigned="0" PlanType="61" OrigPlanType="60" ShipComplete="B" RequireINUpdate="1" NoteID="89a0b0ce-0a26-ea11-a6f0-9cb6d0c82c0c" />
		<row ShipmentNbr="000019" ShipmentType="I" LineNbr="1" SortOrder="1" CustomerID="30" ShipDate="2019-12-24 00:00:00" LineType="GI" InventoryID="2608" SubItemID="9" SiteID="17" LocationID="18" LotSerialNbr="" InvtMult="-1" Operation="I" OrigOrderType="SO" OrigOrderNbr="000019" OrigLineNbr="1" OrigSplitLineNbr="5" OrderUOM="PIECE" UOM="PIECE" CompleteQtyMin="100.000000" ShippedQty="1.000000" BaseShippedQty="1.000000" BaseOriginalShippedQty="1.000000" UnassignedQty="0.000000" OrigOrderQty="1.000000" BaseOrigOrderQty="1.000000" UnitCost="80.000000" ExtCost="80.0000" UnitPrice="114.950000" DiscPct="0.000000" TranDesc="Tax Rounding Beast from the Depths - ROUNDING-DOOM" UnitWeigth="16.000000" UnitVolume="0.000000" ExtWeight="16.000000" ExtVolume="0.000000" ProjectID="0" IsFree="0" ManualPrice="0" ManualDisc="1" DiscountsAppliedToLine="0x00" PackedQty="0.000000" BasePackedQty="0.000000" CreatedDateTime="2019-12-23 23:09:20.153" CreatedByID="b5344897-037e-4d58-b5c3-1bdfd0f47bf9" CreatedByScreenID="SO301000" LastModifiedDateTime="2019-12-23 23:09:40.917" LastModifiedByID="b5344897-037e-4d58-b5c3-1bdfd0f47bf9" LastModifiedByScreenID="SO302000" Confirmed="1" Released="0" IsUnassigned="0" PlanType="61" OrigPlanType="60" ShipComplete="B" RequireINUpdate="1" NoteID="f8b34b89-0b26-ea11-a6f0-9cb6d0c82c0c" />
		<row ShipmentNbr="000020" ShipmentType="I" LineNbr="1" SortOrder="1" CustomerID="30" ShipDate="2019-12-31 00:00:00" LineType="GI" InventoryID="2608" SubItemID="9" SiteID="17" LocationID="18" LotSerialNbr="" InvtMult="-1" Operation="I" OrigOrderType="SO" OrigOrderNbr="000023" OrigLineNbr="1" OrigSplitLineNbr="4" OrderUOM="PIECE" UOM="PIECE" CompleteQtyMin="100.000000" ShippedQty="1.000000" BaseShippedQty="1.000000" BaseOriginalShippedQty="3.000000" UnassignedQty="0.000000" OrigOrderQty="3.000000" BaseOrigOrderQty="3.000000" UnitCost="80.000000" ExtCost="80.0000" UnitPrice="114.950000" DiscPct="0.000000" TranDesc="Tax Rounding Beast from the Depths - ROUNDING-DOOM" UnitWeigth="16.000000" UnitVolume="0.000000" ExtWeight="16.000000" ExtVolume="0.000000" ProjectID="0" IsFree="0" ManualPrice="0" ManualDisc="1" DiscountsAppliedToLine="0x00" PackedQty="0.000000" BasePackedQty="0.000000" CreatedDateTime="2019-12-31 10:32:29.973" CreatedByID="b5344897-037e-4d58-b5c3-1bdfd0f47bf9" CreatedByScreenID="SO301000" LastModifiedDateTime="2019-12-31 10:32:52.853" LastModifiedByID="b5344897-037e-4d58-b5c3-1bdfd0f47bf9" LastModifiedByScreenID="SO302000" Confirmed="1" Released="0" IsUnassigned="0" PlanType="61" OrigPlanType="60" ShipComplete="L" RequireINUpdate="1" NoteID="7c440221-eb2b-ea11-a6f1-9cb6d0c82c0c" />
		<row ShipmentNbr="000020" ShipmentType="I" LineNbr="3" SortOrder="3" CustomerID="30" ShipDate="2019-12-31 00:00:00" LineType="GI" InventoryID="2610" SubItemID="9" SiteID="17" LocationID="18" LotSerialNbr="" InvtMult="-1" Operation="I" OrigOrderType="SO" OrigOrderNbr="000023" OrigLineNbr="2" OrigSplitLineNbr="3" OrderUOM="PIECE" UOM="PIECE" CompleteQtyMin="100.000000" ShippedQty="1.000000" BaseShippedQty="1.000000" BaseOriginalShippedQty="3.000000" UnassignedQty="0.000000" OrigOrderQty="3.000000" BaseOrigOrderQty="3.000000" UnitCost="20.000000" ExtCost="20.0000" UnitPrice="49.950000" DiscPct="0.000000" TranDesc="Made in Acumatica - MADEINACU2" UnitWeigth="47.972640" UnitVolume="0.000000" ExtWeight="47.972640" ExtVolume="0.000000" ProjectID="0" IsFree="0" ManualPrice="0" ManualDisc="1" DiscountsAppliedToLine="0x00" PackedQty="0.000000" BasePackedQty="0.000000" CreatedDateTime="2019-12-31 10:32:29.983" CreatedByID="b5344897-037e-4d58-b5c3-1bdfd0f47bf9" CreatedByScreenID="SO301000" LastModifiedDateTime="2019-12-31 10:32:52.87" LastModifiedByID="b5344897-037e-4d58-b5c3-1bdfd0f47bf9" LastModifiedByScreenID="SO302000" Confirmed="1" Released="0" IsUnassigned="0" PlanType="61" OrigPlanType="60" ShipComplete="L" RequireINUpdate="1" NoteID="7d440221-eb2b-ea11-a6f1-9cb6d0c82c0c" />
		<row ShipmentNbr="000021" ShipmentType="I" LineNbr="1" SortOrder="1" CustomerID="30" ShipDate="2020-01-06 00:00:00" LineType="GI" InventoryID="2608" SubItemID="9" SiteID="17" LocationID="18" LotSerialNbr="" InvtMult="-1" Operation="I" OrigOrderType="SO" OrigOrderNbr="000021" OrigLineNbr="1" OrigSplitLineNbr="2" OrderUOM="PIECE" UOM="PIECE" CompleteQtyMin="100.000000" ShippedQty="1.000000" BaseShippedQty="1.000000" BaseOriginalShippedQty="3.000000" UnassignedQty="0.000000" OrigOrderQty="3.000000" BaseOrigOrderQty="3.000000" UnitCost="80.000000" ExtCost="80.0000" UnitPrice="114.950000" DiscPct="0.000000" TranDesc="Tax Rounding Beast from the Depths - ROUNDING-DOOM" UnitWeigth="16.000000" UnitVolume="0.000000" ExtWeight="16.000000" ExtVolume="0.000000" ProjectID="0" IsFree="0" ManualPrice="0" ManualDisc="1" DiscountsAppliedToLine="0x00" PackedQty="0.000000" BasePackedQty="0.000000" CreatedDateTime="2020-01-06 17:52:04.017" CreatedByID="b5344897-037e-4d58-b5c3-1bdfd0f47bf9" CreatedByScreenID="SO301000" LastModifiedDateTime="2020-01-06 17:52:22.703" LastModifiedByID="b5344897-037e-4d58-b5c3-1bdfd0f47bf9" LastModifiedByScreenID="SO302000" Confirmed="1" Released="0" IsUnassigned="0" PlanType="61" OrigPlanType="60" ShipComplete="B" RequireINUpdate="1" NoteID="efb2f187-df30-ea11-a6f1-9cb6d0c82c0c" />
	</rows>
</data>