﻿<?xml version="1.0" encoding="utf-8"?>
<data>
	<table name="SOShipment">
		<col name="CompanyID" type="Int" default="Zero" />
		<col name="ShipmentNbr" type="NVarChar(15)" />
		<col name="CustomerID" type="Int" nullable="true" />
		<col name="CustomerLocationID" type="Int" nullable="true" />
		<col name="ShipAddressID" type="Int" nullable="true" />
		<col name="Hold" type="Bit" />
		<col name="ControlQty" type="Decimal(25,6)" />
		<col name="ShipmentQty" type="Decimal(25,6)" />
		<col name="CreatedByID" type="UniqueIdentifier" />
		<col name="CreatedByScreenID" type="Char(8)" />
		<col name="CreatedDateTime" type="DateTime" />
		<col name="LastModifiedByID" type="UniqueIdentifier" />
		<col name="LastModifiedByScreenID" type="Char(8)" />
		<col name="LastModifiedDateTime" type="DateTime" />
		<col name="tstamp" type="Timestamp" />
		<col name="SiteID" type="Int" nullable="true" />
		<col name="DestinationSiteID" type="Int" nullable="true" />
		<col name="ShipDate" type="SmallDateTime" nullable="true" />
		<col name="LineCntr" type="Int" nullable="true" />
		<col name="OrderCntr" type="Int" nullable="true" default="Zero" />
		<col name="BilledOrderCntr" type="Int" nullable="true" />
		<col name="UnbilledOrderCntr" type="Int" nullable="true" />
		<col name="ReleasedOrderCntr" type="Int" nullable="true" />
		<col name="Confirmed" type="Bit" nullable="true" />
		<col name="ShipmentType" type="Char(1)" nullable="true" />
		<col name="Operation" type="Char(1)" nullable="true" />
		<col name="Released" type="Bit" nullable="true" />
		<col name="ShipContactID" type="Int" nullable="true" />
		<col name="ShipVia" type="NVarChar(15)" nullable="true" />
		<col name="UseCustomerAccount" type="Bit" default="Zero" />
		<col name="Resedential" type="Bit" default="Zero" />
		<col name="SaturdayDelivery" type="Bit" default="Zero" />
		<col name="Insurance" type="Bit" default="Zero" />
		<col name="GroundCollect" type="Bit" default="Zero" />
		<col name="LabelsPrinted" type="Bit" default="Zero" />
		<col name="PickListPrinted" type="Bit" default="Zero" />
		<col name="ShippedViaCarrier" type="Bit" default="Zero" />
		<col name="FOBPoint" type="NVarChar(15)" nullable="true" />
		<col name="ShipTermsID" type="NVarChar(10)" nullable="true" />
		<col name="ShipZoneID" type="NVarChar(15)" nullable="true" />
		<col name="CuryInfoID" type="BigInt" nullable="true" />
		<col name="CuryID" type="NVarChar(5)" nullable="true" />
		<col name="LineTotal" type="Decimal(19,4)" default="Zero" />
		<col name="PackageLineCntr" type="Int" default="Zero" />
		<col name="PackageWeight" type="Decimal(25,6)" />
		<col name="IsPackageValid" type="Bit" default="Zero" />
		<col name="FreightCost" type="Decimal(19,4)" default="Zero" />
		<col name="CuryFreightCost" type="Decimal(19,4)" default="Zero" />
		<col name="OverrideFreightAmount" type="Bit" default="Zero" />
		<col name="FreightAmountSource" type="Char(1)" nullable="true" />
		<col name="CuryFreightAmt" type="Decimal(19,4)" default="Zero" />
		<col name="FreightAmt" type="Decimal(19,4)" default="Zero" />
		<col name="CuryPremiumFreightAmt" type="Decimal(19,4)" default="Zero" />
		<col name="PremiumFreightAmt" type="Decimal(19,4)" default="Zero" />
		<col name="CuryTotalFreightAmt" type="Decimal(19,4)" default="Zero" />
		<col name="TotalFreightAmt" type="Decimal(19,4)" default="Zero" />
		<col name="TaxCategoryID" type="NVarChar(10)" nullable="true" />
		<col name="OwnerID" type="UniqueIdentifier" nullable="true" />
		<col name="WorkGroupID" type="Int" nullable="true" />
		<col name="Status" type="Char(1)" nullable="true" />
		<col name="ShipmentWeight" type="Decimal(25,6)" />
		<col name="ShipmentVolume" type="Decimal(25,6)" />
		<col name="FreeItemQtyTot" type="Decimal(25,6)" nullable="true" />
		<col name="FreightClass" type="NVarChar(15)" nullable="true" />
		<col name="SkipAddressVerification" type="Bit" default="Zero" />
		<col name="NoteID" type="UniqueIdentifier" nullable="true" />
		<col name="ConfirmedByID" type="UniqueIdentifier" nullable="true" />
		<col name="ConfirmedDateTime" type="DateTime" nullable="true" />
	</table>
	<rows>
		<row ShipmentNbr="000001" CustomerID="30" CustomerLocationID="29" ShipAddressID="9" Hold="0" ControlQty="3.000000" ShipmentQty="3.000000" CreatedByID="b5344897-037e-4d58-b5c3-1bdfd0f47bf9" CreatedByScreenID="SO301000" CreatedDateTime="2019-12-23 17:18:31.787" LastModifiedByID="b5344897-037e-4d58-b5c3-1bdfd0f47bf9" LastModifiedByScreenID="SO303000" LastModifiedDateTime="2019-12-23 17:18:51.11" SiteID="17" ShipDate="2019-12-23 00:00:00" LineCntr="2" OrderCntr="1" BilledOrderCntr="0" UnbilledOrderCntr="0" ReleasedOrderCntr="1" Confirmed="1" ShipmentType="I" Operation="I" Released="0" ShipContactID="9" UseCustomerAccount="0" Resedential="0" SaturdayDelivery="0" Insurance="0" GroundCollect="0" LabelsPrinted="0" PickListPrinted="0" ShippedViaCarrier="0" CuryInfoID="663980" CuryID="USD" LineTotal="344.8500" PackageLineCntr="0" PackageWeight="0.000000" IsPackageValid="1" FreightCost="0.0000" CuryFreightCost="0.0000" OverrideFreightAmount="0" FreightAmountSource="O" CuryFreightAmt="0.0000" FreightAmt="0.0000" CuryPremiumFreightAmt="0.0000" PremiumFreightAmt="0.0000" CuryTotalFreightAmt="0.0000" TotalFreightAmt="0.0000" TaxCategoryID="EXEMPT" Status="C" ShipmentWeight="48.000000" ShipmentVolume="0.000000" SkipAddressVerification="0" NoteID="b2f80588-da25-ea11-a6f0-9cb6d0c82c0c" ConfirmedByID="b5344897-037e-4d58-b5c3-1bdfd0f47bf9" ConfirmedDateTime="2019-12-23 17:18:41.717" />
		<row ShipmentNbr="000002" CustomerID="30" CustomerLocationID="29" ShipAddressID="13" Hold="0" ControlQty="3.000000" ShipmentQty="3.000000" CreatedByID="b5344897-037e-4d58-b5c3-1bdfd0f47bf9" CreatedByScreenID="SO301000" CreatedDateTime="2019-12-23 17:20:11.48" LastModifiedByID="b5344897-037e-4d58-b5c3-1bdfd0f47bf9" LastModifiedByScreenID="SO303000" LastModifiedDateTime="2019-12-23 17:20:28.1" SiteID="17" ShipDate="2019-12-23 00:00:00" LineCntr="2" OrderCntr="1" BilledOrderCntr="0" UnbilledOrderCntr="0" ReleasedOrderCntr="1" Confirmed="1" ShipmentType="I" Operation="I" Released="0" ShipContactID="13" UseCustomerAccount="0" Resedential="0" SaturdayDelivery="0" Insurance="0" GroundCollect="0" LabelsPrinted="0" PickListPrinted="0" ShippedViaCarrier="0" CuryInfoID="663987" CuryID="USD" LineTotal="344.8500" PackageLineCntr="0" PackageWeight="0.000000" IsPackageValid="1" FreightCost="0.0000" CuryFreightCost="0.0000" OverrideFreightAmount="0" FreightAmountSource="O" CuryFreightAmt="0.0000" FreightAmt="0.0000" CuryPremiumFreightAmt="0.0000" PremiumFreightAmt="0.0000" CuryTotalFreightAmt="0.0000" TotalFreightAmt="0.0000" TaxCategoryID="TAXABLE" Status="C" ShipmentWeight="48.000000" ShipmentVolume="0.000000" SkipAddressVerification="0" NoteID="17ac8ec3-da25-ea11-a6f0-9cb6d0c82c0c" ConfirmedByID="b5344897-037e-4d58-b5c3-1bdfd0f47bf9" ConfirmedDateTime="2019-12-23 17:20:20.09" />
		<row ShipmentNbr="000003" CustomerID="30" CustomerLocationID="29" ShipAddressID="15" Hold="0" ControlQty="3.000000" ShipmentQty="3.000000" CreatedByID="b5344897-037e-4d58-b5c3-1bdfd0f47bf9" CreatedByScreenID="SO301000" CreatedDateTime="2019-12-23 17:25:45.417" LastModifiedByID="b5344897-037e-4d58-b5c3-1bdfd0f47bf9" LastModifiedByScreenID="SO303000" LastModifiedDateTime="2019-12-23 17:26:07.21" SiteID="17" ShipDate="2019-12-23 00:00:00" LineCntr="2" OrderCntr="1" BilledOrderCntr="0" UnbilledOrderCntr="0" ReleasedOrderCntr="1" Confirmed="1" ShipmentType="I" Operation="I" Released="0" ShipContactID="15" UseCustomerAccount="0" Resedential="0" SaturdayDelivery="0" Insurance="0" GroundCollect="0" LabelsPrinted="0" PickListPrinted="0" ShippedViaCarrier="0" CuryInfoID="663994" CuryID="USD" LineTotal="254.8500" PackageLineCntr="0" PackageWeight="0.000000" IsPackageValid="1" FreightCost="0.0000" CuryFreightCost="0.0000" OverrideFreightAmount="0" FreightAmountSource="O" CuryFreightAmt="0.0000" FreightAmt="0.0000" CuryPremiumFreightAmt="0.0000" PremiumFreightAmt="0.0000" CuryTotalFreightAmt="0.0000" TotalFreightAmt="0.0000" TaxCategoryID="TAXABLE" Status="C" ShipmentWeight="48.000000" ShipmentVolume="0.000000" SkipAddressVerification="0" NoteID="4122a08a-db25-ea11-a6f0-9cb6d0c82c0c" ConfirmedByID="b5344897-037e-4d58-b5c3-1bdfd0f47bf9" ConfirmedDateTime="2019-12-23 17:25:58.897" />
		<row ShipmentNbr="000004" CustomerID="30" CustomerLocationID="29" ShipAddressID="17" Hold="0" ControlQty="1.000000" ShipmentQty="1.000000" CreatedByID="b5344897-037e-4d58-b5c3-1bdfd0f47bf9" CreatedByScreenID="SO301000" CreatedDateTime="2019-12-23 17:31:42.66" LastModifiedByID="b5344897-037e-4d58-b5c3-1bdfd0f47bf9" LastModifiedByScreenID="SO303000" LastModifiedDateTime="2019-12-23 17:31:58.107" SiteID="17" ShipDate="2019-12-23 00:00:00" LineCntr="2" OrderCntr="1" BilledOrderCntr="0" UnbilledOrderCntr="0" ReleasedOrderCntr="1" Confirmed="1" ShipmentType="I" Operation="I" Released="0" ShipContactID="17" UseCustomerAccount="0" Resedential="0" SaturdayDelivery="0" Insurance="0" GroundCollect="0" LabelsPrinted="0" PickListPrinted="0" ShippedViaCarrier="0" CuryInfoID="664001" CuryID="USD" LineTotal="114.9500" PackageLineCntr="0" PackageWeight="0.000000" IsPackageValid="1" FreightCost="0.0000" CuryFreightCost="0.0000" OverrideFreightAmount="0" FreightAmountSource="O" CuryFreightAmt="0.0000" FreightAmt="0.0000" CuryPremiumFreightAmt="0.0000" PremiumFreightAmt="0.0000" CuryTotalFreightAmt="0.0000" TotalFreightAmt="0.0000" TaxCategoryID="TAXABLE" Status="C" ShipmentWeight="16.000000" ShipmentVolume="0.000000" SkipAddressVerification="0" NoteID="1f4c8e5f-dc25-ea11-a6f0-9cb6d0c82c0c" ConfirmedByID="b5344897-037e-4d58-b5c3-1bdfd0f47bf9" ConfirmedDateTime="2019-12-23 17:31:51.707" />
		<row ShipmentNbr="000005" CustomerID="30" CustomerLocationID="29" ShipAddressID="17" Hold="0" ControlQty="2.000000" ShipmentQty="2.000000" CreatedByID="b5344897-037e-4d58-b5c3-1bdfd0f47bf9" CreatedByScreenID="SO301000" CreatedDateTime="2019-12-23 17:32:04.4" LastModifiedByID="b5344897-037e-4d58-b5c3-1bdfd0f47bf9" LastModifiedByScreenID="SO303000" LastModifiedDateTime="2019-12-23 17:32:22.687" SiteID="17" ShipDate="2019-12-23 00:00:00" LineCntr="2" OrderCntr="1" BilledOrderCntr="0" UnbilledOrderCntr="0" ReleasedOrderCntr="1" Confirmed="1" ShipmentType="I" Operation="I" Released="0" ShipContactID="17" UseCustomerAccount="0" Resedential="0" SaturdayDelivery="0" Insurance="0" GroundCollect="0" LabelsPrinted="0" PickListPrinted="0" ShippedViaCarrier="0" CuryInfoID="664004" CuryID="USD" LineTotal="229.9000" PackageLineCntr="0" PackageWeight="0.000000" IsPackageValid="1" FreightCost="0.0000" CuryFreightCost="0.0000" OverrideFreightAmount="0" FreightAmountSource="O" CuryFreightAmt="0.0000" FreightAmt="0.0000" CuryPremiumFreightAmt="0.0000" PremiumFreightAmt="0.0000" CuryTotalFreightAmt="0.0000" TotalFreightAmt="0.0000" TaxCategoryID="TAXABLE" Status="C" ShipmentWeight="32.000000" ShipmentVolume="0.000000" SkipAddressVerification="0" NoteID="606e856c-dc25-ea11-a6f0-9cb6d0c82c0c" ConfirmedByID="b5344897-037e-4d58-b5c3-1bdfd0f47bf9" ConfirmedDateTime="2019-12-23 17:32:14.813" />
		<row ShipmentNbr="000006" CustomerID="30" CustomerLocationID="29" ShipAddressID="19" Hold="0" ControlQty="2.000000" ShipmentQty="2.000000" CreatedByID="b5344897-037e-4d58-b5c3-1bdfd0f47bf9" CreatedByScreenID="SO301000" CreatedDateTime="2019-12-23 17:35:07.777" LastModifiedByID="b5344897-037e-4d58-b5c3-1bdfd0f47bf9" LastModifiedByScreenID="SO303000" LastModifiedDateTime="2019-12-23 17:35:59.423" SiteID="17" ShipDate="2019-12-23 00:00:00" LineCntr="2" OrderCntr="1" BilledOrderCntr="0" UnbilledOrderCntr="0" ReleasedOrderCntr="1" Confirmed="1" ShipmentType="I" Operation="I" Released="0" ShipContactID="19" UseCustomerAccount="0" Resedential="0" SaturdayDelivery="0" Insurance="0" GroundCollect="0" LabelsPrinted="0" PickListPrinted="0" ShippedViaCarrier="0" CuryInfoID="664014" CuryID="USD" LineTotal="229.9000" PackageLineCntr="0" PackageWeight="0.000000" IsPackageValid="1" FreightCost="0.0000" CuryFreightCost="0.0000" OverrideFreightAmount="0" FreightAmountSource="O" CuryFreightAmt="0.0000" FreightAmt="0.0000" CuryPremiumFreightAmt="0.0000" PremiumFreightAmt="0.0000" CuryTotalFreightAmt="0.0000" TotalFreightAmt="0.0000" TaxCategoryID="EXEMPT" Status="C" ShipmentWeight="32.000000" ShipmentVolume="0.000000" SkipAddressVerification="0" NoteID="d0ebd0d9-dc25-ea11-a6f0-9cb6d0c82c0c" ConfirmedByID="b5344897-037e-4d58-b5c3-1bdfd0f47bf9" ConfirmedDateTime="2019-12-23 17:35:18.383" />
		<row ShipmentNbr="000007" CustomerID="30" CustomerLocationID="29" ShipAddressID="21" Hold="0" ControlQty="1.000000" ShipmentQty="1.000000" CreatedByID="b5344897-037e-4d58-b5c3-1bdfd0f47bf9" CreatedByScreenID="SO301000" CreatedDateTime="2019-12-23 17:43:00.08" LastModifiedByID="b5344897-037e-4d58-b5c3-1bdfd0f47bf9" LastModifiedByScreenID="SO303000" LastModifiedDateTime="2019-12-23 17:43:39.197" SiteID="17" ShipDate="2019-12-23 00:00:00" LineCntr="2" OrderCntr="1" BilledOrderCntr="0" UnbilledOrderCntr="0" ReleasedOrderCntr="1" Confirmed="1" ShipmentType="I" Operation="I" Released="0" ShipContactID="21" UseCustomerAccount="0" Resedential="0" SaturdayDelivery="0" Insurance="0" GroundCollect="0" LabelsPrinted="0" PickListPrinted="0" ShippedViaCarrier="0" CuryInfoID="664025" CuryID="USD" LineTotal="114.9500" PackageLineCntr="0" PackageWeight="0.000000" IsPackageValid="1" FreightCost="0.0000" CuryFreightCost="0.0000" OverrideFreightAmount="0" FreightAmountSource="O" CuryFreightAmt="0.0000" FreightAmt="0.0000" CuryPremiumFreightAmt="0.0000" PremiumFreightAmt="0.0000" CuryTotalFreightAmt="0.0000" TotalFreightAmt="0.0000" TaxCategoryID="TAXABLE" Status="C" ShipmentWeight="16.000000" ShipmentVolume="0.000000" SkipAddressVerification="0" NoteID="0d8e56f3-dd25-ea11-a6f0-9cb6d0c82c0c" ConfirmedByID="b5344897-037e-4d58-b5c3-1bdfd0f47bf9" ConfirmedDateTime="2019-12-23 17:43:12.76" />
		<row ShipmentNbr="000008" CustomerID="30" CustomerLocationID="29" ShipAddressID="21" Hold="0" ControlQty="1.000000" ShipmentQty="1.000000" CreatedByID="b5344897-037e-4d58-b5c3-1bdfd0f47bf9" CreatedByScreenID="SO301000" CreatedDateTime="2019-12-23 17:43:54.777" LastModifiedByID="b5344897-037e-4d58-b5c3-1bdfd0f47bf9" LastModifiedByScreenID="SO303000" LastModifiedDateTime="2019-12-23 17:44:08.043" SiteID="17" ShipDate="2019-12-23 00:00:00" LineCntr="2" OrderCntr="1" BilledOrderCntr="0" UnbilledOrderCntr="0" ReleasedOrderCntr="1" Confirmed="1" ShipmentType="I" Operation="I" Released="0" ShipContactID="21" UseCustomerAccount="0" Resedential="0" SaturdayDelivery="0" Insurance="0" GroundCollect="0" LabelsPrinted="0" PickListPrinted="0" ShippedViaCarrier="0" CuryInfoID="664028" CuryID="USD" LineTotal="114.9500" PackageLineCntr="0" PackageWeight="0.000000" IsPackageValid="1" FreightCost="0.0000" CuryFreightCost="0.0000" OverrideFreightAmount="0" FreightAmountSource="O" CuryFreightAmt="0.0000" FreightAmt="0.0000" CuryPremiumFreightAmt="0.0000" PremiumFreightAmt="0.0000" CuryTotalFreightAmt="0.0000" TotalFreightAmt="0.0000" TaxCategoryID="TAXABLE" Status="C" ShipmentWeight="16.000000" ShipmentVolume="0.000000" SkipAddressVerification="0" NoteID="1d3ef013-de25-ea11-a6f0-9cb6d0c82c0c" ConfirmedByID="b5344897-037e-4d58-b5c3-1bdfd0f47bf9" ConfirmedDateTime="2019-12-23 17:44:02.15" />
		<row ShipmentNbr="000009" CustomerID="30" CustomerLocationID="29" ShipAddressID="23" Hold="0" ControlQty="2.000000" ShipmentQty="2.000000" CreatedByID="b5344897-037e-4d58-b5c3-1bdfd0f47bf9" CreatedByScreenID="SO301000" CreatedDateTime="2019-12-23 17:47:20.44" LastModifiedByID="b5344897-037e-4d58-b5c3-1bdfd0f47bf9" LastModifiedByScreenID="SO303000" LastModifiedDateTime="2019-12-23 17:47:37.19" SiteID="17" ShipDate="2019-12-23 00:00:00" LineCntr="2" OrderCntr="1" BilledOrderCntr="0" UnbilledOrderCntr="0" ReleasedOrderCntr="1" Confirmed="1" ShipmentType="I" Operation="I" Released="0" ShipContactID="23" UseCustomerAccount="0" Resedential="0" SaturdayDelivery="0" Insurance="0" GroundCollect="0" LabelsPrinted="0" PickListPrinted="0" ShippedViaCarrier="0" CuryInfoID="664038" CuryID="USD" LineTotal="229.9000" PackageLineCntr="0" PackageWeight="0.000000" IsPackageValid="1" FreightCost="0.0000" CuryFreightCost="0.0000" OverrideFreightAmount="0" FreightAmountSource="O" CuryFreightAmt="0.0000" FreightAmt="0.0000" CuryPremiumFreightAmt="0.0000" PremiumFreightAmt="0.0000" CuryTotalFreightAmt="0.0000" TotalFreightAmt="0.0000" TaxCategoryID="TAXABLE" Status="C" ShipmentWeight="32.000000" ShipmentVolume="0.000000" SkipAddressVerification="0" NoteID="4990868e-de25-ea11-a6f0-9cb6d0c82c0c" ConfirmedByID="b5344897-037e-4d58-b5c3-1bdfd0f47bf9" ConfirmedDateTime="2019-12-23 17:47:29.78" />
		<row ShipmentNbr="000010" CustomerID="30" CustomerLocationID="29" ShipAddressID="29" Hold="0" ControlQty="3.000000" ShipmentQty="3.000000" CreatedByID="b5344897-037e-4d58-b5c3-1bdfd0f47bf9" CreatedByScreenID="SO301000" CreatedDateTime="2019-12-23 22:16:42.463" LastModifiedByID="b5344897-037e-4d58-b5c3-1bdfd0f47bf9" LastModifiedByScreenID="SO302000" LastModifiedDateTime="2019-12-23 22:17:08.127" SiteID="17" ShipDate="2019-12-24 00:00:00" LineCntr="2" OrderCntr="1" BilledOrderCntr="1" UnbilledOrderCntr="0" ReleasedOrderCntr="0" Confirmed="1" ShipmentType="I" Operation="I" Released="0" ShipContactID="29" UseCustomerAccount="0" Resedential="0" SaturdayDelivery="0" Insurance="0" GroundCollect="0" LabelsPrinted="0" PickListPrinted="0" ShippedViaCarrier="0" CuryInfoID="664063" CuryID="USD" LineTotal="344.8500" PackageLineCntr="0" PackageWeight="0.000000" IsPackageValid="1" FreightCost="0.0000" CuryFreightCost="0.0000" OverrideFreightAmount="0" FreightAmountSource="O" CuryFreightAmt="0.0000" FreightAmt="0.0000" CuryPremiumFreightAmt="0.0000" PremiumFreightAmt="0.0000" CuryTotalFreightAmt="0.0000" TotalFreightAmt="0.0000" TaxCategoryID="TAXABLE" Status="I" ShipmentWeight="48.000000" ShipmentVolume="0.000000" SkipAddressVerification="0" NoteID="5839ef2e-0426-ea11-a6f0-9cb6d0c82c0c" ConfirmedByID="b5344897-037e-4d58-b5c3-1bdfd0f47bf9" ConfirmedDateTime="2019-12-23 22:17:02.477" />
		<row ShipmentNbr="000011" CustomerID="30" CustomerLocationID="29" ShipAddressID="25" Hold="0" ControlQty="2.000000" ShipmentQty="2.000000" CreatedByID="b5344897-037e-4d58-b5c3-1bdfd0f47bf9" CreatedByScreenID="SO301000" CreatedDateTime="2019-12-23 22:20:06.147" LastModifiedByID="b5344897-037e-4d58-b5c3-1bdfd0f47bf9" LastModifiedByScreenID="SO303000" LastModifiedDateTime="2019-12-23 22:20:35.573" SiteID="17" ShipDate="2019-12-24 00:00:00" LineCntr="2" OrderCntr="1" BilledOrderCntr="0" UnbilledOrderCntr="0" ReleasedOrderCntr="1" Confirmed="1" ShipmentType="I" Operation="I" Released="0" ShipContactID="25" UseCustomerAccount="0" Resedential="0" SaturdayDelivery="0" Insurance="0" GroundCollect="0" LabelsPrinted="0" PickListPrinted="0" ShippedViaCarrier="0" CuryInfoID="664065" CuryID="USD" LineTotal="229.9000" PackageLineCntr="0" PackageWeight="0.000000" IsPackageValid="1" FreightCost="0.0000" CuryFreightCost="0.0000" OverrideFreightAmount="0" FreightAmountSource="O" CuryFreightAmt="0.0000" FreightAmt="0.0000" CuryPremiumFreightAmt="0.0000" PremiumFreightAmt="0.0000" CuryTotalFreightAmt="0.0000" TotalFreightAmt="0.0000" TaxCategoryID="TAXABLE" Status="C" ShipmentWeight="32.000000" ShipmentVolume="0.000000" SkipAddressVerification="0" NoteID="6b867ea8-0426-ea11-a6f0-9cb6d0c82c0c" ConfirmedByID="b5344897-037e-4d58-b5c3-1bdfd0f47bf9" ConfirmedDateTime="2019-12-23 22:20:18.25" />
		<row ShipmentNbr="000012" CustomerID="30" CustomerLocationID="29" ShipAddressID="27" Hold="0" ControlQty="1.000000" ShipmentQty="1.000000" CreatedByID="b5344897-037e-4d58-b5c3-1bdfd0f47bf9" CreatedByScreenID="SO301000" CreatedDateTime="2019-12-23 22:25:00.8" LastModifiedByID="b5344897-037e-4d58-b5c3-1bdfd0f47bf9" LastModifiedByScreenID="SO303000" LastModifiedDateTime="2019-12-23 22:25:54.673" SiteID="17" ShipDate="2019-12-24 00:00:00" LineCntr="2" OrderCntr="1" BilledOrderCntr="0" UnbilledOrderCntr="0" ReleasedOrderCntr="1" Confirmed="1" ShipmentType="I" Operation="I" Released="0" ShipContactID="27" UseCustomerAccount="0" Resedential="0" SaturdayDelivery="0" Insurance="0" GroundCollect="0" LabelsPrinted="0" PickListPrinted="0" ShippedViaCarrier="0" CuryInfoID="664068" CuryID="USD" LineTotal="114.9500" PackageLineCntr="0" PackageWeight="0.000000" IsPackageValid="1" FreightCost="0.0000" CuryFreightCost="0.0000" OverrideFreightAmount="0" FreightAmountSource="O" CuryFreightAmt="0.0000" FreightAmt="0.0000" CuryPremiumFreightAmt="0.0000" PremiumFreightAmt="0.0000" CuryTotalFreightAmt="0.0000" TotalFreightAmt="0.0000" TaxCategoryID="EXEMPT" Status="C" ShipmentWeight="16.000000" ShipmentVolume="0.000000" SkipAddressVerification="0" NoteID="29fa2158-0526-ea11-a6f0-9cb6d0c82c0c" ConfirmedByID="b5344897-037e-4d58-b5c3-1bdfd0f47bf9" ConfirmedDateTime="2019-12-23 22:25:20.48" />
		<row ShipmentNbr="000013" CustomerID="30" CustomerLocationID="29" ShipAddressID="27" Hold="0" ControlQty="1.000000" ShipmentQty="1.000000" CreatedByID="b5344897-037e-4d58-b5c3-1bdfd0f47bf9" CreatedByScreenID="SO301000" CreatedDateTime="2019-12-23 22:26:11.903" LastModifiedByID="b5344897-037e-4d58-b5c3-1bdfd0f47bf9" LastModifiedByScreenID="SO303000" LastModifiedDateTime="2019-12-23 22:26:50.723" SiteID="17" ShipDate="2019-12-24 00:00:00" LineCntr="2" OrderCntr="1" BilledOrderCntr="0" UnbilledOrderCntr="0" ReleasedOrderCntr="1" Confirmed="1" ShipmentType="I" Operation="I" Released="0" ShipContactID="27" UseCustomerAccount="0" Resedential="0" SaturdayDelivery="0" Insurance="0" GroundCollect="0" LabelsPrinted="0" PickListPrinted="0" ShippedViaCarrier="0" CuryInfoID="664071" CuryID="USD" LineTotal="114.9500" PackageLineCntr="0" PackageWeight="0.000000" IsPackageValid="1" FreightCost="0.0000" CuryFreightCost="0.0000" OverrideFreightAmount="0" FreightAmountSource="O" CuryFreightAmt="0.0000" FreightAmt="0.0000" CuryPremiumFreightAmt="0.0000" PremiumFreightAmt="0.0000" CuryTotalFreightAmt="0.0000" TotalFreightAmt="0.0000" TaxCategoryID="EXEMPT" Status="C" ShipmentWeight="16.000000" ShipmentVolume="0.000000" SkipAddressVerification="0" NoteID="cfdf9482-0526-ea11-a6f0-9cb6d0c82c0c" ConfirmedByID="b5344897-037e-4d58-b5c3-1bdfd0f47bf9" ConfirmedDateTime="2019-12-23 22:26:28.393" />
		<row ShipmentNbr="000014" CustomerID="30" CustomerLocationID="29" ShipAddressID="31" Hold="0" ControlQty="3.000000" ShipmentQty="3.000000" CreatedByID="b5344897-037e-4d58-b5c3-1bdfd0f47bf9" CreatedByScreenID="SO301000" CreatedDateTime="2019-12-23 22:38:23.727" LastModifiedByID="b5344897-037e-4d58-b5c3-1bdfd0f47bf9" LastModifiedByScreenID="SO303000" LastModifiedDateTime="2019-12-23 22:39:04.987" SiteID="17" ShipDate="2019-12-24 00:00:00" LineCntr="2" OrderCntr="1" BilledOrderCntr="0" UnbilledOrderCntr="0" ReleasedOrderCntr="1" Confirmed="1" ShipmentType="I" Operation="I" Released="0" ShipContactID="31" UseCustomerAccount="0" Resedential="0" SaturdayDelivery="0" Insurance="0" GroundCollect="0" LabelsPrinted="0" PickListPrinted="0" ShippedViaCarrier="0" CuryInfoID="664082" CuryID="USD" LineTotal="344.8500" PackageLineCntr="0" PackageWeight="0.000000" IsPackageValid="1" FreightCost="0.0000" CuryFreightCost="0.0000" OverrideFreightAmount="0" FreightAmountSource="O" CuryFreightAmt="0.0000" FreightAmt="0.0000" CuryPremiumFreightAmt="0.0000" PremiumFreightAmt="0.0000" CuryTotalFreightAmt="0.0000" TotalFreightAmt="0.0000" TaxCategoryID="TAXABLE" Status="C" ShipmentWeight="48.000000" ShipmentVolume="0.000000" SkipAddressVerification="0" NoteID="7ec69b36-0726-ea11-a6f0-9cb6d0c82c0c" ConfirmedByID="b5344897-037e-4d58-b5c3-1bdfd0f47bf9" ConfirmedDateTime="2019-12-23 22:38:45.067" />
		<row ShipmentNbr="000015" CustomerID="30" CustomerLocationID="29" ShipAddressID="33" Hold="0" ControlQty="3.000000" ShipmentQty="3.000000" CreatedByID="b5344897-037e-4d58-b5c3-1bdfd0f47bf9" CreatedByScreenID="SO301000" CreatedDateTime="2019-12-23 22:44:10.073" LastModifiedByID="b5344897-037e-4d58-b5c3-1bdfd0f47bf9" LastModifiedByScreenID="SO303000" LastModifiedDateTime="2019-12-23 22:44:38.63" SiteID="17" ShipDate="2019-12-24 00:00:00" LineCntr="2" OrderCntr="1" BilledOrderCntr="0" UnbilledOrderCntr="0" ReleasedOrderCntr="1" Confirmed="1" ShipmentType="I" Operation="I" Released="0" ShipContactID="33" UseCustomerAccount="0" Resedential="0" SaturdayDelivery="0" Insurance="0" GroundCollect="0" LabelsPrinted="0" PickListPrinted="0" ShippedViaCarrier="0" CuryInfoID="664093" CuryID="USD" LineTotal="344.8500" PackageLineCntr="0" PackageWeight="0.000000" IsPackageValid="1" FreightCost="0.0000" CuryFreightCost="0.0000" OverrideFreightAmount="0" FreightAmountSource="O" CuryFreightAmt="0.0000" FreightAmt="0.0000" CuryPremiumFreightAmt="0.0000" PremiumFreightAmt="0.0000" CuryTotalFreightAmt="0.0000" TotalFreightAmt="0.0000" TaxCategoryID="EXEMPT" Status="C" ShipmentWeight="48.000000" ShipmentVolume="0.000000" SkipAddressVerification="0" NoteID="a1ee1f05-0826-ea11-a6f0-9cb6d0c82c0c" ConfirmedByID="b5344897-037e-4d58-b5c3-1bdfd0f47bf9" ConfirmedDateTime="2019-12-23 22:44:21.69" />
		<row ShipmentNbr="000016" CustomerID="30" CustomerLocationID="29" ShipAddressID="35" Hold="0" ControlQty="2.000000" ShipmentQty="2.000000" CreatedByID="b5344897-037e-4d58-b5c3-1bdfd0f47bf9" CreatedByScreenID="SO301000" CreatedDateTime="2019-12-23 22:51:28.577" LastModifiedByID="b5344897-037e-4d58-b5c3-1bdfd0f47bf9" LastModifiedByScreenID="SO303000" LastModifiedDateTime="2019-12-23 22:52:07.277" SiteID="17" ShipDate="2019-12-24 00:00:00" LineCntr="2" OrderCntr="1" BilledOrderCntr="0" UnbilledOrderCntr="0" ReleasedOrderCntr="1" Confirmed="1" ShipmentType="I" Operation="I" Released="0" ShipContactID="35" UseCustomerAccount="0" Resedential="0" SaturdayDelivery="0" Insurance="0" GroundCollect="0" LabelsPrinted="0" PickListPrinted="0" ShippedViaCarrier="0" CuryInfoID="664100" CuryID="USD" LineTotal="198.5700" PackageLineCntr="0" PackageWeight="0.000000" IsPackageValid="1" FreightCost="0.0000" CuryFreightCost="0.0000" OverrideFreightAmount="0" FreightAmountSource="O" CuryFreightAmt="0.0000" FreightAmt="0.0000" CuryPremiumFreightAmt="0.0000" PremiumFreightAmt="0.0000" CuryTotalFreightAmt="0.0000" TotalFreightAmt="0.0000" TaxCategoryID="TAXABLE" Status="C" ShipmentWeight="32.000000" ShipmentVolume="0.000000" SkipAddressVerification="0" NoteID="19da810a-0926-ea11-a6f0-9cb6d0c82c0c" ConfirmedByID="b5344897-037e-4d58-b5c3-1bdfd0f47bf9" ConfirmedDateTime="2019-12-23 22:51:46.347" />
		<row ShipmentNbr="000017" CustomerID="30" CustomerLocationID="29" ShipAddressID="35" Hold="0" ControlQty="1.000000" ShipmentQty="1.000000" CreatedByID="b5344897-037e-4d58-b5c3-1bdfd0f47bf9" CreatedByScreenID="SO301000" CreatedDateTime="2019-12-23 22:52:58.463" LastModifiedByID="b5344897-037e-4d58-b5c3-1bdfd0f47bf9" LastModifiedByScreenID="SO303000" LastModifiedDateTime="2019-12-23 22:53:28.337" SiteID="17" ShipDate="2019-12-24 00:00:00" LineCntr="2" OrderCntr="1" BilledOrderCntr="0" UnbilledOrderCntr="0" ReleasedOrderCntr="1" Confirmed="1" ShipmentType="I" Operation="I" Released="0" ShipContactID="35" UseCustomerAccount="0" Resedential="0" SaturdayDelivery="0" Insurance="0" GroundCollect="0" LabelsPrinted="0" PickListPrinted="0" ShippedViaCarrier="0" CuryInfoID="664103" CuryID="USD" LineTotal="99.2800" PackageLineCntr="0" PackageWeight="0.000000" IsPackageValid="1" FreightCost="0.0000" CuryFreightCost="0.0000" OverrideFreightAmount="0" FreightAmountSource="O" CuryFreightAmt="0.0000" FreightAmt="0.0000" CuryPremiumFreightAmt="0.0000" PremiumFreightAmt="0.0000" CuryTotalFreightAmt="0.0000" TotalFreightAmt="0.0000" TaxCategoryID="TAXABLE" Status="C" ShipmentWeight="16.000000" ShipmentVolume="0.000000" SkipAddressVerification="0" NoteID="ad672a40-0926-ea11-a6f0-9cb6d0c82c0c" ConfirmedByID="b5344897-037e-4d58-b5c3-1bdfd0f47bf9" ConfirmedDateTime="2019-12-23 22:53:09.543" />
		<row ShipmentNbr="000018" CustomerID="30" CustomerLocationID="29" ShipAddressID="37" Hold="0" ControlQty="2.000000" ShipmentQty="2.000000" CreatedByID="b5344897-037e-4d58-b5c3-1bdfd0f47bf9" CreatedByScreenID="SO301000" CreatedDateTime="2019-12-23 23:04:07.323" LastModifiedByID="b5344897-037e-4d58-b5c3-1bdfd0f47bf9" LastModifiedByScreenID="SO303000" LastModifiedDateTime="2019-12-23 23:04:59.43" SiteID="17" ShipDate="2019-12-24 00:00:00" LineCntr="4" OrderCntr="1" BilledOrderCntr="0" UnbilledOrderCntr="0" ReleasedOrderCntr="1" Confirmed="1" ShipmentType="I" Operation="I" Released="0" ShipContactID="37" UseCustomerAccount="0" Resedential="0" SaturdayDelivery="0" Insurance="0" GroundCollect="0" LabelsPrinted="0" PickListPrinted="0" ShippedViaCarrier="0" CuryInfoID="664114" CuryID="USD" LineTotal="164.9000" PackageLineCntr="0" PackageWeight="0.000000" IsPackageValid="1" FreightCost="0.0000" CuryFreightCost="0.0000" OverrideFreightAmount="0" FreightAmountSource="O" CuryFreightAmt="0.0000" FreightAmt="0.0000" CuryPremiumFreightAmt="0.0000" PremiumFreightAmt="0.0000" CuryTotalFreightAmt="0.0000" TotalFreightAmt="0.0000" TaxCategoryID="TAXABLE" Status="C" ShipmentWeight="63.972640" ShipmentVolume="0.000000" SkipAddressVerification="0" NoteID="83a0b0ce-0a26-ea11-a6f0-9cb6d0c82c0c" ConfirmedByID="b5344897-037e-4d58-b5c3-1bdfd0f47bf9" ConfirmedDateTime="2019-12-23 23:04:25.42" />
		<row ShipmentNbr="000019" CustomerID="30" CustomerLocationID="29" ShipAddressID="37" Hold="0" ControlQty="1.000000" ShipmentQty="1.000000" CreatedByID="b5344897-037e-4d58-b5c3-1bdfd0f47bf9" CreatedByScreenID="SO301000" CreatedDateTime="2019-12-23 23:09:20.13" LastModifiedByID="b5344897-037e-4d58-b5c3-1bdfd0f47bf9" LastModifiedByScreenID="SO302000" LastModifiedDateTime="2019-12-23 23:09:40.9" SiteID="17" ShipDate="2019-12-24 00:00:00" LineCntr="2" OrderCntr="1" BilledOrderCntr="0" UnbilledOrderCntr="1" ReleasedOrderCntr="0" Confirmed="1" ShipmentType="I" Operation="I" Released="0" ShipContactID="37" UseCustomerAccount="0" Resedential="0" SaturdayDelivery="0" Insurance="0" GroundCollect="0" LabelsPrinted="0" PickListPrinted="0" ShippedViaCarrier="0" CuryInfoID="664117" CuryID="USD" LineTotal="114.9500" PackageLineCntr="0" PackageWeight="0.000000" IsPackageValid="1" FreightCost="0.0000" CuryFreightCost="0.0000" OverrideFreightAmount="0" FreightAmountSource="O" CuryFreightAmt="0.0000" FreightAmt="0.0000" CuryPremiumFreightAmt="0.0000" PremiumFreightAmt="0.0000" CuryTotalFreightAmt="0.0000" TotalFreightAmt="0.0000" TaxCategoryID="TAXABLE" Status="F" ShipmentWeight="16.000000" ShipmentVolume="0.000000" SkipAddressVerification="0" NoteID="f3b34b89-0b26-ea11-a6f0-9cb6d0c82c0c" ConfirmedByID="b5344897-037e-4d58-b5c3-1bdfd0f47bf9" ConfirmedDateTime="2019-12-23 23:09:40.9" />
		<row ShipmentNbr="000020" CustomerID="30" CustomerLocationID="29" ShipAddressID="44" Hold="0" ControlQty="2.000000" ShipmentQty="2.000000" CreatedByID="b5344897-037e-4d58-b5c3-1bdfd0f47bf9" CreatedByScreenID="SO301000" CreatedDateTime="2019-12-31 10:32:29.85" LastModifiedByID="b5344897-037e-4d58-b5c3-1bdfd0f47bf9" LastModifiedByScreenID="SO302000" LastModifiedDateTime="2019-12-31 10:32:52.833" SiteID="17" ShipDate="2019-12-31 00:00:00" LineCntr="4" OrderCntr="1" BilledOrderCntr="0" UnbilledOrderCntr="1" ReleasedOrderCntr="0" Confirmed="1" ShipmentType="I" Operation="I" Released="0" ShipContactID="44" UseCustomerAccount="0" Resedential="0" SaturdayDelivery="0" Insurance="0" GroundCollect="0" LabelsPrinted="0" PickListPrinted="0" ShippedViaCarrier="0" CuryInfoID="664149" CuryID="USD" LineTotal="164.9000" PackageLineCntr="0" PackageWeight="0.000000" IsPackageValid="1" FreightCost="0.0000" CuryFreightCost="0.0000" OverrideFreightAmount="0" FreightAmountSource="S" CuryFreightAmt="0.0000" FreightAmt="0.0000" CuryPremiumFreightAmt="0.0000" PremiumFreightAmt="0.0000" CuryTotalFreightAmt="0.0000" TotalFreightAmt="0.0000" Status="F" ShipmentWeight="63.972640" ShipmentVolume="0.000000" SkipAddressVerification="0" NoteID="77440221-eb2b-ea11-a6f1-9cb6d0c82c0c" ConfirmedByID="b5344897-037e-4d58-b5c3-1bdfd0f47bf9" ConfirmedDateTime="2019-12-31 10:32:52.833" />
		<row ShipmentNbr="000021" CustomerID="30" CustomerLocationID="29" ShipAddressID="41" Hold="0" ControlQty="1.000000" ShipmentQty="1.000000" CreatedByID="b5344897-037e-4d58-b5c3-1bdfd0f47bf9" CreatedByScreenID="SO301000" CreatedDateTime="2020-01-06 17:52:03.883" LastModifiedByID="b5344897-037e-4d58-b5c3-1bdfd0f47bf9" LastModifiedByScreenID="SO302000" LastModifiedDateTime="2020-01-06 17:52:22.67" SiteID="17" ShipDate="2020-01-06 00:00:00" LineCntr="2" OrderCntr="1" BilledOrderCntr="0" UnbilledOrderCntr="1" ReleasedOrderCntr="0" Confirmed="1" ShipmentType="I" Operation="I" Released="0" ShipContactID="41" UseCustomerAccount="0" Resedential="0" SaturdayDelivery="0" Insurance="0" GroundCollect="0" LabelsPrinted="0" PickListPrinted="0" ShippedViaCarrier="0" CuryInfoID="664150" CuryID="USD" LineTotal="114.9500" PackageLineCntr="0" PackageWeight="0.000000" IsPackageValid="1" FreightCost="0.0000" CuryFreightCost="0.0000" OverrideFreightAmount="0" FreightAmountSource="O" CuryFreightAmt="0.0000" FreightAmt="0.0000" CuryPremiumFreightAmt="0.0000" PremiumFreightAmt="0.0000" CuryTotalFreightAmt="0.0000" TotalFreightAmt="0.0000" TaxCategoryID="EXEMPT" Status="F" ShipmentWeight="16.000000" ShipmentVolume="0.000000" SkipAddressVerification="0" NoteID="eab2f187-df30-ea11-a6f1-9cb6d0c82c0c" ConfirmedByID="b5344897-037e-4d58-b5c3-1bdfd0f47bf9" ConfirmedDateTime="2020-01-06 17:52:22.67" />
	</rows>
</data>