﻿<?xml version="1.0" encoding="utf-8"?>
<data>
	<table name="SOTaxTran">
		<col name="CompanyID" type="Int" default="Zero" />
		<col name="RecordID" type="Int" identity="true" />
		<col name="OrderType" type="Char(2)" />
		<col name="OrderNbr" type="NVarChar(15)" />
		<col name="LineNbr" type="Int" />
		<col name="TaxID" type="NVarChar(30)" />
		<col name="JurisType" type="NVarChar(9)" nullable="true" />
		<col name="JurisName" type="NVarChar(200)" nullable="true" />
		<col name="TaxRate" type="Decimal(15,6)" nullable="true" />
		<col name="CuryInfoID" type="BigInt" />
		<col name="CuryTaxableAmt" type="Decimal(19,4)" nullable="true" />
		<col name="CuryUnshippedTaxableAmt" type="Decimal(19,4)" nullable="true" />
		<col name="CuryUnbilledTaxableAmt" type="Decimal(19,4)" nullable="true" />
		<col name="TaxableAmt" type="Decimal(19,4)" nullable="true" />
		<col name="CuryExemptedAmt" type="Decimal(19,4)" default="Zero" />
		<col name="ExemptedAmt" type="Decimal(19,4)" default="Zero" />
		<col name="UnshippedTaxableAmt" type="Decimal(19,4)" nullable="true" />
		<col name="UnbilledTaxableAmt" type="Decimal(19,4)" nullable="true" />
		<col name="CuryTaxAmt" type="Decimal(19,4)" nullable="true" />
		<col name="CuryUnshippedTaxAmt" type="Decimal(19,4)" nullable="true" />
		<col name="CuryUnbilledTaxAmt" type="Decimal(19,4)" nullable="true" />
		<col name="TaxAmt" type="Decimal(19,4)" nullable="true" />
		<col name="UnshippedTaxAmt" type="Decimal(19,4)" nullable="true" />
		<col name="UnbilledTaxAmt" type="Decimal(19,4)" nullable="true" />
		<col name="NonDeductibleTaxRate" type="Decimal(9,6)" nullable="true" />
		<col name="ExpenseAmt" type="Decimal(19,4)" nullable="true" />
		<col name="CuryExpenseAmt" type="Decimal(19,4)" nullable="true" />
		<col name="TaxZoneID" type="NVarChar(10)" nullable="true" />
		<col name="tstamp" type="Timestamp" />
		<col name="CreatedByID" type="UniqueIdentifier" />
		<col name="CreatedByScreenID" type="Char(8)" />
		<col name="CreatedDateTime" type="DateTime" />
		<col name="LastModifiedByID" type="UniqueIdentifier" />
		<col name="LastModifiedByScreenID" type="Char(8)" />
		<col name="LastModifiedDateTime" type="DateTime" />
	</table>
	<rows>
		<row RecordID="2" OrderType="SO" OrderNbr="000003" LineNbr="2147483647" TaxID="EXTERNAL" TaxRate="0.000000" CuryInfoID="663961" CuryTaxableAmt="344.8500" CuryUnshippedTaxableAmt="344.8500" CuryUnbilledTaxableAmt="344.8500" TaxableAmt="344.8500" CuryExemptedAmt="0.0000" ExemptedAmt="0.0000" UnshippedTaxableAmt="344.8500" UnbilledTaxableAmt="344.8500" CuryTaxAmt="34.4800" CuryUnshippedTaxAmt="34.4800" CuryUnbilledTaxAmt="34.4800" TaxAmt="34.4800" UnshippedTaxAmt="34.4800" UnbilledTaxAmt="34.4800" NonDeductibleTaxRate="100.000000" ExpenseAmt="0.0000" CuryExpenseAmt="0.0000" TaxZoneID="EXTERNAL" CreatedByID="b5344897-037e-4d58-b5c3-1bdfd0f47bf9" CreatedByScreenID="SO301000" CreatedDateTime="2019-12-05 12:10:12.493" LastModifiedByID="b5344897-037e-4d58-b5c3-1bdfd0f47bf9" LastModifiedByScreenID="SO301000" LastModifiedDateTime="2019-12-05 12:10:12.493" />
		<row RecordID="3" OrderType="SO" OrderNbr="000004" LineNbr="2147483647" TaxID="EXTERNAL" TaxRate="0.000000" CuryInfoID="663962" CuryTaxableAmt="344.8500" CuryUnshippedTaxableAmt="344.8500" CuryUnbilledTaxableAmt="344.8500" TaxableAmt="344.8500" CuryExemptedAmt="0.0000" ExemptedAmt="0.0000" UnshippedTaxableAmt="344.8500" UnbilledTaxableAmt="344.8500" CuryTaxAmt="34.4800" CuryUnshippedTaxAmt="34.4800" CuryUnbilledTaxAmt="34.4800" TaxAmt="34.4800" UnshippedTaxAmt="34.4800" UnbilledTaxAmt="34.4800" NonDeductibleTaxRate="100.000000" ExpenseAmt="0.0000" CuryExpenseAmt="0.0000" TaxZoneID="EXTERNAL" CreatedByID="b5344897-037e-4d58-b5c3-1bdfd0f47bf9" CreatedByScreenID="SO301000" CreatedDateTime="2019-12-05 12:10:14.347" LastModifiedByID="b5344897-037e-4d58-b5c3-1bdfd0f47bf9" LastModifiedByScreenID="SO301000" LastModifiedDateTime="2019-12-05 12:10:14.347" />
		<row RecordID="4" OrderType="SO" OrderNbr="000005" LineNbr="2147483647" TaxID="EXTERNAL" TaxRate="0.000000" CuryInfoID="663969" CuryTaxableAmt="344.8500" CuryUnshippedTaxableAmt="344.8500" CuryUnbilledTaxableAmt="344.8500" TaxableAmt="344.8500" CuryExemptedAmt="0.0000" ExemptedAmt="0.0000" UnshippedTaxableAmt="344.8500" UnbilledTaxableAmt="344.8500" CuryTaxAmt="34.4800" CuryUnshippedTaxAmt="34.4800" CuryUnbilledTaxAmt="34.4800" TaxAmt="34.4800" UnshippedTaxAmt="34.4800" UnbilledTaxAmt="34.4800" NonDeductibleTaxRate="100.000000" ExpenseAmt="0.0000" CuryExpenseAmt="0.0000" TaxZoneID="EXTERNAL" CreatedByID="b5344897-037e-4d58-b5c3-1bdfd0f47bf9" CreatedByScreenID="SO301000" CreatedDateTime="2019-12-05 12:10:19.25" LastModifiedByID="b5344897-037e-4d58-b5c3-1bdfd0f47bf9" LastModifiedByScreenID="SO301000" LastModifiedDateTime="2019-12-05 12:10:19.25" />
		<row RecordID="5" OrderType="SO" OrderNbr="000002" LineNbr="2147483647" TaxID="EXTERNAL" TaxRate="0.000000" CuryInfoID="663960" CuryTaxableAmt="344.8500" CuryUnshippedTaxableAmt="344.8500" CuryUnbilledTaxableAmt="344.8500" TaxableAmt="344.8500" CuryExemptedAmt="0.0000" ExemptedAmt="0.0000" UnshippedTaxableAmt="344.8500" UnbilledTaxableAmt="344.8500" CuryTaxAmt="26.7300" CuryUnshippedTaxAmt="26.7300" CuryUnbilledTaxAmt="26.7300" TaxAmt="26.7300" UnshippedTaxAmt="26.7300" UnbilledTaxAmt="26.7300" NonDeductibleTaxRate="100.000000" ExpenseAmt="0.0000" CuryExpenseAmt="0.0000" TaxZoneID="EXTERNAL" CreatedByID="b5344897-037e-4d58-b5c3-1bdfd0f47bf9" CreatedByScreenID="SO301000" CreatedDateTime="2019-12-05 12:11:35.567" LastModifiedByID="b5344897-037e-4d58-b5c3-1bdfd0f47bf9" LastModifiedByScreenID="SO301000" LastModifiedDateTime="2019-12-05 12:11:35.567" />
		<row RecordID="6" OrderType="SO" OrderNbr="000006" LineNbr="2147483647" TaxID="EXTERNAL" TaxRate="0.000000" CuryInfoID="663976" CuryTaxableAmt="344.8500" CuryUnshippedTaxableAmt="344.8500" CuryUnbilledTaxableAmt="344.8500" TaxableAmt="344.8500" CuryExemptedAmt="0.0000" ExemptedAmt="0.0000" UnshippedTaxableAmt="344.8500" UnbilledTaxableAmt="344.8500" CuryTaxAmt="34.4800" CuryUnshippedTaxAmt="34.4800" CuryUnbilledTaxAmt="34.4800" TaxAmt="34.4800" UnshippedTaxAmt="34.4800" UnbilledTaxAmt="34.4800" NonDeductibleTaxRate="100.000000" ExpenseAmt="0.0000" CuryExpenseAmt="0.0000" TaxZoneID="EXTERNAL" CreatedByID="b5344897-037e-4d58-b5c3-1bdfd0f47bf9" CreatedByScreenID="SO301000" CreatedDateTime="2019-12-23 17:14:53.56" LastModifiedByID="b5344897-037e-4d58-b5c3-1bdfd0f47bf9" LastModifiedByScreenID="SO301000" LastModifiedDateTime="2019-12-23 17:14:53.56" />
		<row RecordID="7" OrderType="SO" OrderNbr="000007" LineNbr="2147483647" TaxID="EXTERNAL" TaxRate="0.000000" CuryInfoID="663981" CuryTaxableAmt="364.8500" CuryUnshippedTaxableAmt="364.8500" CuryUnbilledTaxableAmt="364.8500" TaxableAmt="364.8500" CuryExemptedAmt="0.0000" ExemptedAmt="0.0000" UnshippedTaxableAmt="364.8500" UnbilledTaxableAmt="364.8500" CuryTaxAmt="36.4800" CuryUnshippedTaxAmt="36.4800" CuryUnbilledTaxAmt="36.4800" TaxAmt="36.4800" UnshippedTaxAmt="36.4800" UnbilledTaxAmt="36.4800" NonDeductibleTaxRate="100.000000" ExpenseAmt="0.0000" CuryExpenseAmt="0.0000" TaxZoneID="EXTERNAL" CreatedByID="b5344897-037e-4d58-b5c3-1bdfd0f47bf9" CreatedByScreenID="SO301000" CreatedDateTime="2019-12-23 17:18:32.323" LastModifiedByID="b5344897-037e-4d58-b5c3-1bdfd0f47bf9" LastModifiedByScreenID="SO301000" LastModifiedDateTime="2019-12-23 17:18:32.323" />
		<row RecordID="8" OrderType="SO" OrderNbr="000008" LineNbr="2147483647" TaxID="EXTERNAL" TaxRate="0.000000" CuryInfoID="663990" CuryTaxableAmt="284.8500" CuryUnshippedTaxableAmt="284.8500" CuryUnbilledTaxableAmt="284.8500" TaxableAmt="284.8500" CuryExemptedAmt="0.0000" ExemptedAmt="0.0000" UnshippedTaxableAmt="284.8500" UnbilledTaxableAmt="284.8500" CuryTaxAmt="28.4800" CuryUnshippedTaxAmt="28.4800" CuryUnbilledTaxAmt="28.4800" TaxAmt="28.4800" UnshippedTaxAmt="28.4800" UnbilledTaxAmt="28.4800" NonDeductibleTaxRate="100.000000" ExpenseAmt="0.0000" CuryExpenseAmt="0.0000" TaxZoneID="EXTERNAL" CreatedByID="b5344897-037e-4d58-b5c3-1bdfd0f47bf9" CreatedByScreenID="SO301000" CreatedDateTime="2019-12-23 17:23:53.48" LastModifiedByID="b5344897-037e-4d58-b5c3-1bdfd0f47bf9" LastModifiedByScreenID="SO301000" LastModifiedDateTime="2019-12-23 17:23:53.48" />
		<row RecordID="9" OrderType="SO" OrderNbr="000009" LineNbr="2147483647" TaxID="EXTERNAL" TaxRate="0.000000" CuryInfoID="663997" CuryTaxableAmt="354.8500" CuryUnshippedTaxableAmt="354.8500" CuryUnbilledTaxableAmt="354.8500" TaxableAmt="354.8500" CuryExemptedAmt="0.0000" ExemptedAmt="0.0000" UnshippedTaxableAmt="354.8500" UnbilledTaxableAmt="354.8500" CuryTaxAmt="35.4900" CuryUnshippedTaxAmt="35.4900" CuryUnbilledTaxAmt="35.4900" TaxAmt="35.4900" UnshippedTaxAmt="35.4900" UnbilledTaxAmt="35.4900" NonDeductibleTaxRate="100.000000" ExpenseAmt="0.0000" CuryExpenseAmt="0.0000" TaxZoneID="EXTERNAL" CreatedByID="b5344897-037e-4d58-b5c3-1bdfd0f47bf9" CreatedByScreenID="SO301000" CreatedDateTime="2019-12-23 17:29:54.683" LastModifiedByID="b5344897-037e-4d58-b5c3-1bdfd0f47bf9" LastModifiedByScreenID="SO301000" LastModifiedDateTime="2019-12-23 17:29:54.683" />
		<row RecordID="10" OrderType="SO" OrderNbr="000010" LineNbr="2147483647" TaxID="EXTERNAL" TaxRate="0.000000" CuryInfoID="664007" CuryTaxableAmt="229.9000" CuryUnshippedTaxableAmt="229.9000" CuryUnbilledTaxableAmt="229.9000" TaxableAmt="229.9000" CuryExemptedAmt="0.0000" ExemptedAmt="0.0000" UnshippedTaxableAmt="229.9000" UnbilledTaxableAmt="229.9000" CuryTaxAmt="22.9900" CuryUnshippedTaxAmt="22.9900" CuryUnbilledTaxAmt="22.9900" TaxAmt="22.9900" UnshippedTaxAmt="22.9900" UnbilledTaxAmt="22.9900" NonDeductibleTaxRate="100.000000" ExpenseAmt="0.0000" CuryExpenseAmt="0.0000" TaxZoneID="EXTERNAL" CreatedByID="b5344897-037e-4d58-b5c3-1bdfd0f47bf9" CreatedByScreenID="SO301000" CreatedDateTime="2019-12-23 17:33:23.403" LastModifiedByID="b5344897-037e-4d58-b5c3-1bdfd0f47bf9" LastModifiedByScreenID="SO301000" LastModifiedDateTime="2019-12-23 17:33:23.403" />
		<row RecordID="12" OrderType="SO" OrderNbr="000011" LineNbr="2147483647" TaxID="EXTERNAL" TaxRate="0.000000" CuryInfoID="664017" CuryTaxableAmt="249.9000" CuryUnshippedTaxableAmt="249.9000" CuryUnbilledTaxableAmt="249.9000" TaxableAmt="249.9000" CuryExemptedAmt="0.0000" ExemptedAmt="0.0000" UnshippedTaxableAmt="249.9000" UnbilledTaxableAmt="249.9000" CuryTaxAmt="24.9900" CuryUnshippedTaxAmt="24.9900" CuryUnbilledTaxAmt="24.9900" TaxAmt="24.9900" UnshippedTaxAmt="24.9900" UnbilledTaxAmt="24.9900" NonDeductibleTaxRate="100.000000" ExpenseAmt="0.0000" CuryExpenseAmt="0.0000" TaxZoneID="EXTERNAL" CreatedByID="b5344897-037e-4d58-b5c3-1bdfd0f47bf9" CreatedByScreenID="SO301000" CreatedDateTime="2019-12-23 17:42:38.437" LastModifiedByID="b5344897-037e-4d58-b5c3-1bdfd0f47bf9" LastModifiedByScreenID="SO301000" LastModifiedDateTime="2019-12-23 17:42:38.437" />
		<row RecordID="13" OrderType="SO" OrderNbr="000012" LineNbr="2147483647" TaxID="EXTERNAL" TaxRate="0.000000" CuryInfoID="664031" CuryTaxableAmt="269.9000" CuryUnshippedTaxableAmt="269.9000" CuryUnbilledTaxableAmt="269.9000" TaxableAmt="269.9000" CuryExemptedAmt="0.0000" ExemptedAmt="0.0000" UnshippedTaxableAmt="269.9000" UnbilledTaxableAmt="269.9000" CuryTaxAmt="26.9900" CuryUnshippedTaxAmt="26.9900" CuryUnbilledTaxAmt="26.9900" TaxAmt="26.9900" UnshippedTaxAmt="26.9900" UnbilledTaxAmt="26.9900" NonDeductibleTaxRate="100.000000" ExpenseAmt="0.0000" CuryExpenseAmt="0.0000" TaxZoneID="EXTERNAL" CreatedByID="b5344897-037e-4d58-b5c3-1bdfd0f47bf9" CreatedByScreenID="SO301000" CreatedDateTime="2019-12-23 17:46:17.043" LastModifiedByID="b5344897-037e-4d58-b5c3-1bdfd0f47bf9" LastModifiedByScreenID="SO301000" LastModifiedDateTime="2019-12-23 17:46:17.043" />
		<row RecordID="14" OrderType="SO" OrderNbr="000013" LineNbr="2147483647" TaxID="EXTERNAL" TaxRate="0.000000" CuryInfoID="664041" CuryTaxableAmt="249.9000" CuryUnshippedTaxableAmt="249.9000" CuryUnbilledTaxableAmt="249.9000" TaxableAmt="249.9000" CuryExemptedAmt="0.0000" ExemptedAmt="0.0000" UnshippedTaxableAmt="249.9000" UnbilledTaxableAmt="249.9000" CuryTaxAmt="24.9900" CuryUnshippedTaxAmt="24.9900" CuryUnbilledTaxAmt="24.9900" TaxAmt="24.9900" UnshippedTaxAmt="24.9900" UnbilledTaxAmt="24.9900" NonDeductibleTaxRate="100.000000" ExpenseAmt="0.0000" CuryExpenseAmt="0.0000" TaxZoneID="EXTERNAL" CreatedByID="b5344897-037e-4d58-b5c3-1bdfd0f47bf9" CreatedByScreenID="SO301000" CreatedDateTime="2019-12-23 17:52:34.403" LastModifiedByID="b5344897-037e-4d58-b5c3-1bdfd0f47bf9" LastModifiedByScreenID="SO301000" LastModifiedDateTime="2019-12-23 17:52:34.403" />
		<row RecordID="15" OrderType="SO" OrderNbr="000014" LineNbr="2147483647" TaxID="EXTERNAL" TaxRate="0.000000" CuryInfoID="664048" CuryTaxableAmt="229.9000" CuryUnshippedTaxableAmt="229.9000" CuryUnbilledTaxableAmt="229.9000" TaxableAmt="229.9000" CuryExemptedAmt="0.0000" ExemptedAmt="0.0000" UnshippedTaxableAmt="229.9000" UnbilledTaxableAmt="229.9000" CuryTaxAmt="22.9900" CuryUnshippedTaxAmt="22.9900" CuryUnbilledTaxAmt="22.9900" TaxAmt="22.9900" UnshippedTaxAmt="22.9900" UnbilledTaxAmt="22.9900" NonDeductibleTaxRate="100.000000" ExpenseAmt="0.0000" CuryExpenseAmt="0.0000" TaxZoneID="EXTERNAL" CreatedByID="b5344897-037e-4d58-b5c3-1bdfd0f47bf9" CreatedByScreenID="SO301000" CreatedDateTime="2019-12-23 22:08:37.67" LastModifiedByID="b5344897-037e-4d58-b5c3-1bdfd0f47bf9" LastModifiedByScreenID="SO301000" LastModifiedDateTime="2019-12-23 22:08:37.67" />
		<row RecordID="16" OrderType="SO" OrderNbr="000015" LineNbr="2147483647" TaxID="EXTERNAL" TaxRate="0.000000" CuryInfoID="664055" CuryTaxableAmt="369.8500" CuryUnshippedTaxableAmt="369.8500" CuryUnbilledTaxableAmt="369.8500" TaxableAmt="369.8500" CuryExemptedAmt="0.0000" ExemptedAmt="0.0000" UnshippedTaxableAmt="369.8500" UnbilledTaxableAmt="369.8500" CuryTaxAmt="36.9900" CuryUnshippedTaxAmt="36.9900" CuryUnbilledTaxAmt="36.9900" TaxAmt="36.9900" UnshippedTaxAmt="36.9900" UnbilledTaxAmt="36.9900" NonDeductibleTaxRate="100.000000" ExpenseAmt="0.0000" CuryExpenseAmt="0.0000" TaxZoneID="EXTERNAL" CreatedByID="b5344897-037e-4d58-b5c3-1bdfd0f47bf9" CreatedByScreenID="SO301000" CreatedDateTime="2019-12-23 22:13:48.057" LastModifiedByID="b5344897-037e-4d58-b5c3-1bdfd0f47bf9" LastModifiedByScreenID="SO301000" LastModifiedDateTime="2019-12-23 22:13:48.057" />
		<row RecordID="18" OrderType="SO" OrderNbr="000016" LineNbr="2147483647" TaxID="EXTERNAL" TaxRate="0.000000" CuryInfoID="664074" CuryTaxableAmt="344.8500" CuryUnshippedTaxableAmt="344.8500" CuryUnbilledTaxableAmt="344.8500" TaxableAmt="344.8500" CuryExemptedAmt="0.0000" ExemptedAmt="0.0000" UnshippedTaxableAmt="344.8500" UnbilledTaxableAmt="344.8500" CuryTaxAmt="34.4800" CuryUnshippedTaxAmt="34.4800" CuryUnbilledTaxAmt="34.4800" TaxAmt="34.4800" UnshippedTaxAmt="34.4800" UnbilledTaxAmt="34.4800" NonDeductibleTaxRate="100.000000" ExpenseAmt="0.0000" CuryExpenseAmt="0.0000" TaxZoneID="EXTERNAL" CreatedByID="b5344897-037e-4d58-b5c3-1bdfd0f47bf9" CreatedByScreenID="SO301000" CreatedDateTime="2019-12-23 22:33:45.82" LastModifiedByID="b5344897-037e-4d58-b5c3-1bdfd0f47bf9" LastModifiedByScreenID="SO301000" LastModifiedDateTime="2019-12-23 22:33:45.82" />
		<row RecordID="19" OrderType="SO" OrderNbr="000017" LineNbr="2147483647" TaxID="EXTERNAL" TaxRate="0.000000" CuryInfoID="664085" CuryTaxableAmt="344.8500" CuryUnshippedTaxableAmt="344.8500" CuryUnbilledTaxableAmt="344.8500" TaxableAmt="344.8500" CuryExemptedAmt="0.0000" ExemptedAmt="0.0000" UnshippedTaxableAmt="344.8500" UnbilledTaxableAmt="344.8500" CuryTaxAmt="34.4800" CuryUnshippedTaxAmt="34.4800" CuryUnbilledTaxAmt="34.4800" TaxAmt="34.4800" UnshippedTaxAmt="34.4800" UnbilledTaxAmt="34.4800" NonDeductibleTaxRate="100.000000" ExpenseAmt="0.0000" CuryExpenseAmt="0.0000" TaxZoneID="EXTERNAL" CreatedByID="b5344897-037e-4d58-b5c3-1bdfd0f47bf9" CreatedByScreenID="SO301000" CreatedDateTime="2019-12-23 22:42:42.073" LastModifiedByID="b5344897-037e-4d58-b5c3-1bdfd0f47bf9" LastModifiedByScreenID="SO301000" LastModifiedDateTime="2019-12-23 22:42:42.073" />
		<row RecordID="20" OrderType="SO" OrderNbr="000018" LineNbr="2147483647" TaxID="EXTERNAL" TaxRate="0.000000" CuryInfoID="664096" CuryTaxableAmt="322.8500" CuryUnshippedTaxableAmt="322.8500" CuryUnbilledTaxableAmt="322.8500" TaxableAmt="322.8500" CuryExemptedAmt="0.0000" ExemptedAmt="0.0000" UnshippedTaxableAmt="322.8500" UnbilledTaxableAmt="322.8500" CuryTaxAmt="32.2900" CuryUnshippedTaxAmt="32.2900" CuryUnbilledTaxAmt="32.2900" TaxAmt="32.2900" UnshippedTaxAmt="32.2900" UnbilledTaxAmt="32.2900" NonDeductibleTaxRate="100.000000" ExpenseAmt="0.0000" CuryExpenseAmt="0.0000" TaxZoneID="EXTERNAL" CreatedByID="b5344897-037e-4d58-b5c3-1bdfd0f47bf9" CreatedByScreenID="SO301000" CreatedDateTime="2019-12-23 22:48:54.193" LastModifiedByID="b5344897-037e-4d58-b5c3-1bdfd0f47bf9" LastModifiedByScreenID="SO301000" LastModifiedDateTime="2019-12-23 22:48:54.193" />
		<row RecordID="21" OrderType="SO" OrderNbr="000019" LineNbr="2147483647" TaxID="EXTERNAL" TaxRate="0.000000" CuryInfoID="664107" CuryTaxableAmt="249.9000" CuryUnshippedTaxableAmt="249.9000" CuryUnbilledTaxableAmt="249.9000" TaxableAmt="249.9000" CuryExemptedAmt="0.0000" ExemptedAmt="0.0000" UnshippedTaxableAmt="249.9000" UnbilledTaxableAmt="249.9000" CuryTaxAmt="24.9900" CuryUnshippedTaxAmt="24.9900" CuryUnbilledTaxAmt="24.9900" TaxAmt="24.9900" UnshippedTaxAmt="24.9900" UnbilledTaxAmt="24.9900" NonDeductibleTaxRate="100.000000" ExpenseAmt="0.0000" CuryExpenseAmt="0.0000" TaxZoneID="EXTERNAL" CreatedByID="b5344897-037e-4d58-b5c3-1bdfd0f47bf9" CreatedByScreenID="SO301000" CreatedDateTime="2019-12-23 23:03:25.093" LastModifiedByID="b5344897-037e-4d58-b5c3-1bdfd0f47bf9" LastModifiedByScreenID="SO301000" LastModifiedDateTime="2019-12-23 23:03:25.093" />
		<row RecordID="23" OrderType="SO" OrderNbr="000020" LineNbr="2147483647" TaxID="EXTERNAL" TaxRate="0.000000" CuryInfoID="664123" CuryTaxableAmt="0.0000" CuryUnshippedTaxableAmt="0.0000" CuryUnbilledTaxableAmt="0.0000" TaxableAmt="0.0000" CuryExemptedAmt="0.0000" ExemptedAmt="0.0000" UnshippedTaxableAmt="0.0000" UnbilledTaxableAmt="0.0000" CuryTaxAmt="0.0000" CuryUnshippedTaxAmt="0.0000" CuryUnbilledTaxAmt="0.0000" TaxAmt="0.0000" UnshippedTaxAmt="0.0000" UnbilledTaxAmt="0.0000" NonDeductibleTaxRate="100.000000" ExpenseAmt="0.0000" CuryExpenseAmt="0.0000" TaxZoneID="EXTERNAL" CreatedByID="b5344897-037e-4d58-b5c3-1bdfd0f47bf9" CreatedByScreenID="SO301000" CreatedDateTime="2019-12-23 23:32:58.273" LastModifiedByID="b5344897-037e-4d58-b5c3-1bdfd0f47bf9" LastModifiedByScreenID="SO301000" LastModifiedDateTime="2019-12-23 23:32:58.273" />
		<row RecordID="27" OrderType="SO" OrderNbr="000022" LineNbr="2147483647" TaxID="EXTERNAL" TaxRate="0.000000" CuryInfoID="664144" CuryTaxableAmt="344.8500" CuryUnshippedTaxableAmt="344.8500" CuryUnbilledTaxableAmt="344.8500" TaxableAmt="344.8500" CuryExemptedAmt="0.0000" ExemptedAmt="0.0000" UnshippedTaxableAmt="344.8500" UnbilledTaxableAmt="344.8500" CuryTaxAmt="34.4800" CuryUnshippedTaxAmt="34.4800" CuryUnbilledTaxAmt="34.4800" TaxAmt="34.4800" UnshippedTaxAmt="34.4800" UnbilledTaxAmt="34.4800" NonDeductibleTaxRate="100.000000" ExpenseAmt="0.0000" CuryExpenseAmt="0.0000" TaxZoneID="EXTERNAL" CreatedByID="b5344897-037e-4d58-b5c3-1bdfd0f47bf9" CreatedByScreenID="SO301000" CreatedDateTime="2019-12-31 13:53:15.657" LastModifiedByID="b5344897-037e-4d58-b5c3-1bdfd0f47bf9" LastModifiedByScreenID="SO301000" LastModifiedDateTime="2019-12-31 13:53:15.657" />
	</rows>
</data>