﻿<?xml version="1.0" encoding="utf-8"?>
<data>
	<table name="SYProviderParameter">
		<col name="CompanyID" type="Int" default="Zero" />
		<col name="ProviderID" type="UniqueIdentifier" />
		<col name="LineNbr" type="SmallInt" />
		<col name="Name" type="NVarChar(128)" />
		<col name="DisplayName" type="NVarChar(128)" nullable="true" />
		<col name="Value" type="NVarChar(4000)" />
		<col name="IsEncrypted" type="Bit" default="Zero" />
		<col name="CreatedByID" type="UniqueIdentifier" />
		<col name="CreatedByScreenID" type="Char(8)" />
		<col name="CreatedDateTime" type="DateTime" />
		<col name="LastModifiedByID" type="UniqueIdentifier" />
		<col name="LastModifiedByScreenID" type="Char(8)" />
		<col name="LastModifiedDateTime" type="DateTime" />
		<col name="tstamp" type="Timestamp" />
		<col name="CompanyMask" type="VarBinary(32)" default="CompanyMaskReadOnly" />
		<col name="NoteID" type="UniqueIdentifier" nullable="true" />
	</table>
	<rows>
		<row ProviderID="16f364be-1dc3-444a-9eab-03cdc8aeb6d4" LineNbr="1" Name="FileName" DisplayName="File Name" Value="&lt;EmptyFileName&gt;" IsEncrypted="0" CreatedByID="b5344897-037e-4d58-b5c3-1bdfd0f47bf9" CreatedByScreenID="SM206015" CreatedDateTime="2019-04-02 20:13:23.67" LastModifiedByID="b5344897-037e-4d58-b5c3-1bdfd0f47bf9" LastModifiedByScreenID="SM206015" LastModifiedDateTime="2019-04-02 20:13:23.67" NoteID="964fdd9b-6a55-e911-b81b-00155d408001" />
		<row ProviderID="a993eb91-8717-4ac2-999c-0a3c20c812f2" LineNbr="1" Name="FileName" DisplayName="File Name" Value="&lt;EmptyFileName&gt;" IsEncrypted="0" CreatedByID="b5344897-037e-4d58-b5c3-1bdfd0f47bf9" CreatedByScreenID="SM206015" CreatedDateTime="2016-04-14 23:45:51.3" LastModifiedByID="b5344897-037e-4d58-b5c3-1bdfd0f47bf9" LastModifiedByScreenID="SM206015" LastModifiedDateTime="2016-04-14 23:45:51.3" NoteID="9bf25e6d-e602-e611-80c4-00155d012302" />
		<row ProviderID="e1d22b67-6e05-4396-8cd3-232628e9c14e" LineNbr="1" Name="FileName" DisplayName="File Name" Value="&lt;EmptyFileName&gt;" IsEncrypted="0" CreatedByID="b5344897-037e-4d58-b5c3-1bdfd0f47bf9" CreatedByScreenID="SM206015" CreatedDateTime="2019-04-02 20:06:27.54" LastModifiedByID="b5344897-037e-4d58-b5c3-1bdfd0f47bf9" LastModifiedByScreenID="SM206015" LastModifiedDateTime="2019-04-02 20:06:27.54" NoteID="edaf5aa4-6955-e911-b81b-00155d408001" />
		<row ProviderID="b722f48a-5af3-49a2-9b97-4d36ba0c68a0" LineNbr="1" Name="FileName" DisplayName="File Name" Value="&lt;EmptyFileName&gt;" IsEncrypted="0" CreatedByID="b5344897-037e-4d58-b5c3-1bdfd0f47bf9" CreatedByScreenID="SM206015" CreatedDateTime="2016-04-20 13:58:08.407" LastModifiedByID="b5344897-037e-4d58-b5c3-1bdfd0f47bf9" LastModifiedByScreenID="SM206015" LastModifiedDateTime="2016-04-20 01:58:16.73" NoteID="eeca87c3-e606-e611-80c4-00155d012302" />
		<row ProviderID="83d82462-cf4c-4922-a441-6687028529ce" LineNbr="1" Name="FileName" DisplayName="File Name" Value="&lt;EmptyFileName&gt;" IsEncrypted="0" CreatedByID="b5344897-037e-4d58-b5c3-1bdfd0f47bf9" CreatedByScreenID="SM206015" CreatedDateTime="2019-04-02 19:59:17.387" LastModifiedByID="b5344897-037e-4d58-b5c3-1bdfd0f47bf9" LastModifiedByScreenID="SM206015" LastModifiedDateTime="2019-04-02 19:59:17.387" NoteID="b3ebbb9f-6855-e911-b81b-00155d408001" />
		<row ProviderID="01a74bf3-1f0d-4532-a2bb-694af79c409f" LineNbr="1" Name="FileName" DisplayName="File Name" Value="&lt;EmptyFileName&gt;" IsEncrypted="0" CreatedByID="b5344897-037e-4d58-b5c3-1bdfd0f47bf9" CreatedByScreenID="SM206015" CreatedDateTime="2019-04-02 19:58:46.117" LastModifiedByID="b5344897-037e-4d58-b5c3-1bdfd0f47bf9" LastModifiedByScreenID="SM206015" LastModifiedDateTime="2019-04-02 19:58:46.117" NoteID="e76ef190-6855-e911-b81b-00155d408001" />
		<row ProviderID="93f016ef-4e6e-42c1-881a-707d8d8add3d" LineNbr="1" Name="FileName" DisplayName="File Name" Value="&lt;EmptyFileName&gt;" IsEncrypted="0" CreatedByID="b5344897-037e-4d58-b5c3-1bdfd0f47bf9" CreatedByScreenID="SM206015" CreatedDateTime="2019-04-02 20:08:50.733" LastModifiedByID="b5344897-037e-4d58-b5c3-1bdfd0f47bf9" LastModifiedByScreenID="SM206015" LastModifiedDateTime="2019-04-02 20:08:50.733" NoteID="895172f4-6955-e911-b81b-00155d408001" />
		<row ProviderID="ae965f7e-9a8c-473b-93d1-775f1c1c3058" LineNbr="1" Name="FileName" DisplayName="File Name" Value="&lt;EmptyFileName&gt;" IsEncrypted="0" CreatedByID="b5344897-037e-4d58-b5c3-1bdfd0f47bf9" CreatedByScreenID="SM206015" CreatedDateTime="2019-04-02 20:19:29.34" LastModifiedByID="b5344897-037e-4d58-b5c3-1bdfd0f47bf9" LastModifiedByScreenID="SM206015" LastModifiedDateTime="2019-04-02 20:19:29.34" NoteID="c3c27171-6b55-e911-b81b-00155d408001" />
		<row ProviderID="c8e8e3a1-d8d6-42f1-a679-777ffb501448" LineNbr="1" Name="FileName" DisplayName="File Name" Value="&lt;EmptyFileName&gt;" IsEncrypted="0" CreatedByID="b5344897-037e-4d58-b5c3-1bdfd0f47bf9" CreatedByScreenID="SM206015" CreatedDateTime="2019-04-02 20:01:04.327" LastModifiedByID="b5344897-037e-4d58-b5c3-1bdfd0f47bf9" LastModifiedByScreenID="SM206015" LastModifiedDateTime="2019-04-02 20:01:04.327" NoteID="bba86be2-6855-e911-b81b-00155d408001" />
		<row ProviderID="ce3351c7-287e-418e-9594-82cd031db748" LineNbr="1" Name="FileName" DisplayName="File Name" Value="&lt;EmptyFileName&gt;" IsEncrypted="0" CreatedByID="b5344897-037e-4d58-b5c3-1bdfd0f47bf9" CreatedByScreenID="SM206015" CreatedDateTime="2019-04-02 20:03:26.62" LastModifiedByID="b5344897-037e-4d58-b5c3-1bdfd0f47bf9" LastModifiedByScreenID="SM206015" LastModifiedDateTime="2019-04-02 20:03:26.62" NoteID="88280639-6955-e911-b81b-00155d408001" />
		<row ProviderID="9437c8e7-90a0-434e-816a-9beee7e85fd1" LineNbr="1" Name="FileName" DisplayName="File Name" Value="&lt;EmptyFileName&gt;" IsEncrypted="0" CreatedByID="b5344897-037e-4d58-b5c3-1bdfd0f47bf9" CreatedByScreenID="SM206015" CreatedDateTime="2019-04-02 20:10:23.437" LastModifiedByID="b5344897-037e-4d58-b5c3-1bdfd0f47bf9" LastModifiedByScreenID="SM206015" LastModifiedDateTime="2019-04-02 20:10:23.437" NoteID="3963422e-6a55-e911-b81b-00155d408001" />
		<row ProviderID="11768fb9-0dba-43ae-b83a-b35eac4914b3" LineNbr="1" Name="FileName" DisplayName="File Name" Value="&lt;EmptyFileName&gt;" IsEncrypted="0" CreatedByID="b5344897-037e-4d58-b5c3-1bdfd0f47bf9" CreatedByScreenID="SM206015" CreatedDateTime="2019-04-02 20:18:43.89" LastModifiedByID="b5344897-037e-4d58-b5c3-1bdfd0f47bf9" LastModifiedByScreenID="SM206015" LastModifiedDateTime="2019-04-02 20:18:43.89" NoteID="70954756-6b55-e911-b81b-00155d408001" />
		<row ProviderID="89d86fa2-ee2c-454e-a84e-bb40496787db" LineNbr="1" Name="FileName" DisplayName="File Name" Value="&lt;EmptyFileName&gt;" IsEncrypted="0" CreatedByID="b5344897-037e-4d58-b5c3-1bdfd0f47bf9" CreatedByScreenID="SM206015" CreatedDateTime="2019-04-02 20:20:39.643" LastModifiedByID="b5344897-037e-4d58-b5c3-1bdfd0f47bf9" LastModifiedByScreenID="SM206015" LastModifiedDateTime="2019-04-02 20:20:39.643" NoteID="3380ba87-6b55-e911-b81b-00155d408001" />
		<row ProviderID="ccae1708-83e9-434f-ba22-d04514e823e3" LineNbr="1" Name="FileName" DisplayName="File Name" Value="&lt;EmptyFileName&gt;" IsEncrypted="0" CreatedByID="b5344897-037e-4d58-b5c3-1bdfd0f47bf9" CreatedByScreenID="SM206015" CreatedDateTime="2019-04-02 20:12:33.707" LastModifiedByID="b5344897-037e-4d58-b5c3-1bdfd0f47bf9" LastModifiedByScreenID="SM206015" LastModifiedDateTime="2019-04-02 20:12:33.707" NoteID="b75c2f7a-6a55-e911-b81b-00155d408001" />
		<row ProviderID="f24c4e67-1515-4a47-8799-d05589cbe7e8" LineNbr="1" Name="FileName" DisplayName="File Name" Value="&lt;EmptyFileName&gt;" IsEncrypted="0" CreatedByID="b5344897-037e-4d58-b5c3-1bdfd0f47bf9" CreatedByScreenID="SM206015" CreatedDateTime="2016-04-20 13:58:42.703" LastModifiedByID="b5344897-037e-4d58-b5c3-1bdfd0f47bf9" LastModifiedByScreenID="SM206015" LastModifiedDateTime="2016-04-20 01:58:49.47" NoteID="9f17f9d7-e606-e611-80c4-00155d012302" />
		<row ProviderID="9fa71f3c-67db-4ab3-b019-eb1ef112f846" LineNbr="1" Name="FileName" DisplayName="File Name" Value="&lt;EmptyFileName&gt;" IsEncrypted="0" CreatedByID="b5344897-037e-4d58-b5c3-1bdfd0f47bf9" CreatedByScreenID="SM206015" CreatedDateTime="2019-04-02 20:09:35.23" LastModifiedByID="b5344897-037e-4d58-b5c3-1bdfd0f47bf9" LastModifiedByScreenID="SM206015" LastModifiedDateTime="2019-04-02 20:09:35.23" NoteID="547e2d11-6a55-e911-b81b-00155d408001" />
	</rows>
</data>