﻿<?xml version="1.0" encoding="utf-8"?>
<data>
	<table name="SYProviderField">
		<col name="CompanyID" type="Int" default="Zero" />
		<col name="ProviderID" type="UniqueIdentifier" />
		<col name="ObjectName" type="NVarChar(128)" />
		<col name="LineNbr" type="SmallInt" />
		<col name="IsActive" type="Bit" />
		<col name="Name" type="NVarChar(128)" />
		<col name="DisplayName" type="NVarChar(128)" nullable="true" />
		<col name="Command" type="NVarChar(4000)" nullable="true" />
		<col name="IsKey" type="Bit" />
		<col name="DataType" type="NVarChar(128)" nullable="true" />
		<col name="DataLength" type="Int" nullable="true" />
		<col name="IsCustom" type="Bit" />
		<col name="CreatedByID" type="UniqueIdentifier" />
		<col name="CreatedByScreenID" type="Char(8)" />
		<col name="CreatedDateTime" type="DateTime" />
		<col name="LastModifiedByID" type="UniqueIdentifier" />
		<col name="LastModifiedByScreenID" type="Char(8)" />
		<col name="LastModifiedDateTime" type="DateTime" />
		<col name="tstamp" type="Timestamp" />
		<col name="CompanyMask" type="VarBinary(32)" default="CompanyMaskReadOnly" />
		<col name="NoteID" type="UniqueIdentifier" nullable="true" />
	</table>
	<rows>
		<row ProviderID="16f364be-1dc3-444a-9eab-03cdc8aeb6d4" ObjectName="Fixed Assets" LineNbr="10" IsActive="1" Name="Accum. Depr." DisplayName="Accum. Depr." IsKey="0" DataType="System.String" DataLength="-1" IsCustom="0" CreatedByID="b5344897-037e-4d58-b5c3-1bdfd0f47bf9" CreatedByScreenID="SM206015" CreatedDateTime="2019-04-02 20:13:43.247" LastModifiedByID="b5344897-037e-4d58-b5c3-1bdfd0f47bf9" LastModifiedByScreenID="SM206015" LastModifiedDateTime="2019-04-02 20:13:43.247" NoteID="142223a2-6a55-e911-b81b-00155d408001" />
		<row ProviderID="16f364be-1dc3-444a-9eab-03cdc8aeb6d4" ObjectName="Fixed Assets" LineNbr="12" IsActive="1" Name="Accum. Depr. TAX" DisplayName="Accum. Depr. TAX" IsKey="0" DataType="System.String" DataLength="-1" IsCustom="0" CreatedByID="b5344897-037e-4d58-b5c3-1bdfd0f47bf9" CreatedByScreenID="SM206015" CreatedDateTime="2019-04-02 20:13:43.26" LastModifiedByID="b5344897-037e-4d58-b5c3-1bdfd0f47bf9" LastModifiedByScreenID="SM206015" LastModifiedDateTime="2019-04-02 20:13:43.26" NoteID="162223a2-6a55-e911-b81b-00155d408001" />
		<row ProviderID="16f364be-1dc3-444a-9eab-03cdc8aeb6d4" ObjectName="Fixed Assets" LineNbr="3" IsActive="1" Name="Asset Class" DisplayName="Asset Class" IsKey="0" DataType="System.String" DataLength="-1" IsCustom="0" CreatedByID="b5344897-037e-4d58-b5c3-1bdfd0f47bf9" CreatedByScreenID="SM206015" CreatedDateTime="2019-04-02 20:13:43.183" LastModifiedByID="b5344897-037e-4d58-b5c3-1bdfd0f47bf9" LastModifiedByScreenID="SM206015" LastModifiedDateTime="2019-04-02 20:13:43.183" NoteID="0d2223a2-6a55-e911-b81b-00155d408001" />
		<row ProviderID="16f364be-1dc3-444a-9eab-03cdc8aeb6d4" ObjectName="Fixed Assets" LineNbr="1" IsActive="1" Name="Asset ID" DisplayName="Asset ID" IsKey="0" DataType="System.String" DataLength="-1" IsCustom="0" CreatedByID="b5344897-037e-4d58-b5c3-1bdfd0f47bf9" CreatedByScreenID="SM206015" CreatedDateTime="2019-04-02 20:13:43.137" LastModifiedByID="b5344897-037e-4d58-b5c3-1bdfd0f47bf9" LastModifiedByScreenID="SM206015" LastModifiedDateTime="2019-04-02 20:13:43.137" NoteID="0b2223a2-6a55-e911-b81b-00155d408001" />
		<row ProviderID="16f364be-1dc3-444a-9eab-03cdc8aeb6d4" ObjectName="Fixed Assets" LineNbr="8" IsActive="1" Name="Department ID" DisplayName="Department ID" IsKey="0" DataType="System.String" DataLength="-1" IsCustom="0" CreatedByID="b5344897-037e-4d58-b5c3-1bdfd0f47bf9" CreatedByScreenID="SM206015" CreatedDateTime="2019-04-02 20:13:43.23" LastModifiedByID="b5344897-037e-4d58-b5c3-1bdfd0f47bf9" LastModifiedByScreenID="SM206015" LastModifiedDateTime="2019-04-02 20:13:43.23" NoteID="122223a2-6a55-e911-b81b-00155d408001" />
		<row ProviderID="16f364be-1dc3-444a-9eab-03cdc8aeb6d4" ObjectName="Fixed Assets" LineNbr="2" IsActive="1" Name="Description" DisplayName="Description" IsKey="0" DataType="System.String" DataLength="-1" IsCustom="0" CreatedByID="b5344897-037e-4d58-b5c3-1bdfd0f47bf9" CreatedByScreenID="SM206015" CreatedDateTime="2019-04-02 20:13:43.167" LastModifiedByID="b5344897-037e-4d58-b5c3-1bdfd0f47bf9" LastModifiedByScreenID="SM206015" LastModifiedDateTime="2019-04-02 20:13:43.167" NoteID="0c2223a2-6a55-e911-b81b-00155d408001" />
		<row ProviderID="16f364be-1dc3-444a-9eab-03cdc8aeb6d4" ObjectName="Fixed Assets" LineNbr="4" IsActive="1" Name="Hold" DisplayName="Hold" IsKey="0" DataType="System.String" DataLength="-1" IsCustom="0" CreatedByID="b5344897-037e-4d58-b5c3-1bdfd0f47bf9" CreatedByScreenID="SM206015" CreatedDateTime="2019-04-02 20:13:43.183" LastModifiedByID="b5344897-037e-4d58-b5c3-1bdfd0f47bf9" LastModifiedByScreenID="SM206015" LastModifiedDateTime="2019-04-02 20:13:43.183" NoteID="0e2223a2-6a55-e911-b81b-00155d408001" />
		<row ProviderID="16f364be-1dc3-444a-9eab-03cdc8aeb6d4" ObjectName="Fixed Assets" LineNbr="9" IsActive="1" Name="Last Depr.Period" DisplayName="Last Depr.Period" IsKey="0" DataType="System.String" DataLength="-1" IsCustom="0" CreatedByID="b5344897-037e-4d58-b5c3-1bdfd0f47bf9" CreatedByScreenID="SM206015" CreatedDateTime="2019-04-02 20:13:43.23" LastModifiedByID="b5344897-037e-4d58-b5c3-1bdfd0f47bf9" LastModifiedByScreenID="SM206015" LastModifiedDateTime="2019-04-02 20:13:43.23" NoteID="132223a2-6a55-e911-b81b-00155d408001" />
		<row ProviderID="16f364be-1dc3-444a-9eab-03cdc8aeb6d4" ObjectName="Fixed Assets" LineNbr="11" IsActive="1" Name="Last Depr.Period TAX" DisplayName="Last Depr.Period TAX" IsKey="0" DataType="System.String" DataLength="-1" IsCustom="0" CreatedByID="b5344897-037e-4d58-b5c3-1bdfd0f47bf9" CreatedByScreenID="SM206015" CreatedDateTime="2019-04-02 20:13:43.247" LastModifiedByID="b5344897-037e-4d58-b5c3-1bdfd0f47bf9" LastModifiedByScreenID="SM206015" LastModifiedDateTime="2019-04-02 20:13:43.247" NoteID="152223a2-6a55-e911-b81b-00155d408001" />
		<row ProviderID="16f364be-1dc3-444a-9eab-03cdc8aeb6d4" ObjectName="Fixed Assets" LineNbr="7" IsActive="1" Name="Orig. Acquisition Cost" DisplayName="Orig. Acquisition Cost" IsKey="0" DataType="System.String" DataLength="-1" IsCustom="0" CreatedByID="b5344897-037e-4d58-b5c3-1bdfd0f47bf9" CreatedByScreenID="SM206015" CreatedDateTime="2019-04-02 20:13:43.213" LastModifiedByID="b5344897-037e-4d58-b5c3-1bdfd0f47bf9" LastModifiedByScreenID="SM206015" LastModifiedDateTime="2019-04-02 20:13:43.213" NoteID="112223a2-6a55-e911-b81b-00155d408001" />
		<row ProviderID="16f364be-1dc3-444a-9eab-03cdc8aeb6d4" ObjectName="Fixed Assets" LineNbr="6" IsActive="1" Name="Placed-in-Service Date" DisplayName="Placed-in-Service Date" IsKey="0" DataType="System.String" DataLength="-1" IsCustom="0" CreatedByID="b5344897-037e-4d58-b5c3-1bdfd0f47bf9" CreatedByScreenID="SM206015" CreatedDateTime="2019-04-02 20:13:43.2" LastModifiedByID="b5344897-037e-4d58-b5c3-1bdfd0f47bf9" LastModifiedByScreenID="SM206015" LastModifiedDateTime="2019-04-02 20:13:43.2" NoteID="102223a2-6a55-e911-b81b-00155d408001" />
		<row ProviderID="16f364be-1dc3-444a-9eab-03cdc8aeb6d4" ObjectName="Fixed Assets" LineNbr="5" IsActive="1" Name="Receipt Date" DisplayName="Receipt Date" IsKey="0" DataType="System.String" DataLength="-1" IsCustom="0" CreatedByID="b5344897-037e-4d58-b5c3-1bdfd0f47bf9" CreatedByScreenID="SM206015" CreatedDateTime="2019-04-02 20:13:43.2" LastModifiedByID="b5344897-037e-4d58-b5c3-1bdfd0f47bf9" LastModifiedByScreenID="SM206015" LastModifiedDateTime="2019-04-02 20:13:43.2" NoteID="0f2223a2-6a55-e911-b81b-00155d408001" />
		<row ProviderID="a993eb91-8717-4ac2-999c-0a3c20c812f2" ObjectName="GLTran" LineNbr="9" IsActive="1" Name="Account" DisplayName="Account" IsKey="0" DataType="System.String" DataLength="-1" IsCustom="0" CreatedByID="b5344897-037e-4d58-b5c3-1bdfd0f47bf9" CreatedByScreenID="SM206015" CreatedDateTime="2016-04-14 23:46:04.653" LastModifiedByID="b5344897-037e-4d58-b5c3-1bdfd0f47bf9" LastModifiedByScreenID="SM206015" LastModifiedDateTime="2016-04-14 23:46:04.653" NoteID="a98d837b-e602-e611-80c4-00155d012302" />
		<row ProviderID="a993eb91-8717-4ac2-999c-0a3c20c812f2" ObjectName="GLTran" LineNbr="10" IsActive="1" Name="Account Description" DisplayName="Account Description" IsKey="0" DataType="System.String" DataLength="-1" IsCustom="0" CreatedByID="b5344897-037e-4d58-b5c3-1bdfd0f47bf9" CreatedByScreenID="SM206015" CreatedDateTime="2016-04-14 23:46:04.66" LastModifiedByID="b5344897-037e-4d58-b5c3-1bdfd0f47bf9" LastModifiedByScreenID="SM206015" LastModifiedDateTime="2016-04-14 23:46:04.66" NoteID="aa8d837b-e602-e611-80c4-00155d012302" />
		<row ProviderID="a993eb91-8717-4ac2-999c-0a3c20c812f2" ObjectName="GLTran" LineNbr="2" IsActive="1" Name="Batch Number" DisplayName="Batch Number" IsKey="0" DataType="System.String" DataLength="-1" IsCustom="0" CreatedByID="b5344897-037e-4d58-b5c3-1bdfd0f47bf9" CreatedByScreenID="SM206015" CreatedDateTime="2016-04-14 23:46:04.627" LastModifiedByID="b5344897-037e-4d58-b5c3-1bdfd0f47bf9" LastModifiedByScreenID="SM206015" LastModifiedDateTime="2016-04-14 23:46:04.627" NoteID="a28d837b-e602-e611-80c4-00155d012302" />
		<row ProviderID="a993eb91-8717-4ac2-999c-0a3c20c812f2" ObjectName="GLTran" LineNbr="12" IsActive="1" Name="Credit Amount" DisplayName="Credit Amount" IsKey="0" DataType="System.String" DataLength="-1" IsCustom="0" CreatedByID="b5344897-037e-4d58-b5c3-1bdfd0f47bf9" CreatedByScreenID="SM206015" CreatedDateTime="2016-04-14 23:46:04.667" LastModifiedByID="b5344897-037e-4d58-b5c3-1bdfd0f47bf9" LastModifiedByScreenID="SM206015" LastModifiedDateTime="2016-04-14 23:46:04.667" NoteID="ac8d837b-e602-e611-80c4-00155d012302" />
		<row ProviderID="a993eb91-8717-4ac2-999c-0a3c20c812f2" ObjectName="GLTran" LineNbr="6" IsActive="1" Name="Currency" DisplayName="Currency" IsKey="0" DataType="System.String" DataLength="-1" IsCustom="0" CreatedByID="b5344897-037e-4d58-b5c3-1bdfd0f47bf9" CreatedByScreenID="SM206015" CreatedDateTime="2016-04-14 23:46:04.643" LastModifiedByID="b5344897-037e-4d58-b5c3-1bdfd0f47bf9" LastModifiedByScreenID="SM206015" LastModifiedDateTime="2016-04-14 23:46:04.643" NoteID="a68d837b-e602-e611-80c4-00155d012302" />
		<row ProviderID="a993eb91-8717-4ac2-999c-0a3c20c812f2" ObjectName="GLTran" LineNbr="11" IsActive="1" Name="Debit Amount" DisplayName="Debit Amount" IsKey="0" DataType="System.String" DataLength="-1" IsCustom="0" CreatedByID="b5344897-037e-4d58-b5c3-1bdfd0f47bf9" CreatedByScreenID="SM206015" CreatedDateTime="2016-04-14 23:46:04.663" LastModifiedByID="b5344897-037e-4d58-b5c3-1bdfd0f47bf9" LastModifiedByScreenID="SM206015" LastModifiedDateTime="2016-04-14 23:46:04.663" NoteID="ab8d837b-e602-e611-80c4-00155d012302" />
		<row ProviderID="a993eb91-8717-4ac2-999c-0a3c20c812f2" ObjectName="GLTran" LineNbr="5" IsActive="1" Name="Description" DisplayName="Description" IsKey="0" DataType="System.String" DataLength="-1" IsCustom="0" CreatedByID="b5344897-037e-4d58-b5c3-1bdfd0f47bf9" CreatedByScreenID="SM206015" CreatedDateTime="2016-04-14 23:46:04.64" LastModifiedByID="b5344897-037e-4d58-b5c3-1bdfd0f47bf9" LastModifiedByScreenID="SM206015" LastModifiedDateTime="2016-04-14 23:46:04.64" NoteID="a58d837b-e602-e611-80c4-00155d012302" />
		<row ProviderID="a993eb91-8717-4ac2-999c-0a3c20c812f2" ObjectName="GLTran" LineNbr="1" IsActive="1" Name="Module" DisplayName="Module" IsKey="0" DataType="System.String" DataLength="-1" IsCustom="0" CreatedByID="b5344897-037e-4d58-b5c3-1bdfd0f47bf9" CreatedByScreenID="SM206015" CreatedDateTime="2016-04-14 23:46:04.62" LastModifiedByID="b5344897-037e-4d58-b5c3-1bdfd0f47bf9" LastModifiedByScreenID="SM206015" LastModifiedDateTime="2016-04-14 23:46:04.62" NoteID="a18d837b-e602-e611-80c4-00155d012302" />
		<row ProviderID="a993eb91-8717-4ac2-999c-0a3c20c812f2" ObjectName="GLTran" LineNbr="4" IsActive="1" Name="Post Period" DisplayName="Post Period" IsKey="0" DataType="System.String" DataLength="-1" IsCustom="0" CreatedByID="b5344897-037e-4d58-b5c3-1bdfd0f47bf9" CreatedByScreenID="SM206015" CreatedDateTime="2016-04-14 23:46:04.633" LastModifiedByID="b5344897-037e-4d58-b5c3-1bdfd0f47bf9" LastModifiedByScreenID="SM206015" LastModifiedDateTime="2016-04-14 23:46:04.633" NoteID="a48d837b-e602-e611-80c4-00155d012302" />
		<row ProviderID="a993eb91-8717-4ac2-999c-0a3c20c812f2" ObjectName="GLTran" LineNbr="8" IsActive="1" Name="Rate" DisplayName="Rate" IsKey="0" DataType="System.String" DataLength="-1" IsCustom="0" CreatedByID="b5344897-037e-4d58-b5c3-1bdfd0f47bf9" CreatedByScreenID="SM206015" CreatedDateTime="2016-04-14 23:46:04.65" LastModifiedByID="b5344897-037e-4d58-b5c3-1bdfd0f47bf9" LastModifiedByScreenID="SM206015" LastModifiedDateTime="2016-04-14 23:46:04.65" NoteID="a88d837b-e602-e611-80c4-00155d012302" />
		<row ProviderID="a993eb91-8717-4ac2-999c-0a3c20c812f2" ObjectName="GLTran" LineNbr="7" IsActive="1" Name="Rate Type ID" DisplayName="Rate Type ID" IsKey="0" DataType="System.String" DataLength="-1" IsCustom="0" CreatedByID="b5344897-037e-4d58-b5c3-1bdfd0f47bf9" CreatedByScreenID="SM206015" CreatedDateTime="2016-04-14 23:46:04.647" LastModifiedByID="b5344897-037e-4d58-b5c3-1bdfd0f47bf9" LastModifiedByScreenID="SM206015" LastModifiedDateTime="2016-04-14 23:46:04.647" NoteID="a78d837b-e602-e611-80c4-00155d012302" />
		<row ProviderID="a993eb91-8717-4ac2-999c-0a3c20c812f2" ObjectName="GLTran" LineNbr="3" IsActive="1" Name="Transaction/Currency Date" DisplayName="Transaction/Currency Date" IsKey="0" DataType="System.String" DataLength="-1" IsCustom="0" CreatedByID="b5344897-037e-4d58-b5c3-1bdfd0f47bf9" CreatedByScreenID="SM206015" CreatedDateTime="2016-04-14 23:46:04.63" LastModifiedByID="b5344897-037e-4d58-b5c3-1bdfd0f47bf9" LastModifiedByScreenID="SM206015" LastModifiedDateTime="2016-04-14 23:46:04.63" NoteID="a38d837b-e602-e611-80c4-00155d012302" />
		<row ProviderID="e1d22b67-6e05-4396-8cd3-232628e9c14e" ObjectName="Closed Invoices" LineNbr="3" IsActive="1" Name="Customer ID" DisplayName="Customer ID" IsKey="0" DataType="System.String" DataLength="-1" IsCustom="0" CreatedByID="b5344897-037e-4d58-b5c3-1bdfd0f47bf9" CreatedByScreenID="SM206015" CreatedDateTime="2019-04-02 20:06:40.71" LastModifiedByID="b5344897-037e-4d58-b5c3-1bdfd0f47bf9" LastModifiedByScreenID="SM206015" LastModifiedDateTime="2019-04-02 20:06:40.71" NoteID="e2189daa-6955-e911-b81b-00155d408001" />
		<row ProviderID="e1d22b67-6e05-4396-8cd3-232628e9c14e" ObjectName="Closed Invoices" LineNbr="6" IsActive="1" Name="Customer Ref Nbr" DisplayName="Customer Ref Nbr" IsKey="0" DataType="System.String" DataLength="-1" IsCustom="0" CreatedByID="b5344897-037e-4d58-b5c3-1bdfd0f47bf9" CreatedByScreenID="SM206015" CreatedDateTime="2019-04-02 20:06:40.773" LastModifiedByID="b5344897-037e-4d58-b5c3-1bdfd0f47bf9" LastModifiedByScreenID="SM206015" LastModifiedDateTime="2019-04-02 20:06:40.773" NoteID="e5189daa-6955-e911-b81b-00155d408001" />
		<row ProviderID="e1d22b67-6e05-4396-8cd3-232628e9c14e" ObjectName="Closed Invoices" LineNbr="4" IsActive="1" Name="Date" DisplayName="Date" IsKey="0" DataType="System.String" DataLength="-1" IsCustom="0" CreatedByID="b5344897-037e-4d58-b5c3-1bdfd0f47bf9" CreatedByScreenID="SM206015" CreatedDateTime="2019-04-02 20:06:40.727" LastModifiedByID="b5344897-037e-4d58-b5c3-1bdfd0f47bf9" LastModifiedByScreenID="SM206015" LastModifiedDateTime="2019-04-02 20:06:40.727" NoteID="e3189daa-6955-e911-b81b-00155d408001" />
		<row ProviderID="e1d22b67-6e05-4396-8cd3-232628e9c14e" ObjectName="Closed Invoices" LineNbr="8" IsActive="1" Name="Doc Description" DisplayName="Doc Description" IsKey="0" DataType="System.String" DataLength="-1" IsCustom="0" CreatedByID="b5344897-037e-4d58-b5c3-1bdfd0f47bf9" CreatedByScreenID="SM206015" CreatedDateTime="2019-04-02 20:06:40.837" LastModifiedByID="b5344897-037e-4d58-b5c3-1bdfd0f47bf9" LastModifiedByScreenID="SM206015" LastModifiedDateTime="2019-04-02 20:06:40.837" NoteID="e7189daa-6955-e911-b81b-00155d408001" />
		<row ProviderID="e1d22b67-6e05-4396-8cd3-232628e9c14e" ObjectName="Closed Invoices" LineNbr="7" IsActive="1" Name="Doc Description (formula)" DisplayName="Doc Description (formula)" IsKey="0" DataType="System.String" DataLength="-1" IsCustom="0" CreatedByID="b5344897-037e-4d58-b5c3-1bdfd0f47bf9" CreatedByScreenID="SM206015" CreatedDateTime="2019-04-02 20:06:40.837" LastModifiedByID="b5344897-037e-4d58-b5c3-1bdfd0f47bf9" LastModifiedByScreenID="SM206015" LastModifiedDateTime="2019-04-02 20:06:40.837" NoteID="e6189daa-6955-e911-b81b-00155d408001" />
		<row ProviderID="e1d22b67-6e05-4396-8cd3-232628e9c14e" ObjectName="Closed Invoices" LineNbr="1" IsActive="1" Name="Doc Type" DisplayName="Doc Type" IsKey="0" DataType="System.String" DataLength="-1" IsCustom="0" CreatedByID="b5344897-037e-4d58-b5c3-1bdfd0f47bf9" CreatedByScreenID="SM206015" CreatedDateTime="2019-04-02 20:06:40.71" LastModifiedByID="b5344897-037e-4d58-b5c3-1bdfd0f47bf9" LastModifiedByScreenID="SM206015" LastModifiedDateTime="2019-04-02 20:06:40.71" NoteID="e0189daa-6955-e911-b81b-00155d408001" />
		<row ProviderID="e1d22b67-6e05-4396-8cd3-232628e9c14e" ObjectName="Closed Invoices" LineNbr="10" IsActive="1" Name="Ext Price" DisplayName="Ext Price" IsKey="0" DataType="System.String" DataLength="-1" IsCustom="0" CreatedByID="b5344897-037e-4d58-b5c3-1bdfd0f47bf9" CreatedByScreenID="SM206015" CreatedDateTime="2019-04-02 20:06:40.853" LastModifiedByID="b5344897-037e-4d58-b5c3-1bdfd0f47bf9" LastModifiedByScreenID="SM206015" LastModifiedDateTime="2019-04-02 20:06:40.853" NoteID="e9189daa-6955-e911-b81b-00155d408001" />
		<row ProviderID="e1d22b67-6e05-4396-8cd3-232628e9c14e" ObjectName="Closed Invoices" LineNbr="2" IsActive="1" Name="Invoice Ref Nbr" DisplayName="Invoice Ref Nbr" IsKey="0" DataType="System.String" DataLength="-1" IsCustom="0" CreatedByID="b5344897-037e-4d58-b5c3-1bdfd0f47bf9" CreatedByScreenID="SM206015" CreatedDateTime="2019-04-02 20:06:40.71" LastModifiedByID="b5344897-037e-4d58-b5c3-1bdfd0f47bf9" LastModifiedByScreenID="SM206015" LastModifiedDateTime="2019-04-02 20:06:40.71" NoteID="e1189daa-6955-e911-b81b-00155d408001" />
		<row ProviderID="e1d22b67-6e05-4396-8cd3-232628e9c14e" ObjectName="Closed Invoices" LineNbr="9" IsActive="1" Name="Line Description" DisplayName="Line Description" IsKey="0" DataType="System.String" DataLength="-1" IsCustom="0" CreatedByID="b5344897-037e-4d58-b5c3-1bdfd0f47bf9" CreatedByScreenID="SM206015" CreatedDateTime="2019-04-02 20:06:40.853" LastModifiedByID="b5344897-037e-4d58-b5c3-1bdfd0f47bf9" LastModifiedByScreenID="SM206015" LastModifiedDateTime="2019-04-02 20:06:40.853" NoteID="e8189daa-6955-e911-b81b-00155d408001" />
		<row ProviderID="e1d22b67-6e05-4396-8cd3-232628e9c14e" ObjectName="Closed Invoices" LineNbr="5" IsActive="1" Name="Post Period" DisplayName="Post Period" IsKey="0" DataType="System.String" DataLength="-1" IsCustom="0" CreatedByID="b5344897-037e-4d58-b5c3-1bdfd0f47bf9" CreatedByScreenID="SM206015" CreatedDateTime="2019-04-02 20:06:40.76" LastModifiedByID="b5344897-037e-4d58-b5c3-1bdfd0f47bf9" LastModifiedByScreenID="SM206015" LastModifiedDateTime="2019-04-02 20:06:40.76" NoteID="e4189daa-6955-e911-b81b-00155d408001" />
		<row ProviderID="b722f48a-5af3-49a2-9b97-4d36ba0c68a0" ObjectName="AP Bills Import" LineNbr="6" IsActive="1" Name="Currency" DisplayName="Currency" IsKey="0" DataType="System.String" DataLength="-1" IsCustom="0" CreatedByID="b5344897-037e-4d58-b5c3-1bdfd0f47bf9" CreatedByScreenID="SM206015" CreatedDateTime="2016-04-20 01:58:16.62" LastModifiedByID="b5344897-037e-4d58-b5c3-1bdfd0f47bf9" LastModifiedByScreenID="SM206015" LastModifiedDateTime="2016-04-20 01:58:16.62" NoteID="f5ca87c3-e606-e611-80c4-00155d012302" />
		<row ProviderID="b722f48a-5af3-49a2-9b97-4d36ba0c68a0" ObjectName="AP Bills Import" LineNbr="4" IsActive="1" Name="Date" DisplayName="Date" IsKey="0" DataType="System.String" DataLength="-1" IsCustom="0" CreatedByID="b5344897-037e-4d58-b5c3-1bdfd0f47bf9" CreatedByScreenID="SM206015" CreatedDateTime="2016-04-20 01:58:16.61" LastModifiedByID="b5344897-037e-4d58-b5c3-1bdfd0f47bf9" LastModifiedByScreenID="SM206015" LastModifiedDateTime="2016-04-20 01:58:16.61" NoteID="f3ca87c3-e606-e611-80c4-00155d012302" />
		<row ProviderID="b722f48a-5af3-49a2-9b97-4d36ba0c68a0" ObjectName="AP Bills Import" LineNbr="9" IsActive="1" Name="Description" DisplayName="Description" IsKey="0" DataType="System.String" DataLength="-1" IsCustom="0" CreatedByID="b5344897-037e-4d58-b5c3-1bdfd0f47bf9" CreatedByScreenID="SM206015" CreatedDateTime="2016-04-20 01:58:16.637" LastModifiedByID="b5344897-037e-4d58-b5c3-1bdfd0f47bf9" LastModifiedByScreenID="SM206015" LastModifiedDateTime="2016-04-20 01:58:16.637" NoteID="f8ca87c3-e606-e611-80c4-00155d012302" />
		<row ProviderID="b722f48a-5af3-49a2-9b97-4d36ba0c68a0" ObjectName="AP Bills Import" LineNbr="11" IsActive="1" Name="Ext. Cost" DisplayName="Ext. Cost" IsKey="0" DataType="System.String" DataLength="-1" IsCustom="0" CreatedByID="b5344897-037e-4d58-b5c3-1bdfd0f47bf9" CreatedByScreenID="SM206015" CreatedDateTime="2016-04-20 01:58:16.647" LastModifiedByID="b5344897-037e-4d58-b5c3-1bdfd0f47bf9" LastModifiedByScreenID="SM206015" LastModifiedDateTime="2016-04-20 01:58:16.647" NoteID="faca87c3-e606-e611-80c4-00155d012302" />
		<row ProviderID="b722f48a-5af3-49a2-9b97-4d36ba0c68a0" ObjectName="AP Bills Import" LineNbr="10" IsActive="1" Name="Line Description" DisplayName="Line Description" IsKey="0" DataType="System.String" DataLength="-1" IsCustom="0" CreatedByID="b5344897-037e-4d58-b5c3-1bdfd0f47bf9" CreatedByScreenID="SM206015" CreatedDateTime="2016-04-20 01:58:16.64" LastModifiedByID="b5344897-037e-4d58-b5c3-1bdfd0f47bf9" LastModifiedByScreenID="SM206015" LastModifiedDateTime="2016-04-20 01:58:16.64" NoteID="f9ca87c3-e606-e611-80c4-00155d012302" />
		<row ProviderID="b722f48a-5af3-49a2-9b97-4d36ba0c68a0" ObjectName="AP Bills Import" LineNbr="12" IsActive="1" Name="Migration Clearing Account" DisplayName="Migration Clearing Account" IsKey="0" DataType="System.String" DataLength="-1" IsCustom="0" CreatedByID="b5344897-037e-4d58-b5c3-1bdfd0f47bf9" CreatedByScreenID="SM206015" CreatedDateTime="2016-04-20 01:58:16.65" LastModifiedByID="b5344897-037e-4d58-b5c3-1bdfd0f47bf9" LastModifiedByScreenID="SM206015" LastModifiedDateTime="2016-04-20 01:58:16.65" NoteID="fbca87c3-e606-e611-80c4-00155d012302" />
		<row ProviderID="b722f48a-5af3-49a2-9b97-4d36ba0c68a0" ObjectName="AP Bills Import" LineNbr="5" IsActive="1" Name="Post Period" DisplayName="Post Period" IsKey="0" DataType="System.String" DataLength="-1" IsCustom="0" CreatedByID="b5344897-037e-4d58-b5c3-1bdfd0f47bf9" CreatedByScreenID="SM206015" CreatedDateTime="2016-04-20 01:58:16.613" LastModifiedByID="b5344897-037e-4d58-b5c3-1bdfd0f47bf9" LastModifiedByScreenID="SM206015" LastModifiedDateTime="2016-04-20 01:58:16.613" NoteID="f4ca87c3-e606-e611-80c4-00155d012302" />
		<row ProviderID="b722f48a-5af3-49a2-9b97-4d36ba0c68a0" ObjectName="AP Bills Import" LineNbr="8" IsActive="1" Name="Rate" DisplayName="Rate" IsKey="0" DataType="System.String" DataLength="-1" IsCustom="0" CreatedByID="b5344897-037e-4d58-b5c3-1bdfd0f47bf9" CreatedByScreenID="SM206015" CreatedDateTime="2016-04-20 01:58:16.63" LastModifiedByID="b5344897-037e-4d58-b5c3-1bdfd0f47bf9" LastModifiedByScreenID="SM206015" LastModifiedDateTime="2016-04-20 01:58:16.63" NoteID="f7ca87c3-e606-e611-80c4-00155d012302" />
		<row ProviderID="b722f48a-5af3-49a2-9b97-4d36ba0c68a0" ObjectName="AP Bills Import" LineNbr="7" IsActive="1" Name="Rate Type ID" DisplayName="Rate Type ID" IsKey="0" DataType="System.String" DataLength="-1" IsCustom="0" CreatedByID="b5344897-037e-4d58-b5c3-1bdfd0f47bf9" CreatedByScreenID="SM206015" CreatedDateTime="2016-04-20 01:58:16.627" LastModifiedByID="b5344897-037e-4d58-b5c3-1bdfd0f47bf9" LastModifiedByScreenID="SM206015" LastModifiedDateTime="2016-04-20 01:58:16.627" NoteID="f6ca87c3-e606-e611-80c4-00155d012302" />
		<row ProviderID="b722f48a-5af3-49a2-9b97-4d36ba0c68a0" ObjectName="AP Bills Import" LineNbr="2" IsActive="1" Name="Reference Number" DisplayName="Reference Number" IsKey="0" DataType="System.String" DataLength="-1" IsCustom="0" CreatedByID="b5344897-037e-4d58-b5c3-1bdfd0f47bf9" CreatedByScreenID="SM206015" CreatedDateTime="2016-04-20 01:58:16.6" LastModifiedByID="b5344897-037e-4d58-b5c3-1bdfd0f47bf9" LastModifiedByScreenID="SM206015" LastModifiedDateTime="2016-04-20 01:58:16.6" NoteID="f1ca87c3-e606-e611-80c4-00155d012302" />
		<row ProviderID="b722f48a-5af3-49a2-9b97-4d36ba0c68a0" ObjectName="AP Bills Import" LineNbr="1" IsActive="1" Name="Type" DisplayName="Type" IsKey="0" DataType="System.String" DataLength="-1" IsCustom="0" CreatedByID="b5344897-037e-4d58-b5c3-1bdfd0f47bf9" CreatedByScreenID="SM206015" CreatedDateTime="2016-04-20 01:58:16.58" LastModifiedByID="b5344897-037e-4d58-b5c3-1bdfd0f47bf9" LastModifiedByScreenID="SM206015" LastModifiedDateTime="2016-04-20 01:58:16.58" NoteID="f0ca87c3-e606-e611-80c4-00155d012302" />
		<row ProviderID="b722f48a-5af3-49a2-9b97-4d36ba0c68a0" ObjectName="AP Bills Import" LineNbr="3" IsActive="1" Name="Vendor ID" DisplayName="Vendor ID" IsKey="0" DataType="System.String" DataLength="-1" IsCustom="0" CreatedByID="b5344897-037e-4d58-b5c3-1bdfd0f47bf9" CreatedByScreenID="SM206015" CreatedDateTime="2016-04-20 01:58:16.603" LastModifiedByID="b5344897-037e-4d58-b5c3-1bdfd0f47bf9" LastModifiedByScreenID="SM206015" LastModifiedDateTime="2016-04-20 01:58:16.603" NoteID="f2ca87c3-e606-e611-80c4-00155d012302" />
		<row ProviderID="83d82462-cf4c-4922-a441-6687028529ce" ObjectName="Customers" LineNbr="7" IsActive="1" Name="Address Line 1" DisplayName="Address Line 1" IsKey="0" DataType="System.String" DataLength="-1" IsCustom="0" CreatedByID="b5344897-037e-4d58-b5c3-1bdfd0f47bf9" CreatedByScreenID="SM206015" CreatedDateTime="2019-04-02 19:59:30.33" LastModifiedByID="b5344897-037e-4d58-b5c3-1bdfd0f47bf9" LastModifiedByScreenID="SM206015" LastModifiedDateTime="2019-04-02 19:59:30.33" NoteID="6f339fac-6855-e911-b81b-00155d408001" />
		<row ProviderID="83d82462-cf4c-4922-a441-6687028529ce" ObjectName="Customers" LineNbr="9" IsActive="1" Name="Attention" DisplayName="Attention" IsKey="0" DataType="System.String" DataLength="-1" IsCustom="0" CreatedByID="b5344897-037e-4d58-b5c3-1bdfd0f47bf9" CreatedByScreenID="SM206015" CreatedDateTime="2019-04-02 19:59:30.347" LastModifiedByID="b5344897-037e-4d58-b5c3-1bdfd0f47bf9" LastModifiedByScreenID="SM206015" LastModifiedDateTime="2019-04-02 19:59:30.347" NoteID="71339fac-6855-e911-b81b-00155d408001" />
		<row ProviderID="83d82462-cf4c-4922-a441-6687028529ce" ObjectName="Customers" LineNbr="4" IsActive="1" Name="City" DisplayName="City" IsKey="0" DataType="System.String" DataLength="-1" IsCustom="0" CreatedByID="b5344897-037e-4d58-b5c3-1bdfd0f47bf9" CreatedByScreenID="SM206015" CreatedDateTime="2019-04-02 19:59:30.3" LastModifiedByID="b5344897-037e-4d58-b5c3-1bdfd0f47bf9" LastModifiedByScreenID="SM206015" LastModifiedDateTime="2019-04-02 19:59:30.3" NoteID="6c339fac-6855-e911-b81b-00155d408001" />
		<row ProviderID="83d82462-cf4c-4922-a441-6687028529ce" ObjectName="Customers" LineNbr="5" IsActive="1" Name="Country" DisplayName="Country" IsKey="0" DataType="System.String" DataLength="-1" IsCustom="0" CreatedByID="b5344897-037e-4d58-b5c3-1bdfd0f47bf9" CreatedByScreenID="SM206015" CreatedDateTime="2019-04-02 19:59:30.313" LastModifiedByID="b5344897-037e-4d58-b5c3-1bdfd0f47bf9" LastModifiedByScreenID="SM206015" LastModifiedDateTime="2019-04-02 19:59:30.313" NoteID="6d339fac-6855-e911-b81b-00155d408001" />
		<row ProviderID="83d82462-cf4c-4922-a441-6687028529ce" ObjectName="Customers" LineNbr="3" IsActive="1" Name="Customer Class" DisplayName="Customer Class" IsKey="0" DataType="System.String" DataLength="-1" IsCustom="0" CreatedByID="b5344897-037e-4d58-b5c3-1bdfd0f47bf9" CreatedByScreenID="SM206015" CreatedDateTime="2019-04-02 19:59:30.3" LastModifiedByID="b5344897-037e-4d58-b5c3-1bdfd0f47bf9" LastModifiedByScreenID="SM206015" LastModifiedDateTime="2019-04-02 19:59:30.3" NoteID="6b339fac-6855-e911-b81b-00155d408001" />
		<row ProviderID="83d82462-cf4c-4922-a441-6687028529ce" ObjectName="Customers" LineNbr="1" IsActive="1" Name="Customer ID" DisplayName="Customer ID" IsKey="0" DataType="System.String" DataLength="-1" IsCustom="0" CreatedByID="b5344897-037e-4d58-b5c3-1bdfd0f47bf9" CreatedByScreenID="SM206015" CreatedDateTime="2019-04-02 19:59:30.267" LastModifiedByID="b5344897-037e-4d58-b5c3-1bdfd0f47bf9" LastModifiedByScreenID="SM206015" LastModifiedDateTime="2019-04-02 19:59:30.267" NoteID="69339fac-6855-e911-b81b-00155d408001" />
		<row ProviderID="83d82462-cf4c-4922-a441-6687028529ce" ObjectName="Customers" LineNbr="2" IsActive="1" Name="Customer Name" DisplayName="Customer Name" IsKey="0" DataType="System.String" DataLength="-1" IsCustom="0" CreatedByID="b5344897-037e-4d58-b5c3-1bdfd0f47bf9" CreatedByScreenID="SM206015" CreatedDateTime="2019-04-02 19:59:30.283" LastModifiedByID="b5344897-037e-4d58-b5c3-1bdfd0f47bf9" LastModifiedByScreenID="SM206015" LastModifiedDateTime="2019-04-02 19:59:30.283" NoteID="6a339fac-6855-e911-b81b-00155d408001" />
		<row ProviderID="83d82462-cf4c-4922-a441-6687028529ce" ObjectName="Customers" LineNbr="10" IsActive="1" Name="Email" DisplayName="Email" IsKey="0" DataType="System.String" DataLength="-1" IsCustom="0" CreatedByID="b5344897-037e-4d58-b5c3-1bdfd0f47bf9" CreatedByScreenID="SM206015" CreatedDateTime="2019-04-02 19:59:30.36" LastModifiedByID="b5344897-037e-4d58-b5c3-1bdfd0f47bf9" LastModifiedByScreenID="SM206015" LastModifiedDateTime="2019-04-02 19:59:30.36" NoteID="72339fac-6855-e911-b81b-00155d408001" />
		<row ProviderID="83d82462-cf4c-4922-a441-6687028529ce" ObjectName="Customers" LineNbr="8" IsActive="1" Name="Phone 1" DisplayName="Phone 1" IsKey="0" DataType="System.String" DataLength="-1" IsCustom="0" CreatedByID="b5344897-037e-4d58-b5c3-1bdfd0f47bf9" CreatedByScreenID="SM206015" CreatedDateTime="2019-04-02 19:59:30.347" LastModifiedByID="b5344897-037e-4d58-b5c3-1bdfd0f47bf9" LastModifiedByScreenID="SM206015" LastModifiedDateTime="2019-04-02 19:59:30.347" NoteID="70339fac-6855-e911-b81b-00155d408001" />
		<row ProviderID="83d82462-cf4c-4922-a441-6687028529ce" ObjectName="Customers" LineNbr="6" IsActive="1" Name="State" DisplayName="State" IsKey="0" DataType="System.String" DataLength="-1" IsCustom="0" CreatedByID="b5344897-037e-4d58-b5c3-1bdfd0f47bf9" CreatedByScreenID="SM206015" CreatedDateTime="2019-04-02 19:59:30.313" LastModifiedByID="b5344897-037e-4d58-b5c3-1bdfd0f47bf9" LastModifiedByScreenID="SM206015" LastModifiedDateTime="2019-04-02 19:59:30.313" NoteID="6e339fac-6855-e911-b81b-00155d408001" />
		<row ProviderID="01a74bf3-1f0d-4532-a2bb-694af79c409f" ObjectName="Vendors" LineNbr="7" IsActive="1" Name="Address Line 1" DisplayName="Address Line 1" IsKey="0" DataType="System.String" DataLength="-1" IsCustom="0" CreatedByID="b5344897-037e-4d58-b5c3-1bdfd0f47bf9" CreatedByScreenID="SM206015" CreatedDateTime="2019-04-02 19:58:58.47" LastModifiedByID="b5344897-037e-4d58-b5c3-1bdfd0f47bf9" LastModifiedByScreenID="SM206015" LastModifiedDateTime="2019-04-02 19:58:58.47" NoteID="09f4ff96-6855-e911-b81b-00155d408001" />
		<row ProviderID="01a74bf3-1f0d-4532-a2bb-694af79c409f" ObjectName="Vendors" LineNbr="4" IsActive="1" Name="City" DisplayName="City" IsKey="0" DataType="System.String" DataLength="-1" IsCustom="0" CreatedByID="b5344897-037e-4d58-b5c3-1bdfd0f47bf9" CreatedByScreenID="SM206015" CreatedDateTime="2019-04-02 19:58:58.453" LastModifiedByID="b5344897-037e-4d58-b5c3-1bdfd0f47bf9" LastModifiedByScreenID="SM206015" LastModifiedDateTime="2019-04-02 19:58:58.453" NoteID="06f4ff96-6855-e911-b81b-00155d408001" />
		<row ProviderID="01a74bf3-1f0d-4532-a2bb-694af79c409f" ObjectName="Vendors" LineNbr="5" IsActive="1" Name="Country" DisplayName="Country" IsKey="0" DataType="System.String" DataLength="-1" IsCustom="0" CreatedByID="b5344897-037e-4d58-b5c3-1bdfd0f47bf9" CreatedByScreenID="SM206015" CreatedDateTime="2019-04-02 19:58:58.453" LastModifiedByID="b5344897-037e-4d58-b5c3-1bdfd0f47bf9" LastModifiedByScreenID="SM206015" LastModifiedDateTime="2019-04-02 19:58:58.453" NoteID="07f4ff96-6855-e911-b81b-00155d408001" />
		<row ProviderID="01a74bf3-1f0d-4532-a2bb-694af79c409f" ObjectName="Vendors" LineNbr="9" IsActive="1" Name="Expense Account" DisplayName="Expense Account" IsKey="0" DataType="System.String" DataLength="-1" IsCustom="0" CreatedByID="b5344897-037e-4d58-b5c3-1bdfd0f47bf9" CreatedByScreenID="SM206015" CreatedDateTime="2019-04-02 19:58:58.483" LastModifiedByID="b5344897-037e-4d58-b5c3-1bdfd0f47bf9" LastModifiedByScreenID="SM206015" LastModifiedDateTime="2019-04-02 19:58:58.483" NoteID="0bf4ff96-6855-e911-b81b-00155d408001" />
		<row ProviderID="01a74bf3-1f0d-4532-a2bb-694af79c409f" ObjectName="Vendors" LineNbr="8" IsActive="1" Name="Phone" DisplayName="Phone" IsKey="0" DataType="System.String" DataLength="-1" IsCustom="0" CreatedByID="b5344897-037e-4d58-b5c3-1bdfd0f47bf9" CreatedByScreenID="SM206015" CreatedDateTime="2019-04-02 19:58:58.483" LastModifiedByID="b5344897-037e-4d58-b5c3-1bdfd0f47bf9" LastModifiedByScreenID="SM206015" LastModifiedDateTime="2019-04-02 19:58:58.483" NoteID="0af4ff96-6855-e911-b81b-00155d408001" />
		<row ProviderID="01a74bf3-1f0d-4532-a2bb-694af79c409f" ObjectName="Vendors" LineNbr="6" IsActive="1" Name="State" DisplayName="State" IsKey="0" DataType="System.String" DataLength="-1" IsCustom="0" CreatedByID="b5344897-037e-4d58-b5c3-1bdfd0f47bf9" CreatedByScreenID="SM206015" CreatedDateTime="2019-04-02 19:58:58.47" LastModifiedByID="b5344897-037e-4d58-b5c3-1bdfd0f47bf9" LastModifiedByScreenID="SM206015" LastModifiedDateTime="2019-04-02 19:58:58.47" NoteID="08f4ff96-6855-e911-b81b-00155d408001" />
		<row ProviderID="01a74bf3-1f0d-4532-a2bb-694af79c409f" ObjectName="Vendors" LineNbr="3" IsActive="1" Name="Vendor Class" DisplayName="Vendor Class" IsKey="0" DataType="System.String" DataLength="-1" IsCustom="0" CreatedByID="b5344897-037e-4d58-b5c3-1bdfd0f47bf9" CreatedByScreenID="SM206015" CreatedDateTime="2019-04-02 19:58:58.437" LastModifiedByID="b5344897-037e-4d58-b5c3-1bdfd0f47bf9" LastModifiedByScreenID="SM206015" LastModifiedDateTime="2019-04-02 19:58:58.437" NoteID="05f4ff96-6855-e911-b81b-00155d408001" />
		<row ProviderID="01a74bf3-1f0d-4532-a2bb-694af79c409f" ObjectName="Vendors" LineNbr="1" IsActive="1" Name="Vendor ID" DisplayName="Vendor ID" IsKey="0" DataType="System.String" DataLength="-1" IsCustom="0" CreatedByID="b5344897-037e-4d58-b5c3-1bdfd0f47bf9" CreatedByScreenID="SM206015" CreatedDateTime="2019-04-02 19:58:58.42" LastModifiedByID="b5344897-037e-4d58-b5c3-1bdfd0f47bf9" LastModifiedByScreenID="SM206015" LastModifiedDateTime="2019-04-02 19:58:58.42" NoteID="03f4ff96-6855-e911-b81b-00155d408001" />
		<row ProviderID="01a74bf3-1f0d-4532-a2bb-694af79c409f" ObjectName="Vendors" LineNbr="2" IsActive="1" Name="Vendor Name" DisplayName="Vendor Name" IsKey="0" DataType="System.String" DataLength="-1" IsCustom="0" CreatedByID="b5344897-037e-4d58-b5c3-1bdfd0f47bf9" CreatedByScreenID="SM206015" CreatedDateTime="2019-04-02 19:58:58.42" LastModifiedByID="b5344897-037e-4d58-b5c3-1bdfd0f47bf9" LastModifiedByScreenID="SM206015" LastModifiedDateTime="2019-04-02 19:58:58.42" NoteID="04f4ff96-6855-e911-b81b-00155d408001" />
		<row ProviderID="93f016ef-4e6e-42c1-881a-707d8d8add3d" ObjectName="Open Bills" LineNbr="10" IsActive="1" Name="Balance" DisplayName="Balance" IsKey="0" DataType="System.String" DataLength="-1" IsCustom="0" CreatedByID="b5344897-037e-4d58-b5c3-1bdfd0f47bf9" CreatedByScreenID="SM206015" CreatedDateTime="2019-04-02 20:09:05.423" LastModifiedByID="b5344897-037e-4d58-b5c3-1bdfd0f47bf9" LastModifiedByScreenID="SM206015" LastModifiedDateTime="2019-04-02 20:09:05.423" NoteID="de9a9403-6a55-e911-b81b-00155d408001" />
		<row ProviderID="93f016ef-4e6e-42c1-881a-707d8d8add3d" ObjectName="Open Bills" LineNbr="4" IsActive="1" Name="Date" DisplayName="Date" IsKey="0" DataType="System.String" DataLength="-1" IsCustom="0" CreatedByID="b5344897-037e-4d58-b5c3-1bdfd0f47bf9" CreatedByScreenID="SM206015" CreatedDateTime="2019-04-02 20:09:05.377" LastModifiedByID="b5344897-037e-4d58-b5c3-1bdfd0f47bf9" LastModifiedByScreenID="SM206015" LastModifiedDateTime="2019-04-02 20:09:05.377" NoteID="d89a9403-6a55-e911-b81b-00155d408001" />
		<row ProviderID="93f016ef-4e6e-42c1-881a-707d8d8add3d" ObjectName="Open Bills" LineNbr="7" IsActive="1" Name="Doc Description" DisplayName="Doc Description" IsKey="0" DataType="System.String" DataLength="-1" IsCustom="0" CreatedByID="b5344897-037e-4d58-b5c3-1bdfd0f47bf9" CreatedByScreenID="SM206015" CreatedDateTime="2019-04-02 20:09:05.39" LastModifiedByID="b5344897-037e-4d58-b5c3-1bdfd0f47bf9" LastModifiedByScreenID="SM206015" LastModifiedDateTime="2019-04-02 20:09:05.39" NoteID="db9a9403-6a55-e911-b81b-00155d408001" />
		<row ProviderID="93f016ef-4e6e-42c1-881a-707d8d8add3d" ObjectName="Open Bills" LineNbr="6" IsActive="1" Name="Doc Description (formula)" DisplayName="Doc Description (formula)" IsKey="0" DataType="System.String" DataLength="-1" IsCustom="0" CreatedByID="b5344897-037e-4d58-b5c3-1bdfd0f47bf9" CreatedByScreenID="SM206015" CreatedDateTime="2019-04-02 20:09:05.39" LastModifiedByID="b5344897-037e-4d58-b5c3-1bdfd0f47bf9" LastModifiedByScreenID="SM206015" LastModifiedDateTime="2019-04-02 20:09:05.39" NoteID="da9a9403-6a55-e911-b81b-00155d408001" />
		<row ProviderID="93f016ef-4e6e-42c1-881a-707d8d8add3d" ObjectName="Open Bills" LineNbr="1" IsActive="1" Name="Doc Type" DisplayName="Doc Type" IsKey="0" DataType="System.String" DataLength="-1" IsCustom="0" CreatedByID="b5344897-037e-4d58-b5c3-1bdfd0f47bf9" CreatedByScreenID="SM206015" CreatedDateTime="2019-04-02 20:09:05.343" LastModifiedByID="b5344897-037e-4d58-b5c3-1bdfd0f47bf9" LastModifiedByScreenID="SM206015" LastModifiedDateTime="2019-04-02 20:09:05.343" NoteID="d59a9403-6a55-e911-b81b-00155d408001" />
		<row ProviderID="93f016ef-4e6e-42c1-881a-707d8d8add3d" ObjectName="Open Bills" LineNbr="9" IsActive="1" Name="Ext Cost" DisplayName="Ext Cost" IsKey="0" DataType="System.String" DataLength="-1" IsCustom="0" CreatedByID="b5344897-037e-4d58-b5c3-1bdfd0f47bf9" CreatedByScreenID="SM206015" CreatedDateTime="2019-04-02 20:09:05.423" LastModifiedByID="b5344897-037e-4d58-b5c3-1bdfd0f47bf9" LastModifiedByScreenID="SM206015" LastModifiedDateTime="2019-04-02 20:09:05.423" NoteID="dd9a9403-6a55-e911-b81b-00155d408001" />
		<row ProviderID="93f016ef-4e6e-42c1-881a-707d8d8add3d" ObjectName="Open Bills" LineNbr="8" IsActive="1" Name="Line Description" DisplayName="Line Description" IsKey="0" DataType="System.String" DataLength="-1" IsCustom="0" CreatedByID="b5344897-037e-4d58-b5c3-1bdfd0f47bf9" CreatedByScreenID="SM206015" CreatedDateTime="2019-04-02 20:09:05.407" LastModifiedByID="b5344897-037e-4d58-b5c3-1bdfd0f47bf9" LastModifiedByScreenID="SM206015" LastModifiedDateTime="2019-04-02 20:09:05.407" NoteID="dc9a9403-6a55-e911-b81b-00155d408001" />
		<row ProviderID="93f016ef-4e6e-42c1-881a-707d8d8add3d" ObjectName="Open Bills" LineNbr="5" IsActive="1" Name="Post Period" DisplayName="Post Period" IsKey="0" DataType="System.String" DataLength="-1" IsCustom="0" CreatedByID="b5344897-037e-4d58-b5c3-1bdfd0f47bf9" CreatedByScreenID="SM206015" CreatedDateTime="2019-04-02 20:09:05.377" LastModifiedByID="b5344897-037e-4d58-b5c3-1bdfd0f47bf9" LastModifiedByScreenID="SM206015" LastModifiedDateTime="2019-04-02 20:09:05.377" NoteID="d99a9403-6a55-e911-b81b-00155d408001" />
		<row ProviderID="93f016ef-4e6e-42c1-881a-707d8d8add3d" ObjectName="Open Bills" LineNbr="2" IsActive="1" Name="Vendor ID" DisplayName="Vendor ID" IsKey="0" DataType="System.String" DataLength="-1" IsCustom="0" CreatedByID="b5344897-037e-4d58-b5c3-1bdfd0f47bf9" CreatedByScreenID="SM206015" CreatedDateTime="2019-04-02 20:09:05.343" LastModifiedByID="b5344897-037e-4d58-b5c3-1bdfd0f47bf9" LastModifiedByScreenID="SM206015" LastModifiedDateTime="2019-04-02 20:09:05.343" NoteID="d69a9403-6a55-e911-b81b-00155d408001" />
		<row ProviderID="93f016ef-4e6e-42c1-881a-707d8d8add3d" ObjectName="Open Bills" LineNbr="3" IsActive="1" Name="Vendor Ref" DisplayName="Vendor Ref" IsKey="0" DataType="System.String" DataLength="-1" IsCustom="0" CreatedByID="b5344897-037e-4d58-b5c3-1bdfd0f47bf9" CreatedByScreenID="SM206015" CreatedDateTime="2019-04-02 20:09:05.36" LastModifiedByID="b5344897-037e-4d58-b5c3-1bdfd0f47bf9" LastModifiedByScreenID="SM206015" LastModifiedDateTime="2019-04-02 20:09:05.36" NoteID="d79a9403-6a55-e911-b81b-00155d408001" />
		<row ProviderID="ae965f7e-9a8c-473b-93d1-775f1c1c3058" ObjectName="Sales Orders" LineNbr="3" IsActive="1" Name="CustomerID" DisplayName="CustomerID" IsKey="0" DataType="System.String" DataLength="-1" IsCustom="0" CreatedByID="b5344897-037e-4d58-b5c3-1bdfd0f47bf9" CreatedByScreenID="SM206015" CreatedDateTime="2019-04-02 20:19:42.59" LastModifiedByID="b5344897-037e-4d58-b5c3-1bdfd0f47bf9" LastModifiedByScreenID="SM206015" LastModifiedDateTime="2019-04-02 20:19:42.59" NoteID="b44afd7e-6b55-e911-b81b-00155d408001" />
		<row ProviderID="ae965f7e-9a8c-473b-93d1-775f1c1c3058" ObjectName="Sales Orders" LineNbr="4" IsActive="1" Name="Date" DisplayName="Date" IsKey="0" DataType="System.String" DataLength="-1" IsCustom="0" CreatedByID="b5344897-037e-4d58-b5c3-1bdfd0f47bf9" CreatedByScreenID="SM206015" CreatedDateTime="2019-04-02 20:19:42.59" LastModifiedByID="b5344897-037e-4d58-b5c3-1bdfd0f47bf9" LastModifiedByScreenID="SM206015" LastModifiedDateTime="2019-04-02 20:19:42.59" NoteID="b54afd7e-6b55-e911-b81b-00155d408001" />
		<row ProviderID="ae965f7e-9a8c-473b-93d1-775f1c1c3058" ObjectName="Sales Orders" LineNbr="6" IsActive="1" Name="Description" DisplayName="Description" IsKey="0" DataType="System.String" DataLength="-1" IsCustom="0" CreatedByID="b5344897-037e-4d58-b5c3-1bdfd0f47bf9" CreatedByScreenID="SM206015" CreatedDateTime="2019-04-02 20:19:42.607" LastModifiedByID="b5344897-037e-4d58-b5c3-1bdfd0f47bf9" LastModifiedByScreenID="SM206015" LastModifiedDateTime="2019-04-02 20:19:42.607" NoteID="b74afd7e-6b55-e911-b81b-00155d408001" />
		<row ProviderID="ae965f7e-9a8c-473b-93d1-775f1c1c3058" ObjectName="Sales Orders" LineNbr="9" IsActive="1" Name="InventoryID" DisplayName="InventoryID" IsKey="0" DataType="System.String" DataLength="-1" IsCustom="0" CreatedByID="b5344897-037e-4d58-b5c3-1bdfd0f47bf9" CreatedByScreenID="SM206015" CreatedDateTime="2019-04-02 20:19:42.653" LastModifiedByID="b5344897-037e-4d58-b5c3-1bdfd0f47bf9" LastModifiedByScreenID="SM206015" LastModifiedDateTime="2019-04-02 20:19:42.653" NoteID="ba4afd7e-6b55-e911-b81b-00155d408001" />
		<row ProviderID="ae965f7e-9a8c-473b-93d1-775f1c1c3058" ObjectName="Sales Orders" LineNbr="7" IsActive="1" Name="LineNbr" DisplayName="LineNbr" IsKey="0" DataType="System.String" DataLength="-1" IsCustom="0" CreatedByID="b5344897-037e-4d58-b5c3-1bdfd0f47bf9" CreatedByScreenID="SM206015" CreatedDateTime="2019-04-02 20:19:42.62" LastModifiedByID="b5344897-037e-4d58-b5c3-1bdfd0f47bf9" LastModifiedByScreenID="SM206015" LastModifiedDateTime="2019-04-02 20:19:42.62" NoteID="b84afd7e-6b55-e911-b81b-00155d408001" />
		<row ProviderID="ae965f7e-9a8c-473b-93d1-775f1c1c3058" ObjectName="Sales Orders" LineNbr="2" IsActive="1" Name="OrderNbr" DisplayName="OrderNbr" IsKey="0" DataType="System.String" DataLength="-1" IsCustom="0" CreatedByID="b5344897-037e-4d58-b5c3-1bdfd0f47bf9" CreatedByScreenID="SM206015" CreatedDateTime="2019-04-02 20:19:42.573" LastModifiedByID="b5344897-037e-4d58-b5c3-1bdfd0f47bf9" LastModifiedByScreenID="SM206015" LastModifiedDateTime="2019-04-02 20:19:42.573" NoteID="b34afd7e-6b55-e911-b81b-00155d408001" />
		<row ProviderID="ae965f7e-9a8c-473b-93d1-775f1c1c3058" ObjectName="Sales Orders" LineNbr="10" IsActive="1" Name="Qty" DisplayName="Qty" IsKey="0" DataType="System.String" DataLength="-1" IsCustom="0" CreatedByID="b5344897-037e-4d58-b5c3-1bdfd0f47bf9" CreatedByScreenID="SM206015" CreatedDateTime="2019-04-02 20:19:42.67" LastModifiedByID="b5344897-037e-4d58-b5c3-1bdfd0f47bf9" LastModifiedByScreenID="SM206015" LastModifiedDateTime="2019-04-02 20:19:42.67" NoteID="bb4afd7e-6b55-e911-b81b-00155d408001" />
		<row ProviderID="ae965f7e-9a8c-473b-93d1-775f1c1c3058" ObjectName="Sales Orders" LineNbr="5" IsActive="1" Name="RequestedOn" DisplayName="RequestedOn" IsKey="0" DataType="System.String" DataLength="-1" IsCustom="0" CreatedByID="b5344897-037e-4d58-b5c3-1bdfd0f47bf9" CreatedByScreenID="SM206015" CreatedDateTime="2019-04-02 20:19:42.607" LastModifiedByID="b5344897-037e-4d58-b5c3-1bdfd0f47bf9" LastModifiedByScreenID="SM206015" LastModifiedDateTime="2019-04-02 20:19:42.607" NoteID="b64afd7e-6b55-e911-b81b-00155d408001" />
		<row ProviderID="ae965f7e-9a8c-473b-93d1-775f1c1c3058" ObjectName="Sales Orders" LineNbr="12" IsActive="1" Name="Shipping Rule" DisplayName="Shipping Rule" IsKey="0" DataType="System.String" DataLength="-1" IsCustom="0" CreatedByID="b5344897-037e-4d58-b5c3-1bdfd0f47bf9" CreatedByScreenID="SM206015" CreatedDateTime="2019-04-02 20:19:42.683" LastModifiedByID="b5344897-037e-4d58-b5c3-1bdfd0f47bf9" LastModifiedByScreenID="SM206015" LastModifiedDateTime="2019-04-02 20:19:42.683" NoteID="bd4afd7e-6b55-e911-b81b-00155d408001" />
		<row ProviderID="ae965f7e-9a8c-473b-93d1-775f1c1c3058" ObjectName="Sales Orders" LineNbr="1" IsActive="1" Name="Type" DisplayName="Type" IsKey="0" DataType="System.String" DataLength="-1" IsCustom="0" CreatedByID="b5344897-037e-4d58-b5c3-1bdfd0f47bf9" CreatedByScreenID="SM206015" CreatedDateTime="2019-04-02 20:19:42.573" LastModifiedByID="b5344897-037e-4d58-b5c3-1bdfd0f47bf9" LastModifiedByScreenID="SM206015" LastModifiedDateTime="2019-04-02 20:19:42.573" NoteID="b24afd7e-6b55-e911-b81b-00155d408001" />
		<row ProviderID="ae965f7e-9a8c-473b-93d1-775f1c1c3058" ObjectName="Sales Orders" LineNbr="11" IsActive="1" Name="Unit Price" DisplayName="Unit Price" IsKey="0" DataType="System.String" DataLength="-1" IsCustom="0" CreatedByID="b5344897-037e-4d58-b5c3-1bdfd0f47bf9" CreatedByScreenID="SM206015" CreatedDateTime="2019-04-02 20:19:42.683" LastModifiedByID="b5344897-037e-4d58-b5c3-1bdfd0f47bf9" LastModifiedByScreenID="SM206015" LastModifiedDateTime="2019-04-02 20:19:42.683" NoteID="bc4afd7e-6b55-e911-b81b-00155d408001" />
		<row ProviderID="ae965f7e-9a8c-473b-93d1-775f1c1c3058" ObjectName="Sales Orders" LineNbr="8" IsActive="1" Name="UOM" DisplayName="UOM" IsKey="0" DataType="System.String" DataLength="-1" IsCustom="0" CreatedByID="b5344897-037e-4d58-b5c3-1bdfd0f47bf9" CreatedByScreenID="SM206015" CreatedDateTime="2019-04-02 20:19:42.637" LastModifiedByID="b5344897-037e-4d58-b5c3-1bdfd0f47bf9" LastModifiedByScreenID="SM206015" LastModifiedDateTime="2019-04-02 20:19:42.637" NoteID="b94afd7e-6b55-e911-b81b-00155d408001" />
		<row ProviderID="c8e8e3a1-d8d6-42f1-a679-777ffb501448" ObjectName="Stock Items" LineNbr="2" IsActive="1" Name="Description" DisplayName="Description" IsKey="0" DataType="System.String" DataLength="-1" IsCustom="0" CreatedByID="b5344897-037e-4d58-b5c3-1bdfd0f47bf9" CreatedByScreenID="SM206015" CreatedDateTime="2019-04-02 20:01:18.63" LastModifiedByID="b5344897-037e-4d58-b5c3-1bdfd0f47bf9" LastModifiedByScreenID="SM206015" LastModifiedDateTime="2019-04-02 20:01:18.63" NoteID="a7ef28e9-6855-e911-b81b-00155d408001" />
		<row ProviderID="c8e8e3a1-d8d6-42f1-a679-777ffb501448" ObjectName="Stock Items" LineNbr="1" IsActive="1" Name="Inventory ID" DisplayName="Inventory ID" IsKey="0" DataType="System.String" DataLength="-1" IsCustom="0" CreatedByID="b5344897-037e-4d58-b5c3-1bdfd0f47bf9" CreatedByScreenID="SM206015" CreatedDateTime="2019-04-02 20:01:18.63" LastModifiedByID="b5344897-037e-4d58-b5c3-1bdfd0f47bf9" LastModifiedByScreenID="SM206015" LastModifiedDateTime="2019-04-02 20:01:18.63" NoteID="a6ef28e9-6855-e911-b81b-00155d408001" />
		<row ProviderID="c8e8e3a1-d8d6-42f1-a679-777ffb501448" ObjectName="Stock Items" LineNbr="3" IsActive="1" Name="Item Class" DisplayName="Item Class" IsKey="0" DataType="System.String" DataLength="-1" IsCustom="0" CreatedByID="b5344897-037e-4d58-b5c3-1bdfd0f47bf9" CreatedByScreenID="SM206015" CreatedDateTime="2019-04-02 20:01:18.647" LastModifiedByID="b5344897-037e-4d58-b5c3-1bdfd0f47bf9" LastModifiedByScreenID="SM206015" LastModifiedDateTime="2019-04-02 20:01:18.647" NoteID="a8ef28e9-6855-e911-b81b-00155d408001" />
		<row ProviderID="ce3351c7-287e-418e-9594-82cd031db748" ObjectName="AP Bills" LineNbr="4" IsActive="1" Name="Date" DisplayName="Date" IsKey="0" DataType="System.String" DataLength="-1" IsCustom="0" CreatedByID="b5344897-037e-4d58-b5c3-1bdfd0f47bf9" CreatedByScreenID="SM206015" CreatedDateTime="2019-04-02 20:03:43.147" LastModifiedByID="b5344897-037e-4d58-b5c3-1bdfd0f47bf9" LastModifiedByScreenID="SM206015" LastModifiedDateTime="2019-04-02 20:03:43.147" NoteID="e217653f-6955-e911-b81b-00155d408001" />
		<row ProviderID="ce3351c7-287e-418e-9594-82cd031db748" ObjectName="AP Bills" LineNbr="7" IsActive="1" Name="Doc Description" DisplayName="Doc Description" IsKey="0" DataType="System.String" DataLength="-1" IsCustom="0" CreatedByID="b5344897-037e-4d58-b5c3-1bdfd0f47bf9" CreatedByScreenID="SM206015" CreatedDateTime="2019-04-02 20:03:43.18" LastModifiedByID="b5344897-037e-4d58-b5c3-1bdfd0f47bf9" LastModifiedByScreenID="SM206015" LastModifiedDateTime="2019-04-02 20:03:43.18" NoteID="e517653f-6955-e911-b81b-00155d408001" />
		<row ProviderID="ce3351c7-287e-418e-9594-82cd031db748" ObjectName="AP Bills" LineNbr="6" IsActive="1" Name="Doc Description (formula)" DisplayName="Doc Description (formula)" IsKey="0" DataType="System.String" DataLength="-1" IsCustom="0" CreatedByID="b5344897-037e-4d58-b5c3-1bdfd0f47bf9" CreatedByScreenID="SM206015" CreatedDateTime="2019-04-02 20:03:43.18" LastModifiedByID="b5344897-037e-4d58-b5c3-1bdfd0f47bf9" LastModifiedByScreenID="SM206015" LastModifiedDateTime="2019-04-02 20:03:43.18" NoteID="e417653f-6955-e911-b81b-00155d408001" />
		<row ProviderID="ce3351c7-287e-418e-9594-82cd031db748" ObjectName="AP Bills" LineNbr="1" IsActive="1" Name="Doc Type" DisplayName="Doc Type" IsKey="0" DataType="System.String" DataLength="-1" IsCustom="0" CreatedByID="b5344897-037e-4d58-b5c3-1bdfd0f47bf9" CreatedByScreenID="SM206015" CreatedDateTime="2019-04-02 20:03:43.1" LastModifiedByID="b5344897-037e-4d58-b5c3-1bdfd0f47bf9" LastModifiedByScreenID="SM206015" LastModifiedDateTime="2019-04-02 20:03:43.1" NoteID="df17653f-6955-e911-b81b-00155d408001" />
		<row ProviderID="ce3351c7-287e-418e-9594-82cd031db748" ObjectName="AP Bills" LineNbr="9" IsActive="1" Name="Ext Cost" DisplayName="Ext Cost" IsKey="0" DataType="System.String" DataLength="-1" IsCustom="0" CreatedByID="b5344897-037e-4d58-b5c3-1bdfd0f47bf9" CreatedByScreenID="SM206015" CreatedDateTime="2019-04-02 20:03:43.193" LastModifiedByID="b5344897-037e-4d58-b5c3-1bdfd0f47bf9" LastModifiedByScreenID="SM206015" LastModifiedDateTime="2019-04-02 20:03:43.193" NoteID="e717653f-6955-e911-b81b-00155d408001" />
		<row ProviderID="ce3351c7-287e-418e-9594-82cd031db748" ObjectName="AP Bills" LineNbr="8" IsActive="1" Name="Line Description" DisplayName="Line Description" IsKey="0" DataType="System.String" DataLength="-1" IsCustom="0" CreatedByID="b5344897-037e-4d58-b5c3-1bdfd0f47bf9" CreatedByScreenID="SM206015" CreatedDateTime="2019-04-02 20:03:43.193" LastModifiedByID="b5344897-037e-4d58-b5c3-1bdfd0f47bf9" LastModifiedByScreenID="SM206015" LastModifiedDateTime="2019-04-02 20:03:43.193" NoteID="e617653f-6955-e911-b81b-00155d408001" />
		<row ProviderID="ce3351c7-287e-418e-9594-82cd031db748" ObjectName="AP Bills" LineNbr="5" IsActive="1" Name="Post Period" DisplayName="Post Period" IsKey="0" DataType="System.String" DataLength="-1" IsCustom="0" CreatedByID="b5344897-037e-4d58-b5c3-1bdfd0f47bf9" CreatedByScreenID="SM206015" CreatedDateTime="2019-04-02 20:03:43.163" LastModifiedByID="b5344897-037e-4d58-b5c3-1bdfd0f47bf9" LastModifiedByScreenID="SM206015" LastModifiedDateTime="2019-04-02 20:03:43.163" NoteID="e317653f-6955-e911-b81b-00155d408001" />
		<row ProviderID="ce3351c7-287e-418e-9594-82cd031db748" ObjectName="AP Bills" LineNbr="2" IsActive="1" Name="Vendor ID" DisplayName="Vendor ID" IsKey="0" DataType="System.String" DataLength="-1" IsCustom="0" CreatedByID="b5344897-037e-4d58-b5c3-1bdfd0f47bf9" CreatedByScreenID="SM206015" CreatedDateTime="2019-04-02 20:03:43.133" LastModifiedByID="b5344897-037e-4d58-b5c3-1bdfd0f47bf9" LastModifiedByScreenID="SM206015" LastModifiedDateTime="2019-04-02 20:03:43.133" NoteID="e017653f-6955-e911-b81b-00155d408001" />
		<row ProviderID="ce3351c7-287e-418e-9594-82cd031db748" ObjectName="AP Bills" LineNbr="3" IsActive="1" Name="Vendor Ref" DisplayName="Vendor Ref" IsKey="0" DataType="System.String" DataLength="-1" IsCustom="0" CreatedByID="b5344897-037e-4d58-b5c3-1bdfd0f47bf9" CreatedByScreenID="SM206015" CreatedDateTime="2019-04-02 20:03:43.147" LastModifiedByID="b5344897-037e-4d58-b5c3-1bdfd0f47bf9" LastModifiedByScreenID="SM206015" LastModifiedDateTime="2019-04-02 20:03:43.147" NoteID="e117653f-6955-e911-b81b-00155d408001" />
		<row ProviderID="9437c8e7-90a0-434e-816a-9beee7e85fd1" ObjectName="Open Invoices" LineNbr="11" IsActive="1" Name="Balance" DisplayName="Balance" IsKey="0" DataType="System.String" DataLength="-1" IsCustom="0" CreatedByID="b5344897-037e-4d58-b5c3-1bdfd0f47bf9" CreatedByScreenID="SM206015" CreatedDateTime="2019-04-02 20:10:40.11" LastModifiedByID="b5344897-037e-4d58-b5c3-1bdfd0f47bf9" LastModifiedByScreenID="SM206015" LastModifiedDateTime="2019-04-02 20:10:40.11" NoteID="fbe37037-6a55-e911-b81b-00155d408001" />
		<row ProviderID="9437c8e7-90a0-434e-816a-9beee7e85fd1" ObjectName="Open Invoices" LineNbr="3" IsActive="1" Name="Customer ID" DisplayName="Customer ID" IsKey="0" DataType="System.String" DataLength="-1" IsCustom="0" CreatedByID="b5344897-037e-4d58-b5c3-1bdfd0f47bf9" CreatedByScreenID="SM206015" CreatedDateTime="2019-04-02 20:10:40.05" LastModifiedByID="b5344897-037e-4d58-b5c3-1bdfd0f47bf9" LastModifiedByScreenID="SM206015" LastModifiedDateTime="2019-04-02 20:10:40.05" NoteID="f3e37037-6a55-e911-b81b-00155d408001" />
		<row ProviderID="9437c8e7-90a0-434e-816a-9beee7e85fd1" ObjectName="Open Invoices" LineNbr="6" IsActive="1" Name="Customer Ref Nbr" DisplayName="Customer Ref Nbr" IsKey="0" DataType="System.String" DataLength="-1" IsCustom="0" CreatedByID="b5344897-037e-4d58-b5c3-1bdfd0f47bf9" CreatedByScreenID="SM206015" CreatedDateTime="2019-04-02 20:10:40.063" LastModifiedByID="b5344897-037e-4d58-b5c3-1bdfd0f47bf9" LastModifiedByScreenID="SM206015" LastModifiedDateTime="2019-04-02 20:10:40.063" NoteID="f6e37037-6a55-e911-b81b-00155d408001" />
		<row ProviderID="9437c8e7-90a0-434e-816a-9beee7e85fd1" ObjectName="Open Invoices" LineNbr="4" IsActive="1" Name="Date" DisplayName="Date" IsKey="0" DataType="System.String" DataLength="-1" IsCustom="0" CreatedByID="b5344897-037e-4d58-b5c3-1bdfd0f47bf9" CreatedByScreenID="SM206015" CreatedDateTime="2019-04-02 20:10:40.05" LastModifiedByID="b5344897-037e-4d58-b5c3-1bdfd0f47bf9" LastModifiedByScreenID="SM206015" LastModifiedDateTime="2019-04-02 20:10:40.05" NoteID="f4e37037-6a55-e911-b81b-00155d408001" />
		<row ProviderID="9437c8e7-90a0-434e-816a-9beee7e85fd1" ObjectName="Open Invoices" LineNbr="8" IsActive="1" Name="Doc Description" DisplayName="Doc Description" IsKey="0" DataType="System.String" DataLength="-1" IsCustom="0" CreatedByID="b5344897-037e-4d58-b5c3-1bdfd0f47bf9" CreatedByScreenID="SM206015" CreatedDateTime="2019-04-02 20:10:40.08" LastModifiedByID="b5344897-037e-4d58-b5c3-1bdfd0f47bf9" LastModifiedByScreenID="SM206015" LastModifiedDateTime="2019-04-02 20:10:40.08" NoteID="f8e37037-6a55-e911-b81b-00155d408001" />
		<row ProviderID="9437c8e7-90a0-434e-816a-9beee7e85fd1" ObjectName="Open Invoices" LineNbr="7" IsActive="1" Name="Doc Description (formula)" DisplayName="Doc Description (formula)" IsKey="0" DataType="System.String" DataLength="-1" IsCustom="0" CreatedByID="b5344897-037e-4d58-b5c3-1bdfd0f47bf9" CreatedByScreenID="SM206015" CreatedDateTime="2019-04-02 20:10:40.08" LastModifiedByID="b5344897-037e-4d58-b5c3-1bdfd0f47bf9" LastModifiedByScreenID="SM206015" LastModifiedDateTime="2019-04-02 20:10:40.08" NoteID="f7e37037-6a55-e911-b81b-00155d408001" />
		<row ProviderID="9437c8e7-90a0-434e-816a-9beee7e85fd1" ObjectName="Open Invoices" LineNbr="1" IsActive="1" Name="Doc Type" DisplayName="Doc Type" IsKey="0" DataType="System.String" DataLength="-1" IsCustom="0" CreatedByID="b5344897-037e-4d58-b5c3-1bdfd0f47bf9" CreatedByScreenID="SM206015" CreatedDateTime="2019-04-02 20:10:40.033" LastModifiedByID="b5344897-037e-4d58-b5c3-1bdfd0f47bf9" LastModifiedByScreenID="SM206015" LastModifiedDateTime="2019-04-02 20:10:40.033" NoteID="f1e37037-6a55-e911-b81b-00155d408001" />
		<row ProviderID="9437c8e7-90a0-434e-816a-9beee7e85fd1" ObjectName="Open Invoices" LineNbr="10" IsActive="1" Name="Ext Price" DisplayName="Ext Price" IsKey="0" DataType="System.String" DataLength="-1" IsCustom="0" CreatedByID="b5344897-037e-4d58-b5c3-1bdfd0f47bf9" CreatedByScreenID="SM206015" CreatedDateTime="2019-04-02 20:10:40.097" LastModifiedByID="b5344897-037e-4d58-b5c3-1bdfd0f47bf9" LastModifiedByScreenID="SM206015" LastModifiedDateTime="2019-04-02 20:10:40.097" NoteID="fae37037-6a55-e911-b81b-00155d408001" />
		<row ProviderID="9437c8e7-90a0-434e-816a-9beee7e85fd1" ObjectName="Open Invoices" LineNbr="2" IsActive="1" Name="Invoice Ref Nbr" DisplayName="Invoice Ref Nbr" IsKey="0" DataType="System.String" DataLength="-1" IsCustom="0" CreatedByID="b5344897-037e-4d58-b5c3-1bdfd0f47bf9" CreatedByScreenID="SM206015" CreatedDateTime="2019-04-02 20:10:40.033" LastModifiedByID="b5344897-037e-4d58-b5c3-1bdfd0f47bf9" LastModifiedByScreenID="SM206015" LastModifiedDateTime="2019-04-02 20:10:40.033" NoteID="f2e37037-6a55-e911-b81b-00155d408001" />
		<row ProviderID="9437c8e7-90a0-434e-816a-9beee7e85fd1" ObjectName="Open Invoices" LineNbr="9" IsActive="1" Name="Line Description" DisplayName="Line Description" IsKey="0" DataType="System.String" DataLength="-1" IsCustom="0" CreatedByID="b5344897-037e-4d58-b5c3-1bdfd0f47bf9" CreatedByScreenID="SM206015" CreatedDateTime="2019-04-02 20:10:40.097" LastModifiedByID="b5344897-037e-4d58-b5c3-1bdfd0f47bf9" LastModifiedByScreenID="SM206015" LastModifiedDateTime="2019-04-02 20:10:40.097" NoteID="f9e37037-6a55-e911-b81b-00155d408001" />
		<row ProviderID="9437c8e7-90a0-434e-816a-9beee7e85fd1" ObjectName="Open Invoices" LineNbr="5" IsActive="1" Name="Post Period" DisplayName="Post Period" IsKey="0" DataType="System.String" DataLength="-1" IsCustom="0" CreatedByID="b5344897-037e-4d58-b5c3-1bdfd0f47bf9" CreatedByScreenID="SM206015" CreatedDateTime="2019-04-02 20:10:40.063" LastModifiedByID="b5344897-037e-4d58-b5c3-1bdfd0f47bf9" LastModifiedByScreenID="SM206015" LastModifiedDateTime="2019-04-02 20:10:40.063" NoteID="f5e37037-6a55-e911-b81b-00155d408001" />
		<row ProviderID="11768fb9-0dba-43ae-b83a-b35eac4914b3" ObjectName="Open Payments" LineNbr="5" IsActive="1" Name="Application Date" DisplayName="Application Date" IsKey="0" DataType="System.String" DataLength="-1" IsCustom="0" CreatedByID="b5344897-037e-4d58-b5c3-1bdfd0f47bf9" CreatedByScreenID="SM206015" CreatedDateTime="2019-04-02 20:18:59.5" LastModifiedByID="b5344897-037e-4d58-b5c3-1bdfd0f47bf9" LastModifiedByScreenID="SM206015" LastModifiedDateTime="2019-04-02 20:18:59.5" NoteID="43208565-6b55-e911-b81b-00155d408001" />
		<row ProviderID="11768fb9-0dba-43ae-b83a-b35eac4914b3" ObjectName="Open Payments" LineNbr="6" IsActive="1" Name="Application Period" DisplayName="Application Period" IsKey="0" DataType="System.String" DataLength="-1" IsCustom="0" CreatedByID="b5344897-037e-4d58-b5c3-1bdfd0f47bf9" CreatedByScreenID="SM206015" CreatedDateTime="2019-04-02 20:18:59.513" LastModifiedByID="b5344897-037e-4d58-b5c3-1bdfd0f47bf9" LastModifiedByScreenID="SM206015" LastModifiedDateTime="2019-04-02 20:18:59.513" NoteID="44208565-6b55-e911-b81b-00155d408001" />
		<row ProviderID="11768fb9-0dba-43ae-b83a-b35eac4914b3" ObjectName="Open Payments" LineNbr="10" IsActive="1" Name="Available Balance" DisplayName="Available Balance" IsKey="0" DataType="System.String" DataLength="-1" IsCustom="0" CreatedByID="b5344897-037e-4d58-b5c3-1bdfd0f47bf9" CreatedByScreenID="SM206015" CreatedDateTime="2019-04-02 20:18:59.547" LastModifiedByID="b5344897-037e-4d58-b5c3-1bdfd0f47bf9" LastModifiedByScreenID="SM206015" LastModifiedDateTime="2019-04-02 20:18:59.547" NoteID="48208565-6b55-e911-b81b-00155d408001" />
		<row ProviderID="11768fb9-0dba-43ae-b83a-b35eac4914b3" ObjectName="Open Payments" LineNbr="4" IsActive="1" Name="Cash Account" DisplayName="Cash Account" IsKey="0" DataType="System.String" DataLength="-1" IsCustom="0" CreatedByID="b5344897-037e-4d58-b5c3-1bdfd0f47bf9" CreatedByScreenID="SM206015" CreatedDateTime="2019-04-02 20:18:59.5" LastModifiedByID="b5344897-037e-4d58-b5c3-1bdfd0f47bf9" LastModifiedByScreenID="SM206015" LastModifiedDateTime="2019-04-02 20:18:59.5" NoteID="42208565-6b55-e911-b81b-00155d408001" />
		<row ProviderID="11768fb9-0dba-43ae-b83a-b35eac4914b3" ObjectName="Open Payments" LineNbr="2" IsActive="1" Name="Customer" DisplayName="Customer" IsKey="0" DataType="System.String" DataLength="-1" IsCustom="0" CreatedByID="b5344897-037e-4d58-b5c3-1bdfd0f47bf9" CreatedByScreenID="SM206015" CreatedDateTime="2019-04-02 20:18:59.467" LastModifiedByID="b5344897-037e-4d58-b5c3-1bdfd0f47bf9" LastModifiedByScreenID="SM206015" LastModifiedDateTime="2019-04-02 20:18:59.467" NoteID="40208565-6b55-e911-b81b-00155d408001" />
		<row ProviderID="11768fb9-0dba-43ae-b83a-b35eac4914b3" ObjectName="Open Payments" LineNbr="8" IsActive="1" Name="Description" DisplayName="Description" IsKey="0" DataType="System.String" DataLength="-1" IsCustom="0" CreatedByID="b5344897-037e-4d58-b5c3-1bdfd0f47bf9" CreatedByScreenID="SM206015" CreatedDateTime="2019-04-02 20:18:59.53" LastModifiedByID="b5344897-037e-4d58-b5c3-1bdfd0f47bf9" LastModifiedByScreenID="SM206015" LastModifiedDateTime="2019-04-02 20:18:59.53" NoteID="46208565-6b55-e911-b81b-00155d408001" />
		<row ProviderID="11768fb9-0dba-43ae-b83a-b35eac4914b3" ObjectName="Open Payments" LineNbr="9" IsActive="1" Name="Payment Amount" DisplayName="Payment Amount" IsKey="0" DataType="System.String" DataLength="-1" IsCustom="0" CreatedByID="b5344897-037e-4d58-b5c3-1bdfd0f47bf9" CreatedByScreenID="SM206015" CreatedDateTime="2019-04-02 20:18:59.53" LastModifiedByID="b5344897-037e-4d58-b5c3-1bdfd0f47bf9" LastModifiedByScreenID="SM206015" LastModifiedDateTime="2019-04-02 20:18:59.53" NoteID="47208565-6b55-e911-b81b-00155d408001" />
		<row ProviderID="11768fb9-0dba-43ae-b83a-b35eac4914b3" ObjectName="Open Payments" LineNbr="3" IsActive="1" Name="Payment Method" DisplayName="Payment Method" IsKey="0" DataType="System.String" DataLength="-1" IsCustom="0" CreatedByID="b5344897-037e-4d58-b5c3-1bdfd0f47bf9" CreatedByScreenID="SM206015" CreatedDateTime="2019-04-02 20:18:59.483" LastModifiedByID="b5344897-037e-4d58-b5c3-1bdfd0f47bf9" LastModifiedByScreenID="SM206015" LastModifiedDateTime="2019-04-02 20:18:59.483" NoteID="41208565-6b55-e911-b81b-00155d408001" />
		<row ProviderID="11768fb9-0dba-43ae-b83a-b35eac4914b3" ObjectName="Open Payments" LineNbr="7" IsActive="1" Name="Payment Ref." DisplayName="Payment Ref." IsKey="0" DataType="System.String" DataLength="-1" IsCustom="0" CreatedByID="b5344897-037e-4d58-b5c3-1bdfd0f47bf9" CreatedByScreenID="SM206015" CreatedDateTime="2019-04-02 20:18:59.513" LastModifiedByID="b5344897-037e-4d58-b5c3-1bdfd0f47bf9" LastModifiedByScreenID="SM206015" LastModifiedDateTime="2019-04-02 20:18:59.513" NoteID="45208565-6b55-e911-b81b-00155d408001" />
		<row ProviderID="11768fb9-0dba-43ae-b83a-b35eac4914b3" ObjectName="Open Payments" LineNbr="1" IsActive="1" Name="Ref. Number" DisplayName="Ref. Number" IsKey="0" DataType="System.String" DataLength="-1" IsCustom="0" CreatedByID="b5344897-037e-4d58-b5c3-1bdfd0f47bf9" CreatedByScreenID="SM206015" CreatedDateTime="2019-04-02 20:18:59.45" LastModifiedByID="b5344897-037e-4d58-b5c3-1bdfd0f47bf9" LastModifiedByScreenID="SM206015" LastModifiedDateTime="2019-04-02 20:18:59.45" NoteID="3f208565-6b55-e911-b81b-00155d408001" />
		<row ProviderID="89d86fa2-ee2c-454e-a84e-bb40496787db" ObjectName="Purchase Orders" LineNbr="4" IsActive="1" Name="Date" DisplayName="Date" IsKey="0" DataType="System.String" DataLength="-1" IsCustom="0" CreatedByID="b5344897-037e-4d58-b5c3-1bdfd0f47bf9" CreatedByScreenID="SM206015" CreatedDateTime="2019-04-02 20:20:58.027" LastModifiedByID="b5344897-037e-4d58-b5c3-1bdfd0f47bf9" LastModifiedByScreenID="SM206015" LastModifiedDateTime="2019-04-02 20:20:58.027" NoteID="37c61fab-6b55-e911-b81b-00155d408001" />
		<row ProviderID="89d86fa2-ee2c-454e-a84e-bb40496787db" ObjectName="Purchase Orders" LineNbr="6" IsActive="1" Name="Description" DisplayName="Description" IsKey="0" DataType="System.String" DataLength="-1" IsCustom="0" CreatedByID="b5344897-037e-4d58-b5c3-1bdfd0f47bf9" CreatedByScreenID="SM206015" CreatedDateTime="2019-04-02 20:20:58.06" LastModifiedByID="b5344897-037e-4d58-b5c3-1bdfd0f47bf9" LastModifiedByScreenID="SM206015" LastModifiedDateTime="2019-04-02 20:20:58.06" NoteID="39c61fab-6b55-e911-b81b-00155d408001" />
		<row ProviderID="89d86fa2-ee2c-454e-a84e-bb40496787db" ObjectName="Purchase Orders" LineNbr="9" IsActive="1" Name="InventoryID" DisplayName="InventoryID" IsKey="0" DataType="System.String" DataLength="-1" IsCustom="0" CreatedByID="b5344897-037e-4d58-b5c3-1bdfd0f47bf9" CreatedByScreenID="SM206015" CreatedDateTime="2019-04-02 20:20:58.09" LastModifiedByID="b5344897-037e-4d58-b5c3-1bdfd0f47bf9" LastModifiedByScreenID="SM206015" LastModifiedDateTime="2019-04-02 20:20:58.09" NoteID="3cc61fab-6b55-e911-b81b-00155d408001" />
		<row ProviderID="89d86fa2-ee2c-454e-a84e-bb40496787db" ObjectName="Purchase Orders" LineNbr="7" IsActive="1" Name="LineNbr" DisplayName="LineNbr" IsKey="0" DataType="System.String" DataLength="-1" IsCustom="0" CreatedByID="b5344897-037e-4d58-b5c3-1bdfd0f47bf9" CreatedByScreenID="SM206015" CreatedDateTime="2019-04-02 20:20:58.06" LastModifiedByID="b5344897-037e-4d58-b5c3-1bdfd0f47bf9" LastModifiedByScreenID="SM206015" LastModifiedDateTime="2019-04-02 20:20:58.06" NoteID="3ac61fab-6b55-e911-b81b-00155d408001" />
		<row ProviderID="89d86fa2-ee2c-454e-a84e-bb40496787db" ObjectName="Purchase Orders" LineNbr="10" IsActive="1" Name="Order Qty." DisplayName="Order Qty." IsKey="0" DataType="System.String" DataLength="-1" IsCustom="0" CreatedByID="b5344897-037e-4d58-b5c3-1bdfd0f47bf9" CreatedByScreenID="SM206015" CreatedDateTime="2019-04-02 20:20:58.09" LastModifiedByID="b5344897-037e-4d58-b5c3-1bdfd0f47bf9" LastModifiedByScreenID="SM206015" LastModifiedDateTime="2019-04-02 20:20:58.09" NoteID="3dc61fab-6b55-e911-b81b-00155d408001" />
		<row ProviderID="89d86fa2-ee2c-454e-a84e-bb40496787db" ObjectName="Purchase Orders" LineNbr="2" IsActive="1" Name="OrderNbr" DisplayName="OrderNbr" IsKey="0" DataType="System.String" DataLength="-1" IsCustom="0" CreatedByID="b5344897-037e-4d58-b5c3-1bdfd0f47bf9" CreatedByScreenID="SM206015" CreatedDateTime="2019-04-02 20:20:58.01" LastModifiedByID="b5344897-037e-4d58-b5c3-1bdfd0f47bf9" LastModifiedByScreenID="SM206015" LastModifiedDateTime="2019-04-02 20:20:58.01" NoteID="35c61fab-6b55-e911-b81b-00155d408001" />
		<row ProviderID="89d86fa2-ee2c-454e-a84e-bb40496787db" ObjectName="Purchase Orders" LineNbr="5" IsActive="1" Name="PromisedOn" DisplayName="PromisedOn" IsKey="0" DataType="System.String" DataLength="-1" IsCustom="0" CreatedByID="b5344897-037e-4d58-b5c3-1bdfd0f47bf9" CreatedByScreenID="SM206015" CreatedDateTime="2019-04-02 20:20:58.043" LastModifiedByID="b5344897-037e-4d58-b5c3-1bdfd0f47bf9" LastModifiedByScreenID="SM206015" LastModifiedDateTime="2019-04-02 20:20:58.043" NoteID="38c61fab-6b55-e911-b81b-00155d408001" />
		<row ProviderID="89d86fa2-ee2c-454e-a84e-bb40496787db" ObjectName="Purchase Orders" LineNbr="1" IsActive="1" Name="Type" DisplayName="Type" IsKey="0" DataType="System.String" DataLength="-1" IsCustom="0" CreatedByID="b5344897-037e-4d58-b5c3-1bdfd0f47bf9" CreatedByScreenID="SM206015" CreatedDateTime="2019-04-02 20:20:58.01" LastModifiedByID="b5344897-037e-4d58-b5c3-1bdfd0f47bf9" LastModifiedByScreenID="SM206015" LastModifiedDateTime="2019-04-02 20:20:58.01" NoteID="34c61fab-6b55-e911-b81b-00155d408001" />
		<row ProviderID="89d86fa2-ee2c-454e-a84e-bb40496787db" ObjectName="Purchase Orders" LineNbr="11" IsActive="1" Name="Unit Cost" DisplayName="Unit Cost" IsKey="0" DataType="System.String" DataLength="-1" IsCustom="0" CreatedByID="b5344897-037e-4d58-b5c3-1bdfd0f47bf9" CreatedByScreenID="SM206015" CreatedDateTime="2019-04-02 20:20:58.107" LastModifiedByID="b5344897-037e-4d58-b5c3-1bdfd0f47bf9" LastModifiedByScreenID="SM206015" LastModifiedDateTime="2019-04-02 20:20:58.107" NoteID="3ec61fab-6b55-e911-b81b-00155d408001" />
		<row ProviderID="89d86fa2-ee2c-454e-a84e-bb40496787db" ObjectName="Purchase Orders" LineNbr="8" IsActive="1" Name="UOM" DisplayName="UOM" IsKey="0" DataType="System.String" DataLength="-1" IsCustom="0" CreatedByID="b5344897-037e-4d58-b5c3-1bdfd0f47bf9" CreatedByScreenID="SM206015" CreatedDateTime="2019-04-02 20:20:58.073" LastModifiedByID="b5344897-037e-4d58-b5c3-1bdfd0f47bf9" LastModifiedByScreenID="SM206015" LastModifiedDateTime="2019-04-02 20:20:58.073" NoteID="3bc61fab-6b55-e911-b81b-00155d408001" />
		<row ProviderID="89d86fa2-ee2c-454e-a84e-bb40496787db" ObjectName="Purchase Orders" LineNbr="3" IsActive="1" Name="VendorID" DisplayName="VendorID" IsKey="0" DataType="System.String" DataLength="-1" IsCustom="0" CreatedByID="b5344897-037e-4d58-b5c3-1bdfd0f47bf9" CreatedByScreenID="SM206015" CreatedDateTime="2019-04-02 20:20:58.027" LastModifiedByID="b5344897-037e-4d58-b5c3-1bdfd0f47bf9" LastModifiedByScreenID="SM206015" LastModifiedDateTime="2019-04-02 20:20:58.027" NoteID="36c61fab-6b55-e911-b81b-00155d408001" />
		<row ProviderID="ccae1708-83e9-434f-ba22-d04514e823e3" ObjectName="Fixed Asset Classes" LineNbr="11" IsActive="1" Name="Accumulated Depreciation Account" DisplayName="Accumulated Depreciation Account" IsKey="0" DataType="System.String" DataLength="-1" IsCustom="0" CreatedByID="b5344897-037e-4d58-b5c3-1bdfd0f47bf9" CreatedByScreenID="SM206015" CreatedDateTime="2019-04-02 20:13:02.673" LastModifiedByID="b5344897-037e-4d58-b5c3-1bdfd0f47bf9" LastModifiedByScreenID="SM206015" LastModifiedDateTime="2019-04-02 20:13:02.673" NoteID="efaf6988-6a55-e911-b81b-00155d408001" />
		<row ProviderID="ccae1708-83e9-434f-ba22-d04514e823e3" ObjectName="Fixed Asset Classes" LineNbr="1" IsActive="1" Name="Asset Class ID" DisplayName="Asset Class ID" IsKey="0" DataType="System.String" DataLength="-1" IsCustom="0" CreatedByID="b5344897-037e-4d58-b5c3-1bdfd0f47bf9" CreatedByScreenID="SM206015" CreatedDateTime="2019-04-02 20:13:02.593" LastModifiedByID="b5344897-037e-4d58-b5c3-1bdfd0f47bf9" LastModifiedByScreenID="SM206015" LastModifiedDateTime="2019-04-02 20:13:02.593" NoteID="e5af6988-6a55-e911-b81b-00155d408001" />
		<row ProviderID="ccae1708-83e9-434f-ba22-d04514e823e3" ObjectName="Fixed Asset Classes" LineNbr="3" IsActive="1" Name="Asset Type" DisplayName="Asset Type" IsKey="0" DataType="System.String" DataLength="-1" IsCustom="0" CreatedByID="b5344897-037e-4d58-b5c3-1bdfd0f47bf9" CreatedByScreenID="SM206015" CreatedDateTime="2019-04-02 20:13:02.61" LastModifiedByID="b5344897-037e-4d58-b5c3-1bdfd0f47bf9" LastModifiedByScreenID="SM206015" LastModifiedDateTime="2019-04-02 20:13:02.61" NoteID="e7af6988-6a55-e911-b81b-00155d408001" />
		<row ProviderID="ccae1708-83e9-434f-ba22-d04514e823e3" ObjectName="Fixed Asset Classes" LineNbr="7" IsActive="1" Name="Averaging Convention FIN" DisplayName="Averaging Convention FIN" IsKey="0" DataType="System.String" DataLength="-1" IsCustom="0" CreatedByID="b5344897-037e-4d58-b5c3-1bdfd0f47bf9" CreatedByScreenID="SM206015" CreatedDateTime="2019-04-02 20:13:02.64" LastModifiedByID="b5344897-037e-4d58-b5c3-1bdfd0f47bf9" LastModifiedByScreenID="SM206015" LastModifiedDateTime="2019-04-02 20:13:02.64" NoteID="ebaf6988-6a55-e911-b81b-00155d408001" />
		<row ProviderID="ccae1708-83e9-434f-ba22-d04514e823e3" ObjectName="Fixed Asset Classes" LineNbr="9" IsActive="1" Name="Averaging Convention TAX" DisplayName="Averaging Convention TAX" IsKey="0" DataType="System.String" DataLength="-1" IsCustom="0" CreatedByID="b5344897-037e-4d58-b5c3-1bdfd0f47bf9" CreatedByScreenID="SM206015" CreatedDateTime="2019-04-02 20:13:02.657" LastModifiedByID="b5344897-037e-4d58-b5c3-1bdfd0f47bf9" LastModifiedByScreenID="SM206015" LastModifiedDateTime="2019-04-02 20:13:02.657" NoteID="edaf6988-6a55-e911-b81b-00155d408001" />
		<row ProviderID="ccae1708-83e9-434f-ba22-d04514e823e3" ObjectName="Fixed Asset Classes" LineNbr="5" IsActive="1" Name="Book" DisplayName="Book" IsKey="0" DataType="System.String" DataLength="-1" IsCustom="0" CreatedByID="b5344897-037e-4d58-b5c3-1bdfd0f47bf9" CreatedByScreenID="SM206015" CreatedDateTime="2019-04-02 20:13:02.627" LastModifiedByID="b5344897-037e-4d58-b5c3-1bdfd0f47bf9" LastModifiedByScreenID="SM206015" LastModifiedDateTime="2019-04-02 20:13:02.627" NoteID="e9af6988-6a55-e911-b81b-00155d408001" />
		<row ProviderID="ccae1708-83e9-434f-ba22-d04514e823e3" ObjectName="Fixed Asset Classes" LineNbr="6" IsActive="1" Name="Class Method FIN" DisplayName="Class Method FIN" IsKey="0" DataType="System.String" DataLength="-1" IsCustom="0" CreatedByID="b5344897-037e-4d58-b5c3-1bdfd0f47bf9" CreatedByScreenID="SM206015" CreatedDateTime="2019-04-02 20:13:02.627" LastModifiedByID="b5344897-037e-4d58-b5c3-1bdfd0f47bf9" LastModifiedByScreenID="SM206015" LastModifiedDateTime="2019-04-02 20:13:02.627" NoteID="eaaf6988-6a55-e911-b81b-00155d408001" />
		<row ProviderID="ccae1708-83e9-434f-ba22-d04514e823e3" ObjectName="Fixed Asset Classes" LineNbr="8" IsActive="1" Name="Class Method TAX" DisplayName="Class Method TAX" IsKey="0" DataType="System.String" DataLength="-1" IsCustom="0" CreatedByID="b5344897-037e-4d58-b5c3-1bdfd0f47bf9" CreatedByScreenID="SM206015" CreatedDateTime="2019-04-02 20:13:02.64" LastModifiedByID="b5344897-037e-4d58-b5c3-1bdfd0f47bf9" LastModifiedByScreenID="SM206015" LastModifiedDateTime="2019-04-02 20:13:02.64" NoteID="ecaf6988-6a55-e911-b81b-00155d408001" />
		<row ProviderID="ccae1708-83e9-434f-ba22-d04514e823e3" ObjectName="Fixed Asset Classes" LineNbr="12" IsActive="1" Name="Depreciation Expense Account" DisplayName="Depreciation Expense Account" IsKey="0" DataType="System.String" DataLength="-1" IsCustom="0" CreatedByID="b5344897-037e-4d58-b5c3-1bdfd0f47bf9" CreatedByScreenID="SM206015" CreatedDateTime="2019-04-02 20:13:02.673" LastModifiedByID="b5344897-037e-4d58-b5c3-1bdfd0f47bf9" LastModifiedByScreenID="SM206015" LastModifiedDateTime="2019-04-02 20:13:02.673" NoteID="f0af6988-6a55-e911-b81b-00155d408001" />
		<row ProviderID="ccae1708-83e9-434f-ba22-d04514e823e3" ObjectName="Fixed Asset Classes" LineNbr="2" IsActive="1" Name="Description" DisplayName="Description" IsKey="0" DataType="System.String" DataLength="-1" IsCustom="0" CreatedByID="b5344897-037e-4d58-b5c3-1bdfd0f47bf9" CreatedByScreenID="SM206015" CreatedDateTime="2019-04-02 20:13:02.593" LastModifiedByID="b5344897-037e-4d58-b5c3-1bdfd0f47bf9" LastModifiedByScreenID="SM206015" LastModifiedDateTime="2019-04-02 20:13:02.593" NoteID="e6af6988-6a55-e911-b81b-00155d408001" />
		<row ProviderID="ccae1708-83e9-434f-ba22-d04514e823e3" ObjectName="Fixed Asset Classes" LineNbr="10" IsActive="1" Name="Fixed Assets Account" DisplayName="Fixed Assets Account" IsKey="0" DataType="System.String" DataLength="-1" IsCustom="0" CreatedByID="b5344897-037e-4d58-b5c3-1bdfd0f47bf9" CreatedByScreenID="SM206015" CreatedDateTime="2019-04-02 20:13:02.657" LastModifiedByID="b5344897-037e-4d58-b5c3-1bdfd0f47bf9" LastModifiedByScreenID="SM206015" LastModifiedDateTime="2019-04-02 20:13:02.657" NoteID="eeaf6988-6a55-e911-b81b-00155d408001" />
		<row ProviderID="ccae1708-83e9-434f-ba22-d04514e823e3" ObjectName="Fixed Asset Classes" LineNbr="13" IsActive="1" Name="Gain Account" DisplayName="Gain Account" IsKey="0" DataType="System.String" DataLength="-1" IsCustom="0" CreatedByID="b5344897-037e-4d58-b5c3-1bdfd0f47bf9" CreatedByScreenID="SM206015" CreatedDateTime="2019-04-02 20:13:02.687" LastModifiedByID="b5344897-037e-4d58-b5c3-1bdfd0f47bf9" LastModifiedByScreenID="SM206015" LastModifiedDateTime="2019-04-02 20:13:02.687" NoteID="f1af6988-6a55-e911-b81b-00155d408001" />
		<row ProviderID="ccae1708-83e9-434f-ba22-d04514e823e3" ObjectName="Fixed Asset Classes" LineNbr="14" IsActive="1" Name="Loss Account" DisplayName="Loss Account" IsKey="0" DataType="System.String" DataLength="-1" IsCustom="0" CreatedByID="b5344897-037e-4d58-b5c3-1bdfd0f47bf9" CreatedByScreenID="SM206015" CreatedDateTime="2019-04-02 20:13:02.687" LastModifiedByID="b5344897-037e-4d58-b5c3-1bdfd0f47bf9" LastModifiedByScreenID="SM206015" LastModifiedDateTime="2019-04-02 20:13:02.687" NoteID="f2af6988-6a55-e911-b81b-00155d408001" />
		<row ProviderID="ccae1708-83e9-434f-ba22-d04514e823e3" ObjectName="Fixed Asset Classes" LineNbr="4" IsActive="1" Name="Useful Life, Years" DisplayName="Useful Life, Years" IsKey="0" DataType="System.String" DataLength="-1" IsCustom="0" CreatedByID="b5344897-037e-4d58-b5c3-1bdfd0f47bf9" CreatedByScreenID="SM206015" CreatedDateTime="2019-04-02 20:13:02.61" LastModifiedByID="b5344897-037e-4d58-b5c3-1bdfd0f47bf9" LastModifiedByScreenID="SM206015" LastModifiedDateTime="2019-04-02 20:13:02.61" NoteID="e8af6988-6a55-e911-b81b-00155d408001" />
		<row ProviderID="f24c4e67-1515-4a47-8799-d05589cbe7e8" ObjectName="AR Invoices Import" LineNbr="6" IsActive="1" Name="Currency" DisplayName="Currency" IsKey="0" DataType="System.String" DataLength="-1" IsCustom="0" CreatedByID="b5344897-037e-4d58-b5c3-1bdfd0f47bf9" CreatedByScreenID="SM206015" CreatedDateTime="2016-04-20 01:58:49.427" LastModifiedByID="b5344897-037e-4d58-b5c3-1bdfd0f47bf9" LastModifiedByScreenID="SM206015" LastModifiedDateTime="2016-04-20 01:58:49.427" NoteID="a717f9d7-e606-e611-80c4-00155d012302" />
		<row ProviderID="f24c4e67-1515-4a47-8799-d05589cbe7e8" ObjectName="AR Invoices Import" LineNbr="3" IsActive="1" Name="Customer ID" DisplayName="Customer ID" IsKey="0" DataType="System.String" DataLength="-1" IsCustom="0" CreatedByID="b5344897-037e-4d58-b5c3-1bdfd0f47bf9" CreatedByScreenID="SM206015" CreatedDateTime="2016-04-20 01:58:49.4" LastModifiedByID="b5344897-037e-4d58-b5c3-1bdfd0f47bf9" LastModifiedByScreenID="SM206015" LastModifiedDateTime="2016-04-20 01:58:49.4" NoteID="a417f9d7-e606-e611-80c4-00155d012302" />
		<row ProviderID="f24c4e67-1515-4a47-8799-d05589cbe7e8" ObjectName="AR Invoices Import" LineNbr="4" IsActive="1" Name="Date" DisplayName="Date" IsKey="0" DataType="System.String" DataLength="-1" IsCustom="0" CreatedByID="b5344897-037e-4d58-b5c3-1bdfd0f47bf9" CreatedByScreenID="SM206015" CreatedDateTime="2016-04-20 01:58:49.41" LastModifiedByID="b5344897-037e-4d58-b5c3-1bdfd0f47bf9" LastModifiedByScreenID="SM206015" LastModifiedDateTime="2016-04-20 01:58:49.41" NoteID="a517f9d7-e606-e611-80c4-00155d012302" />
		<row ProviderID="f24c4e67-1515-4a47-8799-d05589cbe7e8" ObjectName="AR Invoices Import" LineNbr="9" IsActive="1" Name="Description" DisplayName="Description" IsKey="0" DataType="System.String" DataLength="-1" IsCustom="0" CreatedByID="b5344897-037e-4d58-b5c3-1bdfd0f47bf9" CreatedByScreenID="SM206015" CreatedDateTime="2016-04-20 01:58:49.44" LastModifiedByID="b5344897-037e-4d58-b5c3-1bdfd0f47bf9" LastModifiedByScreenID="SM206015" LastModifiedDateTime="2016-04-20 01:58:49.44" NoteID="aa17f9d7-e606-e611-80c4-00155d012302" />
		<row ProviderID="f24c4e67-1515-4a47-8799-d05589cbe7e8" ObjectName="AR Invoices Import" LineNbr="11" IsActive="1" Name="Ext. Price" DisplayName="Ext. Price" IsKey="0" DataType="System.String" DataLength="-1" IsCustom="0" CreatedByID="b5344897-037e-4d58-b5c3-1bdfd0f47bf9" CreatedByScreenID="SM206015" CreatedDateTime="2016-04-20 01:58:49.453" LastModifiedByID="b5344897-037e-4d58-b5c3-1bdfd0f47bf9" LastModifiedByScreenID="SM206015" LastModifiedDateTime="2016-04-20 01:58:49.453" NoteID="ac17f9d7-e606-e611-80c4-00155d012302" />
		<row ProviderID="f24c4e67-1515-4a47-8799-d05589cbe7e8" ObjectName="AR Invoices Import" LineNbr="10" IsActive="1" Name="Line Description" DisplayName="Line Description" IsKey="0" DataType="System.String" DataLength="-1" IsCustom="0" CreatedByID="b5344897-037e-4d58-b5c3-1bdfd0f47bf9" CreatedByScreenID="SM206015" CreatedDateTime="2016-04-20 01:58:49.447" LastModifiedByID="b5344897-037e-4d58-b5c3-1bdfd0f47bf9" LastModifiedByScreenID="SM206015" LastModifiedDateTime="2016-04-20 01:58:49.447" NoteID="ab17f9d7-e606-e611-80c4-00155d012302" />
		<row ProviderID="f24c4e67-1515-4a47-8799-d05589cbe7e8" ObjectName="AR Invoices Import" LineNbr="12" IsActive="1" Name="Migration Clearing Account" DisplayName="Migration Clearing Account" IsKey="0" DataType="System.String" DataLength="-1" IsCustom="0" CreatedByID="b5344897-037e-4d58-b5c3-1bdfd0f47bf9" CreatedByScreenID="SM206015" CreatedDateTime="2016-04-20 01:58:49.457" LastModifiedByID="b5344897-037e-4d58-b5c3-1bdfd0f47bf9" LastModifiedByScreenID="SM206015" LastModifiedDateTime="2016-04-20 01:58:49.457" NoteID="ad17f9d7-e606-e611-80c4-00155d012302" />
		<row ProviderID="f24c4e67-1515-4a47-8799-d05589cbe7e8" ObjectName="AR Invoices Import" LineNbr="5" IsActive="1" Name="Post Period" DisplayName="Post Period" IsKey="0" DataType="System.String" DataLength="-1" IsCustom="0" CreatedByID="b5344897-037e-4d58-b5c3-1bdfd0f47bf9" CreatedByScreenID="SM206015" CreatedDateTime="2016-04-20 01:58:49.42" LastModifiedByID="b5344897-037e-4d58-b5c3-1bdfd0f47bf9" LastModifiedByScreenID="SM206015" LastModifiedDateTime="2016-04-20 01:58:49.42" NoteID="a617f9d7-e606-e611-80c4-00155d012302" />
		<row ProviderID="f24c4e67-1515-4a47-8799-d05589cbe7e8" ObjectName="AR Invoices Import" LineNbr="8" IsActive="1" Name="Rate" DisplayName="Rate" IsKey="0" DataType="System.String" DataLength="-1" IsCustom="0" CreatedByID="b5344897-037e-4d58-b5c3-1bdfd0f47bf9" CreatedByScreenID="SM206015" CreatedDateTime="2016-04-20 01:58:49.437" LastModifiedByID="b5344897-037e-4d58-b5c3-1bdfd0f47bf9" LastModifiedByScreenID="SM206015" LastModifiedDateTime="2016-04-20 01:58:49.437" NoteID="a917f9d7-e606-e611-80c4-00155d012302" />
		<row ProviderID="f24c4e67-1515-4a47-8799-d05589cbe7e8" ObjectName="AR Invoices Import" LineNbr="7" IsActive="1" Name="Rate Type ID" DisplayName="Rate Type ID" IsKey="0" DataType="System.String" DataLength="-1" IsCustom="0" CreatedByID="b5344897-037e-4d58-b5c3-1bdfd0f47bf9" CreatedByScreenID="SM206015" CreatedDateTime="2016-04-20 01:58:49.43" LastModifiedByID="b5344897-037e-4d58-b5c3-1bdfd0f47bf9" LastModifiedByScreenID="SM206015" LastModifiedDateTime="2016-04-20 01:58:49.43" NoteID="a817f9d7-e606-e611-80c4-00155d012302" />
		<row ProviderID="f24c4e67-1515-4a47-8799-d05589cbe7e8" ObjectName="AR Invoices Import" LineNbr="2" IsActive="1" Name="Reference Number" DisplayName="Reference Number" IsKey="0" DataType="System.String" DataLength="-1" IsCustom="0" CreatedByID="b5344897-037e-4d58-b5c3-1bdfd0f47bf9" CreatedByScreenID="SM206015" CreatedDateTime="2016-04-20 01:58:49.397" LastModifiedByID="b5344897-037e-4d58-b5c3-1bdfd0f47bf9" LastModifiedByScreenID="SM206015" LastModifiedDateTime="2016-04-20 01:58:49.397" NoteID="a317f9d7-e606-e611-80c4-00155d012302" />
		<row ProviderID="f24c4e67-1515-4a47-8799-d05589cbe7e8" ObjectName="AR Invoices Import" LineNbr="1" IsActive="1" Name="Type" DisplayName="Type" IsKey="0" DataType="System.String" DataLength="-1" IsCustom="0" CreatedByID="b5344897-037e-4d58-b5c3-1bdfd0f47bf9" CreatedByScreenID="SM206015" CreatedDateTime="2016-04-20 01:58:49.38" LastModifiedByID="b5344897-037e-4d58-b5c3-1bdfd0f47bf9" LastModifiedByScreenID="SM206015" LastModifiedDateTime="2016-04-20 01:58:49.38" NoteID="a217f9d7-e606-e611-80c4-00155d012302" />
		<row ProviderID="9fa71f3c-67db-4ab3-b019-eb1ef112f846" ObjectName="Open Prepayments" LineNbr="6" IsActive="1" Name="Application Date" DisplayName="Application Date" IsKey="0" DataType="System.String" DataLength="-1" IsCustom="0" CreatedByID="b5344897-037e-4d58-b5c3-1bdfd0f47bf9" CreatedByScreenID="SM206015" CreatedDateTime="2019-04-02 20:09:48.8" LastModifiedByID="b5344897-037e-4d58-b5c3-1bdfd0f47bf9" LastModifiedByScreenID="SM206015" LastModifiedDateTime="2019-04-02 20:09:48.8" NoteID="7ab6d219-6a55-e911-b81b-00155d408001" />
		<row ProviderID="9fa71f3c-67db-4ab3-b019-eb1ef112f846" ObjectName="Open Prepayments" LineNbr="7" IsActive="1" Name="Application Period" DisplayName="Application Period" IsKey="0" DataType="System.String" DataLength="-1" IsCustom="0" CreatedByID="b5344897-037e-4d58-b5c3-1bdfd0f47bf9" CreatedByScreenID="SM206015" CreatedDateTime="2019-04-02 20:09:48.863" LastModifiedByID="b5344897-037e-4d58-b5c3-1bdfd0f47bf9" LastModifiedByScreenID="SM206015" LastModifiedDateTime="2019-04-02 20:09:48.863" NoteID="7bb6d219-6a55-e911-b81b-00155d408001" />
		<row ProviderID="9fa71f3c-67db-4ab3-b019-eb1ef112f846" ObjectName="Open Prepayments" LineNbr="5" IsActive="1" Name="Cash Account" DisplayName="Cash Account" IsKey="0" DataType="System.String" DataLength="-1" IsCustom="0" CreatedByID="b5344897-037e-4d58-b5c3-1bdfd0f47bf9" CreatedByScreenID="SM206015" CreatedDateTime="2019-04-02 20:09:48.8" LastModifiedByID="b5344897-037e-4d58-b5c3-1bdfd0f47bf9" LastModifiedByScreenID="SM206015" LastModifiedDateTime="2019-04-02 20:09:48.8" NoteID="79b6d219-6a55-e911-b81b-00155d408001" />
		<row ProviderID="9fa71f3c-67db-4ab3-b019-eb1ef112f846" ObjectName="Open Prepayments" LineNbr="8" IsActive="1" Name="Description" DisplayName="Description" IsKey="0" DataType="System.String" DataLength="-1" IsCustom="0" CreatedByID="b5344897-037e-4d58-b5c3-1bdfd0f47bf9" CreatedByScreenID="SM206015" CreatedDateTime="2019-04-02 20:09:48.863" LastModifiedByID="b5344897-037e-4d58-b5c3-1bdfd0f47bf9" LastModifiedByScreenID="SM206015" LastModifiedDateTime="2019-04-02 20:09:48.863" NoteID="7cb6d219-6a55-e911-b81b-00155d408001" />
		<row ProviderID="9fa71f3c-67db-4ab3-b019-eb1ef112f846" ObjectName="Open Prepayments" LineNbr="9" IsActive="1" Name="Payment Amount" DisplayName="Payment Amount" IsKey="0" DataType="System.String" DataLength="-1" IsCustom="0" CreatedByID="b5344897-037e-4d58-b5c3-1bdfd0f47bf9" CreatedByScreenID="SM206015" CreatedDateTime="2019-04-02 20:09:48.91" LastModifiedByID="b5344897-037e-4d58-b5c3-1bdfd0f47bf9" LastModifiedByScreenID="SM206015" LastModifiedDateTime="2019-04-02 20:09:48.91" NoteID="7db6d219-6a55-e911-b81b-00155d408001" />
		<row ProviderID="9fa71f3c-67db-4ab3-b019-eb1ef112f846" ObjectName="Open Prepayments" LineNbr="4" IsActive="1" Name="Payment Method" DisplayName="Payment Method" IsKey="0" DataType="System.String" DataLength="-1" IsCustom="0" CreatedByID="b5344897-037e-4d58-b5c3-1bdfd0f47bf9" CreatedByScreenID="SM206015" CreatedDateTime="2019-04-02 20:09:48.783" LastModifiedByID="b5344897-037e-4d58-b5c3-1bdfd0f47bf9" LastModifiedByScreenID="SM206015" LastModifiedDateTime="2019-04-02 20:09:48.783" NoteID="78b6d219-6a55-e911-b81b-00155d408001" />
		<row ProviderID="9fa71f3c-67db-4ab3-b019-eb1ef112f846" ObjectName="Open Prepayments" LineNbr="1" IsActive="1" Name="Payment Ref." DisplayName="Payment Ref." IsKey="0" DataType="System.String" DataLength="-1" IsCustom="0" CreatedByID="b5344897-037e-4d58-b5c3-1bdfd0f47bf9" CreatedByScreenID="SM206015" CreatedDateTime="2019-04-02 20:09:48.753" LastModifiedByID="b5344897-037e-4d58-b5c3-1bdfd0f47bf9" LastModifiedByScreenID="SM206015" LastModifiedDateTime="2019-04-02 20:09:48.753" NoteID="75b6d219-6a55-e911-b81b-00155d408001" />
		<row ProviderID="9fa71f3c-67db-4ab3-b019-eb1ef112f846" ObjectName="Open Prepayments" LineNbr="2" IsActive="1" Name="Ref. Number" DisplayName="Ref. Number" IsKey="0" DataType="System.String" DataLength="-1" IsCustom="0" CreatedByID="b5344897-037e-4d58-b5c3-1bdfd0f47bf9" CreatedByScreenID="SM206015" CreatedDateTime="2019-04-02 20:09:48.77" LastModifiedByID="b5344897-037e-4d58-b5c3-1bdfd0f47bf9" LastModifiedByScreenID="SM206015" LastModifiedDateTime="2019-04-02 20:09:48.77" NoteID="76b6d219-6a55-e911-b81b-00155d408001" />
		<row ProviderID="9fa71f3c-67db-4ab3-b019-eb1ef112f846" ObjectName="Open Prepayments" LineNbr="10" IsActive="1" Name="Unapplied Balance" DisplayName="Unapplied Balance" IsKey="0" DataType="System.String" DataLength="-1" IsCustom="0" CreatedByID="b5344897-037e-4d58-b5c3-1bdfd0f47bf9" CreatedByScreenID="SM206015" CreatedDateTime="2019-04-02 20:09:48.91" LastModifiedByID="b5344897-037e-4d58-b5c3-1bdfd0f47bf9" LastModifiedByScreenID="SM206015" LastModifiedDateTime="2019-04-02 20:09:48.91" NoteID="7eb6d219-6a55-e911-b81b-00155d408001" />
		<row ProviderID="9fa71f3c-67db-4ab3-b019-eb1ef112f846" ObjectName="Open Prepayments" LineNbr="3" IsActive="1" Name="Vendor" DisplayName="Vendor" IsKey="0" DataType="System.String" DataLength="-1" IsCustom="0" CreatedByID="b5344897-037e-4d58-b5c3-1bdfd0f47bf9" CreatedByScreenID="SM206015" CreatedDateTime="2019-04-02 20:09:48.783" LastModifiedByID="b5344897-037e-4d58-b5c3-1bdfd0f47bf9" LastModifiedByScreenID="SM206015" LastModifiedDateTime="2019-04-02 20:09:48.783" NoteID="77b6d219-6a55-e911-b81b-00155d408001" />
	</rows>
</data>