﻿<?xml version="1.0" encoding="utf-8"?>
<data>
	<table name="TaxTran">
		<col name="CompanyID" type="Int" default="Zero" />
		<col name="RecordID" type="Int" identity="true" />
		<col name="BranchID" type="Int" />
		<col name="RefNbr" type="NVarChar(15)" />
		<col name="VendorID" type="Int" nullable="true" />
		<col name="AccountID" type="Int" />
		<col name="SubID" type="Int" />
		<col name="TaxPeriodID" type="Char(6)" nullable="true" />
		<col name="FinPeriodID" type="Char(6)" />
		<col name="FinDate" type="DateTime" nullable="true" />
		<col name="tstamp" type="Timestamp" />
		<col name="Module" type="Char(2)" />
		<col name="TranType" type="Char(3)" />
		<col name="Released" type="Bit" />
		<col name="Voided" type="Bit" />
		<col name="TaxID" type="NVarChar(30)" />
		<col name="JurisType" type="NVarChar(9)" nullable="true" />
		<col name="JurisName" type="NVarChar(200)" nullable="true" />
		<col name="TaxRate" type="Decimal(9,6)" nullable="true" />
		<col name="CuryInfoID" type="BigInt" />
		<col name="CuryTaxDiscountAmt" type="Decimal(19,4)" default="Zero" />
		<col name="TaxDiscountAmt" type="Decimal(19,4)" default="Zero" />
		<col name="CuryOrigTaxableAmt" type="Decimal(19,4)" nullable="true" />
		<col name="OrigTaxableAmt" type="Decimal(19,4)" nullable="true" />
		<col name="CuryTaxableAmt" type="Decimal(19,4)" nullable="true" />
		<col name="TaxableAmt" type="Decimal(19,4)" nullable="true" />
		<col name="CuryExemptedAmt" type="Decimal(19,4)" default="Zero" />
		<col name="ExemptedAmt" type="Decimal(19,4)" default="Zero" />
		<col name="CuryTaxAmt" type="Decimal(19,4)" nullable="true" />
		<col name="BAccountID" type="Int" nullable="true" />
		<col name="TaxAmt" type="Decimal(19,4)" nullable="true" />
		<col name="NonDeductibleTaxRate" type="Decimal(9,6)" nullable="true" />
		<col name="ExpenseAmt" type="Decimal(19,4)" nullable="true" />
		<col name="CuryExpenseAmt" type="Decimal(19,4)" nullable="true" />
		<col name="CuryID" type="NVarChar(5)" nullable="true" />
		<col name="ReportCuryID" type="NVarChar(5)" nullable="true" />
		<col name="ReportCuryRateTypeID" type="NVarChar(6)" nullable="true" />
		<col name="ReportCuryEffDate" type="SmallDateTime" nullable="true" />
		<col name="ReportCuryMultDiv" type="Char(1)" nullable="true" />
		<col name="ReportCuryRate" type="Decimal(19,8)" nullable="true" />
		<col name="ReportTaxableAmt" type="Decimal(19,4)" nullable="true" />
		<col name="ReportExemptedAmt" type="Decimal(19,4)" nullable="true" />
		<col name="ReportTaxAmt" type="Decimal(19,4)" nullable="true" />
		<col name="CreatedByID" type="UniqueIdentifier" />
		<col name="CreatedByScreenID" type="Char(8)" />
		<col name="CreatedDateTime" type="DateTime" />
		<col name="LastModifiedByID" type="UniqueIdentifier" />
		<col name="LastModifiedByScreenID" type="Char(8)" />
		<col name="LastModifiedDateTime" type="DateTime" />
		<col name="TranDate" type="SmallDateTime" />
		<col name="TaxBucketID" type="Int" />
		<col name="TaxType" type="Char(1)" />
		<col name="TaxZoneID" type="NVarChar(10)" nullable="true" />
		<col name="TaxInvoiceNbr" type="NVarChar(15)" nullable="true" />
		<col name="TaxInvoiceDate" type="SmallDateTime" nullable="true" />
		<col name="OrigTranType" type="Char(3)" />
		<col name="OrigRefNbr" type="NVarChar(15)" />
		<col name="LineRefNbr" type="NVarChar(15)" />
		<col name="RevisionID" type="Int" nullable="true" />
		<col name="AdjdDocType" type="Char(3)" nullable="true" />
		<col name="AdjdRefNbr" type="NVarChar(15)" nullable="true" />
		<col name="AdjNbr" type="Int" nullable="true" />
		<col name="CuryRetainedTaxAmt" type="Decimal(19,4)" default="Zero" />
		<col name="RetainedTaxAmt" type="Decimal(19,4)" default="Zero" />
		<col name="CuryRetainedTaxableAmt" type="Decimal(19,4)" default="Zero" />
		<col name="RetainedTaxableAmt" type="Decimal(19,4)" default="Zero" />
		<col name="Description" type="NVarChar(256)" nullable="true" />
	</table>
	<rows>
		<row RecordID="1" BranchID="1" RefNbr="000013" VendorID="29" AccountID="2735" SubID="1" FinPeriodID="201912" FinDate="2019-12-31 00:00:00" Module="AR" TranType="INV" Released="1" Voided="0" TaxID="EXTERNAL" TaxRate="0.000000" CuryInfoID="663985" CuryTaxDiscountAmt="0.0000" TaxDiscountAmt="0.0000" CuryOrigTaxableAmt="0.0000" OrigTaxableAmt="0.0000" CuryTaxableAmt="344.8500" TaxableAmt="344.8500" CuryExemptedAmt="0.0000" ExemptedAmt="0.0000" CuryTaxAmt="34.4800" BAccountID="30" TaxAmt="34.4800" NonDeductibleTaxRate="0.000000" ExpenseAmt="0.0000" CuryExpenseAmt="0.0000" CuryID="USD" ReportCuryMultDiv="M" ReportCuryRate="1.00000000" ReportTaxableAmt="0.0000" ReportExemptedAmt="0.0000" ReportTaxAmt="0.0000" CreatedByID="b5344897-037e-4d58-b5c3-1bdfd0f47bf9" CreatedByScreenID="SO302000" CreatedDateTime="2019-12-23 17:18:45.96" LastModifiedByID="b5344897-037e-4d58-b5c3-1bdfd0f47bf9" LastModifiedByScreenID="SO303000" LastModifiedDateTime="2019-12-23 17:18:50.187" TranDate="2019-12-23 00:00:00" TaxBucketID="0" TaxType="S" TaxZoneID="EXTERNAL" OrigTranType="   " OrigRefNbr="" LineRefNbr="" CuryRetainedTaxAmt="0.0000" RetainedTaxAmt="0.0000" CuryRetainedTaxableAmt="0.0000" RetainedTaxableAmt="0.0000" />
		<row RecordID="2" BranchID="1" RefNbr="000014" VendorID="29" AccountID="2735" SubID="1" FinPeriodID="201912" FinDate="2019-12-31 00:00:00" Module="AR" TranType="INV" Released="1" Voided="0" TaxID="EXTERNAL" TaxRate="0.000000" CuryInfoID="663988" CuryTaxDiscountAmt="0.0000" TaxDiscountAmt="0.0000" CuryOrigTaxableAmt="0.0000" OrigTaxableAmt="0.0000" CuryTaxableAmt="364.8500" TaxableAmt="364.8500" CuryExemptedAmt="0.0000" ExemptedAmt="0.0000" CuryTaxAmt="36.4800" BAccountID="30" TaxAmt="36.4800" NonDeductibleTaxRate="0.000000" ExpenseAmt="0.0000" CuryExpenseAmt="0.0000" CuryID="USD" ReportCuryMultDiv="M" ReportCuryRate="1.00000000" ReportTaxableAmt="0.0000" ReportExemptedAmt="0.0000" ReportTaxAmt="0.0000" CreatedByID="b5344897-037e-4d58-b5c3-1bdfd0f47bf9" CreatedByScreenID="SO302000" CreatedDateTime="2019-12-23 17:20:22.783" LastModifiedByID="b5344897-037e-4d58-b5c3-1bdfd0f47bf9" LastModifiedByScreenID="SO303000" LastModifiedDateTime="2019-12-23 17:20:27.677" TranDate="2019-12-23 00:00:00" TaxBucketID="0" TaxType="S" TaxZoneID="EXTERNAL" OrigTranType="   " OrigRefNbr="" LineRefNbr="" CuryRetainedTaxAmt="0.0000" RetainedTaxAmt="0.0000" CuryRetainedTaxableAmt="0.0000" RetainedTaxableAmt="0.0000" />
		<row RecordID="3" BranchID="1" RefNbr="000015" VendorID="29" AccountID="2735" SubID="1" FinPeriodID="201912" FinDate="2019-12-31 00:00:00" Module="AR" TranType="INV" Released="1" Voided="0" TaxID="EXTERNAL" TaxRate="0.000000" CuryInfoID="663995" CuryTaxDiscountAmt="0.0000" TaxDiscountAmt="0.0000" CuryOrigTaxableAmt="0.0000" OrigTaxableAmt="0.0000" CuryTaxableAmt="284.8500" TaxableAmt="284.8500" CuryExemptedAmt="0.0000" ExemptedAmt="0.0000" CuryTaxAmt="28.4800" BAccountID="30" TaxAmt="28.4800" NonDeductibleTaxRate="0.000000" ExpenseAmt="0.0000" CuryExpenseAmt="0.0000" CuryID="USD" ReportCuryMultDiv="M" ReportCuryRate="1.00000000" ReportTaxableAmt="0.0000" ReportExemptedAmt="0.0000" ReportTaxAmt="0.0000" CreatedByID="b5344897-037e-4d58-b5c3-1bdfd0f47bf9" CreatedByScreenID="SO302000" CreatedDateTime="2019-12-23 17:26:02.397" LastModifiedByID="b5344897-037e-4d58-b5c3-1bdfd0f47bf9" LastModifiedByScreenID="SO303000" LastModifiedDateTime="2019-12-23 17:26:06.617" TranDate="2019-12-23 00:00:00" TaxBucketID="0" TaxType="S" TaxZoneID="EXTERNAL" OrigTranType="   " OrigRefNbr="" LineRefNbr="" CuryRetainedTaxAmt="0.0000" RetainedTaxAmt="0.0000" CuryRetainedTaxableAmt="0.0000" RetainedTaxableAmt="0.0000" />
		<row RecordID="4" BranchID="1" RefNbr="000016" VendorID="29" AccountID="2735" SubID="1" FinPeriodID="201912" FinDate="2019-12-31 00:00:00" Module="AR" TranType="INV" Released="1" Voided="0" TaxID="EXTERNAL" TaxRate="0.000000" CuryInfoID="664002" CuryTaxDiscountAmt="0.0000" TaxDiscountAmt="0.0000" CuryOrigTaxableAmt="0.0000" OrigTaxableAmt="0.0000" CuryTaxableAmt="124.9500" TaxableAmt="124.9500" CuryExemptedAmt="0.0000" ExemptedAmt="0.0000" CuryTaxAmt="12.5000" BAccountID="30" TaxAmt="12.5000" NonDeductibleTaxRate="0.000000" ExpenseAmt="0.0000" CuryExpenseAmt="0.0000" CuryID="USD" ReportCuryMultDiv="M" ReportCuryRate="1.00000000" ReportTaxableAmt="0.0000" ReportExemptedAmt="0.0000" ReportTaxAmt="0.0000" CreatedByID="b5344897-037e-4d58-b5c3-1bdfd0f47bf9" CreatedByScreenID="SO302000" CreatedDateTime="2019-12-23 17:31:54.033" LastModifiedByID="b5344897-037e-4d58-b5c3-1bdfd0f47bf9" LastModifiedByScreenID="SO303000" LastModifiedDateTime="2019-12-23 17:31:57.67" TranDate="2019-12-23 00:00:00" TaxBucketID="0" TaxType="S" TaxZoneID="EXTERNAL" OrigTranType="   " OrigRefNbr="" LineRefNbr="" CuryRetainedTaxAmt="0.0000" RetainedTaxAmt="0.0000" CuryRetainedTaxableAmt="0.0000" RetainedTaxableAmt="0.0000" />
		<row RecordID="5" BranchID="1" RefNbr="000017" VendorID="29" AccountID="2735" SubID="1" FinPeriodID="201912" FinDate="2019-12-31 00:00:00" Module="AR" TranType="INV" Released="1" Voided="0" TaxID="EXTERNAL" TaxRate="0.000000" CuryInfoID="664005" CuryTaxDiscountAmt="0.0000" TaxDiscountAmt="0.0000" CuryOrigTaxableAmt="0.0000" OrigTaxableAmt="0.0000" CuryTaxableAmt="229.9000" TaxableAmt="229.9000" CuryExemptedAmt="0.0000" ExemptedAmt="0.0000" CuryTaxAmt="22.9900" BAccountID="30" TaxAmt="22.9900" NonDeductibleTaxRate="0.000000" ExpenseAmt="0.0000" CuryExpenseAmt="0.0000" CuryID="USD" ReportCuryMultDiv="M" ReportCuryRate="1.00000000" ReportTaxableAmt="0.0000" ReportExemptedAmt="0.0000" ReportTaxAmt="0.0000" CreatedByID="b5344897-037e-4d58-b5c3-1bdfd0f47bf9" CreatedByScreenID="SO302000" CreatedDateTime="2019-12-23 17:32:17.89" LastModifiedByID="b5344897-037e-4d58-b5c3-1bdfd0f47bf9" LastModifiedByScreenID="SO303000" LastModifiedDateTime="2019-12-23 17:32:22.28" TranDate="2019-12-23 00:00:00" TaxBucketID="0" TaxType="S" TaxZoneID="EXTERNAL" OrigTranType="   " OrigRefNbr="" LineRefNbr="" CuryRetainedTaxAmt="0.0000" RetainedTaxAmt="0.0000" CuryRetainedTaxableAmt="0.0000" RetainedTaxableAmt="0.0000" />
		<row RecordID="6" BranchID="1" RefNbr="000018" VendorID="29" AccountID="2735" SubID="1" FinPeriodID="201912" FinDate="2019-12-31 00:00:00" Module="AR" TranType="INV" Released="1" Voided="0" TaxID="EXTERNAL" TaxRate="0.000000" CuryInfoID="664015" CuryTaxDiscountAmt="0.0000" TaxDiscountAmt="0.0000" CuryOrigTaxableAmt="0.0000" OrigTaxableAmt="0.0000" CuryTaxableAmt="229.9000" TaxableAmt="229.9000" CuryExemptedAmt="0.0000" ExemptedAmt="0.0000" CuryTaxAmt="22.9900" BAccountID="30" TaxAmt="22.9900" NonDeductibleTaxRate="0.000000" ExpenseAmt="0.0000" CuryExpenseAmt="0.0000" CuryID="USD" ReportCuryMultDiv="M" ReportCuryRate="1.00000000" ReportTaxableAmt="0.0000" ReportExemptedAmt="0.0000" ReportTaxAmt="0.0000" CreatedByID="b5344897-037e-4d58-b5c3-1bdfd0f47bf9" CreatedByScreenID="SO302000" CreatedDateTime="2019-12-23 17:35:56.18" LastModifiedByID="b5344897-037e-4d58-b5c3-1bdfd0f47bf9" LastModifiedByScreenID="SO303000" LastModifiedDateTime="2019-12-23 17:35:58.97" TranDate="2019-12-23 00:00:00" TaxBucketID="0" TaxType="S" TaxZoneID="EXTERNAL" OrigTranType="   " OrigRefNbr="" LineRefNbr="" CuryRetainedTaxAmt="0.0000" RetainedTaxAmt="0.0000" CuryRetainedTaxableAmt="0.0000" RetainedTaxableAmt="0.0000" />
		<row RecordID="7" BranchID="1" RefNbr="000019" VendorID="29" AccountID="2735" SubID="1" FinPeriodID="201912" FinDate="2019-12-31 00:00:00" Module="AR" TranType="INV" Released="1" Voided="0" TaxID="EXTERNAL" TaxRate="0.000000" CuryInfoID="664026" CuryTaxDiscountAmt="0.0000" TaxDiscountAmt="0.0000" CuryOrigTaxableAmt="0.0000" OrigTaxableAmt="0.0000" CuryTaxableAmt="134.9500" TaxableAmt="134.9500" CuryExemptedAmt="0.0000" ExemptedAmt="0.0000" CuryTaxAmt="13.4900" BAccountID="30" TaxAmt="13.4900" NonDeductibleTaxRate="0.000000" ExpenseAmt="0.0000" CuryExpenseAmt="0.0000" CuryID="USD" ReportCuryMultDiv="M" ReportCuryRate="1.00000000" ReportTaxableAmt="0.0000" ReportExemptedAmt="0.0000" ReportTaxAmt="0.0000" CreatedByID="b5344897-037e-4d58-b5c3-1bdfd0f47bf9" CreatedByScreenID="SO302000" CreatedDateTime="2019-12-23 17:43:35.647" LastModifiedByID="b5344897-037e-4d58-b5c3-1bdfd0f47bf9" LastModifiedByScreenID="SO303000" LastModifiedDateTime="2019-12-23 17:43:38.607" TranDate="2019-12-23 00:00:00" TaxBucketID="0" TaxType="S" TaxZoneID="EXTERNAL" OrigTranType="   " OrigRefNbr="" LineRefNbr="" CuryRetainedTaxAmt="0.0000" RetainedTaxAmt="0.0000" CuryRetainedTaxableAmt="0.0000" RetainedTaxableAmt="0.0000" />
		<row RecordID="8" BranchID="1" RefNbr="000020" VendorID="29" AccountID="2735" SubID="1" FinPeriodID="201912" FinDate="2019-12-31 00:00:00" Module="AR" TranType="INV" Released="1" Voided="0" TaxID="EXTERNAL" TaxRate="0.000000" CuryInfoID="664029" CuryTaxDiscountAmt="0.0000" TaxDiscountAmt="0.0000" CuryOrigTaxableAmt="0.0000" OrigTaxableAmt="0.0000" CuryTaxableAmt="114.9500" TaxableAmt="114.9500" CuryExemptedAmt="0.0000" ExemptedAmt="0.0000" CuryTaxAmt="11.5000" BAccountID="30" TaxAmt="11.5000" NonDeductibleTaxRate="0.000000" ExpenseAmt="0.0000" CuryExpenseAmt="0.0000" CuryID="USD" ReportCuryMultDiv="M" ReportCuryRate="1.00000000" ReportTaxableAmt="0.0000" ReportExemptedAmt="0.0000" ReportTaxAmt="0.0000" CreatedByID="b5344897-037e-4d58-b5c3-1bdfd0f47bf9" CreatedByScreenID="SO302000" CreatedDateTime="2019-12-23 17:44:04.497" LastModifiedByID="b5344897-037e-4d58-b5c3-1bdfd0f47bf9" LastModifiedByScreenID="SO303000" LastModifiedDateTime="2019-12-23 17:44:07.61" TranDate="2019-12-23 00:00:00" TaxBucketID="0" TaxType="S" TaxZoneID="EXTERNAL" OrigTranType="   " OrigRefNbr="" LineRefNbr="" CuryRetainedTaxAmt="0.0000" RetainedTaxAmt="0.0000" CuryRetainedTaxableAmt="0.0000" RetainedTaxableAmt="0.0000" />
		<row RecordID="9" BranchID="1" RefNbr="000021" VendorID="29" AccountID="2735" SubID="1" FinPeriodID="201912" FinDate="2019-12-31 00:00:00" Module="AR" TranType="INV" Released="1" Voided="0" TaxID="EXTERNAL" TaxRate="0.000000" CuryInfoID="664039" CuryTaxDiscountAmt="0.0000" TaxDiscountAmt="0.0000" CuryOrigTaxableAmt="0.0000" OrigTaxableAmt="0.0000" CuryTaxableAmt="269.9000" TaxableAmt="269.9000" CuryExemptedAmt="0.0000" ExemptedAmt="0.0000" CuryTaxAmt="26.9900" BAccountID="30" TaxAmt="26.9900" NonDeductibleTaxRate="0.000000" ExpenseAmt="0.0000" CuryExpenseAmt="0.0000" CuryID="USD" ReportCuryMultDiv="M" ReportCuryRate="1.00000000" ReportTaxableAmt="0.0000" ReportExemptedAmt="0.0000" ReportTaxAmt="0.0000" CreatedByID="b5344897-037e-4d58-b5c3-1bdfd0f47bf9" CreatedByScreenID="SO302000" CreatedDateTime="2019-12-23 17:47:33.777" LastModifiedByID="b5344897-037e-4d58-b5c3-1bdfd0f47bf9" LastModifiedByScreenID="SO303000" LastModifiedDateTime="2019-12-23 17:47:36.753" TranDate="2019-12-23 00:00:00" TaxBucketID="0" TaxType="S" TaxZoneID="EXTERNAL" OrigTranType="   " OrigRefNbr="" LineRefNbr="" CuryRetainedTaxAmt="0.0000" RetainedTaxAmt="0.0000" CuryRetainedTaxableAmt="0.0000" RetainedTaxableAmt="0.0000" />
		<row RecordID="10" BranchID="1" RefNbr="000022" VendorID="29" AccountID="2735" SubID="1" FinPeriodID="201912" FinDate="2019-12-31 00:00:00" Module="AR" TranType="INV" Released="0" Voided="0" TaxID="EXTERNAL" TaxRate="0.000000" CuryInfoID="664064" CuryTaxDiscountAmt="0.0000" TaxDiscountAmt="0.0000" CuryOrigTaxableAmt="0.0000" OrigTaxableAmt="0.0000" CuryTaxableAmt="369.8500" TaxableAmt="369.8500" CuryExemptedAmt="0.0000" ExemptedAmt="0.0000" CuryTaxAmt="36.9900" BAccountID="30" TaxAmt="36.9900" NonDeductibleTaxRate="0.000000" ExpenseAmt="0.0000" CuryExpenseAmt="0.0000" CuryID="USD" ReportCuryMultDiv="M" ReportCuryRate="1.00000000" ReportTaxableAmt="0.0000" ReportExemptedAmt="0.0000" ReportTaxAmt="0.0000" CreatedByID="b5344897-037e-4d58-b5c3-1bdfd0f47bf9" CreatedByScreenID="SO302000" CreatedDateTime="2019-12-23 22:17:09.02" LastModifiedByID="b5344897-037e-4d58-b5c3-1bdfd0f47bf9" LastModifiedByScreenID="SO302000" LastModifiedDateTime="2019-12-23 22:17:09.02" TranDate="2019-12-24 00:00:00" TaxBucketID="0" TaxType="S" TaxZoneID="EXTERNAL" OrigTranType="   " OrigRefNbr="" LineRefNbr="" CuryRetainedTaxAmt="0.0000" RetainedTaxAmt="0.0000" CuryRetainedTaxableAmt="0.0000" RetainedTaxableAmt="0.0000" />
		<row RecordID="11" BranchID="1" RefNbr="000023" VendorID="29" AccountID="2735" SubID="1" FinPeriodID="201912" FinDate="2019-12-31 00:00:00" Module="AR" TranType="INV" Released="1" Voided="0" TaxID="EXTERNAL" TaxRate="0.000000" CuryInfoID="664066" CuryTaxDiscountAmt="0.0000" TaxDiscountAmt="0.0000" CuryOrigTaxableAmt="0.0000" OrigTaxableAmt="0.0000" CuryTaxableAmt="249.9000" TaxableAmt="249.9000" CuryExemptedAmt="0.0000" ExemptedAmt="0.0000" CuryTaxAmt="24.9900" BAccountID="30" TaxAmt="24.9900" NonDeductibleTaxRate="0.000000" ExpenseAmt="0.0000" CuryExpenseAmt="0.0000" CuryID="USD" ReportCuryMultDiv="M" ReportCuryRate="1.00000000" ReportTaxableAmt="0.0000" ReportExemptedAmt="0.0000" ReportTaxAmt="0.0000" CreatedByID="b5344897-037e-4d58-b5c3-1bdfd0f47bf9" CreatedByScreenID="SO302000" CreatedDateTime="2019-12-23 22:20:24.847" LastModifiedByID="b5344897-037e-4d58-b5c3-1bdfd0f47bf9" LastModifiedByScreenID="SO303000" LastModifiedDateTime="2019-12-23 22:20:33.323" TranDate="2019-12-24 00:00:00" TaxBucketID="0" TaxType="S" TaxZoneID="EXTERNAL" OrigTranType="   " OrigRefNbr="" LineRefNbr="" CuryRetainedTaxAmt="0.0000" RetainedTaxAmt="0.0000" CuryRetainedTaxableAmt="0.0000" RetainedTaxableAmt="0.0000" />
		<row RecordID="12" BranchID="1" RefNbr="000024" VendorID="29" AccountID="2735" SubID="1" FinPeriodID="201912" FinDate="2019-12-31 00:00:00" Module="AR" TranType="INV" Released="1" Voided="0" TaxID="EXTERNAL" TaxRate="0.000000" CuryInfoID="664069" CuryTaxDiscountAmt="0.0000" TaxDiscountAmt="0.0000" CuryOrigTaxableAmt="0.0000" OrigTaxableAmt="0.0000" CuryTaxableAmt="114.9500" TaxableAmt="114.9500" CuryExemptedAmt="0.0000" ExemptedAmt="0.0000" CuryTaxAmt="11.4900" BAccountID="30" TaxAmt="11.4900" NonDeductibleTaxRate="0.000000" ExpenseAmt="0.0000" CuryExpenseAmt="0.0000" CuryID="USD" ReportCuryMultDiv="M" ReportCuryRate="1.00000000" ReportTaxableAmt="0.0000" ReportExemptedAmt="0.0000" ReportTaxAmt="0.0000" CreatedByID="b5344897-037e-4d58-b5c3-1bdfd0f47bf9" CreatedByScreenID="SO302000" CreatedDateTime="2019-12-23 22:25:43.44" LastModifiedByID="b5344897-037e-4d58-b5c3-1bdfd0f47bf9" LastModifiedByScreenID="SO303000" LastModifiedDateTime="2019-12-23 22:25:52.593" TranDate="2019-12-24 00:00:00" TaxBucketID="0" TaxType="S" TaxZoneID="EXTERNAL" OrigTranType="   " OrigRefNbr="" LineRefNbr="" CuryRetainedTaxAmt="0.0000" RetainedTaxAmt="0.0000" CuryRetainedTaxableAmt="0.0000" RetainedTaxableAmt="0.0000" />
		<row RecordID="13" BranchID="1" RefNbr="000025" VendorID="29" AccountID="2735" SubID="1" FinPeriodID="201912" FinDate="2019-12-31 00:00:00" Module="AR" TranType="INV" Released="1" Voided="0" TaxID="EXTERNAL" TaxRate="0.000000" CuryInfoID="664072" CuryTaxDiscountAmt="0.0000" TaxDiscountAmt="0.0000" CuryOrigTaxableAmt="0.0000" OrigTaxableAmt="0.0000" CuryTaxableAmt="114.9500" TaxableAmt="114.9500" CuryExemptedAmt="0.0000" ExemptedAmt="0.0000" CuryTaxAmt="11.5000" BAccountID="30" TaxAmt="11.5000" NonDeductibleTaxRate="0.000000" ExpenseAmt="0.0000" CuryExpenseAmt="0.0000" CuryID="USD" ReportCuryMultDiv="M" ReportCuryRate="1.00000000" ReportTaxableAmt="0.0000" ReportExemptedAmt="0.0000" ReportTaxAmt="0.0000" CreatedByID="b5344897-037e-4d58-b5c3-1bdfd0f47bf9" CreatedByScreenID="SO302000" CreatedDateTime="2019-12-23 22:26:34.987" LastModifiedByID="b5344897-037e-4d58-b5c3-1bdfd0f47bf9" LastModifiedByScreenID="SO303000" LastModifiedDateTime="2019-12-23 22:26:47.943" TranDate="2019-12-24 00:00:00" TaxBucketID="0" TaxType="S" TaxZoneID="EXTERNAL" OrigTranType="   " OrigRefNbr="" LineRefNbr="" CuryRetainedTaxAmt="0.0000" RetainedTaxAmt="0.0000" CuryRetainedTaxableAmt="0.0000" RetainedTaxableAmt="0.0000" />
		<row RecordID="14" BranchID="1" RefNbr="000026" VendorID="29" AccountID="2735" SubID="1" FinPeriodID="201912" FinDate="2019-12-31 00:00:00" Module="AR" TranType="INV" Released="1" Voided="0" TaxID="EXTERNAL" TaxRate="0.000000" CuryInfoID="664083" CuryTaxDiscountAmt="0.0000" TaxDiscountAmt="0.0000" CuryOrigTaxableAmt="0.0000" OrigTaxableAmt="0.0000" CuryTaxableAmt="344.8500" TaxableAmt="344.8500" CuryExemptedAmt="0.0000" ExemptedAmt="0.0000" CuryTaxAmt="34.4800" BAccountID="30" TaxAmt="34.4800" NonDeductibleTaxRate="0.000000" ExpenseAmt="0.0000" CuryExpenseAmt="0.0000" CuryID="USD" ReportCuryMultDiv="M" ReportCuryRate="1.00000000" ReportTaxableAmt="0.0000" ReportExemptedAmt="0.0000" ReportTaxAmt="0.0000" CreatedByID="b5344897-037e-4d58-b5c3-1bdfd0f47bf9" CreatedByScreenID="SO302000" CreatedDateTime="2019-12-23 22:38:53.953" LastModifiedByID="b5344897-037e-4d58-b5c3-1bdfd0f47bf9" LastModifiedByScreenID="SO303000" LastModifiedDateTime="2019-12-23 22:39:02.927" TranDate="2019-12-24 00:00:00" TaxBucketID="0" TaxType="S" TaxZoneID="EXTERNAL" OrigTranType="   " OrigRefNbr="" LineRefNbr="" CuryRetainedTaxAmt="0.0000" RetainedTaxAmt="0.0000" CuryRetainedTaxableAmt="0.0000" RetainedTaxableAmt="0.0000" />
		<row RecordID="15" BranchID="1" RefNbr="000027" VendorID="29" AccountID="2735" SubID="1" FinPeriodID="201912" FinDate="2019-12-31 00:00:00" Module="AR" TranType="INV" Released="1" Voided="0" TaxID="EXTERNAL" TaxRate="0.000000" CuryInfoID="664094" CuryTaxDiscountAmt="0.0000" TaxDiscountAmt="0.0000" CuryOrigTaxableAmt="0.0000" OrigTaxableAmt="0.0000" CuryTaxableAmt="344.8500" TaxableAmt="344.8500" CuryExemptedAmt="0.0000" ExemptedAmt="0.0000" CuryTaxAmt="34.4800" BAccountID="30" TaxAmt="34.4800" NonDeductibleTaxRate="0.000000" ExpenseAmt="0.0000" CuryExpenseAmt="0.0000" CuryID="USD" ReportCuryMultDiv="M" ReportCuryRate="1.00000000" ReportTaxableAmt="0.0000" ReportExemptedAmt="0.0000" ReportTaxAmt="0.0000" CreatedByID="b5344897-037e-4d58-b5c3-1bdfd0f47bf9" CreatedByScreenID="SO302000" CreatedDateTime="2019-12-23 22:44:27.643" LastModifiedByID="b5344897-037e-4d58-b5c3-1bdfd0f47bf9" LastModifiedByScreenID="SO303000" LastModifiedDateTime="2019-12-23 22:44:36.723" TranDate="2019-12-24 00:00:00" TaxBucketID="0" TaxType="S" TaxZoneID="EXTERNAL" OrigTranType="   " OrigRefNbr="" LineRefNbr="" CuryRetainedTaxAmt="0.0000" RetainedTaxAmt="0.0000" CuryRetainedTaxableAmt="0.0000" RetainedTaxableAmt="0.0000" />
		<row RecordID="16" BranchID="1" RefNbr="000028" VendorID="29" AccountID="2735" SubID="1" FinPeriodID="201912" FinDate="2019-12-31 00:00:00" Module="AR" TranType="INV" Released="1" Voided="0" TaxID="EXTERNAL" TaxRate="0.000000" CuryInfoID="664101" CuryTaxDiscountAmt="0.0000" TaxDiscountAmt="0.0000" CuryOrigTaxableAmt="0.0000" OrigTaxableAmt="0.0000" CuryTaxableAmt="223.5667" TaxableAmt="223.5700" CuryExemptedAmt="0.0000" ExemptedAmt="0.0000" CuryTaxAmt="22.3600" BAccountID="30" TaxAmt="22.3600" NonDeductibleTaxRate="0.000000" ExpenseAmt="0.0000" CuryExpenseAmt="0.0000" CuryID="USD" ReportCuryMultDiv="M" ReportCuryRate="1.00000000" ReportTaxableAmt="0.0000" ReportExemptedAmt="0.0000" ReportTaxAmt="0.0000" CreatedByID="b5344897-037e-4d58-b5c3-1bdfd0f47bf9" CreatedByScreenID="SO302000" CreatedDateTime="2019-12-23 22:51:52.88" LastModifiedByID="b5344897-037e-4d58-b5c3-1bdfd0f47bf9" LastModifiedByScreenID="SO303000" LastModifiedDateTime="2019-12-23 22:52:04.84" TranDate="2019-12-24 00:00:00" TaxBucketID="0" TaxType="S" TaxZoneID="EXTERNAL" OrigTranType="   " OrigRefNbr="" LineRefNbr="" CuryRetainedTaxAmt="0.0000" RetainedTaxAmt="0.0000" CuryRetainedTaxableAmt="0.0000" RetainedTaxableAmt="0.0000" />
		<row RecordID="17" BranchID="1" RefNbr="000029" VendorID="29" AccountID="2735" SubID="1" FinPeriodID="201912" FinDate="2019-12-31 00:00:00" Module="AR" TranType="INV" Released="1" Voided="0" TaxID="EXTERNAL" TaxRate="0.000000" CuryInfoID="664104" CuryTaxDiscountAmt="0.0000" TaxDiscountAmt="0.0000" CuryOrigTaxableAmt="0.0000" OrigTaxableAmt="0.0000" CuryTaxableAmt="99.2800" TaxableAmt="99.2800" CuryExemptedAmt="0.0000" ExemptedAmt="0.0000" CuryTaxAmt="9.9300" BAccountID="30" TaxAmt="9.9300" NonDeductibleTaxRate="0.000000" ExpenseAmt="0.0000" CuryExpenseAmt="0.0000" CuryID="USD" ReportCuryMultDiv="M" ReportCuryRate="1.00000000" ReportTaxableAmt="0.0000" ReportExemptedAmt="0.0000" ReportTaxAmt="0.0000" CreatedByID="b5344897-037e-4d58-b5c3-1bdfd0f47bf9" CreatedByScreenID="SO302000" CreatedDateTime="2019-12-23 22:53:16.38" LastModifiedByID="b5344897-037e-4d58-b5c3-1bdfd0f47bf9" LastModifiedByScreenID="SO303000" LastModifiedDateTime="2019-12-23 22:53:26.093" TranDate="2019-12-24 00:00:00" TaxBucketID="0" TaxType="S" TaxZoneID="EXTERNAL" OrigTranType="   " OrigRefNbr="" LineRefNbr="" CuryRetainedTaxAmt="0.0000" RetainedTaxAmt="0.0000" CuryRetainedTaxableAmt="0.0000" RetainedTaxableAmt="0.0000" />
		<row RecordID="18" BranchID="1" RefNbr="000030" VendorID="29" AccountID="2735" SubID="1" FinPeriodID="201912" FinDate="2019-12-31 00:00:00" Module="AR" TranType="INV" Released="1" Voided="0" TaxID="EXTERNAL" TaxRate="0.000000" CuryInfoID="664115" CuryTaxDiscountAmt="0.0000" TaxDiscountAmt="0.0000" CuryOrigTaxableAmt="0.0000" OrigTaxableAmt="0.0000" CuryTaxableAmt="134.9500" TaxableAmt="134.9500" CuryExemptedAmt="0.0000" ExemptedAmt="0.0000" CuryTaxAmt="13.4900" BAccountID="30" TaxAmt="13.4900" NonDeductibleTaxRate="0.000000" ExpenseAmt="0.0000" CuryExpenseAmt="0.0000" CuryID="USD" ReportCuryMultDiv="M" ReportCuryRate="1.00000000" ReportTaxableAmt="0.0000" ReportExemptedAmt="0.0000" ReportTaxAmt="0.0000" CreatedByID="b5344897-037e-4d58-b5c3-1bdfd0f47bf9" CreatedByScreenID="SO302000" CreatedDateTime="2019-12-23 23:04:32.993" LastModifiedByID="b5344897-037e-4d58-b5c3-1bdfd0f47bf9" LastModifiedByScreenID="SO303000" LastModifiedDateTime="2019-12-23 23:04:57.727" TranDate="2019-12-24 00:00:00" TaxBucketID="0" TaxType="S" TaxZoneID="EXTERNAL" OrigTranType="   " OrigRefNbr="" LineRefNbr="" CuryRetainedTaxAmt="0.0000" RetainedTaxAmt="0.0000" CuryRetainedTaxableAmt="0.0000" RetainedTaxableAmt="0.0000" />
	</rows>
</data>