﻿<?xml version="1.0" encoding="utf-8"?>
<data>
	<table name="UserPreferences">
		<col name="CompanyID" type="Int" default="Zero" />
		<col name="UserID" type="UniqueIdentifier" />
		<col name="DefaultEMailAccountID" type="Int" nullable="true" />
		<col name="HomePage" type="UniqueIdentifier" nullable="true" />
		<col name="tstamp" type="Timestamp" />
		<col name="PdfCertificateName" type="VarChar(50)" nullable="true" />
		<col name="SignatureToReplyAndForward" type="Bit" default="Zero" />
		<col name="SignatureToNewEmail" type="Bit" />
		<col name="MailSignature" type="NVarChar(MAX)" nullable="true" />
		<col name="CreatedByID" type="UniqueIdentifier" />
		<col name="CreatedByScreenID" type="Char(8)" />
		<col name="CreatedDateTime" type="DateTime" />
		<col name="LastModifiedByID" type="UniqueIdentifier" />
		<col name="LastModifiedByScreenID" type="Char(8)" />
		<col name="LastModifiedDateTime" type="DateTime" />
		<col name="EntityDefaultSearch" type="NVarChar(MAX)" nullable="true" />
		<col name="TimeZone" type="VarChar(32)" nullable="true" />
		<col name="DefBranchID" type="Int" nullable="true" />
		<col name="DefaultPrinter" type="VarChar(20)" nullable="true" />
		<col name="DefaultScales" type="VarChar(10)" nullable="true" />
		<col name="DefaultSite" type="Int" nullable="true" />
		<col name="CompanyMask" type="VarBinary(32)" default="CompanyMaskReadOnly" />
		<col name="NoteID" type="UniqueIdentifier" nullable="true" />
		<col name="DisableSuggest" type="Bit" nullable="true" />
		<col name="UseLegacyUI" type="Bit" default="Zero" />
	</table>
	<rows>
		<row UserID="c13692ca-8131-476a-b528-3951b8e9e422" SignatureToReplyAndForward="0" SignatureToNewEmail="1" CreatedByID="b5344897-037e-4d58-b5c3-1bdfd0f47bf9" CreatedByScreenID="00000000" CreatedDateTime="2017-09-19 07:31:35.36" LastModifiedByID="b5344897-037e-4d58-b5c3-1bdfd0f47bf9" LastModifiedByScreenID="00000000" LastModifiedDateTime="2017-09-19 07:31:35.36" UseLegacyUI="1" />
		<row UserID="036e3039-2918-4be7-83ff-bb7dbb49844f" SignatureToReplyAndForward="0" SignatureToNewEmail="1" CreatedByID="b5344897-037e-4d58-b5c3-1bdfd0f47bf9" CreatedByScreenID="00000000" CreatedDateTime="2017-09-19 07:31:35.36" LastModifiedByID="b5344897-037e-4d58-b5c3-1bdfd0f47bf9" LastModifiedByScreenID="00000000" LastModifiedDateTime="2017-09-19 07:31:35.36" UseLegacyUI="1" />
	</rows>
</data>