﻿<?xml version="1.0" encoding="utf-8"?>
<data>
	<table name="UserReport">
		<col name="CompanyID" type="Int" default="Zero" />
		<col name="ReportFileName" type="NVarChar(50)" />
		<col name="Version" type="Int" />
		<col name="Description" type="NVarChar(50)" nullable="true" />
		<col name="DateCreated" type="DateTime" nullable="true" />
		<col name="IsActive" type="Bit" />
		<col name="Xml" type="NVarChar(MAX)" nullable="true" />
		<col name="CreatedByID" type="UniqueIdentifier" />
		<col name="CreatedByScreenID" type="Char(8)" />
		<col name="CreatedDateTime" type="DateTime" />
		<col name="LastModifiedByID" type="UniqueIdentifier" />
		<col name="LastModifiedByScreenID" type="Char(8)" />
		<col name="LastModifiedDateTime" type="DateTime" />
	</table>
	<rows>
		<row ReportFileName="so612500.rpx" Version="1" DateCreated="2019-12-31 00:00:00" IsActive="1" CreatedByID="b5344897-037e-4d58-b5c3-1bdfd0f47bf9" CreatedByScreenID="00000000" CreatedDateTime="2019-12-31 10:46:03.743" LastModifiedByID="b5344897-037e-4d58-b5c3-1bdfd0f47bf9" LastModifiedByScreenID="00000000" LastModifiedDateTime="2019-12-31 10:47:09.99">
			<column name="Xml"><![CDATA[<?xml version="1.0" encoding="utf-8"?>
<Report Name="report1">
  <ExcelColumns>
    <item>12</item>
    <item>13</item>
    <item>13</item>
    <item>9</item>
    <item>20</item>
    <item>14</item>
    <item>24</item>
    <item>15</item>
    <item>16</item>
    <item>15</item>
    <item>18</item>
  </ExcelColumns>
  <ExcelMode>Manual</ExcelMode>
  <Filters>
    <FilterExp>
      <DataField>SOShipment.ShipVia</DataField>
      <OpenBraces>1</OpenBraces>
      <Operator>Or</Operator>
      <Value>@CarrierID</Value>
    </FilterExp>
    <FilterExp>
      <CloseBraces>1</CloseBraces>
      <Condition>IsNull</Condition>
      <DataField>@CarrierID</DataField>
    </FilterExp>
    <FilterExp>
      <DataField>SOShipment.CustomerID</DataField>
      <OpenBraces>1</OpenBraces>
      <Operator>Or</Operator>
      <Value>@CustomerID</Value>
    </FilterExp>
    <FilterExp>
      <CloseBraces>1</CloseBraces>
      <Condition>IsNull</Condition>
      <DataField>@CustomerID</DataField>
    </FilterExp>
    <FilterExp>
      <DataField>SOShipLine.SiteID</DataField>
      <OpenBraces>1</OpenBraces>
      <Operator>Or</Operator>
      <Value>@SiteID</Value>
    </FilterExp>
    <FilterExp>
      <CloseBraces>1</CloseBraces>
      <Condition>IsNull</Condition>
      <DataField>@SiteID</DataField>
    </FilterExp>
    <FilterExp>
      <Condition>GreaterOrEqual</Condition>
      <DataField>SOShipment.ShipDate</DataField>
      <OpenBraces>1</OpenBraces>
      <Operator>Or</Operator>
      <Value>@DateFrom</Value>
    </FilterExp>
    <FilterExp>
      <CloseBraces>1</CloseBraces>
      <Condition>IsNull</Condition>
      <DataField>@DateFrom</DataField>
    </FilterExp>
    <FilterExp>
      <Condition>LessOrEqual</Condition>
      <DataField>SOShipment.ShipDate</DataField>
      <OpenBraces>1</OpenBraces>
      <Operator>Or</Operator>
      <Value>@DateTo</Value>
    </FilterExp>
    <FilterExp>
      <CloseBraces>1</CloseBraces>
      <Condition>IsNull</Condition>
      <DataField>@DateTo</DataField>
    </FilterExp>
  </Filters>
  <GridSize>4px, 4px</GridSize>
  <NavigationTree>False</NavigationTree>
  <PageSettings>
    <Landscape>True</Landscape>
  </PageSettings>
  <Parameters>
    <ReportParameter>
      <ColumnSpan>2</ColumnSpan>
      <DefaultValue>=DateAdd(Report.GetDefExt('RowAccessInfo.BusinessDate'), 'd', -(Day(Report.GetDefExt('RowAccessInfo.BusinessDate')) - 1))</DefaultValue>
      <Name>DateFrom</Name>
      <Nullable>True</Nullable>
      <Prompt>Start Date</Prompt>
      <Type>DateTime</Type>
    </ReportParameter>
    <ReportParameter>
      <ColumnSpan>2</ColumnSpan>
      <DefaultValue>=Report.GetDefExt('RowAccessInfo.BusinessDate')</DefaultValue>
      <Name>DateTo</Name>
      <Nullable>True</Nullable>
      <Prompt>End Date</Prompt>
      <Type>DateTime</Type>
    </ReportParameter>
    <ReportParameter>
      <ColumnSpan>2</ColumnSpan>
      <Name>CustomerID</Name>
      <Nullable>True</Nullable>
      <Prompt>Customer ID</Prompt>
      <ViewName>=Report.GetFieldSchema('RowARPayment.CustomerID')</ViewName>
    </ReportParameter>
    <ReportParameter>
      <ColumnSpan>2</ColumnSpan>
      <Name>CarrierID</Name>
      <Nullable>True</Nullable>
      <Prompt>Carrier ID</Prompt>
      <ViewName>=Report.GetFieldSchema('RowCarrier.CarrierID')</ViewName>
    </ReportParameter>
    <ReportParameter>
      <ColumnSpan>2</ColumnSpan>
      <Name>SiteID</Name>
      <Nullable>True</Nullable>
      <Prompt>Warehouse</Prompt>
      <ViewName>=Report.GetFieldSchema('INTran.SiteID')</ViewName>
    </ReportParameter>
  </Parameters>
  <Relations>
    <ReportRelation>
      <ChildName>SOShipLine</ChildName>
      <Links>
        <RelationRow>
          <ChildField>ShipmentNbr</ChildField>
          <ParentField>ShipmentNbr</ParentField>
        </RelationRow>
      </Links>
      <ParentName>SOShipment</ParentName>
    </ReportRelation>
    <ReportRelation>
      <ChildName>Customer</ChildName>
      <JoinType>Inner</JoinType>
      <Links>
        <RelationRow>
          <ChildField>BAccountID</ChildField>
          <ParentField>CustomerID</ParentField>
        </RelationRow>
      </Links>
      <ParentName>SOShipment</ParentName>
    </ReportRelation>
  </Relations>
  <SchemaUrl>http://localhost/Acu19R100021</SchemaUrl>
  <StylesTemplate>TemplateReport.rpx</StylesTemplate>
  <Tables>
    <ReportTable Name="SOShipment">
      <Fields>
        <ReportField Name="BilledOrderCntr">
          <DataType>Int16</DataType>
        </ReportField>
        <ReportField Name="Confirmed">
          <DataType>Boolean</DataType>
        </ReportField>
        <ReportField Name="ControlQty">
          <DataType>Decimal</DataType>
        </ReportField>
        <ReportField Name="CreatedByID"></ReportField>
        <ReportField Name="CreatedByID_Creator_username"></ReportField>
        <ReportField Name="CreatedByID_description"></ReportField>
        <ReportField Name="CreatedByScreenID"></ReportField>
        <ReportField Name="CreatedDateTime">
          <DataType>DateTime</DataType>
        </ReportField>
        <ReportField Name="CuryFreightAmt">
          <DataType>Decimal</DataType>
        </ReportField>
        <ReportField Name="CuryFreightCost">
          <DataType>Decimal</DataType>
        </ReportField>
        <ReportField Name="CuryID"></ReportField>
        <ReportField Name="CuryInfoID">
          <DataType>Int64</DataType>
        </ReportField>
        <ReportField Name="CuryPremiumFreightAmt">
          <DataType>Decimal</DataType>
        </ReportField>
        <ReportField Name="CuryRate">
          <DataType>Decimal</DataType>
        </ReportField>
        <ReportField Name="CuryTotalFreightAmt">
          <DataType>Decimal</DataType>
        </ReportField>
        <ReportField Name="CuryViewState">
          <DataType>Boolean</DataType>
        </ReportField>
        <ReportField Name="CustomerID"></ReportField>
        <ReportField Name="CustomerID_BAccountR_acctName"></ReportField>
        <ReportField Name="CustomerID_Customer_acctName"></ReportField>
        <ReportField Name="CustomerID_description"></ReportField>
        <ReportField Name="CustomerLocationID"></ReportField>
        <ReportField Name="CustomerLocationID_description"></ReportField>
        <ReportField Name="CustomerLocationID_Location_descr"></ReportField>
        <ReportField Name="CustomerOrderNbr"></ReportField>
        <ReportField Name="DestinationSiteID"></ReportField>
        <ReportField Name="DestinationSiteID_description"></ReportField>
        <ReportField Name="DestinationSiteID_INSite_descr"></ReportField>
        <ReportField Name="FOBPoint"></ReportField>
        <ReportField Name="FreeItemQtyTot">
          <DataType>Decimal</DataType>
        </ReportField>
        <ReportField Name="FreightAmt">
          <DataType>Decimal</DataType>
        </ReportField>
        <ReportField Name="FreightCost">
          <DataType>Decimal</DataType>
        </ReportField>
        <ReportField Name="GroundCollect">
          <DataType>Boolean</DataType>
        </ReportField>
        <ReportField Name="Hidden">
          <DataType>Boolean</DataType>
        </ReportField>
        <ReportField Name="Hold">
          <DataType>Boolean</DataType>
        </ReportField>
        <ReportField Name="LabelsPrinted">
          <DataType>Boolean</DataType>
        </ReportField>
        <ReportField Name="LastModifiedByID"></ReportField>
        <ReportField Name="LastModifiedByID_description"></ReportField>
        <ReportField Name="LastModifiedByID_Modifier_username"></ReportField>
        <ReportField Name="LastModifiedByScreenID"></ReportField>
        <ReportField Name="LastModifiedDateTime">
          <DataType>DateTime</DataType>
        </ReportField>
        <ReportField Name="LineCntr">
          <DataType>Int16</DataType>
        </ReportField>
        <ReportField Name="LineTotal">
          <DataType>Decimal</DataType>
        </ReportField>
        <ReportField Name="NoteActivity"></ReportField>
        <ReportField Name="NoteFiles"></ReportField>
        <ReportField Name="NoteID">
          <DataType>Int64</DataType>
        </ReportField>
        <ReportField Name="NoteImages"></ReportField>
        <ReportField Name="NoteText"></ReportField>
        <ReportField Name="Operation"></ReportField>
        <ReportField Name="OrderVolume">
          <DataType>Decimal</DataType>
        </ReportField>
        <ReportField Name="OrderWeight">
          <DataType>Decimal</DataType>
        </ReportField>
        <ReportField Name="OwnerID"></ReportField>
        <ReportField Name="OwnerID_description"></ReportField>
        <ReportField Name="OwnerID_EPEmployee_acctName"></ReportField>
        <ReportField Name="PackageLineCntr">
          <DataType>Int16</DataType>
        </ReportField>
        <ReportField Name="PackageWeight">
          <DataType>Decimal</DataType>
        </ReportField>
        <ReportField Name="PremiumFreightAmt">
          <DataType>Decimal</DataType>
        </ReportField>
        <ReportField Name="Released">
          <DataType>Boolean</DataType>
        </ReportField>
        <ReportField Name="ReleasedOrderCntr">
          <DataType>Int16</DataType>
        </ReportField>
        <ReportField Name="Resedential">
          <DataType>Boolean</DataType>
        </ReportField>
        <ReportField Name="SaturdayDelivery">
          <DataType>Boolean</DataType>
        </ReportField>
        <ReportField Name="Selected">
          <DataType>Boolean</DataType>
        </ReportField>
        <ReportField Name="ShipAddressID">
          <DataType>Int32</DataType>
        </ReportField>
        <ReportField Name="ShipContactID">
          <DataType>Int32</DataType>
        </ReportField>
        <ReportField Name="ShipDate">
          <DataType>DateTime</DataType>
        </ReportField>
        <ReportField Name="ShipmentNbr"></ReportField>
        <ReportField Name="ShipmentQty">
          <DataType>Decimal</DataType>
        </ReportField>
        <ReportField Name="ShipmentType"></ReportField>
        <ReportField Name="ShipmentVolume">
          <DataType>Decimal</DataType>
        </ReportField>
        <ReportField Name="ShipmentWeight">
          <DataType>Decimal</DataType>
        </ReportField>
        <ReportField Name="ShippedViaCarrier">
          <DataType>Boolean</DataType>
        </ReportField>
        <ReportField Name="ShipTermsID"></ReportField>
        <ReportField Name="ShipVia"></ReportField>
        <ReportField Name="ShipVia_Carrier_description"></ReportField>
        <ReportField Name="ShipVia_description"></ReportField>
        <ReportField Name="ShipZoneID"></ReportField>
        <ReportField Name="SiteID"></ReportField>
        <ReportField Name="SiteID_description"></ReportField>
        <ReportField Name="SiteID_INSite_descr"></ReportField>
        <ReportField Name="Status"></ReportField>
        <ReportField Name="StatusIsNull"></ReportField>
        <ReportField Name="TaxCategoryID"></ReportField>
        <ReportField Name="TaxCategoryID_description"></ReportField>
        <ReportField Name="TaxCategoryID_TaxCategory_descr"></ReportField>
        <ReportField Name="TotalFreightAmt">
          <DataType>Decimal</DataType>
        </ReportField>
        <ReportField Name="tstamp"></ReportField>
        <ReportField Name="UnbilledOrderCntr">
          <DataType>Int16</DataType>
        </ReportField>
        <ReportField Name="UseCustomerAccount">
          <DataType>Boolean</DataType>
        </ReportField>
        <ReportField Name="WorkgroupID"></ReportField>
        <ReportField Name="WorkgroupID_description"></ReportField>
        <ReportField Name="WorkgroupID_EPCompanyTree_description"></ReportField>
      </Fields>
      <FullName>PX.Objects.SO.SOShipment</FullName>
    </ReportTable>
    <ReportTable Name="SOShipLine">
      <Fields>
        <ReportField Name="AlternateID"></ReportField>
        <ReportField Name="BaseOriginalShippedQty">
          <DataType>Decimal</DataType>
        </ReportField>
        <ReportField Name="BaseQty">
          <DataType>Decimal</DataType>
        </ReportField>
        <ReportField Name="BaseShippedQty">
          <DataType>Decimal</DataType>
        </ReportField>
        <ReportField Name="Confirmed">
          <DataType>Boolean</DataType>
        </ReportField>
        <ReportField Name="CreatedByID"></ReportField>
        <ReportField Name="CreatedByID_Creator_username"></ReportField>
        <ReportField Name="CreatedByID_description"></ReportField>
        <ReportField Name="CreatedByScreenID"></ReportField>
        <ReportField Name="CreatedDateTime">
          <DataType>DateTime</DataType>
        </ReportField>
        <ReportField Name="CuryDiscAmt">
          <DataType>Decimal</DataType>
        </ReportField>
        <ReportField Name="CuryExtPrice">
          <DataType>Decimal</DataType>
        </ReportField>
        <ReportField Name="CuryInfoID">
          <DataType>Int64</DataType>
        </ReportField>
        <ReportField Name="CuryLineAmt">
          <DataType>Decimal</DataType>
        </ReportField>
        <ReportField Name="CuryUnitPrice">
          <DataType>Decimal</DataType>
        </ReportField>
        <ReportField Name="CustomerID">
          <DataType>Int32</DataType>
        </ReportField>
        <ReportField Name="DetDiscApp">
          <DataType>Boolean</DataType>
        </ReportField>
        <ReportField Name="DetDiscIDC1"></ReportField>
        <ReportField Name="DetDiscIDC2"></ReportField>
        <ReportField Name="DetDiscSeqIDC1"></ReportField>
        <ReportField Name="DetDiscSeqIDC2"></ReportField>
        <ReportField Name="DiscPct">
          <DataType>Decimal</DataType>
        </ReportField>
        <ReportField Name="DocDiscIDC1"></ReportField>
        <ReportField Name="DocDiscIDC2"></ReportField>
        <ReportField Name="DocDiscSeqIDC1"></ReportField>
        <ReportField Name="DocDiscSeqIDC2"></ReportField>
        <ReportField Name="ExpireDate">
          <DataType>DateTime</DataType>
        </ReportField>
        <ReportField Name="ExtCost">
          <DataType>Decimal</DataType>
        </ReportField>
        <ReportField Name="ExtVolume">
          <DataType>Decimal</DataType>
        </ReportField>
        <ReportField Name="ExtWeight">
          <DataType>Decimal</DataType>
        </ReportField>
        <ReportField Name="HasKitComponents">
          <DataType>Boolean</DataType>
        </ReportField>
        <ReportField Name="HasSerialComponents">
          <DataType>Boolean</DataType>
        </ReportField>
        <ReportField Name="InventoryID"></ReportField>
        <ReportField Name="InventoryID_description"></ReportField>
        <ReportField Name="InventoryID_InventoryItem_descr"></ReportField>
        <ReportField Name="InvtMult">
          <DataType>Int16</DataType>
        </ReportField>
        <ReportField Name="IsFree">
          <DataType>Boolean</DataType>
        </ReportField>
        <ReportField Name="LastModifiedByID"></ReportField>
        <ReportField Name="LastModifiedByID_description"></ReportField>
        <ReportField Name="LastModifiedByID_Modifier_username"></ReportField>
        <ReportField Name="LastModifiedByScreenID"></ReportField>
        <ReportField Name="LastModifiedDateTime">
          <DataType>DateTime</DataType>
        </ReportField>
        <ReportField Name="LineAmt">
          <DataType>Decimal</DataType>
        </ReportField>
        <ReportField Name="LineNbr">
          <DataType>Int16</DataType>
        </ReportField>
        <ReportField Name="LineType"></ReportField>
        <ReportField Name="LocationID"></ReportField>
        <ReportField Name="LocationID_description"></ReportField>
        <ReportField Name="LocationID_INLocation_descr"></ReportField>
        <ReportField Name="LotSerialNbr"></ReportField>
        <ReportField Name="ManualDisc">
          <DataType>Boolean</DataType>
        </ReportField>
        <ReportField Name="NoteActivity"></ReportField>
        <ReportField Name="NoteFiles"></ReportField>
        <ReportField Name="NoteID">
          <DataType>Int64</DataType>
        </ReportField>
        <ReportField Name="NoteImages"></ReportField>
        <ReportField Name="NoteText"></ReportField>
        <ReportField Name="Operation"></ReportField>
        <ReportField Name="OrderUOM"></ReportField>
        <ReportField Name="OriginalShippedQty">
          <DataType>Decimal</DataType>
        </ReportField>
        <ReportField Name="OrigLineNbr">
          <DataType>Int16</DataType>
        </ReportField>
        <ReportField Name="OrigOrderNbr"></ReportField>
        <ReportField Name="OrigOrderType"></ReportField>
        <ReportField Name="OrigSplitLineNbr">
          <DataType>Int16</DataType>
        </ReportField>
        <ReportField Name="PlanType"></ReportField>
        <ReportField Name="ProjectID">
          <DataType>Int32</DataType>
        </ReportField>
        <ReportField Name="PromoDiscID"></ReportField>
        <ReportField Name="Qty">
          <DataType>Decimal</DataType>
        </ReportField>
        <ReportField Name="ReasonCode"></ReportField>
        <ReportField Name="ReasonCode_description"></ReportField>
        <ReportField Name="ReasonCode_ReasonCode_descr"></ReportField>
        <ReportField Name="Released">
          <DataType>Boolean</DataType>
        </ReportField>
        <ReportField Name="ShipDate">
          <DataType>DateTime</DataType>
        </ReportField>
        <ReportField Name="ShipmentNbr"></ReportField>
        <ReportField Name="ShipmentType"></ReportField>
        <ReportField Name="ShippedQty">
          <DataType>Decimal</DataType>
        </ReportField>
        <ReportField Name="SiteID"></ReportField>
        <ReportField Name="SiteID_description"></ReportField>
        <ReportField Name="SiteID_INSite_descr"></ReportField>
        <ReportField Name="SubItemID"></ReportField>
        <ReportField Name="TaskID">
          <DataType>Int32</DataType>
        </ReportField>
        <ReportField Name="TranDate">
          <DataType>DateTime</DataType>
        </ReportField>
        <ReportField Name="TranDesc"></ReportField>
        <ReportField Name="TranType"></ReportField>
        <ReportField Name="tstamp"></ReportField>
        <ReportField Name="UnassignedQty">
          <DataType>Decimal</DataType>
        </ReportField>
        <ReportField Name="UnitCost">
          <DataType>Decimal</DataType>
        </ReportField>
        <ReportField Name="UnitPrice">
          <DataType>Decimal</DataType>
        </ReportField>
        <ReportField Name="UnitVolume">
          <DataType>Decimal</DataType>
        </ReportField>
        <ReportField Name="UnitWeigth">
          <DataType>Decimal</DataType>
        </ReportField>
        <ReportField Name="UOM"></ReportField>
      </Fields>
      <FullName>PX.Objects.SO.SOShipLine</FullName>
    </ReportTable>
    <ReportTable Name="Customer">
      <Fields>
        <ReportField Name="AcctCD"></ReportField>
        <ReportField Name="AcctName"></ReportField>
        <ReportField Name="AcctReferenceNbr"></ReportField>
        <ReportField Name="AllowOverrideCury">
          <DataType>Boolean</DataType>
        </ReportField>
        <ReportField Name="AllowOverrideRate">
          <DataType>Boolean</DataType>
        </ReportField>
        <ReportField Name="AutoApplyPayments">
          <DataType>Boolean</DataType>
        </ReportField>
        <ReportField Name="BAccountID">
          <DataType>Int32</DataType>
        </ReportField>
        <ReportField Name="BaseBillContactID">
          <DataType>Int32</DataType>
        </ReportField>
        <ReportField Name="CasesCount">
          <DataType>Int32</DataType>
        </ReportField>
        <ReportField Name="CCProcessingID"></ReportField>
        <ReportField Name="ClassID"></ReportField>
        <ReportField Name="ClassID_CRCustomerClass_description"></ReportField>
        <ReportField Name="ClassID_description"></ReportField>
        <ReportField Name="COGSAcctID"></ReportField>
        <ReportField Name="COGSAcctID_Account_description"></ReportField>
        <ReportField Name="COGSAcctID_description"></ReportField>
        <ReportField Name="COGSSubID"></ReportField>
        <ReportField Name="COGSSubID_description"></ReportField>
        <ReportField Name="COGSSubID_Sub_description"></ReportField>
        <ReportField Name="COMPREV_Attributes"></ReportField>
        <ReportField Name="COMPSIZE_Attributes"></ReportField>
        <ReportField Name="Count">
          <DataType>Int32</DataType>
        </ReportField>
        <ReportField Name="CreatedByID"></ReportField>
        <ReportField Name="CreatedByID_Creator_username"></ReportField>
        <ReportField Name="CreatedByID_description"></ReportField>
        <ReportField Name="CreatedByScreenID"></ReportField>
        <ReportField Name="CreatedDateTime">
          <DataType>DateTime</DataType>
        </ReportField>
        <ReportField Name="CreditDaysPastDue">
          <DataType>Int16</DataType>
        </ReportField>
        <ReportField Name="CreditLimit">
          <DataType>Decimal</DataType>
        </ReportField>
        <ReportField Name="CreditRule"></ReportField>
        <ReportField Name="CuryID"></ReportField>
        <ReportField Name="CuryRateTypeID"></ReportField>
        <ReportField Name="CustomerClassID"></ReportField>
        <ReportField Name="CustomerClassID_CustomerClass_descr"></ReportField>
        <ReportField Name="CustomerClassID_description"></ReportField>
        <ReportField Name="DefAddressID">
          <DataType>Int32</DataType>
        </ReportField>
        <ReportField Name="DefAddressID_Address_displayName"></ReportField>
        <ReportField Name="DefAddressID_description"></ReportField>
        <ReportField Name="DefBillAddressID">
          <DataType>Int32</DataType>
        </ReportField>
        <ReportField Name="DefBillContactID">
          <DataType>Int32</DataType>
        </ReportField>
        <ReportField Name="DefContactID">
          <DataType>Int32</DataType>
        </ReportField>
        <ReportField Name="DefLocationID">
          <DataType>Int32</DataType>
        </ReportField>
        <ReportField Name="DefLocationID_description"></ReportField>
        <ReportField Name="DefLocationID_Location_locationCD"></ReportField>
        <ReportField Name="DefPaymentMethodID"></ReportField>
        <ReportField Name="DefPaymentMethodID_description"></ReportField>
        <ReportField Name="DefPaymentMethodID_PaymentMethod_descr"></ReportField>
        <ReportField Name="DefPMInstanceID">
          <DataType>Int32</DataType>
        </ReportField>
        <ReportField Name="DefSOAddressID">
          <DataType>Int32</DataType>
        </ReportField>
        <ReportField Name="DiscTakenAcctID"></ReportField>
        <ReportField Name="DiscTakenAcctID_Account_description"></ReportField>
        <ReportField Name="DiscTakenAcctID_description"></ReportField>
        <ReportField Name="DiscTakenSubID"></ReportField>
        <ReportField Name="DiscTakenSubID_description"></ReportField>
        <ReportField Name="DiscTakenSubID_Sub_description"></ReportField>
        <ReportField Name="EntityType"></ReportField>
        <ReportField Name="FinChargeApply">
          <DataType>Boolean</DataType>
        </ReportField>
        <ReportField Name="GroupMask">
          <DataType>Object</DataType>
        </ReportField>
        <ReportField Name="ID">
          <DataType>Int32</DataType>
        </ReportField>
        <ReportField Name="Included">
          <DataType>Boolean</DataType>
        </ReportField>
        <ReportField Name="INDUSTRY_Attributes"></ReportField>
        <ReportField Name="IsBillContSameAsMain">
          <DataType>Boolean</DataType>
        </ReportField>
        <ReportField Name="IsBillSameAsMain">
          <DataType>Boolean</DataType>
        </ReportField>
        <ReportField Name="LanguageID"></ReportField>
        <ReportField Name="LastActivity">
          <DataType>DateTime</DataType>
        </ReportField>
        <ReportField Name="LastModifiedByID"></ReportField>
        <ReportField Name="LastModifiedByID_description"></ReportField>
        <ReportField Name="LastModifiedByID_Modifier_username"></ReportField>
        <ReportField Name="LastModifiedByScreenID"></ReportField>
        <ReportField Name="LastModifiedDateTime">
          <DataType>DateTime</DataType>
        </ReportField>
        <ReportField Name="MailInvoices">
          <DataType>Boolean</DataType>
        </ReportField>
        <ReportField Name="NoteActivity"></ReportField>
        <ReportField Name="NoteFiles"></ReportField>
        <ReportField Name="NoteID">
          <DataType>Int64</DataType>
        </ReportField>
        <ReportField Name="NoteImages"></ReportField>
        <ReportField Name="NoteText"></ReportField>
        <ReportField Name="OwnerID"></ReportField>
        <ReportField Name="OwnerID_description"></ReportField>
        <ReportField Name="OwnerID_EPEmployee_displayName"></ReportField>
        <ReportField Name="ParentBAccountID"></ReportField>
        <ReportField Name="ParentBAccountID_BAccountR_acctName"></ReportField>
        <ReportField Name="ParentBAccountID_description"></ReportField>
        <ReportField Name="PayToParent">
          <DataType>Boolean</DataType>
        </ReportField>
        <ReportField Name="PrepaymentAcctID"></ReportField>
        <ReportField Name="PrepaymentAcctID_Account_description"></ReportField>
        <ReportField Name="PrepaymentAcctID_description"></ReportField>
        <ReportField Name="PrepaymentSubID"></ReportField>
        <ReportField Name="PrepaymentSubID_description"></ReportField>
        <ReportField Name="PrepaymentSubID_Sub_description"></ReportField>
        <ReportField Name="PreviewHtml"></ReportField>
        <ReportField Name="PrintCuryStatements">
          <DataType>Boolean</DataType>
        </ReportField>
        <ReportField Name="PrintInvoices">
          <DataType>Boolean</DataType>
        </ReportField>
        <ReportField Name="PrintStatements">
          <DataType>Boolean</DataType>
        </ReportField>
        <ReportField Name="Secured">
          <DataType>Boolean</DataType>
        </ReportField>
        <ReportField Name="Selected">
          <DataType>Boolean</DataType>
        </ReportField>
        <ReportField Name="SendStatementByEmail">
          <DataType>Boolean</DataType>
        </ReportField>
        <ReportField Name="SmallBalanceAllow">
          <DataType>Boolean</DataType>
        </ReportField>
        <ReportField Name="SmallBalanceLimit">
          <DataType>Decimal</DataType>
        </ReportField>
        <ReportField Name="StatementCycleId"></ReportField>
        <ReportField Name="StatementLastDate">
          <DataType>DateTime</DataType>
        </ReportField>
        <ReportField Name="StatementType"></ReportField>
        <ReportField Name="Status"></ReportField>
        <ReportField Name="TaxRegistrationID"></ReportField>
        <ReportField Name="TaxZoneID"></ReportField>
        <ReportField Name="TaxZoneID_description"></ReportField>
        <ReportField Name="TaxZoneID_TaxZone_descr"></ReportField>
        <ReportField Name="TermsID"></ReportField>
        <ReportField Name="TermsID_description"></ReportField>
        <ReportField Name="TermsID_Terms_descr"></ReportField>
        <ReportField Name="tstamp"></ReportField>
        <ReportField Name="Type"></ReportField>
        <ReportField Name="ViewInCrm">
          <DataType>Boolean</DataType>
        </ReportField>
        <ReportField Name="WorkgroupID"></ReportField>
        <ReportField Name="WorkgroupID_description"></ReportField>
        <ReportField Name="WorkgroupID_EPCompanyTree_description"></ReportField>
      </Fields>
      <FullName>PX.Objects.AR.Customer</FullName>
    </ReportTable>
  </Tables>
  <Sections>
    <PageHeader Name="pageHeaderSection1">
      <ExcelMargin>
        <bottom>1</bottom>
      </ExcelMargin>
      <GridSize>8px, 8px</GridSize>
      <Height>54px</Height>
      <Items>
        <TextBox Name="textBox49">
          <Excel>
            <column>6</column>
          </Excel>
          <Location>404px, 20px</Location>
          <Size>56px, 14px</Size>
          <StyleName>Report Params</StyleName>
          <Value>Start Date:</Value>
          <VisibleExpr>=([@DateFrom]&lt;&gt;Null)</VisibleExpr>
        </TextBox>
        <TextBox Name="textBox51">
          <Excel>
            <column>6</column>
            <row>2</row>
          </Excel>
          <Location>404px, 36px</Location>
          <Size>56px, 14px</Size>
          <StyleName>Report Params</StyleName>
          <Value>End Date:</Value>
          <VisibleExpr>=([@DateTo]&lt;&gt;Null)</VisibleExpr>
        </TextBox>
        <TextBox Name="textBox52">
          <Excel>
            <column>7</column>
          </Excel>
          <Location>464px, 20px</Location>
          <Size>144px, 14px</Size>
          <StyleName>Report Params</StyleName>
          <Value>=[@DateFrom]</Value>
          <VisibleExpr>=([@DateFrom]&lt;&gt;Null)</VisibleExpr>
        </TextBox>
        <TextBox Name="textBox53">
          <Excel>
            <column>7</column>
            <row>2</row>
          </Excel>
          <Location>464px, 36px</Location>
          <Size>144px, 14px</Size>
          <StyleName>Report Params</StyleName>
          <Value>=[@DateTo]</Value>
          <VisibleExpr>=([@DateTo]&lt;&gt;Null)</VisibleExpr>
        </TextBox>
        <TextBox Name="textBox63">
          <Location>4px, 0px</Location>
          <Size>254px, 18px</Size>
          <StyleName>Report Name</StyleName>
          <Value>Shipment Register</Value>
        </TextBox>
        <TextBox Name="textBox64">
          <Excel>
            <column>11</column>
            <row>2</row>
          </Excel>
          <Format>g</Format>
          <Location>920px, 20px</Location>
          <Size>100px, 14px</Size>
          <Style>
            <TextAlign>Right</TextAlign>
          </Style>
          <StyleName>Report Params</StyleName>
          <Value>=Now()</Value>
        </TextBox>
        <TextBox Name="textBox65">
          <Excel>
            <column>2</column>
            <row>3</row>
          </Excel>
          <Location>88px, 36px</Location>
          <Size>168px, 14px</Size>
          <StyleName>Report Params</StyleName>
          <Value>=Report.GetDefUI('RowAccessInfo.DisplayName')</Value>
        </TextBox>
        <TextBox Name="textBox66">
          <Excel>
            <column>11</column>
          </Excel>
          <Location>936px, 36px</Location>
          <Size>84px, 14px</Size>
          <Style>
            <TextAlign>Right</TextAlign>
          </Style>
          <StyleName>Report Params</StyleName>
          <Value>=[PageOf]</Value>
        </TextBox>
        <TextBox Name="textBox67">
          <Excel>
            <row>3</row>
          </Excel>
          <Location>4px, 36px</Location>
          <Size>76px, 14px</Size>
          <StyleName>Report Params</StyleName>
          <Value>User:</Value>
        </TextBox>
        <TextBox Name="textBox68">
          <Excel>
            <column>10</column>
          </Excel>
          <Location>880px, 36px</Location>
          <Size>36px, 14px</Size>
          <StyleName>Report Params</StyleName>
          <Value>Page:</Value>
        </TextBox>
        <TextBox Name="textBox69">
          <Excel>
            <column>10</column>
            <row>2</row>
          </Excel>
          <Location>880px, 20px</Location>
          <Size>36px, 14px</Size>
          <StyleName>Report Params</StyleName>
          <Value>Date:</Value>
        </TextBox>
        <TextBox Name="textBox70">
          <Excel>
            <column>2</column>
            <row>2</row>
          </Excel>
          <Location>88px, 20px</Location>
          <Size>168px, 14px</Size>
          <StyleName>Report Params</StyleName>
          <Value>=Report.GetDefUI('AccessInfo.CompanyName')</Value>
        </TextBox>
        <TextBox Name="textBox71">
          <Excel>
            <row>2</row>
          </Excel>
          <Location>4px, 20px</Location>
          <Size>76px, 14px</Size>
          <StyleName>Report Params</StyleName>
          <Value>Company:</Value>
        </TextBox>
      </Items>
    </PageHeader>
    <Detail Name="groupDetails">
      <GridSize>8px, 8px</GridSize>
      <Height>0px</Height>
      <Visible>False</Visible>
    </Detail>
    <ReportFooter Name="reportFooterSection1">
      <ExcelMargin>
        <top>1</top>
      </ExcelMargin>
      <GridSize>8px, 8px</GridSize>
      <Height>24px</Height>
      <Items>
        <Line Name="line1">
          <Excel>
            <column>7</column>
            <width>5</width>
          </Excel>
          <Location>572px, 5px</Location>
          <Size>454px, 1px</Size>
        </Line>
        <TextBox Name="textBox31">
          <Excel>
            <column>8</column>
          </Excel>
          <Format>=[SOShipment.ShipmentQty.Format]</Format>
          <Location>632px, 8px</Location>
          <Size>92px, 14px</Size>
          <Style>
            <TextAlign>Right</TextAlign>
          </Style>
          <StyleName>Normal</StyleName>
          <Value>=$TotalQty</Value>
        </TextBox>
        <TextBox Name="textBox32">
          <Excel>
            <column>9</column>
          </Excel>
          <Format>=[SOShipment.ShipmentWeight.Format]</Format>
          <Location>724px, 8px</Location>
          <Size>92px, 14px</Size>
          <Style>
            <TextAlign>Right</TextAlign>
          </Style>
          <StyleName>Normal</StyleName>
          <Value>=$TotalWeight</Value>
        </TextBox>
        <TextBox Name="textBox42">
          <Excel>
            <column>7</column>
          </Excel>
          <Location>576px, 8px</Location>
          <Size>56px, 14px</Size>
          <Style>
            <TextAlign>Left</TextAlign>
          </Style>
          <StyleName>Heading 1</StyleName>
          <Value>Total:</Value>
        </TextBox>
        <TextBox Name="textBox45">
          <Excel>
            <column>10</column>
          </Excel>
          <Format>=[SOShipment.ShipmentVolume.Format]</Format>
          <Location>816px, 8px</Location>
          <Size>92px, 14px</Size>
          <Style>
            <TextAlign>Right</TextAlign>
          </Style>
          <StyleName>Normal</StyleName>
          <Value>=$TotalVolume</Value>
        </TextBox>
        <TextBox Name="textBox46">
          <Excel>
            <column>11</column>
          </Excel>
          <Format>=[SOShipment.TotalFreightAmt.Format]</Format>
          <Location>908px, 8px</Location>
          <Size>112px, 14px</Size>
          <Style>
            <TextAlign>Right</TextAlign>
          </Style>
          <StyleName>Normal</StyleName>
          <Value>=$FreiqhtAmount</Value>
        </TextBox>
      </Items>
    </ReportFooter>
    <PageHeader Name="pageHeaderSection2">
      <GridSize>8px, 8px</GridSize>
      <Height>24px</Height>
      <StyleName>ColumnsHeaderSection</StyleName>
      <Items>
        <TextBox Name="textBox10">
          <Excel>
            <column>4</column>
          </Excel>
          <Location>232px, 4px</Location>
          <Size>52px, 14px</Size>
          <StyleName>Heading 1</StyleName>
          <Value>Status</Value>
        </TextBox>
        <TextBox Name="textBox13">
          <Excel>
            <column>10</column>
          </Excel>
          <Location>816px, 4px</Location>
          <Size>92px, 14px</Size>
          <Style>
            <TextAlign>Right</TextAlign>
          </Style>
          <StyleName>Heading 1</StyleName>
          <Value>Total Volume</Value>
        </TextBox>
        <TextBox Name="textBox2">
          <Excel>
            <column>6</column>
          </Excel>
          <Location>404px, 4px</Location>
          <Size>84px, 14px</Size>
          <StyleName>Heading 1</StyleName>
          <Value>Customer ID</Value>
        </TextBox>
        <TextBox Name="textBox21">
          <Location>4px, 4px</Location>
          <Size>72px, 14px</Size>
          <StyleName>Heading 1</StyleName>
          <Value>Ref. Nbr.</Value>
        </TextBox>
        <TextBox Name="textBox22">
          <Excel>
            <column>7</column>
          </Excel>
          <Location>488px, 4px</Location>
          <Size>144px, 14px</Size>
          <StyleName>Heading 1</StyleName>
          <Value>Customer Name</Value>
        </TextBox>
        <TextBox Name="textBox25">
          <Excel>
            <column>5</column>
          </Excel>
          <Location>284px, 4px</Location>
          <Size>120px, 14px</Size>
          <StyleName>Heading 1</StyleName>
          <Value>Carrier Name</Value>
        </TextBox>
        <TextBox Name="textBox27">
          <Excel>
            <column>3</column>
          </Excel>
          <Location>152px, 4px</Location>
          <Size>80px, 14px</Size>
          <StyleName>Heading 1</StyleName>
          <Value>Item ID</Value>
        </TextBox>
        <TextBox Name="textBox28">
          <Excel>
            <column>11</column>
          </Excel>
          <Location>908px, 4px</Location>
          <Size>112px, 14px</Size>
          <Style>
            <TextAlign>Right</TextAlign>
          </Style>
          <StyleName>Heading 1</StyleName>
          <Value>Total Freight</Value>
        </TextBox>
        <TextBox Name="textBox3">
          <Excel>
            <column>8</column>
          </Excel>
          <Location>632px, 4px</Location>
          <Size>92px, 14px</Size>
          <Style>
            <TextAlign>Right</TextAlign>
          </Style>
          <StyleName>Heading 1</StyleName>
          <Value>Total Qty</Value>
        </TextBox>
        <TextBox Name="textBox30">
          <Excel>
            <column>2</column>
          </Excel>
          <Location>76px, 4px</Location>
          <Size>76px, 14px</Size>
          <StyleName>Heading 1</StyleName>
          <Value>Ship. Date</Value>
        </TextBox>
        <TextBox Name="textBox6">
          <Excel>
            <column>9</column>
          </Excel>
          <Location>724px, 4px</Location>
          <Size>92px, 14px</Size>
          <Style>
            <TextAlign>Right</TextAlign>
          </Style>
          <StyleName>Heading 1</StyleName>
          <Value>Total Weight</Value>
        </TextBox>
      </Items>
    </PageHeader>
  </Sections>
  <Items />
  <Groups>
    <Group Name="group1">
      <Grouping>
        <GroupExp>
          <DataField>SOShipment.ShipmentType</DataField>
        </GroupExp>
        <GroupExp>
          <DataField>SOShipment.ShipmentNbr</DataField>
        </GroupExp>
        <GroupExp>
          <DataField>SOShipLine.LineNbr</DataField>
        </GroupExp>
      </Grouping>
      <Headers>
        <Header Name="groupHeaderSection1">
          <GridSize>8px, 8px</GridSize>
          <Height>14px</Height>
          <PrintOnEveryPage>True</PrintOnEveryPage>
          <Variables>
            <ReportVariable>
              <Name>TotalQty</Name>
              <ValueExpr>=$TotalQty+[SOShipment.ShipmentQty]</ValueExpr>
            </ReportVariable>
            <ReportVariable>
              <Name>TotalWeight</Name>
              <ValueExpr>=$TotalWeight+[SOShipment.ShipmentWeight]</ValueExpr>
            </ReportVariable>
            <ReportVariable>
              <Name>TotalVolume</Name>
              <ValueExpr>=$TotalVolume+[SOShipment.ShipmentVolume]</ValueExpr>
            </ReportVariable>
            <ReportVariable>
              <Name>FreiqhtAmount</Name>
              <ValueExpr>=$FreiqhtAmount+[SOShipment.TotalFreightAmt]</ValueExpr>
            </ReportVariable>
          </Variables>
          <Items>
            <TextBox Name="textBox1">
              <Location>4px, 0px</Location>
              <NavigateMethod>Server</NavigateMethod>
              <Size>72px, 14px</Size>
              <StyleName>Normal</StyleName>
              <Value>=[SOShipment.ShipmentNbr]</Value>
            </TextBox>
            <TextBox Name="textBox20">
              <Excel>
                <column>8</column>
              </Excel>
              <Format>=[SOShipment.ShipmentQty.Format]</Format>
              <Location>632px, 0px</Location>
              <Size>92px, 14px</Size>
              <Style>
                <TextAlign>Right</TextAlign>
              </Style>
              <StyleName>Normal</StyleName>
              <Value>=[SOShipment.ShipmentQty]</Value>
            </TextBox>
            <TextBox Name="textBox24">
              <Excel>
                <column>4</column>
              </Excel>
              <Location>232px, 0px</Location>
              <Size>52px, 14px</Size>
              <StyleName>Normal</StyleName>
              <Value>=[SOShipment.Status]</Value>
            </TextBox>
            <TextBox Name="textBox26">
              <Excel>
                <column>5</column>
              </Excel>
              <Location>284px, 0px</Location>
              <Size>120px, 14px</Size>
              <StyleName>Normal</StyleName>
              <Value>=[SOShipment.ShipVia_Carrier_description]</Value>
            </TextBox>
            <TextBox Name="textBox29">
              <Excel>
                <column>10</column>
              </Excel>
              <Format>=[SOShipment.ShipmentVolume.Format]</Format>
              <Location>816px, 0px</Location>
              <Size>92px, 14px</Size>
              <Style>
                <TextAlign>Right</TextAlign>
              </Style>
              <StyleName>Normal</StyleName>
              <Value>=[SOShipment.ShipmentVolume]</Value>
            </TextBox>
            <TextBox Name="textBox33">
              <Excel>
                <column>7</column>
              </Excel>
              <Location>488px, 0px</Location>
              <Size>144px, 14px</Size>
              <StyleName>Normal</StyleName>
              <Value>=[SOShipment.CustomerID_BAccountR_acctName]</Value>
            </TextBox>
            <TextBox Name="textBox37">
              <Excel>
                <column>3</column>
              </Excel>
              <Location>152px, 0px</Location>
              <Size>80px, 14px</Size>
              <StyleName>Normal</StyleName>
              <Value>=[SOShipLine.InventoryID]</Value>
            </TextBox>
            <TextBox Name="textBox40">
              <Excel>
                <column>11</column>
              </Excel>
              <Format>=[SOShipment.TotalFreightAmt.Format]</Format>
              <Location>908px, 0px</Location>
              <Size>112px, 14px</Size>
              <Style>
                <TextAlign>Right</TextAlign>
              </Style>
              <StyleName>Normal</StyleName>
              <Value>=[SOShipment.TotalFreightAmt]</Value>
            </TextBox>
            <TextBox Name="textBox5">
              <Excel>
                <column>2</column>
              </Excel>
              <Location>76px, 0px</Location>
              <Size>76px, 14px</Size>
              <StyleName>Normal</StyleName>
              <Value>=[SOShipment.ShipDate]</Value>
            </TextBox>
            <TextBox Name="textBox7">
              <Excel>
                <column>6</column>
              </Excel>
              <Location>404px, 0px</Location>
              <Size>84px, 14px</Size>
              <StyleName>Normal</StyleName>
              <Value>=[SOShipment.CustomerID]</Value>
            </TextBox>
            <TextBox Name="textBox8">
              <Excel>
                <column>9</column>
              </Excel>
              <Format>=[SOShipment.ShipmentWeight.Format]</Format>
              <Location>724px, 0px</Location>
              <Size>92px, 14px</Size>
              <Style>
                <TextAlign>Right</TextAlign>
              </Style>
              <StyleName>Normal</StyleName>
              <Value>=[SOShipment.ShipmentWeight]</Value>
            </TextBox>
          </Items>
        </Header>
      </Headers>
      <Footers>
        <Footer Name="groupFooterSection1">
          <GridSize>8px, 8px</GridSize>
          <Height>0px</Height>
          <Visible>False</Visible>
        </Footer>
      </Footers>
    </Group>
  </Groups>
</Report>]]></column>
		</row>
	</rows>
</data>