﻿<?xml version="1.0" encoding="utf-8"?>
<data>
	<table name="UsersInRoles">
		<col name="CompanyID" type="Int" default="Zero" />
		<col name="Username" type="NVarChar(64)" />
		<col name="Rolename" type="NVarChar(64)" />
		<col name="ApplicationName" type="VarChar(32)" />
		<col name="CompanyMask" type="VarBinary(32)" default="CompanyMaskReadOnly" />
		<col name="CreatedByID" type="UniqueIdentifier" />
		<col name="CreatedByScreenID" type="Char(8)" />
		<col name="CreatedDateTime" type="DateTime" />
		<col name="LastModifiedByID" type="UniqueIdentifier" />
		<col name="LastModifiedByScreenID" type="Char(8)" />
		<col name="LastModifiedDateTime" type="DateTime" />
	</table>
	<rows>
		<row Username="admin" Rolename="ReportDesigner" ApplicationName="/" CreatedByID="b5344897-037e-4d58-b5c3-1bdfd0f47bf9" CreatedByScreenID="SM201005" CreatedDateTime="2019-12-31 10:45:59.173" LastModifiedByID="b5344897-037e-4d58-b5c3-1bdfd0f47bf9" LastModifiedByScreenID="SM201005" LastModifiedDateTime="2019-12-31 10:45:59.173" />
		<row Username="ajohnson" Rolename="Administrator" ApplicationName="/" CreatedByID="b5344897-037e-4d58-b5c3-1bdfd0f47bf9" CreatedByScreenID="SM201010" CreatedDateTime="2015-06-10 09:23:28.043" LastModifiedByID="b5344897-037e-4d58-b5c3-1bdfd0f47bf9" LastModifiedByScreenID="SM201010" LastModifiedDateTime="2015-06-10 09:23:28.043" />
		<row Username="dchubb" Rolename="Administrator" ApplicationName="/" CreatedByID="b5344897-037e-4d58-b5c3-1bdfd0f47bf9" CreatedByScreenID="SM201010" CreatedDateTime="2015-06-19 04:51:28.69" LastModifiedByID="b5344897-037e-4d58-b5c3-1bdfd0f47bf9" LastModifiedByScreenID="SM201010" LastModifiedDateTime="2015-06-19 04:51:28.69" />
	</rows>
</data>