﻿<?xml version="1.0" encoding="utf-8"?>
<data>
	<table name="VendorClass">
		<col name="CompanyID" type="Int" default="Zero" />
		<col name="VendorClassID" type="NVarChar(10)" />
		<col name="Descr" type="NVarChar(60)" nullable="true" />
		<col name="PaymentMethodID" type="NVarChar(10)" nullable="true" />
		<col name="CashAcctID" type="Int" nullable="true" />
		<col name="TaxZoneID" type="NVarChar(10)" nullable="true" />
		<col name="RequireTaxZone" type="Bit" default="Zero" />
		<col name="TaxCalcMode" type="Char(1)" />
		<col name="APAcctID" type="Int" nullable="true" />
		<col name="APSubID" type="Int" nullable="true" />
		<col name="ContraAPAcctID" type="Int" nullable="true" />
		<col name="ContraAPSubID" type="Int" nullable="true" />
		<col name="DiscTakenAcctID" type="Int" nullable="true" />
		<col name="DiscTakenSubID" type="Int" nullable="true" />
		<col name="DiscountAcctID" type="Int" nullable="true" />
		<col name="DiscountSubID" type="Int" nullable="true" />
		<col name="ExpenseAcctID" type="Int" nullable="true" />
		<col name="ExpenseSubID" type="Int" nullable="true" />
		<col name="FreightAcctID" type="Int" nullable="true" />
		<col name="FreightSubID" type="Int" nullable="true" />
		<col name="POAccrualAcctID" type="Int" nullable="true" />
		<col name="POAccrualSubID" type="Int" nullable="true" />
		<col name="UnrealizedGainAcctID" type="Int" nullable="true" />
		<col name="UnrealizedGainSubID" type="Int" nullable="true" />
		<col name="UnrealizedLossAcctID" type="Int" nullable="true" />
		<col name="UnrealizedLossSubID" type="Int" nullable="true" />
		<col name="TermsID" type="NVarChar(10)" nullable="true" />
		<col name="CuryID" type="NVarChar(5)" nullable="true" />
		<col name="CuryRateTypeID" type="NVarChar(6)" nullable="true" />
		<col name="AllowOverrideCury" type="Bit" default="Zero" />
		<col name="AllowOverrideRate" type="Bit" default="Zero" />
		<col name="CountryID" type="NVarChar(2)" nullable="true" />
		<col name="PrepaymentAcctID" type="Int" nullable="true" />
		<col name="PrepaymentSubID" type="Int" nullable="true" />
		<col name="PrebookAcctID" type="Int" nullable="true" />
		<col name="PrebookSubID" type="Int" nullable="true" />
		<col name="PaymentByType" type="Int" />
		<col name="ShipTermsID" type="NVarChar(10)" nullable="true" />
		<col name="RcptQtyAction" type="Char(1)" />
		<col name="PrintPO" type="Bit" />
		<col name="EmailPO" type="Bit" />
		<col name="GroupMask" type="VarBinary(32)" default="BinaryMaskZero" />
		<col name="tstamp" type="Timestamp" />
		<col name="CreatedByID" type="UniqueIdentifier" />
		<col name="CreatedByScreenID" type="Char(8)" />
		<col name="CreatedDateTime" type="DateTime" />
		<col name="LastModifiedByID" type="UniqueIdentifier" />
		<col name="LastModifiedByScreenID" type="Char(8)" />
		<col name="LastModifiedDateTime" type="DateTime" />
		<col name="DefaultLocationCDFromBranch" type="Bit" default="Zero" />
		<col name="DeletedDatabaseRecord" type="Bit" default="Zero" />
		<col name="NoteID" type="UniqueIdentifier" nullable="true" />
		<col name="RetainageAcctID" type="Int" nullable="true" />
		<col name="RetainageSubID" type="Int" nullable="true" />
		<col name="LocaleName" type="NVarChar(10)" nullable="true" />
	</table>
	<rows>
		<row VendorClassID="BASE" Descr="Default employee class" RequireTaxZone="0" TaxCalcMode="T" APSubID="1" DiscTakenAcctID="36" DiscTakenSubID="1" DiscountSubID="1" ExpenseAcctID="48" ExpenseSubID="1" FreightSubID="1" POAccrualSubID="1" UnrealizedGainSubID="1" UnrealizedLossSubID="1" AllowOverrideCury="0" AllowOverrideRate="0" PrepaymentSubID="1" PrebookSubID="1" PaymentByType="0" RcptQtyAction="W" PrintPO="1" EmailPO="1" GroupMask="0x" CreatedByID="b5344897-037e-4d58-b5c3-1bdfd0f47bf9" CreatedByScreenID="EP202000" CreatedDateTime="2015-04-22 17:13:23.32" LastModifiedByID="b5344897-037e-4d58-b5c3-1bdfd0f47bf9" LastModifiedByScreenID="EP202000" LastModifiedDateTime="2015-06-10 09:15:39.18" DefaultLocationCDFromBranch="0" DeletedDatabaseRecord="0" NoteID="894231b7-f9e8-e411-b599-60a44caf73d6" />
		<row VendorClassID="DEFAULT" Descr="Default" PaymentMethodID="CHECK" CashAcctID="9" RequireTaxZone="0" TaxCalcMode="T" APAcctID="34" APSubID="1" DiscTakenAcctID="36" DiscTakenSubID="1" DiscountSubID="1" ExpenseSubID="1" FreightSubID="1" POAccrualSubID="1" UnrealizedGainSubID="1" UnrealizedLossSubID="1" TermsID="30D" AllowOverrideCury="0" AllowOverrideRate="0" CountryID="US" PrepaymentAcctID="35" PrepaymentSubID="1" PrebookSubID="1" PaymentByType="0" RcptQtyAction="W" PrintPO="1" EmailPO="1" GroupMask="0x" CreatedByID="b5344897-037e-4d58-b5c3-1bdfd0f47bf9" CreatedByScreenID="AP201000" CreatedDateTime="2014-10-22 11:47:28.613" LastModifiedByID="b5344897-037e-4d58-b5c3-1bdfd0f47bf9" LastModifiedByScreenID="AP201000" LastModifiedDateTime="2014-10-22 11:47:28.613" DefaultLocationCDFromBranch="0" DeletedDatabaseRecord="0" NoteID="e51fa18b-bf59-e411-9ac8-74d435e7799b" />
	</rows>
</data>