{"payouts":[{"id":18795823204,"status":"in_transit","date":"2018-08-17","currency":"USD","amount":"6641.71","summary":{"adjustments_fee_amount":"0.00","adjustments_gross_amount":"0.00","charges_fee_amount":"166.69","charges_gross_amount":"6808.40","refunds_fee_amount":"0.00","refunds_gross_amount":"0.00","reserved_funds_fee_amount":"0.00","reserved_funds_gross_amount":"0.00","retried_payouts_fee_amount":"0.00","retried_payouts_gross_amount":"0.00"}},{"id":18774392932,"status":"paid","date":"2018-08-16","currency":"USD","amount":"7509.48","summary":{"adjustments_fee_amount":"0.00","adjustments_gross_amount":"6.28","charges_fee_amount":"194.33","charges_gross_amount":"7946.53","refunds_fee_amount":"0.00","refunds_gross_amount":"-249.00","reserved_funds_fee_amount":"0.00","reserved_funds_gross_amount":"0.00","retried_payouts_fee_amount":"0.00","retried_payouts_gross_amount":"0.00"}},{"id":18750505060,"status":"paid","date":"2018-08-15","currency":"USD","amount":"8545.19","summary":{"adjustments_fee_amount":"0.00","adjustments_gross_amount":"0.00","charges_fee_amount":"214.45","charges_gross_amount":"8759.64","refunds_fee_amount":"0.00","refunds_gross_amount":"0.00","reserved_funds_fee_amount":"0.00","reserved_funds_gross_amount":"0.00","retried_payouts_fee_amount":"0.00","retried_payouts_gross_amount":"0.00"}},{"id":18725732452,"status":"paid","date":"2018-08-14","currency":"USD","amount":"6520.32","summary":{"adjustments_fee_amount":"0.00","adjustments_gross_amount":"0.00","charges_fee_amount":"165.59","charges_gross_amount":"6685.91","refunds_fee_amount":"0.00","refunds_gross_amount":"0.00","reserved_funds_fee_amount":"0.00","reserved_funds_gross_amount":"0.00","retried_payouts_fee_amount":"0.00","retried_payouts_gross_amount":"0.00"}},{"id":18700107876,"status":"paid","date":"2018-08-13","currency":"USD","amount":"6445.04","summary":{"adjustments_fee_amount":"0.00","adjustments_gross_amount":"1.45","charges_fee_amount":"163.92","charges_gross_amount":"6667.23","refunds_fee_amount":"0.00","refunds_gross_amount":"-59.72","reserved_funds_fee_amount":"0.00","reserved_funds_gross_amount":"0.00","retried_payouts_fee_amount":"0.00","retried_payouts_gross_amount":"0.00"}},{"id":18680578148,"status":"paid","date":"2018-08-10","currency":"USD","amount":"2969.93","summary":{"adjustments_fee_amount":"0.00","adjustments_gross_amount":"0.00","charges_fee_amount":"75.81","charges_gross_amount":"3045.74","refunds_fee_amount":"0.00","refunds_gross_amount":"0.00","reserved_funds_fee_amount":"0.00","reserved_funds_gross_amount":"0.00","retried_payouts_fee_amount":"0.00","retried_payouts_gross_amount":"0.00"}},{"id":18656165988,"status":"paid","date":"2018-08-09","currency":"USD","amount":"228.97","summary":{"adjustments_fee_amount":"0.00","adjustments_gross_amount":"0.00","charges_fee_amount":"6.86","charges_gross_amount":"235.83","refunds_fee_amount":"0.00","refunds_gross_amount":"0.00","reserved_funds_fee_amount":"0.00","reserved_funds_gross_amount":"0.00","retried_payouts_fee_amount":"0.00","retried_payouts_gross_amount":"0.00"}},{"id":18635194468,"status":"paid","date":"2018-08-08","currency":"USD","amount":"2564.17","summary":{"adjustments_fee_amount":"0.00","adjustments_gross_amount":"0.00","charges_fee_amount":"65.51","charges_gross_amount":"2629.68","refunds_fee_amount":"0.00","refunds_gross_amount":"0.00","reserved_funds_fee_amount":"0.00","reserved_funds_gross_amount":"0.00","retried_payouts_fee_amount":"0.00","retried_payouts_gross_amount":"0.00"}},{"id":18612191332,"status":"paid","date":"2018-08-07","currency":"USD","amount":"1685.32","summary":{"adjustments_fee_amount":"0.00","adjustments_gross_amount":"0.00","charges_fee_amount":"45.14","charges_gross_amount":"1730.46","refunds_fee_amount":"0.00","refunds_gross_amount":"0.00","reserved_funds_fee_amount":"0.00","reserved_funds_gross_amount":"0.00","retried_payouts_fee_amount":"0.00","retried_payouts_gross_amount":"0.00"}},{"id":18591449188,"status":"paid","date":"2018-08-06","currency":"USD","amount":"15954.71","summary":{"adjustments_fee_amount":"0.00","adjustments_gross_amount":"0.00","charges_fee_amount":"396.66","charges_gross_amount":"16351.37","refunds_fee_amount":"0.00","refunds_gross_amount":"0.00","reserved_funds_fee_amount":"0.00","reserved_funds_gross_amount":"0.00","retried_payouts_fee_amount":"0.00","retried_payouts_gross_amount":"0.00"}},{"id":18559467620,"status":"paid","date":"2018-08-03","currency":"USD","amount":"8377.37","summary":{"adjustments_fee_amount":"0.00","adjustments_gross_amount":"0.00","charges_fee_amount":"208.16","charges_gross_amount":"8585.53","refunds_fee_amount":"0.00","refunds_gross_amount":"0.00","reserved_funds_fee_amount":"0.00","reserved_funds_gross_amount":"0.00","retried_payouts_fee_amount":"0.00","retried_payouts_gross_amount":"0.00"}},{"id":18542788708,"status":"paid","date":"2018-08-02","currency":"USD","amount":"3746.47","summary":{"adjustments_fee_amount":"0.00","adjustments_gross_amount":"1.92","charges_fee_amount":"97.73","charges_gross_amount":"3909.64","refunds_fee_amount":"0.00","refunds_gross_amount":"-67.36","reserved_funds_fee_amount":"0.00","reserved_funds_gross_amount":"0.00","retried_payouts_fee_amount":"0.00","retried_payouts_gross_amount":"0.00"}},{"id":18515984484,"status":"paid","date":"2018-08-01","currency":"USD","amount":"8022.56","summary":{"adjustments_fee_amount":"0.00","adjustments_gross_amount":"0.24","charges_fee_amount":"203.01","charges_gross_amount":"8232.83","refunds_fee_amount":"0.00","refunds_gross_amount":"-7.50","reserved_funds_fee_amount":"0.00","reserved_funds_gross_amount":"0.00","retried_payouts_fee_amount":"0.00","retried_payouts_gross_amount":"0.00"}},{"id":18493243492,"status":"paid","date":"2018-07-31","currency":"USD","amount":"5876.38","summary":{"adjustments_fee_amount":"0.00","adjustments_gross_amount":"0.00","charges_fee_amount":"150.68","charges_gross_amount":"6027.06","refunds_fee_amount":"0.00","refunds_gross_amount":"0.00","reserved_funds_fee_amount":"0.00","reserved_funds_gross_amount":"0.00","retried_payouts_fee_amount":"0.00","retried_payouts_gross_amount":"0.00"}},{"id":18475712612,"status":"paid","date":"2018-07-30","currency":"USD","amount":"7659.10","summary":{"adjustments_fee_amount":"0.00","adjustments_gross_amount":"0.00","charges_fee_amount":"190.19","charges_gross_amount":"7849.29","refunds_fee_amount":"0.00","refunds_gross_amount":"0.00","reserved_funds_fee_amount":"0.00","reserved_funds_gross_amount":"0.00","retried_payouts_fee_amount":"0.00","retried_payouts_gross_amount":"0.00"}},{"id":18444386404,"status":"paid","date":"2018-07-27","currency":"USD","amount":"3375.61","summary":{"adjustments_fee_amount":"0.00","adjustments_gross_amount":"0.00","charges_fee_amount":"85.48","charges_gross_amount":"3461.09","refunds_fee_amount":"0.00","refunds_gross_amount":"0.00","reserved_funds_fee_amount":"0.00","reserved_funds_gross_amount":"0.00","retried_payouts_fee_amount":"0.00","retried_payouts_gross_amount":"0.00"}},{"id":18424103012,"status":"paid","date":"2018-07-26","currency":"USD","amount":"1921.24","summary":{"adjustments_fee_amount":"0.00","adjustments_gross_amount":"5.92","charges_fee_amount":"56.90","charges_gross_amount":"2195.36","refunds_fee_amount":"0.00","refunds_gross_amount":"-223.14","reserved_funds_fee_amount":"0.00","reserved_funds_gross_amount":"0.00","retried_payouts_fee_amount":"0.00","retried_payouts_gross_amount":"0.00"}},{"id":18399723620,"status":"paid","date":"2018-07-25","currency":"USD","amount":"11553.40","summary":{"adjustments_fee_amount":"0.00","adjustments_gross_amount":"0.00","charges_fee_amount":"287.49","charges_gross_amount":"11840.89","refunds_fee_amount":"0.00","refunds_gross_amount":"0.00","reserved_funds_fee_amount":"0.00","reserved_funds_gross_amount":"0.00","retried_payouts_fee_amount":"0.00","retried_payouts_gross_amount":"0.00"}},{"id":18372755556,"status":"paid","date":"2018-07-24","currency":"USD","amount":"2572.22","summary":{"adjustments_fee_amount":"0.00","adjustments_gross_amount":"0.00","charges_fee_amount":"70.04","charges_gross_amount":"2642.26","refunds_fee_amount":"0.00","refunds_gross_amount":"0.00","reserved_funds_fee_amount":"0.00","reserved_funds_gross_amount":"0.00","retried_payouts_fee_amount":"0.00","retried_payouts_gross_amount":"0.00"}},{"id":18350047332,"status":"paid","date":"2018-07-23","currency":"USD","amount":"6803.31","summary":{"adjustments_fee_amount":"0.00","adjustments_gross_amount":"0.00","charges_fee_amount":"171.00","charges_gross_amount":"6974.31","refunds_fee_amount":"0.00","refunds_gross_amount":"0.00","reserved_funds_fee_amount":"0.00","reserved_funds_gross_amount":"0.00","retried_payouts_fee_amount":"0.00","retried_payouts_gross_amount":"0.00"}},{"id":18327273572,"status":"paid","date":"2018-07-20","currency":"USD","amount":"3944.55","summary":{"adjustments_fee_amount":"0.00","adjustments_gross_amount":"1.69","charges_fee_amount":"101.76","charges_gross_amount":"4102.42","refunds_fee_amount":"0.00","refunds_gross_amount":"-57.80","reserved_funds_fee_amount":"0.00","reserved_funds_gross_amount":"0.00","retried_payouts_fee_amount":"0.00","retried_payouts_gross_amount":"0.00"}},{"id":18308923492,"status":"paid","date":"2018-07-19","currency":"USD","amount":"5658.04","summary":{"adjustments_fee_amount":"0.00","adjustments_gross_amount":"2.88","charges_fee_amount":"145.12","charges_gross_amount":"5907.92","refunds_fee_amount":"0.00","refunds_gross_amount":"-107.64","reserved_funds_fee_amount":"0.00","reserved_funds_gross_amount":"0.00","retried_payouts_fee_amount":"0.00","retried_payouts_gross_amount":"0.00"}},{"id":18284544100,"status":"paid","date":"2018-07-18","currency":"USD","amount":"1190.17","summary":{"adjustments_fee_amount":"0.00","adjustments_gross_amount":"0.00","charges_fee_amount":"32.02","charges_gross_amount":"1222.19","refunds_fee_amount":"0.00","refunds_gross_amount":"0.00","reserved_funds_fee_amount":"0.00","reserved_funds_gross_amount":"0.00","retried_payouts_fee_amount":"0.00","retried_payouts_gross_amount":"0.00"}},{"id":18255347812,"status":"paid","date":"2018-07-17","currency":"USD","amount":"10947.69","summary":{"adjustments_fee_amount":"0.00","adjustments_gross_amount":"0.00","charges_fee_amount":"272.59","charges_gross_amount":"11220.28","refunds_fee_amount":"0.00","refunds_gross_amount":"0.00","reserved_funds_fee_amount":"0.00","reserved_funds_gross_amount":"0.00","retried_payouts_fee_amount":"0.00","retried_payouts_gross_amount":"0.00"}},{"id":18236702820,"status":"paid","date":"2018-07-16","currency":"USD","amount":"3281.73","summary":{"adjustments_fee_amount":"0.00","adjustments_gross_amount":"16.00","charges_fee_amount":"99.26","charges_gross_amount":"4022.99","refunds_fee_amount":"0.00","refunds_gross_amount":"-658.00","reserved_funds_fee_amount":"0.00","reserved_funds_gross_amount":"0.00","retried_payouts_fee_amount":"0.00","retried_payouts_gross_amount":"0.00"}},{"id":18211209316,"status":"paid","date":"2018-07-13","currency":"USD","amount":"5703.21","summary":{"adjustments_fee_amount":"0.00","adjustments_gross_amount":"4.27","charges_fee_amount":"146.99","charges_gross_amount":"5999.33","refunds_fee_amount":"0.00","refunds_gross_amount":"-153.40","reserved_funds_fee_amount":"0.00","reserved_funds_gross_amount":"0.00","retried_payouts_fee_amount":"0.00","retried_payouts_gross_amount":"0.00"}},{"id":18194432100,"status":"paid","date":"2018-07-12","currency":"USD","amount":"3869.86","summary":{"adjustments_fee_amount":"0.00","adjustments_gross_amount":"28.37","charges_fee_amount":"127.84","charges_gross_amount":"5138.88","refunds_fee_amount":"0.00","refunds_gross_amount":"-1169.55","reserved_funds_fee_amount":"0.00","reserved_funds_gross_amount":"0.00","retried_payouts_fee_amount":"0.00","retried_payouts_gross_amount":"0.00"}},{"id":18170085476,"status":"paid","date":"2018-07-11","currency":"USD","amount":"1703.43","summary":{"adjustments_fee_amount":"0.00","adjustments_gross_amount":"0.90","charges_fee_amount":"45.83","charges_gross_amount":"1783.83","refunds_fee_amount":"0.00","refunds_gross_amount":"-35.47","reserved_funds_fee_amount":"0.00","reserved_funds_gross_amount":"0.00","retried_payouts_fee_amount":"0.00","retried_payouts_gross_amount":"0.00"}},{"id":18138955876,"status":"paid","date":"2018-07-10","currency":"USD","amount":"7710.90","summary":{"adjustments_fee_amount":"0.00","adjustments_gross_amount":"0.00","charges_fee_amount":"193.62","charges_gross_amount":"7904.52","refunds_fee_amount":"0.00","refunds_gross_amount":"0.00","reserved_funds_fee_amount":"0.00","reserved_funds_gross_amount":"0.00","retried_payouts_fee_amount":"0.00","retried_payouts_gross_amount":"0.00"}},{"id":18119426148,"status":"paid","date":"2018-07-09","currency":"USD","amount":"5371.50","summary":{"adjustments_fee_amount":"0.00","adjustments_gross_amount":"0.00","charges_fee_amount":"135.79","charges_gross_amount":"5507.29","refunds_fee_amount":"0.00","refunds_gross_amount":"0.00","reserved_funds_fee_amount":"0.00","reserved_funds_gross_amount":"0.00","retried_payouts_fee_amount":"0.00","retried_payouts_gross_amount":"0.00"}},{"id":18094850148,"status":"paid","date":"2018-07-06","currency":"USD","amount":"9437.34","summary":{"adjustments_fee_amount":"0.00","adjustments_gross_amount":"0.00","charges_fee_amount":"235.46","charges_gross_amount":"9672.80","refunds_fee_amount":"0.00","refunds_gross_amount":"0.00","reserved_funds_fee_amount":"0.00","reserved_funds_gross_amount":"0.00","retried_payouts_fee_amount":"0.00","retried_payouts_gross_amount":"0.00"}},{"id":18073649252,"status":"paid","date":"2018-07-05","currency":"USD","amount":"9164.45","summary":{"adjustments_fee_amount":"0.00","adjustments_gross_amount":"0.00","charges_fee_amount":"228.44","charges_gross_amount":"9392.89","refunds_fee_amount":"0.00","refunds_gross_amount":"0.00","reserved_funds_fee_amount":"0.00","reserved_funds_gross_amount":"0.00","retried_payouts_fee_amount":"0.00","retried_payouts_gross_amount":"0.00"}},{"id":18037669988,"status":"paid","date":"2018-07-03","currency":"USD","amount":"15495.00","summary":{"adjustments_fee_amount":"0.00","adjustments_gross_amount":"0.39","charges_fee_amount":"386.90","charges_gross_amount":"15895.56","refunds_fee_amount":"0.00","refunds_gross_amount":"-14.05","reserved_funds_fee_amount":"0.00","reserved_funds_gross_amount":"0.00","retried_payouts_fee_amount":"0.00","retried_payouts_gross_amount":"0.00"}},{"id":18017976420,"status":"paid","date":"2018-07-02","currency":"USD","amount":"1865.52","summary":{"adjustments_fee_amount":"0.00","adjustments_gross_amount":"0.39","charges_fee_amount":"48.67","charges_gross_amount":"1927.85","refunds_fee_amount":"0.00","refunds_gross_amount":"-14.05","reserved_funds_fee_amount":"0.00","reserved_funds_gross_amount":"0.00","retried_payouts_fee_amount":"0.00","retried_payouts_gross_amount":"0.00"}},{"id":17990418532,"status":"paid","date":"2018-06-29","currency":"USD","amount":"4501.84","summary":{"adjustments_fee_amount":"0.00","adjustments_gross_amount":"2.91","charges_fee_amount":"116.28","charges_gross_amount":"4732.06","refunds_fee_amount":"0.00","refunds_gross_amount":"-116.85","reserved_funds_fee_amount":"0.00","reserved_funds_gross_amount":"0.00","retried_payouts_fee_amount":"0.00","retried_payouts_gross_amount":"0.00"}},{"id":17968922724,"status":"paid","date":"2018-06-28","currency":"USD","amount":"8324.33","summary":{"adjustments_fee_amount":"0.00","adjustments_gross_amount":"0.00","charges_fee_amount":"207.15","charges_gross_amount":"8531.48","refunds_fee_amount":"0.00","refunds_gross_amount":"0.00","reserved_funds_fee_amount":"0.00","reserved_funds_gross_amount":"0.00","retried_payouts_fee_amount":"0.00","retried_payouts_gross_amount":"0.00"}},{"id":17946935396,"status":"paid","date":"2018-06-27","currency":"USD","amount":"14266.68","summary":{"adjustments_fee_amount":"0.00","adjustments_gross_amount":"0.00","charges_fee_amount":"352.67","charges_gross_amount":"14619.35","refunds_fee_amount":"0.00","refunds_gross_amount":"0.00","reserved_funds_fee_amount":"0.00","reserved_funds_gross_amount":"0.00","retried_payouts_fee_amount":"0.00","retried_payouts_gross_amount":"0.00"}},{"id":17917837412,"status":"paid","date":"2018-06-26","currency":"USD","amount":"7880.92","summary":{"adjustments_fee_amount":"0.00","adjustments_gross_amount":"0.12","charges_fee_amount":"197.59","charges_gross_amount":"8082.39","refunds_fee_amount":"0.00","refunds_gross_amount":"-4.00","reserved_funds_fee_amount":"0.00","reserved_funds_gross_amount":"0.00","retried_payouts_fee_amount":"0.00","retried_payouts_gross_amount":"0.00"}},{"id":17905188964,"status":"paid","date":"2018-06-25","currency":"USD","amount":"6360.10","summary":{"adjustments_fee_amount":"0.00","adjustments_gross_amount":"0.00","charges_fee_amount":"159.16","charges_gross_amount":"6519.26","refunds_fee_amount":"0.00","refunds_gross_amount":"0.00","reserved_funds_fee_amount":"0.00","reserved_funds_gross_amount":"0.00","retried_payouts_fee_amount":"0.00","retried_payouts_gross_amount":"0.00"}},{"id":17874714724,"status":"paid","date":"2018-06-22","currency":"USD","amount":"3264.98","summary":{"adjustments_fee_amount":"0.00","adjustments_gross_amount":"0.00","charges_fee_amount":"83.06","charges_gross_amount":"3348.04","refunds_fee_amount":"0.00","refunds_gross_amount":"0.00","reserved_funds_fee_amount":"0.00","reserved_funds_gross_amount":"0.00","retried_payouts_fee_amount":"0.00","retried_payouts_gross_amount":"0.00"}},{"id":17851678820,"status":"paid","date":"2018-06-21","currency":"USD","amount":"3008.08","summary":{"adjustments_fee_amount":"0.00","adjustments_gross_amount":"1.09","charges_fee_amount":"79.38","charges_gross_amount":"3119.36","refunds_fee_amount":"0.00","refunds_gross_amount":"-32.99","reserved_funds_fee_amount":"0.00","reserved_funds_gross_amount":"0.00","retried_payouts_fee_amount":"0.00","retried_payouts_gross_amount":"0.00"}},{"id":17830936676,"status":"paid","date":"2018-06-20","currency":"USD","amount":"11247.53","summary":{"adjustments_fee_amount":"0.00","adjustments_gross_amount":"0.00","charges_fee_amount":"281.81","charges_gross_amount":"11529.34","refunds_fee_amount":"0.00","refunds_gross_amount":"0.00","reserved_funds_fee_amount":"0.00","reserved_funds_gross_amount":"0.00","retried_payouts_fee_amount":"0.00","retried_payouts_gross_amount":"0.00"}},{"id":17806131300,"status":"paid","date":"2018-06-19","currency":"USD","amount":"1771.37","summary":{"adjustments_fee_amount":"0.00","adjustments_gross_amount":"0.00","charges_fee_amount":"48.18","charges_gross_amount":"1819.55","refunds_fee_amount":"0.00","refunds_gross_amount":"0.00","reserved_funds_fee_amount":"0.00","reserved_funds_gross_amount":"0.00","retried_payouts_fee_amount":"0.00","retried_payouts_gross_amount":"0.00"}},{"id":17790566500,"status":"paid","date":"2018-06-18","currency":"USD","amount":"10792.35","summary":{"adjustments_fee_amount":"0.00","adjustments_gross_amount":"0.00","charges_fee_amount":"267.55","charges_gross_amount":"11059.90","refunds_fee_amount":"0.00","refunds_gross_amount":"0.00","reserved_funds_fee_amount":"0.00","reserved_funds_gross_amount":"0.00","retried_payouts_fee_amount":"0.00","retried_payouts_gross_amount":"0.00"}},{"id":17757864036,"status":"paid","date":"2018-06-15","currency":"USD","amount":"2141.26","summary":{"adjustments_fee_amount":"0.00","adjustments_gross_amount":"0.00","charges_fee_amount":"55.12","charges_gross_amount":"2196.38","refunds_fee_amount":"0.00","refunds_gross_amount":"0.00","reserved_funds_fee_amount":"0.00","reserved_funds_gross_amount":"0.00","retried_payouts_fee_amount":"0.00","retried_payouts_gross_amount":"0.00"}},{"id":17736695908,"status":"paid","date":"2018-06-14","currency":"USD","amount":"2152.45","summary":{"adjustments_fee_amount":"0.00","adjustments_gross_amount":"0.00","charges_fee_amount":"55.40","charges_gross_amount":"2207.85","refunds_fee_amount":"0.00","refunds_gross_amount":"0.00","reserved_funds_fee_amount":"0.00","reserved_funds_gross_amount":"0.00","retried_payouts_fee_amount":"0.00","retried_payouts_gross_amount":"0.00"}},{"id":17712480356,"status":"paid","date":"2018-06-13","currency":"USD","amount":"880.26","summary":{"adjustments_fee_amount":"0.00","adjustments_gross_amount":"0.00","charges_fee_amount":"23.49","charges_gross_amount":"903.75","refunds_fee_amount":"0.00","refunds_gross_amount":"0.00","reserved_funds_fee_amount":"0.00","reserved_funds_gross_amount":"0.00","retried_payouts_fee_amount":"0.00","retried_payouts_gross_amount":"0.00"}},{"id":17686495332,"status":"paid","date":"2018-06-12","currency":"USD","amount":"13678.92","summary":{"adjustments_fee_amount":"0.00","adjustments_gross_amount":"3.06","charges_fee_amount":"344.06","charges_gross_amount":"14134.87","refunds_fee_amount":"0.00","refunds_gross_amount":"-114.95","reserved_funds_fee_amount":"0.00","reserved_funds_gross_amount":"0.00","retried_payouts_fee_amount":"0.00","retried_payouts_gross_amount":"0.00"}},{"id":17661952100,"status":"paid","date":"2018-06-11","currency":"USD","amount":"2242.30","summary":{"adjustments_fee_amount":"0.00","adjustments_gross_amount":"0.28","charges_fee_amount":"58.77","charges_gross_amount":"2310.79","refunds_fee_amount":"0.00","refunds_gross_amount":"-10.00","reserved_funds_fee_amount":"0.00","reserved_funds_gross_amount":"0.00","retried_payouts_fee_amount":"0.00","retried_payouts_gross_amount":"0.00"}},{"id":17637834852,"status":"paid","date":"2018-06-08","currency":"USD","amount":"6829.87","summary":{"adjustments_fee_amount":"0.00","adjustments_gross_amount":"71.55","charges_fee_amount":"242.94","charges_gross_amount":"9972.01","refunds_fee_amount":"0.00","refunds_gross_amount":"-2970.75","reserved_funds_fee_amount":"0.00","reserved_funds_gross_amount":"0.00","retried_payouts_fee_amount":"0.00","retried_payouts_gross_amount":"0.00"}}]}