{"balance_transactions":[{"id":213555904612,"amount":"1.45","fee":"0.00","net":"1.45","transaction_id":"ch_1CxKRI2g7G1x6jgVdagKvtaT","transaction_type":"adjustment","payout_date":"2018-08-12T19:00:00-05:00","transfer_id":"po_1Cy7y82g7G1x6jgVRpvcoEDE","payments_transfer_id":18700107876,"created":"2018-08-09T17:07:53-05:00","order_id":544865681508,"order_name":"15988","payout_status":"paid","displayed_transaction_type":"adjustment","status":"available"},{"id":213555871844,"amount":"-59.72","fee":"0.00","net":"-59.72","transaction_id":"ch_1CxKRI2g7G1x6jgVdagKvtaT","transaction_type":"refund","payout_date":"2018-08-12T19:00:00-05:00","transfer_id":"po_1Cy7y82g7G1x6jgVRpvcoEDE","payments_transfer_id":18700107876,"created":"2018-08-09T17:07:53-05:00","order_id":544865681508,"order_name":"15988","payout_status":"paid","displayed_transaction_type":"refund","status":"available"},{"id":213546467428,"amount":"95.90","fee":"2.60","net":"93.30","transaction_id":"ch_1CxLN12g7G1x6jgVwGiFrCSG","transaction_type":"charge","payout_date":"2018-08-12T19:00:00-05:00","transfer_id":"po_1Cy7y82g7G1x6jgVRpvcoEDE","payments_transfer_id":18700107876,"created":"2018-08-09T16:08:55-05:00","order_id":544895008868,"order_name":"15991","payout_status":"paid","displayed_transaction_type":"charge","status":"available"},{"id":213545123940,"amount":"32.99","fee":"1.09","net":"31.90","transaction_id":"ch_1CxLD82g7G1x6jgVFBe74Sg8","transaction_type":"charge","payout_date":"2018-08-12T19:00:00-05:00","transfer_id":"po_1Cy7y82g7G1x6jgVRpvcoEDE","payments_transfer_id":18700107876,"created":"2018-08-09T15:58:41-05:00","order_id":544890323044,"order_name":"15990","payout_status":"paid","displayed_transaction_type":"charge","status":"available"},{"id":213535588452,"amount":"952.01","fee":"23.15","net":"928.86","transaction_id":"ch_1CxKRI2g7G1x6jgVdagKvtaT","transaction_type":"charge","payout_date":"2018-08-12T19:00:00-05:00","transfer_id":"po_1Cy7y82g7G1x6jgVRpvcoEDE","payments_transfer_id":18700107876,"created":"2018-08-09T15:09:19-05:00","order_id":544865681508,"order_name":"15988","payout_status":"paid","displayed_transaction_type":"charge","status":"available"},{"id":213534802020,"amount":"4704.75","fee":"113.21","net":"4591.54","transaction_id":"ch_1CxKNi2g7G1x6jgVnZQcQ1WR","transaction_type":"charge","payout_date":"2018-08-12T19:00:00-05:00","transfer_id":"po_1Cy7y82g7G1x6jgVRpvcoEDE","payments_transfer_id":18700107876,"created":"2018-08-09T15:05:34-05:00","order_id":544864043108,"order_name":"15987","payout_status":"paid","displayed_transaction_type":"charge","status":"available"},{"id":213533950052,"amount":"78.00","fee":"2.17","net":"75.83","transaction_id":"ch_1CxKHd2g7G1x6jgVm9vCxj1Z","transaction_type":"charge","payout_date":"2018-08-12T19:00:00-05:00","transfer_id":"po_1Cy7y82g7G1x6jgVRpvcoEDE","payments_transfer_id":18700107876,"created":"2018-08-09T14:59:17-05:00","order_id":544860995684,"order_name":"15986","payout_status":"paid","displayed_transaction_type":"charge","status":"available"},{"id":213512093796,"amount":"99.90","fee":"2.70","net":"97.20","transaction_id":"ch_1CxII22g7G1x6jgVM2PwWq8U","transaction_type":"charge","payout_date":"2018-08-12T19:00:00-05:00","transfer_id":"po_1Cy7y82g7G1x6jgVRpvcoEDE","payments_transfer_id":18700107876,"created":"2018-08-09T12:51:33-05:00","order_id":544795590756,"order_name":"15985","payout_status":"paid","displayed_transaction_type":"charge","status":"available"},{"id":213510488164,"amount":"101.96","fee":"2.75","net":"99.21","transaction_id":"ch_1CxI8I2g7G1x6jgVN9VmQcU3","transaction_type":"charge","payout_date":"2018-08-12T19:00:00-05:00","transfer_id":"po_1Cy7y82g7G1x6jgVRpvcoEDE","payments_transfer_id":18700107876,"created":"2018-08-09T12:41:30-05:00","order_id":544789954660,"order_name":"15984","payout_status":"paid","displayed_transaction_type":"charge","status":"available"},{"id":213497839716,"amount":"32.50","fee":"1.08","net":"31.42","transaction_id":"ch_1CxGhe2g7G1x6jgVQwOWTGHE","transaction_type":"charge","payout_date":"2018-08-12T19:00:00-05:00","transfer_id":"po_1Cy7y82g7G1x6jgVRpvcoEDE","payments_transfer_id":18700107876,"created":"2018-08-09T11:09:53-05:00","order_id":544740278372,"order_name":"15982","payout_status":"paid","displayed_transaction_type":"charge","status":"available"},{"id":213491318884,"amount":"111.90","fee":"2.99","net":"108.91","transaction_id":"ch_1CxFy52g7G1x6jgVr2tsvf4j","transaction_type":"charge","payout_date":"2018-08-12T19:00:00-05:00","transfer_id":"po_1Cy7y82g7G1x6jgVRpvcoEDE","payments_transfer_id":18700107876,"created":"2018-08-09T10:22:48-05:00","order_id":544715210852,"order_name":"15981","payout_status":"paid","displayed_transaction_type":"charge","status":"available"},{"id":213489483876,"amount":"86.47","fee":"2.38","net":"84.09","transaction_id":"ch_1CxFm92g7G1x6jgVJvsFt7Fr","transaction_type":"charge","payout_date":"2018-08-12T19:00:00-05:00","transfer_id":"po_1Cy7y82g7G1x6jgVRpvcoEDE","payments_transfer_id":18700107876,"created":"2018-08-09T10:10:30-05:00","order_id":544708231268,"order_name":"15979","payout_status":"paid","displayed_transaction_type":"charge","status":"available"},{"id":213487878244,"amount":"119.90","fee":"3.18","net":"116.72","transaction_id":"ch_1CxFYL2g7G1x6jgVokgrvEPQ","transaction_type":"charge","payout_date":"2018-08-12T19:00:00-05:00","transfer_id":"po_1Cy7y82g7G1x6jgVRpvcoEDE","payments_transfer_id":18700107876,"created":"2018-08-09T09:56:14-05:00","order_id":544701218916,"order_name":"15978","payout_status":"paid","displayed_transaction_type":"charge","status":"available"},{"id":213470707812,"amount":"136.00","fee":"3.56","net":"132.44","transaction_id":"ch_1CxCfD2g7G1x6jgVy9l8d4pO","transaction_type":"charge","payout_date":"2018-08-12T19:00:00-05:00","transfer_id":"po_1Cy7y82g7G1x6jgVRpvcoEDE","payments_transfer_id":18700107876,"created":"2018-08-09T06:51:07-05:00","order_id":544625393764,"order_name":"15975","payout_status":"paid","displayed_transaction_type":"charge","status":"available"},{"id":213450915940,"amount":"114.95","fee":"3.06","net":"111.89","transaction_id":"ch_1Cx4wh2g7G1x6jgVpgWb2OE6","transaction_type":"charge","payout_date":"2018-08-12T19:00:00-05:00","transfer_id":"po_1Cy7y82g7G1x6jgVRpvcoEDE","payments_transfer_id":18700107876,"created":"2018-08-08T22:36:39-05:00","order_id":544495239268,"order_name":"15974","payout_status":"paid","displayed_transaction_type":"charge","status":"available"}]}