{"transactions":[{"id":214490251364,"type":"charge","test":false,"payout_id":18795823204,"payout_status":"in_transit","currency":"USD","amount":"57.45","fee":"1.68","net":"55.77","source_id":274163368036,"source_type":"charge","source_order_id":548034052196,"source_order_transaction_id":707779788900,"processed_at":"2018-08-15T17:14:59-05:00"},{"id":214483992676,"type":"charge","test":false,"payout_id":18795823204,"payout_status":"in_transit","currency":"USD","amount":"57.45","fee":"1.68","net":"55.77","source_id":274157535332,"source_type":"charge","source_order_id":548016619620,"source_order_transaction_id":707759505508,"processed_at":"2018-08-15T16:38:34-05:00"},{"id":214466068580,"type":"charge","test":false,"payout_id":18795823204,"payout_status":"in_transit","currency":"USD","amount":"227.19","fee":"5.75","net":"221.44","source_id":274139873380,"source_type":"charge","source_order_id":547965403236,"source_order_transaction_id":707697770596,"processed_at":"2018-08-15T14:51:37-05:00"},{"id":214465839204,"type":"charge","test":false,"payout_id":18795823204,"payout_status":"in_transit","currency":"USD","amount":"276.32","fee":"6.93","net":"269.39","source_id":274139644004,"source_type":"charge","source_order_id":547965173860,"source_order_transaction_id":707697344612,"processed_at":"2018-08-15T14:50:56-05:00"},{"id":214442901604,"type":"charge","test":false,"payout_id":18795823204,"payout_status":"in_transit","currency":"USD","amount":"2850.00","fee":"68.70","net":"2781.30","source_id":274118017124,"source_type":"charge","source_order_id":547902521444,"source_order_transaction_id":707624337508,"processed_at":"2018-08-15T12:40:06-05:00"},{"id":214437036132,"type":"charge","test":false,"payout_id":18795823204,"payout_status":"in_transit","currency":"USD","amount":"70.00","fee":"1.98","net":"68.02","source_id":274112282724,"source_type":"charge","source_order_id":547884073060,"source_order_transaction_id":707601334372,"processed_at":"2018-08-15T12:01:23-05:00"},{"id":214436348004,"type":"charge","test":false,"payout_id":18795823204,"payout_status":"in_transit","currency":"USD","amount":"37.50","fee":"1.20","net":"36.30","source_id":274111758436,"source_type":"charge","source_order_id":547882696804,"source_order_transaction_id":707599564900,"processed_at":"2018-08-15T11:58:10-05:00"},{"id":214428647524,"type":"charge","test":false,"payout_id":18795823204,"payout_status":"in_transit","currency":"USD","amount":"78.00","fee":"2.17","net":"75.83","source_id":274104680548,"source_type":"charge","source_order_id":547862642788,"source_order_transaction_id":707574595684,"processed_at":"2018-08-15T11:14:02-05:00"},{"id":214409379940,"type":"charge","test":false,"payout_id":18795823204,"payout_status":"in_transit","currency":"USD","amount":"275.00","fee":"6.90","net":"268.10","source_id":274087346276,"source_type":"charge","source_order_id":547811721316,"source_order_transaction_id":707512565860,"processed_at":"2018-08-15T09:23:55-05:00"},{"id":214407774308,"type":"charge","test":false,"payout_id":18795823204,"payout_status":"in_transit","currency":"USD","amount":"2858.49","fee":"68.90","net":"2789.59","source_id":274085675108,"source_type":"charge","source_order_id":547806249060,"source_order_transaction_id":707506339940,"processed_at":"2018-08-15T09:11:14-05:00"},{"id":214380085348,"type":"charge","test":false,"payout_id":18795823204,"payout_status":"in_transit","currency":"USD","amount":"21.00","fee":"0.80","net":"20.20","source_id":274054905956,"source_type":"charge","source_order_id":547620126820,"source_order_transaction_id":707288006756,"processed_at":"2018-08-14T23:37:11-05:00"}]}