{"transactions":[{"id":707417342052,"order_id":547737043044,"amount":"99.00","kind":"authorization","gateway":"paypal","status":"success","message":"Success","created_at":"2018-08-15T06:05:03-05:00","test":false,"authorization":"76160003DN756543X","currency":"USD","location_id":null,"user_id":null,"parent_id":null,"device_id":null,"receipt":{"timestamp":"2018-08-15T11:05:07Z","ack":"Success","correlation_id":"c31a04c31ff84","version":"124","build":"48633247","token":"EC-4U456030UM816414V","transaction_id":"76160003DN756543X","parent_transaction_id":null,"receipt_id":null,"transaction_type":"cart","payment_type":"instant","payment_date":"2018-08-15T11:05:06Z","gross_amount":"99.00","gross_amount_currency_id":"USD","tax_amount":"0.00","tax_amount_currency_id":"USD","exchange_rate":null,"payment_status":"Pending","pending_reason":"authorization","reason_code":"none","protection_eligibility":"Eligible","protection_eligibility_type":"ItemNotReceivedEligible,UnauthorizedPaymentEligible","secure_merchant_account_id":"WGP96NF2KCNCQ","success_page_redirect_requested":"false","coupled_payment_info":null,"Token":"EC-4U456030UM816414V","PaymentInfo":{"TransactionID":"76160003DN756543X","ParentTransactionID":null,"ReceiptID":null,"TransactionType":"cart","PaymentType":"instant","PaymentDate":"2018-08-15T11:05:06Z","GrossAmount":"99.00","TaxAmount":"0.00","ExchangeRate":null,"PaymentStatus":"Pending","PendingReason":"authorization","ReasonCode":"none","ProtectionEligibility":"Eligible","ProtectionEligibilityType":"ItemNotReceivedEligible,UnauthorizedPaymentEligible","SellerDetails":{"SecureMerchantAccountID":"WGP96NF2KCNCQ"}},"SuccessPageRedirectRequested":"false","CoupledPaymentInfo":null},"error_code":null,"source_name":"web"},{"id":707417669732,"order_id":547737043044,"amount":"99.00","kind":"capture","gateway":"paypal","status":"success","message":"Success","created_at":"2018-08-15T06:05:25-05:00","test":false,"authorization":"42X59509EC877705G","currency":"USD","location_id":null,"user_id":null,"parent_id":707417342052,"device_id":null,"receipt":{"timestamp":"2018-08-15T11:05:34Z","ack":"Success","correlation_id":"f2025a03282cd","version":"124","build":"48633247","authorization_id":"76160003DN756543X","transaction_id":"42X59509EC877705G","parent_transaction_id":"76160003DN756543X","receipt_id":null,"transaction_type":"cart","payment_type":"instant","payment_date":"2018-08-15T11:05:32Z","gross_amount":"99.00","gross_amount_currency_id":"USD","fee_amount":"3.17","fee_amount_currency_id":"USD","tax_amount":"0.00","tax_amount_currency_id":"USD","exchange_rate":null,"payment_status":"Completed","pending_reason":"none","reason_code":"none","shipping_method":"Default","protection_eligibility":"Eligible","protection_eligibility_type":"ItemNotReceivedEligible,UnauthorizedPaymentEligible","AuthorizationID":"76160003DN756543X","PaymentInfo":{"TransactionID":"42X59509EC877705G","ParentTransactionID":"76160003DN756543X","ReceiptID":null,"TransactionType":"cart","PaymentType":"instant","PaymentDate":"2018-08-15T11:05:32Z","GrossAmount":"99.00","FeeAmount":"3.17","TaxAmount":"0.00","ExchangeRate":null,"PaymentStatus":"Completed","PendingReason":"none","ReasonCode":"none","ShippingMethod":"Default","ProtectionEligibility":"Eligible","ProtectionEligibilityType":"ItemNotReceivedEligible,UnauthorizedPaymentEligible"}},"error_code":null,"source_name":"130627"}]}