[{"id":"bb821df2-cc13-46cc-9c02-dc6e5f17ca6f","rowNumber":1,"note":"","AccountRef":{},"ApplyOverdueCharges":{"value":false},"AutoApplyPayments":{"value":false},"BillingAddressSameAsMain":{"value":true},"BillingContactSameAsMain":{"value":true},"CreatedDateTime":{"value":"2014-11-05T14:31:31.42-06:00"},"CurrencyID":{"value":"USD"},"CurrencyRateType":{},"CustomerClass":{"value":"DEFAULT"},"CustomerID":{"value":"C000000001"},"CustomerName":{"value":"RegularCo"},"EnableCurrencyOverride":{"value":false},"EnableRateOverride":{"value":false},"EnableWriteOffs":{"value":true},"FOBPoint":{},"LastModifiedDateTime":{"value":"2015-07-17T06:06:57.493-05:00"},"LeadTimedays":{},"MultiCurrencyStatements":{"value":false},"OrderPriority":{"value":0},"ParentRecord":{},"PriceClassID":{},"PrintDunningLetters":{"value":true},"PrintInvoices":{"value":false},"PrintStatements":{"value":true},"ResidentialDelivery":{"value":false},"SaturdayDelivery":{"value":false},"SendDunningLettersbyEmail":{"value":false},"SendInvoicesbyEmail":{"value":false},"SendStatementsbyEmail":{"value":false},"ShippingAddressSameAsMain":{},"ShippingContactSameAsMain":{},"ShippingRule":{"value":"Cancel Remainder"},"ShippingTerms":{},"ShippingZoneID":{},"ShipVia":{},"StatementCycleID":{"value":"EOM"},"StatementType":{"value":"Open Item"},"Status":{"value":"Active"},"TaxRegistrationID":{},"TaxZone":{},"Terms":{"value":"30D"},"WriteOffLimit":{"value":5.0000},"custom":{},"files":[]},{"id":"97af7471-2352-4578-884c-faa7cdcc7742","rowNumber":2,"note":"","AccountRef":{},"ApplyOverdueCharges":{"value":false},"AutoApplyPayments":{"value":false},"BillingAddressSameAsMain":{"value":true},"BillingContactSameAsMain":{"value":true},"CreatedDateTime":{"value":"2014-11-05T14:31:57.21-06:00"},"CurrencyID":{"value":"USD"},"CurrencyRateType":{},"CustomerClass":{"value":"DEFAULT"},"CustomerID":{"value":"C000000002"},"CustomerName":{"value":"GoodCo"},"EnableCurrencyOverride":{"value":false},"EnableRateOverride":{"value":false},"EnableWriteOffs":{"value":false},"FOBPoint":{},"LastModifiedDateTime":{"value":"2015-07-17T06:07:02.783-05:00"},"LeadTimedays":{},"MultiCurrencyStatements":{"value":false},"OrderPriority":{"value":0},"ParentRecord":{},"PriceClassID":{},"PrintDunningLetters":{"value":true},"PrintInvoices":{"value":true},"PrintStatements":{"value":true},"ResidentialDelivery":{"value":false},"SaturdayDelivery":{"value":false},"SendDunningLettersbyEmail":{"value":false},"SendInvoicesbyEmail":{"value":false},"SendStatementsbyEmail":{"value":false},"ShippingAddressSameAsMain":{},"ShippingContactSameAsMain":{},"ShippingRule":{"value":"Cancel Remainder"},"ShippingTerms":{},"ShippingZoneID":{},"ShipVia":{},"StatementCycleID":{"value":"EOM"},"StatementType":{"value":"Balance Brought Forward"},"Status":{"value":"Active"},"TaxRegistrationID":{},"TaxZone":{},"Terms":{"value":"30D"},"WriteOffLimit":{"value":0.0000},"custom":{},"files":[]},{"id":"73e238a9-abb9-4f89-b1b2-93e0743f6335","rowNumber":3,"note":"","AccountRef":{},"ApplyOverdueCharges":{"value":false},"AutoApplyPayments":{"value":false},"BillingAddressSameAsMain":{"value":true},"BillingContactSameAsMain":{"value":true},"CreatedDateTime":{"value":"2014-11-05T14:32:15-06:00"},"CurrencyID":{"value":"USD"},"CurrencyRateType":{},"CustomerClass":{"value":"DEFAULT"},"CustomerID":{"value":"C000000003"},"CustomerName":{"value":"EarlyCo"},"EnableCurrencyOverride":{"value":false},"EnableRateOverride":{"value":false},"EnableWriteOffs":{"value":true},"FOBPoint":{},"LastModifiedDateTime":{"value":"2015-07-17T06:07:08.473-05:00"},"LeadTimedays":{},"MultiCurrencyStatements":{"value":false},"OrderPriority":{"value":0},"ParentRecord":{},"PriceClassID":{},"PrintDunningLetters":{"value":true},"PrintInvoices":{"value":false},"PrintStatements":{"value":false},"ResidentialDelivery":{"value":false},"SaturdayDelivery":{"value":false},"SendDunningLettersbyEmail":{"value":false},"SendInvoicesbyEmail":{"value":false},"SendStatementsbyEmail":{"value":false},"ShippingAddressSameAsMain":{},"ShippingContactSameAsMain":{},"ShippingRule":{"value":"Cancel Remainder"},"ShippingTerms":{},"ShippingZoneID":{},"ShipVia":{},"StatementCycleID":{"value":"EOM"},"StatementType":{"value":"Open Item"},"Status":{"value":"Active"},"TaxRegistrationID":{},"TaxZone":{},"Terms":{"value":"30D7D3"},"WriteOffLimit":{"value":5.0000},"custom":{},"files":[]},{"id":"2367dab4-a2f9-44bf-b22c-30b57cbb86f6","rowNumber":4,"note":"","AccountRef":{},"ApplyOverdueCharges":{"value":true},"AutoApplyPayments":{"value":false},"BillingAddressSameAsMain":{"value":true},"BillingContactSameAsMain":{"value":true},"CreatedDateTime":{"value":"2014-11-05T14:32:46.207-06:00"},"CurrencyID":{"value":"USD"},"CurrencyRateType":{},"CustomerClass":{"value":"DEFAULT"},"CustomerID":{"value":"C000000004"},"CustomerName":{"value":"LateCo"},"EnableCurrencyOverride":{"value":false},"EnableRateOverride":{"value":false},"EnableWriteOffs":{"value":true},"FOBPoint":{},"LastModifiedDateTime":{"value":"2015-07-17T06:07:15.183-05:00"},"LeadTimedays":{},"MultiCurrencyStatements":{"value":false},"OrderPriority":{"value":0},"ParentRecord":{},"PriceClassID":{},"PrintDunningLetters":{"value":true},"PrintInvoices":{"value":false},"PrintStatements":{"value":false},"ResidentialDelivery":{"value":false},"SaturdayDelivery":{"value":false},"SendDunningLettersbyEmail":{"value":false},"SendInvoicesbyEmail":{"value":false},"SendStatementsbyEmail":{"value":false},"ShippingAddressSameAsMain":{},"ShippingContactSameAsMain":{},"ShippingRule":{"value":"Cancel Remainder"},"ShippingTerms":{},"ShippingZoneID":{},"ShipVia":{},"StatementCycleID":{"value":"EOM"},"StatementType":{"value":"Balance Brought Forward"},"Status":{"value":"Active"},"TaxRegistrationID":{},"TaxZone":{},"Terms":{"value":"30D"},"WriteOffLimit":{"value":5.0000},"custom":{},"files":[]}]