[{"id":"651f7f64-beb0-4c8f-9bd4-190f9906a6e6","rowNumber":1,"note":"","AvailabilityCalculationRule":{},"BaseUOM":{"value":"HOUR"},"ClassID":{"value":"NSTOCKITEM"},"Description":{"value":"Non-stock item"},"ItemType":{"value":"Non-Stock Item"},"LastModifiedDateTime":{"value":"2018-08-28T18:06:43.08-05:00"},"PostingClass":{"value":"CMPSERVICE"},"PriceClass":{},"StockItem":{"value":false},"TaxCategoryID":{"value":"EXEMPT"},"ValuationMethod":{"value":"Standard"},"custom":{},"files":[]},{"id":"c74489bf-591a-47e7-8144-5e9f4a550653","rowNumber":2,"note":"","AvailabilityCalculationRule":{"value":"DEFAULT"},"BaseUOM":{"value":"PC"},"ClassID":{"value":"STOCKITEM"},"Description":{"value":"Stock item"},"ItemType":{"value":"Finished Good"},"LastModifiedDateTime":{"value":"2018-08-28T17:59:43.227-05:00"},"PostingClass":{},"PriceClass":{},"StockItem":{"value":true},"TaxCategoryID":{"value":"EXEMPT"},"ValuationMethod":{"value":"Average"},"custom":{},"files":[]}]